Generate the report at 2025-09-17T19:14:33, GitVersion: aa25008b3778a76ae1975c839d4cc459f7f7b3b7.
+----------------------+-------------+------------+------------+---------------+-------+-------+-----------+
| Endpoint             | Clock Group | Delay Type | Path Delay | Path Required | CPPR  | Slack | Freq(MHz) |
+----------------------+-------------+------------+------------+---------------+-------+-------+-----------+
| core/_3230_:D        | core_clock  | max        | 1.815f     | 1.961         | 0.000 | 0.145 | 539.223   |
| core/_3232_:D        | core_clock  | max        | 1.812f     | 1.961         | 0.000 | 0.148 | 540.079   |
| core/_3228_:D        | core_clock  | max        | 1.796f     | 1.961         | 0.000 | 0.165 | 544.837   |
| core/_2954_:D        | core_clock  | min        | 0.081f     | 0.002         | 0.000 | 0.079 | NA        |
| core/_2954_:D        | core_clock  | min        | 0.088r     | 0.006         | 0.000 | 0.082 | NA        |
| core/icache/_8602_:D | core_clock  | min        | 0.119f     | 0.002         | 0.000 | 0.118 | NA        |
+----------------------+-------------+------------+------------+---------------+-------+-------+-----------+
+------------+------------+-------+
| Clock      | Delay Type | TNS   |
+------------+------------+-------+
| core_clock | max        | 0.000 |
| core_clock | min        | 0.000 |
+------------+------------+-------+
+-------------------------------------------------+--------+-------------+------------+------------+-------------+--------+-----------------+
| Point                                           | Fanout | Capacitance | Resistance | Transition | Delta Delay | Incr   | Path            |
+-------------------------------------------------+--------+-------------+------------+------------+-------------+--------+-----------------+
| clock (port)                                    |        | 1.742       | 0.000      | 0.000      |             | 0.000  | 0.000r          |
| clock (clock net)                               | 1834   |             |            |            | NA          |        |                 |
| core/_3170_:CK (DFF_X1)                         |        | 0.001       | 0.000      | 0.000      |             | 0.000  | 0.000r          |
| clock core_clock (rise edge)                    |        |             |            |            |             | 0      | 0               |
| clock network delay (ideal)                     |        |             |            |            |             | 0.000  | 0.000           |
| core/_3170_:CK (DFF_X1)                         |        | 0.001       | 0.000      | 0.000      |             | 0.000  | 0.000r          |
| core/_3170_:Q (DFF_X1)                          |        | 0.004       | 0.000      | 0.013      |             | 0.090  | 0.090r          |
| core/exu_io_pipe_in_bits_r_is2exe_ch2[1] (net)  | 4      |             |            |            | 0.000       |        |                 |
| core/exu/alu/_2761_:A (BUF_X1)                  |        | 0.001       | 0.000      | 0.013      |             | 0.000  | 0.090r          |
| core/exu/alu/_2761_:Z (BUF_X1)                  |        | 0.023       | 0.000      | 0.058      |             | 0.078  | 0.168r          |
| core/exu/alu/_0047_ (net)                       | 8      |             |            |            | 0.000       |        |                 |
| fanout_buf_8:A (BUF_X8)                         |        | 0.007       | 0.000      | 0.058      |             | 0.000  | 0.168r          |
| fanout_buf_8:Z (BUF_X8)                         |        | 0.055       | 0.000      | 0.019      |             | 0.043  | 0.210r          |
| fanout_net_8 (net)                              | 30     |             |            |            | 0.000       |        |                 |
| core/exu/alu/_1412_:B (XNOR2_X2)                |        | 0.005       | 0.000      | 0.019      |             | 0.000  | 0.210r          |
| core/exu/alu/_1412_:ZN (XNOR2_X2)               |        | 0.005       | 0.000      | 0.013      |             | 0.022  | 0.232f          |
| core/exu/alu/_0173_ (net)                       | 2      |             |            |            | 0.000       |        |                 |
| core/exu/alu/_1413_:A (XNOR2_X2)                |        | 0.004       | 0.000      | 0.013      |             | 0.000  | 0.232f          |
| core/exu/alu/_1413_:ZN (XNOR2_X2)               |        | 0.008       | 0.000      | 0.029      |             | 0.040  | 0.272r          |
| core/exu/alu/_0183_ (net)                       | 2      |             |            |            | 0.000       |        |                 |
| core/exu/alu/_1419_:A1 (NAND3_X4)               |        | 0.006       | 0.000      | 0.029      |             | 0.000  | 0.272r          |
| core/exu/alu/_1419_:ZN (NAND3_X4)               |        | 0.007       | 0.000      | 0.015      |             | 0.025  | 0.297f          |
| core/exu/alu/_0247_ (net)                       | 2      |             |            |            | 0.000       |        |                 |
| core/exu/alu/_1422_:A1 (NAND2_X4)               |        | 0.006       | 0.000      | 0.015      |             | 0.000  | 0.297f          |
| core/exu/alu/_1422_:ZN (NAND2_X4)               |        | 0.009       | 0.000      | 0.011      |             | 0.019  | 0.316r          |
| core/exu/alu/_0278_ (net)                       | 3      |             |            |            | 0.000       |        |                 |
| core/exu/alu/_1432_:A1 (NAND3_X4)               |        | 0.006       | 0.000      | 0.011      |             | 0.000  | 0.316r          |
| core/exu/alu/_1432_:ZN (NAND3_X4)               |        | 0.007       | 0.000      | 0.013      |             | 0.019  | 0.335f          |
| core/exu/alu/_0384_ (net)                       | 2      |             |            |            | 0.000       |        |                 |
| core/exu/alu/_1436_:A1 (NAND2_X4)               |        | 0.006       | 0.000      | 0.013      |             | 0.000  | 0.335f          |
| core/exu/alu/_1436_:ZN (NAND2_X4)               |        | 0.009       | 0.000      | 0.011      |             | 0.018  | 0.353r          |
| core/exu/alu/_0425_ (net)                       | 3      |             |            |            | 0.000       |        |                 |
| core/exu/alu/_1451_:A1 (NAND3_X4)               |        | 0.006       | 0.000      | 0.011      |             | 0.000  | 0.353r          |
| core/exu/alu/_1451_:ZN (NAND3_X4)               |        | 0.006       | 0.000      | 0.011      |             | 0.018  | 0.371f          |
| core/exu/alu/_0570_ (net)                       | 1      |             |            |            | 0.000       |        |                 |
| core/exu/alu/_1461_:A1 (NAND2_X4)               |        | 0.006       | 0.000      | 0.011      |             | 0.000  | 0.371f          |
| core/exu/alu/_1461_:ZN (NAND2_X4)               |        | 0.012       | 0.000      | 0.012      |             | 0.019  | 0.390r          |
| core/exu/alu/_0580_ (net)                       | 5      |             |            |            | 0.000       |        |                 |
| core/exu/alu/_1494_:A1 (NAND4_X4)               |        | 0.006       | 0.000      | 0.012      |             | 0.000  | 0.390r          |
| core/exu/alu/_1494_:ZN (NAND4_X4)               |        | 0.006       | 0.000      | 0.016      |             | 0.023  | 0.413f          |
| core/exu/alu/_0613_ (net)                       | 1      |             |            |            | 0.000       |        |                 |
| core/exu/alu/_1515_:A1 (NAND2_X4)               |        | 0.006       | 0.000      | 0.016      |             | 0.000  | 0.413f          |
| core/exu/alu/_1515_:ZN (NAND2_X4)               |        | 0.013       | 0.000      | 0.013      |             | 0.022  | 0.435r          |
| core/exu/alu/_0634_ (net)                       | 5      |             |            |            | 0.000       |        |                 |
| core/exu/alu/_1552_:A1 (NAND3_X4)               |        | 0.006       | 0.000      | 0.013      |             | 0.000  | 0.435r          |
| core/exu/alu/_1552_:ZN (NAND3_X4)               |        | 0.006       | 0.000      | 0.014      |             | 0.019  | 0.453f          |
| core/exu/alu/_0671_ (net)                       | 1      |             |            |            | 0.000       |        |                 |
| core/exu/alu/_1572_:A1 (NAND2_X4)               |        | 0.006       | 0.000      | 0.014      |             | 0.000  | 0.453f          |
| core/exu/alu/_1572_:ZN (NAND2_X4)               |        | 0.016       | 0.000      | 0.015      |             | 0.022  | 0.475r          |
| core/exu/alu/_0691_ (net)                       | 4      |             |            |            | 0.000       |        |                 |
| core/exu/alu/_1588_:A1 (NAND3_X4)               |        | 0.006       | 0.000      | 0.015      |             | 0.000  | 0.475r          |
| core/exu/alu/_1588_:ZN (NAND3_X4)               |        | 0.008       | 0.000      | 0.017      |             | 0.022  | 0.498f          |
| core/exu/alu/_0707_ (net)                       | 2      |             |            |            | 0.000       |        |                 |
| core/exu/alu/_2694_:A1 (NOR2_X2)                |        | 0.003       | 0.000      | 0.017      |             | 0.000  | 0.498f          |
| core/exu/alu/_2694_:ZN (NOR2_X2)                |        | 0.003       | 0.000      | 0.017      |             | 0.026  | 0.523r          |
| core/exu/alu/_0507_ (net)                       | 1      |             |            |            | 0.000       |        |                 |
| core/exu/alu/_2700_:A1 (NOR2_X2)                |        | 0.003       | 0.000      | 0.017      |             | 0.000  | 0.523r          |
| core/exu/alu/_2700_:ZN (NOR2_X2)                |        | 0.004       | 0.000      | 0.010      |             | 0.011  | 0.534f          |
| core/exu/alu/_0514_ (net)                       | 2      |             |            |            | 0.000       |        |                 |
| core/exu/alu/_2721_:A (XNOR2_X1)                |        | 0.002       | 0.000      | 0.010      |             | 0.000  | 0.534f          |
| core/exu/alu/_2721_:ZN (XNOR2_X1)               |        | 0.002       | 0.000      | 0.020      |             | 0.029  | 0.563r          |
| core/exu/alu/_0537_ (net)                       | 1      |             |            |            | 0.000       |        |                 |
| core/exu/alu/_2722_:B1 (OAI21_X1)               |        | 0.002       | 0.000      | 0.020      |             | 0.000  | 0.563r          |
| core/exu/alu/_2722_:ZN (OAI21_X1)               |        | 0.001       | 0.000      | 0.010      |             | 0.018  | 0.581f          |
| core/exu/alu/_0538_ (net)                       | 1      |             |            |            | 0.000       |        |                 |
| core/exu/alu/_2723_:B1 (AOI21_X1)               |        | 0.002       | 0.000      | 0.010      |             | 0.000  | 0.581f          |
| core/exu/alu/_2723_:ZN (AOI21_X1)               |        | 0.003       | 0.000      | 0.032      |             | 0.033  | 0.614r          |
| core/exu/alu/_0539_ (net)                       | 1      |             |            |            | 0.000       |        |                 |
| core/exu/alu/_2725_:A1 (NOR2_X2)                |        | 0.003       | 0.000      | 0.032      |             | 0.000  | 0.614r          |
| core/exu/alu/_2725_:ZN (NOR2_X2)                |        | 0.005       | 0.000      | 0.013      |             | 0.013  | 0.627f          |
| core/exu/alu/_0541_ (net)                       | 2      |             |            |            | 0.000       |        |                 |
| core/exu/alu/_2726_:A (INV_X2)                  |        | 0.003       | 0.000      | 0.013      |             | 0.000  | 0.627f          |
| core/exu/alu/_2726_:ZN (INV_X2)                 |        | 0.009       | 0.000      | 0.014      |             | 0.021  | 0.648r          |
| core/exu/alu/_0073_ (net)                       | 3      |             |            |            | 0.000       |        |                 |
| core/exu/alu/_2853_:A (BUF_X1)                  |        | 0.001       | 0.000      | 0.014      |             | 0.000  | 0.648r          |
| core/exu/alu/_2853_:Z (BUF_X1)                  |        | 0.001       | 0.000      | 0.006      |             | 0.022  | 0.670r          |
| core/exu/_alu_io_out_bits_alu_out[0] (net)      | 1      |             |            |            | 0.000       |        |                 |
| core/exu/_0977_:A (BUF_X1)                      |        | 0.001       | 0.000      | 0.006      |             | 0.000  | 0.670r          |
| core/exu/_0977_:Z (BUF_X1)                      |        | 0.002       | 0.000      | 0.008      |             | 0.021  | 0.691r          |
| core/exu/_0043_ (net)                           | 1      |             |            |            | 0.000       |        |                 |
| core/exu/_0581_:A (INV_X1)                      |        | 0.002       | 0.000      | 0.008      |             | 0.000  | 0.691r          |
| core/exu/_0581_:ZN (INV_X1)                     |        | 0.003       | 0.000      | 0.005      |             | 0.010  | 0.702f          |
| core/exu/_0324_ (net)                           | 2      |             |            |            | 0.000       |        |                 |
| core/exu/_0754_:B1 (OAI21_X1)                   |        | 0.002       | 0.000      | 0.005      |             | 0.000  | 0.702f          |
| core/exu/_0754_:ZN (OAI21_X1)                   |        | 0.001       | 0.000      | 0.015      |             | 0.021  | 0.723r          |
| core/exu/_0179_ (net)                           | 1      |             |            |            | 0.000       |        |                 |
| core/exu/_1111_:A (BUF_X1)                      |        | 0.001       | 0.000      | 0.015      |             | 0.000  | 0.723r          |
| core/exu/_1111_:Z (BUF_X1)                      |        | 0.001       | 0.000      | 0.006      |             | 0.022  | 0.745r          |
| core/exu/_0006_ (net)                           | 1      |             |            |            | 0.000       |        |                 |
| core/exu/lsu/_1430_:A (BUF_X1)                  |        | 0.001       | 0.000      | 0.006      |             | 0.000  | 0.745r          |
| core/exu/lsu/_1430_:Z (BUF_X1)                  |        | 0.045       | 0.000      | 0.105      |             | 0.125  | 0.871r          |
| core/exu/lsu/_0299_ (net)                       | 24     |             |            |            | 0.000       |        |                 |
| fanout_buf_17:A (BUF_X8)                        |        | 0.007       | 0.000      | 0.105      |             | 0.000  | 0.871r          |
| fanout_buf_17:Z (BUF_X8)                        |        | 0.089       | 0.000      | 0.029      |             | 0.055  | 0.926r          |
| fanout_net_17 (net)                             | 30     |             |            |            | 0.000       |        |                 |
| core/exu/lsu/_0968_:A (INV_X32)                 |        | 0.049       | 0.000      | 0.029      |             | 0.000  | 0.926r          |
| core/exu/lsu/_0968_:ZN (INV_X32)                |        | 0.008       | 0.000      | 0.006      |             | 0.006  | 0.932f          |
| core/exu/lsu/_0511_ (net)                       | 4      |             |            |            | 0.000       |        |                 |
| core/exu/lsu/_0969_:A (BUF_X4)                  |        | 0.003       | 0.000      | 0.006      |             | 0.000  | 0.932f          |
| core/exu/lsu/_0969_:Z (BUF_X4)                  |        | 0.021       | 0.000      | 0.009      |             | 0.029  | 0.961f          |
| core/exu/lsu/_0512_ (net)                       | 10     |             |            |            | 0.000       |        |                 |
| core/exu/lsu/_1139_:A2 (NAND2_X1)               |        | 0.002       | 0.000      | 0.009      |             | 0.000  | 0.961f          |
| core/exu/lsu/_1139_:ZN (NAND2_X1)               |        | 0.002       | 0.000      | 0.010      |             | 0.017  | 0.978r          |
| core/exu/lsu/_0610_ (net)                       | 1      |             |            |            | 0.000       |        |                 |
| core/exu/lsu/_1141_:A1 (NAND3_X1)               |        | 0.002       | 0.000      | 0.010      |             | 0.000  | 0.978r          |
| core/exu/lsu/_1141_:ZN (NAND3_X1)               |        | 0.002       | 0.000      | 0.012      |             | 0.019  | 0.997f          |
| core/exu/lsu/_0612_ (net)                       | 1      |             |            |            | 0.000       |        |                 |
| core/exu/lsu/_1145_:A (OAI21_X1)                |        | 0.002       | 0.000      | 0.012      |             | 0.000  | 0.997f          |
| core/exu/lsu/_1145_:ZN (OAI21_X1)               |        | 0.004       | 0.000      | 0.034      |             | 0.026  | 1.023r          |
| core/exu/lsu/_0398_ (net)                       | 2      |             |            |            | 0.000       |        |                 |
| core/exu/lsu/_1147_:A1 (NAND2_X2)               |        | 0.003       | 0.000      | 0.034      |             | 0.000  | 1.023r          |
| core/exu/lsu/_1147_:ZN (NAND2_X2)               |        | 0.014       | 0.000      | 0.020      |             | 0.035  | 1.058f          |
| core/exu/lsu/_0617_ (net)                       | 9      |             |            |            | 0.000       |        |                 |
| core/exu/lsu/_1200_:A2 (AND2_X2)                |        | 0.002       | 0.000      | 0.020      |             | 0.000  | 1.058f          |
| core/exu/lsu/_1200_:ZN (AND2_X2)                |        | 0.012       | 0.000      | 0.011      |             | 0.043  | 1.102f          |
| core/exu/lsu/_0662_ (net)                       | 7      |             |            |            | 0.000       |        |                 |
| core/exu/lsu/_1201_:A (BUF_X4)                  |        | 0.003       | 0.000      | 0.011      |             | 0.000  | 1.102f          |
| core/exu/lsu/_1201_:Z (BUF_X4)                  |        | 0.015       | 0.000      | 0.008      |             | 0.030  | 1.131f          |
| core/exu/lsu/_0663_ (net)                       | 10     |             |            |            | 0.000       |        |                 |
| core/exu/lsu/_1227_:A (OAI21_X1)                |        | 0.002       | 0.000      | 0.008      |             | 0.000  | 1.131f          |
| core/exu/lsu/_1227_:ZN (OAI21_X1)               |        | 0.001       | 0.000      | 0.015      |             | 0.017  | 1.148r          |
| core/exu/lsu/_0382_ (net)                       | 1      |             |            |            | 0.000       |        |                 |
| core/exu/lsu/_1581_:A (BUF_X1)                  |        | 0.001       | 0.000      | 0.015      |             | 0.000  | 1.148r          |
| core/exu/lsu/_1581_:Z (BUF_X1)                  |        | 0.001       | 0.000      | 0.006      |             | 0.022  | 1.171r          |
| core/exu/_lsu_io_out_bits_gpr_wdata[21] (net)   | 1      |             |            |            | 0.000       |        |                 |
| core/exu/_1062_:A (BUF_X1)                      |        | 0.001       | 0.000      | 0.006      |             | 0.000  | 1.171r          |
| core/exu/_1062_:Z (BUF_X1)                      |        | 0.002       | 0.000      | 0.008      |             | 0.021  | 1.192r          |
| core/exu/_0156_ (net)                           | 1      |             |            |            | 0.000       |        |                 |
| core/exu/_0699_:B1 (OAI21_X1)                   |        | 0.002       | 0.000      | 0.008      |             | 0.000  | 1.192r          |
| core/exu/_0699_:ZN (OAI21_X1)                   |        | 0.001       | 0.000      | 0.010      |             | 0.014  | 1.206f          |
| core/exu/_0421_ (net)                           | 1      |             |            |            | 0.000       |        |                 |
| core/exu/_0700_:B1 (AOI21_X1)                   |        | 0.002       | 0.000      | 0.010      |             | 0.000  | 1.206f          |
| core/exu/_0700_:ZN (AOI21_X1)                   |        | 0.001       | 0.000      | 0.018      |             | 0.023  | 1.228r          |
| core/exu/_0258_ (net)                           | 1      |             |            |            | 0.000       |        |                 |
| core/exu/_1064_:A (BUF_X1)                      |        | 0.001       | 0.000      | 0.018      |             | 0.000  | 1.228r          |
| core/exu/_1064_:Z (BUF_X1)                      |        | 0.002       | 0.000      | 0.008      |             | 0.026  | 1.254r          |
| core/_exu_io_for_gpr_wdata[21] (net)            | 2      |             |            |            | 0.000       |        |                 |
| core/isu/_2478_:A (BUF_X1)                      |        | 0.001       | 0.000      | 0.008      |             | 0.000  | 1.254r          |
| core/isu/_2478_:Z (BUF_X1)                      |        | 0.003       | 0.000      | 0.012      |             | 0.027  | 1.282r          |
| core/isu/_0163_ (net)                           | 2      |             |            |            | 0.000       |        |                 |
| core/isu/_1820_:B1 (AOI21_X1)                   |        | 0.002       | 0.000      | 0.012      |             | 0.000  | 1.282r          |
| core/isu/_1820_:ZN (AOI21_X1)                   |        | 0.003       | 0.000      | 0.012      |             | 0.020  | 1.301f          |
| core/isu/_1217_ (net)                           | 2      |             |            |            | 0.000       |        |                 |
| core/isu/_2132_:A2 (NAND3_X1)                   |        | 0.002       | 0.000      | 0.012      |             | 0.000  | 1.301f          |
| core/isu/_2132_:ZN (NAND3_X1)                   |        | 0.003       | 0.000      | 0.017      |             | 0.023  | 1.324r          |
| core/isu/_0637_ (net)                           | 1      |             |            |            | 0.000       |        |                 |
| core/isu/_2134_:A1 (NAND2_X2)                   |        | 0.003       | 0.000      | 0.017      |             | 0.000  | 1.324r          |
| core/isu/_2134_:ZN (NAND2_X2)                   |        | 0.004       | 0.000      | 0.009      |             | 0.017  | 1.341f          |
| core/isu/_0639_ (net)                           | 2      |             |            |            | 0.000       |        |                 |
| core/isu/_2136_:A1 (NAND2_X2)                   |        | 0.003       | 0.000      | 0.009      |             | 0.000  | 1.341f          |
| core/isu/_2136_:ZN (NAND2_X2)                   |        | 0.003       | 0.000      | 0.010      |             | 0.014  | 1.356r          |
| core/isu/_0641_ (net)                           | 2      |             |            |            | 0.000       |        |                 |
| core/isu/_2137_:A (INV_X1)                      |        | 0.002       | 0.000      | 0.010      |             | 0.000  | 1.356r          |
| core/isu/_2137_:ZN (INV_X1)                     |        | 0.003       | 0.000      | 0.006      |             | 0.011  | 1.367f          |
| core/isu/_0642_ (net)                           | 1      |             |            |            | 0.000       |        |                 |
| core/isu/_2139_:A1 (NOR2_X2)                    |        | 0.003       | 0.000      | 0.006      |             | 0.000  | 1.367f          |
| core/isu/_2139_:ZN (NOR2_X2)                    |        | 0.003       | 0.000      | 0.017      |             | 0.023  | 1.390r          |
| core/isu/_0644_ (net)                           | 2      |             |            |            | 0.000       |        |                 |
| core/isu/_2141_:A1 (AND2_X1)                    |        | 0.001       | 0.000      | 0.017      |             | 0.000  | 1.390r          |
| core/isu/_2141_:ZN (AND2_X1)                    |        | 0.005       | 0.000      | 0.015      |             | 0.042  | 1.433r          |
| core/isu/_0645_ (net)                           | 2      |             |            |            | 0.000       |        |                 |
| core/isu/_2167_:A1 (NAND3_X2)                   |        | 0.003       | 0.000      | 0.015      |             | 0.000  | 1.433r          |
| core/isu/_2167_:ZN (NAND3_X2)                   |        | 0.007       | 0.000      | 0.020      |             | 0.027  | 1.460f          |
| core/isu/_0669_ (net)                           | 2      |             |            |            | 0.000       |        |                 |
| core/isu/_2171_:C2 (OAI221_X4)                  |        | 0.002       | 0.000      | 0.020      |             | 0.000  | 1.460f          |
| core/isu/_2171_:ZN (OAI221_X4)                  |        | 0.008       | 0.000      | 0.010      |             | 0.079  | 1.539r          |
| core/isu/_0673_ (net)                           | 2      |             |            |            | 0.000       |        |                 |
| core/isu/_2172_:A2 (NOR2_X4)                    |        | 0.007       | 0.000      | 0.010      |             | 0.000  | 1.539r          |
| core/isu/_2172_:ZN (NOR2_X4)                    |        | 0.008       | 0.000      | 0.010      |             | 0.011  | 1.550f          |
| core/isu/_0674_ (net)                           | 3      |             |            |            | 0.000       |        |                 |
| core/isu/_2220_:A1 (NOR3_X4)                    |        | 0.007       | 0.000      | 0.010      |             | 0.000  | 1.550f          |
| core/isu/_2220_:ZN (NOR3_X4)                    |        | 0.007       | 0.000      | 0.029      |             | 0.033  | 1.583r          |
| core/isu/_0718_ (net)                           | 1      |             |            |            | 0.000       |        |                 |
| core/isu/_2223_:A1 (NOR2_X4)                    |        | 0.007       | 0.000      | 0.029      |             | 0.000  | 1.583r          |
| core/isu/_2223_:ZN (NOR2_X4)                    |        | 0.009       | 0.000      | 0.013      |             | 0.013  | 1.596f          |
| core/isu/_0721_ (net)                           | 3      |             |            |            | 0.000       |        |                 |
| core/isu/_2230_:A1 (NOR2_X1)                    |        | 0.002       | 0.000      | 0.013      |             | 0.000  | 1.596f          |
| core/isu/_2230_:ZN (NOR2_X1)                    |        | 0.002       | 0.000      | 0.017      |             | 0.026  | 1.623r          |
| core/isu/_0727_ (net)                           | 1      |             |            |            | 0.000       |        |                 |
| core/isu/_2233_:A1 (NOR2_X1)                    |        | 0.002       | 0.000      | 0.017      |             | 0.000  | 1.623r          |
| core/isu/_2233_:ZN (NOR2_X1)                    |        | 0.002       | 0.000      | 0.010      |             | 0.013  | 1.636f          |
| core/isu/_0730_ (net)                           | 1      |             |            |            | 0.000       |        |                 |
| core/isu/_2239_:A (XOR2_X1)                     |        | 0.002       | 0.000      | 0.010      |             | 0.000  | 1.636f          |
| core/isu/_2239_:Z (XOR2_X1)                     |        | 0.001       | 0.000      | 0.010      |             | 0.049  | 1.684f          |
| core/isu/_0408_ (net)                           | 1      |             |            |            | 0.000       |        |                 |
| core/isu/_2662_:A (BUF_X1)                      |        | 0.001       | 0.000      | 0.010      |             | 0.000  | 1.684f          |
| core/isu/_2662_:Z (BUF_X1)                      |        | 0.001       | 0.000      | 0.005      |             | 0.026  | 1.711f          |
| core/_isu_io_pipe_out_bits_is2exe_ch3[29] (net) | 1      |             |            |            | 0.000       |        |                 |
| core/_2198_:A (BUF_X1)                          |        | 0.001       | 0.000      | 0.005      |             | 0.000  | 1.711f          |
| core/_2198_:Z (BUF_X1)                          |        | 0.001       | 0.000      | 0.005      |             | 0.023  | 1.734f          |
| core/_0932_ (net)                               | 1      |             |            |            | 0.000       |        |                 |
| core/_1714_:A (MUX2_X1)                         |        | 0.001       | 0.000      | 0.005      |             | 0.000  | 1.734f          |
| core/_1714_:Z (MUX2_X1)                         |        | 0.001       | 0.000      | 0.009      |             | 0.054  | 1.788f          |
| core/_0406_ (net)                               | 1      |             |            |            | 0.000       |        |                 |
| core/_2200_:A (BUF_X1)                          |        | 0.001       | 0.000      | 0.009      |             | 0.000  | 1.788f          |
| core/_2200_:Z (BUF_X1)                          |        | 0.001       | 0.000      | 0.006      |             | 0.028  | 1.815f          |
| core/_0088_ (net)                               | 1      |             |            |            | 0.000       |        |                 |
| core/_3230_:D (DFF_X1)                          |        | 0.001       | 0.000      | 0.006      |             | 0.000  | 1.815f          |
|                                                 |        |             |            |            |             |        |                 |
| clock (port)                                    |        | 1.742       | 0.000      | 0.000      |             | 0.000  | 0.000r          |
| clock (clock net)                               | 1834   |             |            |            | NA          |        |                 |
| core/_3230_:CK (DFF_X1)                         |        | 0.001       | 0.000      | 0.000      |             | 0.000  | 0.000r          |
| clock core_clock (rise edge)                    |        |             |            |            |             | 2      | 2               |
| clock network delay (ideal)                     |        |             |            |            |             | 0.000  | 2.000           |
| core/_3230_:CK (DFF_X1)                         |        |             |            |            |             |        | 2.000r          |
| library setup time                              |        |             |            |            |             | -0.039 | 1.961           |
| clock reconvergence pessimism                   |        |             |            |            |             | 0.000  | 1.961           |
|                                                 |        |             |            |            |             |        |                 |
| path cell delay                                 |        |             |            |            |             |        | 1.815(100.000%) |
| path net delay                                  |        |             |            |            |             |        | 0.000(0.000%)   |
|                                                 |        |             |            |            |             |        |                 |
| data require time                               |        |             |            |            |             |        | 1.961           |
| data arrival time                               |        |             |            |            |             |        | 1.815           |
| slack (MET)                                     |        |             |            |            |             |        | 0.145           |
+-------------------------------------------------+--------+-------------+------------+------------+-------------+--------+-----------------+
+-------------------------------------------------+--------+-------------+------------+------------+-------------+--------+-----------------+
| Point                                           | Fanout | Capacitance | Resistance | Transition | Delta Delay | Incr   | Path            |
+-------------------------------------------------+--------+-------------+------------+------------+-------------+--------+-----------------+
| clock (port)                                    |        | 1.742       | 0.000      | 0.000      |             | 0.000  | 0.000r          |
| clock (clock net)                               | 1834   |             |            |            | NA          |        |                 |
| core/_3170_:CK (DFF_X1)                         |        | 0.001       | 0.000      | 0.000      |             | 0.000  | 0.000r          |
| clock core_clock (rise edge)                    |        |             |            |            |             | 0      | 0               |
| clock network delay (ideal)                     |        |             |            |            |             | 0.000  | 0.000           |
| core/_3170_:CK (DFF_X1)                         |        | 0.001       | 0.000      | 0.000      |             | 0.000  | 0.000r          |
| core/_3170_:Q (DFF_X1)                          |        | 0.004       | 0.000      | 0.013      |             | 0.090  | 0.090r          |
| core/exu_io_pipe_in_bits_r_is2exe_ch2[1] (net)  | 4      |             |            |            | 0.000       |        |                 |
| core/exu/alu/_2761_:A (BUF_X1)                  |        | 0.001       | 0.000      | 0.013      |             | 0.000  | 0.090r          |
| core/exu/alu/_2761_:Z (BUF_X1)                  |        | 0.023       | 0.000      | 0.058      |             | 0.078  | 0.168r          |
| core/exu/alu/_0047_ (net)                       | 8      |             |            |            | 0.000       |        |                 |
| fanout_buf_8:A (BUF_X8)                         |        | 0.007       | 0.000      | 0.058      |             | 0.000  | 0.168r          |
| fanout_buf_8:Z (BUF_X8)                         |        | 0.055       | 0.000      | 0.019      |             | 0.043  | 0.210r          |
| fanout_net_8 (net)                              | 30     |             |            |            | 0.000       |        |                 |
| core/exu/alu/_1412_:B (XNOR2_X2)                |        | 0.005       | 0.000      | 0.019      |             | 0.000  | 0.210r          |
| core/exu/alu/_1412_:ZN (XNOR2_X2)               |        | 0.005       | 0.000      | 0.013      |             | 0.022  | 0.232f          |
| core/exu/alu/_0173_ (net)                       | 2      |             |            |            | 0.000       |        |                 |
| core/exu/alu/_1413_:A (XNOR2_X2)                |        | 0.004       | 0.000      | 0.013      |             | 0.000  | 0.232f          |
| core/exu/alu/_1413_:ZN (XNOR2_X2)               |        | 0.008       | 0.000      | 0.029      |             | 0.040  | 0.272r          |
| core/exu/alu/_0183_ (net)                       | 2      |             |            |            | 0.000       |        |                 |
| core/exu/alu/_1419_:A1 (NAND3_X4)               |        | 0.006       | 0.000      | 0.029      |             | 0.000  | 0.272r          |
| core/exu/alu/_1419_:ZN (NAND3_X4)               |        | 0.007       | 0.000      | 0.015      |             | 0.025  | 0.297f          |
| core/exu/alu/_0247_ (net)                       | 2      |             |            |            | 0.000       |        |                 |
| core/exu/alu/_1422_:A1 (NAND2_X4)               |        | 0.006       | 0.000      | 0.015      |             | 0.000  | 0.297f          |
| core/exu/alu/_1422_:ZN (NAND2_X4)               |        | 0.009       | 0.000      | 0.011      |             | 0.019  | 0.316r          |
| core/exu/alu/_0278_ (net)                       | 3      |             |            |            | 0.000       |        |                 |
| core/exu/alu/_1432_:A1 (NAND3_X4)               |        | 0.006       | 0.000      | 0.011      |             | 0.000  | 0.316r          |
| core/exu/alu/_1432_:ZN (NAND3_X4)               |        | 0.007       | 0.000      | 0.013      |             | 0.019  | 0.335f          |
| core/exu/alu/_0384_ (net)                       | 2      |             |            |            | 0.000       |        |                 |
| core/exu/alu/_1436_:A1 (NAND2_X4)               |        | 0.006       | 0.000      | 0.013      |             | 0.000  | 0.335f          |
| core/exu/alu/_1436_:ZN (NAND2_X4)               |        | 0.009       | 0.000      | 0.011      |             | 0.018  | 0.353r          |
| core/exu/alu/_0425_ (net)                       | 3      |             |            |            | 0.000       |        |                 |
| core/exu/alu/_1451_:A1 (NAND3_X4)               |        | 0.006       | 0.000      | 0.011      |             | 0.000  | 0.353r          |
| core/exu/alu/_1451_:ZN (NAND3_X4)               |        | 0.006       | 0.000      | 0.011      |             | 0.018  | 0.371f          |
| core/exu/alu/_0570_ (net)                       | 1      |             |            |            | 0.000       |        |                 |
| core/exu/alu/_1461_:A1 (NAND2_X4)               |        | 0.006       | 0.000      | 0.011      |             | 0.000  | 0.371f          |
| core/exu/alu/_1461_:ZN (NAND2_X4)               |        | 0.012       | 0.000      | 0.012      |             | 0.019  | 0.390r          |
| core/exu/alu/_0580_ (net)                       | 5      |             |            |            | 0.000       |        |                 |
| core/exu/alu/_1494_:A1 (NAND4_X4)               |        | 0.006       | 0.000      | 0.012      |             | 0.000  | 0.390r          |
| core/exu/alu/_1494_:ZN (NAND4_X4)               |        | 0.006       | 0.000      | 0.016      |             | 0.023  | 0.413f          |
| core/exu/alu/_0613_ (net)                       | 1      |             |            |            | 0.000       |        |                 |
| core/exu/alu/_1515_:A1 (NAND2_X4)               |        | 0.006       | 0.000      | 0.016      |             | 0.000  | 0.413f          |
| core/exu/alu/_1515_:ZN (NAND2_X4)               |        | 0.013       | 0.000      | 0.013      |             | 0.022  | 0.435r          |
| core/exu/alu/_0634_ (net)                       | 5      |             |            |            | 0.000       |        |                 |
| core/exu/alu/_1552_:A1 (NAND3_X4)               |        | 0.006       | 0.000      | 0.013      |             | 0.000  | 0.435r          |
| core/exu/alu/_1552_:ZN (NAND3_X4)               |        | 0.006       | 0.000      | 0.014      |             | 0.019  | 0.453f          |
| core/exu/alu/_0671_ (net)                       | 1      |             |            |            | 0.000       |        |                 |
| core/exu/alu/_1572_:A1 (NAND2_X4)               |        | 0.006       | 0.000      | 0.014      |             | 0.000  | 0.453f          |
| core/exu/alu/_1572_:ZN (NAND2_X4)               |        | 0.016       | 0.000      | 0.015      |             | 0.022  | 0.475r          |
| core/exu/alu/_0691_ (net)                       | 4      |             |            |            | 0.000       |        |                 |
| core/exu/alu/_1588_:A1 (NAND3_X4)               |        | 0.006       | 0.000      | 0.015      |             | 0.000  | 0.475r          |
| core/exu/alu/_1588_:ZN (NAND3_X4)               |        | 0.008       | 0.000      | 0.017      |             | 0.022  | 0.498f          |
| core/exu/alu/_0707_ (net)                       | 2      |             |            |            | 0.000       |        |                 |
| core/exu/alu/_2694_:A1 (NOR2_X2)                |        | 0.003       | 0.000      | 0.017      |             | 0.000  | 0.498f          |
| core/exu/alu/_2694_:ZN (NOR2_X2)                |        | 0.003       | 0.000      | 0.017      |             | 0.026  | 0.523r          |
| core/exu/alu/_0507_ (net)                       | 1      |             |            |            | 0.000       |        |                 |
| core/exu/alu/_2700_:A1 (NOR2_X2)                |        | 0.003       | 0.000      | 0.017      |             | 0.000  | 0.523r          |
| core/exu/alu/_2700_:ZN (NOR2_X2)                |        | 0.004       | 0.000      | 0.010      |             | 0.011  | 0.534f          |
| core/exu/alu/_0514_ (net)                       | 2      |             |            |            | 0.000       |        |                 |
| core/exu/alu/_2721_:A (XNOR2_X1)                |        | 0.002       | 0.000      | 0.010      |             | 0.000  | 0.534f          |
| core/exu/alu/_2721_:ZN (XNOR2_X1)               |        | 0.002       | 0.000      | 0.020      |             | 0.029  | 0.563r          |
| core/exu/alu/_0537_ (net)                       | 1      |             |            |            | 0.000       |        |                 |
| core/exu/alu/_2722_:B1 (OAI21_X1)               |        | 0.002       | 0.000      | 0.020      |             | 0.000  | 0.563r          |
| core/exu/alu/_2722_:ZN (OAI21_X1)               |        | 0.001       | 0.000      | 0.010      |             | 0.018  | 0.581f          |
| core/exu/alu/_0538_ (net)                       | 1      |             |            |            | 0.000       |        |                 |
| core/exu/alu/_2723_:B1 (AOI21_X1)               |        | 0.002       | 0.000      | 0.010      |             | 0.000  | 0.581f          |
| core/exu/alu/_2723_:ZN (AOI21_X1)               |        | 0.003       | 0.000      | 0.032      |             | 0.033  | 0.614r          |
| core/exu/alu/_0539_ (net)                       | 1      |             |            |            | 0.000       |        |                 |
| core/exu/alu/_2725_:A1 (NOR2_X2)                |        | 0.003       | 0.000      | 0.032      |             | 0.000  | 0.614r          |
| core/exu/alu/_2725_:ZN (NOR2_X2)                |        | 0.005       | 0.000      | 0.013      |             | 0.013  | 0.627f          |
| core/exu/alu/_0541_ (net)                       | 2      |             |            |            | 0.000       |        |                 |
| core/exu/alu/_2726_:A (INV_X2)                  |        | 0.003       | 0.000      | 0.013      |             | 0.000  | 0.627f          |
| core/exu/alu/_2726_:ZN (INV_X2)                 |        | 0.009       | 0.000      | 0.014      |             | 0.021  | 0.648r          |
| core/exu/alu/_0073_ (net)                       | 3      |             |            |            | 0.000       |        |                 |
| core/exu/alu/_2853_:A (BUF_X1)                  |        | 0.001       | 0.000      | 0.014      |             | 0.000  | 0.648r          |
| core/exu/alu/_2853_:Z (BUF_X1)                  |        | 0.001       | 0.000      | 0.006      |             | 0.022  | 0.670r          |
| core/exu/_alu_io_out_bits_alu_out[0] (net)      | 1      |             |            |            | 0.000       |        |                 |
| core/exu/_0977_:A (BUF_X1)                      |        | 0.001       | 0.000      | 0.006      |             | 0.000  | 0.670r          |
| core/exu/_0977_:Z (BUF_X1)                      |        | 0.002       | 0.000      | 0.008      |             | 0.021  | 0.691r          |
| core/exu/_0043_ (net)                           | 1      |             |            |            | 0.000       |        |                 |
| core/exu/_0581_:A (INV_X1)                      |        | 0.002       | 0.000      | 0.008      |             | 0.000  | 0.691r          |
| core/exu/_0581_:ZN (INV_X1)                     |        | 0.003       | 0.000      | 0.005      |             | 0.010  | 0.702f          |
| core/exu/_0324_ (net)                           | 2      |             |            |            | 0.000       |        |                 |
| core/exu/_0754_:B1 (OAI21_X1)                   |        | 0.002       | 0.000      | 0.005      |             | 0.000  | 0.702f          |
| core/exu/_0754_:ZN (OAI21_X1)                   |        | 0.001       | 0.000      | 0.015      |             | 0.021  | 0.723r          |
| core/exu/_0179_ (net)                           | 1      |             |            |            | 0.000       |        |                 |
| core/exu/_1111_:A (BUF_X1)                      |        | 0.001       | 0.000      | 0.015      |             | 0.000  | 0.723r          |
| core/exu/_1111_:Z (BUF_X1)                      |        | 0.001       | 0.000      | 0.006      |             | 0.022  | 0.745r          |
| core/exu/_0006_ (net)                           | 1      |             |            |            | 0.000       |        |                 |
| core/exu/lsu/_1430_:A (BUF_X1)                  |        | 0.001       | 0.000      | 0.006      |             | 0.000  | 0.745r          |
| core/exu/lsu/_1430_:Z (BUF_X1)                  |        | 0.045       | 0.000      | 0.105      |             | 0.125  | 0.871r          |
| core/exu/lsu/_0299_ (net)                       | 24     |             |            |            | 0.000       |        |                 |
| fanout_buf_17:A (BUF_X8)                        |        | 0.007       | 0.000      | 0.105      |             | 0.000  | 0.871r          |
| fanout_buf_17:Z (BUF_X8)                        |        | 0.089       | 0.000      | 0.029      |             | 0.055  | 0.926r          |
| fanout_net_17 (net)                             | 30     |             |            |            | 0.000       |        |                 |
| core/exu/lsu/_0968_:A (INV_X32)                 |        | 0.049       | 0.000      | 0.029      |             | 0.000  | 0.926r          |
| core/exu/lsu/_0968_:ZN (INV_X32)                |        | 0.008       | 0.000      | 0.006      |             | 0.006  | 0.932f          |
| core/exu/lsu/_0511_ (net)                       | 4      |             |            |            | 0.000       |        |                 |
| core/exu/lsu/_0969_:A (BUF_X4)                  |        | 0.003       | 0.000      | 0.006      |             | 0.000  | 0.932f          |
| core/exu/lsu/_0969_:Z (BUF_X4)                  |        | 0.021       | 0.000      | 0.009      |             | 0.029  | 0.961f          |
| core/exu/lsu/_0512_ (net)                       | 10     |             |            |            | 0.000       |        |                 |
| core/exu/lsu/_1139_:A2 (NAND2_X1)               |        | 0.002       | 0.000      | 0.009      |             | 0.000  | 0.961f          |
| core/exu/lsu/_1139_:ZN (NAND2_X1)               |        | 0.002       | 0.000      | 0.010      |             | 0.017  | 0.978r          |
| core/exu/lsu/_0610_ (net)                       | 1      |             |            |            | 0.000       |        |                 |
| core/exu/lsu/_1141_:A1 (NAND3_X1)               |        | 0.002       | 0.000      | 0.010      |             | 0.000  | 0.978r          |
| core/exu/lsu/_1141_:ZN (NAND3_X1)               |        | 0.002       | 0.000      | 0.012      |             | 0.019  | 0.997f          |
| core/exu/lsu/_0612_ (net)                       | 1      |             |            |            | 0.000       |        |                 |
| core/exu/lsu/_1145_:A (OAI21_X1)                |        | 0.002       | 0.000      | 0.012      |             | 0.000  | 0.997f          |
| core/exu/lsu/_1145_:ZN (OAI21_X1)               |        | 0.004       | 0.000      | 0.034      |             | 0.026  | 1.023r          |
| core/exu/lsu/_0398_ (net)                       | 2      |             |            |            | 0.000       |        |                 |
| core/exu/lsu/_1147_:A1 (NAND2_X2)               |        | 0.003       | 0.000      | 0.034      |             | 0.000  | 1.023r          |
| core/exu/lsu/_1147_:ZN (NAND2_X2)               |        | 0.014       | 0.000      | 0.020      |             | 0.035  | 1.058f          |
| core/exu/lsu/_0617_ (net)                       | 9      |             |            |            | 0.000       |        |                 |
| core/exu/lsu/_1200_:A2 (AND2_X2)                |        | 0.002       | 0.000      | 0.020      |             | 0.000  | 1.058f          |
| core/exu/lsu/_1200_:ZN (AND2_X2)                |        | 0.012       | 0.000      | 0.011      |             | 0.043  | 1.102f          |
| core/exu/lsu/_0662_ (net)                       | 7      |             |            |            | 0.000       |        |                 |
| core/exu/lsu/_1201_:A (BUF_X4)                  |        | 0.003       | 0.000      | 0.011      |             | 0.000  | 1.102f          |
| core/exu/lsu/_1201_:Z (BUF_X4)                  |        | 0.015       | 0.000      | 0.008      |             | 0.030  | 1.131f          |
| core/exu/lsu/_0663_ (net)                       | 10     |             |            |            | 0.000       |        |                 |
| core/exu/lsu/_1211_:A (OAI21_X1)                |        | 0.002       | 0.000      | 0.008      |             | 0.000  | 1.131f          |
| core/exu/lsu/_1211_:ZN (OAI21_X1)               |        | 0.001       | 0.000      | 0.015      |             | 0.017  | 1.148r          |
| core/exu/lsu/_0377_ (net)                       | 1      |             |            |            | 0.000       |        |                 |
| core/exu/lsu/_1577_:A (BUF_X1)                  |        | 0.001       | 0.000      | 0.015      |             | 0.000  | 1.148r          |
| core/exu/lsu/_1577_:Z (BUF_X1)                  |        | 0.001       | 0.000      | 0.006      |             | 0.022  | 1.171r          |
| core/exu/_lsu_io_out_bits_gpr_wdata[17] (net)   | 1      |             |            |            | 0.000       |        |                 |
| core/exu/_1046_:A (BUF_X1)                      |        | 0.001       | 0.000      | 0.006      |             | 0.000  | 1.171r          |
| core/exu/_1046_:Z (BUF_X1)                      |        | 0.002       | 0.000      | 0.008      |             | 0.021  | 1.192r          |
| core/exu/_0151_ (net)                           | 1      |             |            |            | 0.000       |        |                 |
| core/exu/_0677_:B1 (OAI21_X1)                   |        | 0.002       | 0.000      | 0.008      |             | 0.000  | 1.192r          |
| core/exu/_0677_:ZN (OAI21_X1)                   |        | 0.001       | 0.000      | 0.010      |             | 0.014  | 1.206f          |
| core/exu/_0403_ (net)                           | 1      |             |            |            | 0.000       |        |                 |
| core/exu/_0678_:B1 (AOI21_X1)                   |        | 0.002       | 0.000      | 0.010      |             | 0.000  | 1.206f          |
| core/exu/_0678_:ZN (AOI21_X1)                   |        | 0.001       | 0.000      | 0.018      |             | 0.023  | 1.228r          |
| core/exu/_0253_ (net)                           | 1      |             |            |            | 0.000       |        |                 |
| core/exu/_1048_:A (BUF_X1)                      |        | 0.001       | 0.000      | 0.018      |             | 0.000  | 1.228r          |
| core/exu/_1048_:Z (BUF_X1)                      |        | 0.002       | 0.000      | 0.008      |             | 0.026  | 1.254r          |
| core/_exu_io_for_gpr_wdata[17] (net)            | 2      |             |            |            | 0.000       |        |                 |
| core/isu/_2458_:A (BUF_X1)                      |        | 0.001       | 0.000      | 0.008      |             | 0.000  | 1.254r          |
| core/isu/_2458_:Z (BUF_X1)                      |        | 0.003       | 0.000      | 0.012      |             | 0.027  | 1.282r          |
| core/isu/_0158_ (net)                           | 2      |             |            |            | 0.000       |        |                 |
| core/isu/_1798_:B1 (AOI21_X1)                   |        | 0.002       | 0.000      | 0.012      |             | 0.000  | 1.282r          |
| core/isu/_1798_:ZN (AOI21_X1)                   |        | 0.003       | 0.000      | 0.012      |             | 0.020  | 1.301f          |
| core/isu/_1199_ (net)                           | 2      |             |            |            | 0.000       |        |                 |
| core/isu/_2079_:A2 (NAND3_X1)                   |        | 0.002       | 0.000      | 0.012      |             | 0.000  | 1.301f          |
| core/isu/_2079_:ZN (NAND3_X1)                   |        | 0.002       | 0.000      | 0.012      |             | 0.020  | 1.322r          |
| core/isu/_0588_ (net)                           | 1      |             |            |            | 0.000       |        |                 |
| core/isu/_2082_:A1 (NAND2_X1)                   |        | 0.002       | 0.000      | 0.012      |             | 0.000  | 1.322r          |
| core/isu/_2082_:ZN (NAND2_X1)                   |        | 0.004       | 0.000      | 0.013      |             | 0.021  | 1.343f          |
| core/isu/_0591_ (net)                           | 2      |             |            |            | 0.000       |        |                 |
| core/isu/_2084_:A1 (NOR2_X2)                    |        | 0.003       | 0.000      | 0.013      |             | 0.000  | 1.343f          |
| core/isu/_2084_:ZN (NOR2_X2)                    |        | 0.002       | 0.000      | 0.013      |             | 0.021  | 1.364r          |
| core/isu/_0593_ (net)                           | 1      |             |            |            | 0.000       |        |                 |
| core/isu/_2085_:A (INV_X1)                      |        | 0.002       | 0.000      | 0.013      |             | 0.000  | 1.364r          |
| core/isu/_2085_:ZN (INV_X1)                     |        | 0.006       | 0.000      | 0.009      |             | 0.016  | 1.381f          |
| core/isu/_0594_ (net)                           | 2      |             |            |            | 0.000       |        |                 |
| core/isu/_2087_:A1 (NAND2_X2)                   |        | 0.003       | 0.000      | 0.009      |             | 0.000  | 1.381f          |
| core/isu/_2087_:ZN (NAND2_X2)                   |        | 0.009       | 0.000      | 0.016      |             | 0.021  | 1.402r          |
| core/isu/_0596_ (net)                           | 4      |             |            |            | 0.000       |        |                 |
| core/isu/_2091_:B1 (OAI21_X2)                   |        | 0.003       | 0.000      | 0.016      |             | 0.000  | 1.402r          |
| core/isu/_2091_:ZN (OAI21_X2)                   |        | 0.003       | 0.000      | 0.010      |             | 0.017  | 1.419f          |
| core/isu/_0599_ (net)                           | 2      |             |            |            | 0.000       |        |                 |
| core/isu/_2117_:B1 (AOI21_X1)                   |        | 0.002       | 0.000      | 0.010      |             | 0.000  | 1.419f          |
| core/isu/_2117_:ZN (AOI21_X1)                   |        | 0.005       | 0.000      | 0.037      |             | 0.043  | 1.462r          |
| core/isu/_0623_ (net)                           | 3      |             |            |            | 0.000       |        |                 |
| core/isu/_2171_:C1 (OAI221_X4)                  |        | 0.002       | 0.000      | 0.037      |             | 0.000  | 1.462r          |
| core/isu/_2171_:ZN (OAI221_X4)                  |        | 0.008       | 0.000      | 0.007      |             | 0.071  | 1.533f          |
| core/isu/_0673_ (net)                           | 2      |             |            |            | 0.000       |        |                 |
| core/isu/_2172_:A2 (NOR2_X4)                    |        | 0.007       | 0.000      | 0.007      |             | 0.000  | 1.533f          |
| core/isu/_2172_:ZN (NOR2_X4)                    |        | 0.010       | 0.000      | 0.019      |             | 0.030  | 1.562r          |
| core/isu/_0674_ (net)                           | 3      |             |            |            | 0.000       |        |                 |
| core/isu/_2220_:A1 (NOR3_X4)                    |        | 0.007       | 0.000      | 0.019      |             | 0.000  | 1.562r          |
| core/isu/_2220_:ZN (NOR3_X4)                    |        | 0.006       | 0.000      | 0.009      |             | 0.012  | 1.574f          |
| core/isu/_0718_ (net)                           | 1      |             |            |            | 0.000       |        |                 |
| core/isu/_2223_:A1 (NOR2_X4)                    |        | 0.007       | 0.000      | 0.009      |             | 0.000  | 1.574f          |
| core/isu/_2223_:ZN (NOR2_X4)                    |        | 0.010       | 0.000      | 0.021      |             | 0.026  | 1.600r          |
| core/isu/_0721_ (net)                           | 3      |             |            |            | 0.000       |        |                 |
| core/isu/_2240_:A1 (NOR3_X4)                    |        | 0.007       | 0.000      | 0.021      |             | 0.000  | 1.600r          |
| core/isu/_2240_:ZN (NOR3_X4)                    |        | 0.006       | 0.000      | 0.017      |             | 0.012  | 1.612f          |
| core/isu/_0736_ (net)                           | 1      |             |            |            | 0.000       |        |                 |
| core/isu/_2244_:A1 (NOR2_X4)                    |        | 0.007       | 0.000      | 0.017      |             | 0.000  | 1.612f          |
| core/isu/_2244_:ZN (NOR2_X4)                    |        | 0.006       | 0.000      | 0.016      |             | 0.024  | 1.636r          |
| core/isu/_0740_ (net)                           | 2      |             |            |            | 0.000       |        |                 |
| core/isu/_2251_:A1 (NOR2_X2)                    |        | 0.003       | 0.000      | 0.016      |             | 0.000  | 1.636r          |
| core/isu/_2251_:ZN (NOR2_X2)                    |        | 0.003       | 0.000      | 0.006      |             | 0.011  | 1.647f          |
| core/isu/_0746_ (net)                           | 1      |             |            |            | 0.000       |        |                 |
| core/isu/_2254_:A1 (NOR2_X2)                    |        | 0.003       | 0.000      | 0.006      |             | 0.000  | 1.647f          |
| core/isu/_2254_:ZN (NOR2_X2)                    |        | 0.002       | 0.000      | 0.015      |             | 0.021  | 1.668r          |
| core/isu/_0749_ (net)                           | 1      |             |            |            | 0.000       |        |                 |
| core/isu/_2260_:A (XNOR2_X1)                    |        | 0.002       | 0.000      | 0.015      |             | 0.000  | 1.668r          |
| core/isu/_2260_:ZN (XNOR2_X1)                   |        | 0.001       | 0.000      | 0.011      |             | 0.014  | 1.681f          |
| core/isu/_0411_ (net)                           | 1      |             |            |            | 0.000       |        |                 |
| core/isu/_2664_:A (BUF_X1)                      |        | 0.001       | 0.000      | 0.011      |             | 0.000  | 1.681f          |
| core/isu/_2664_:Z (BUF_X1)                      |        | 0.001       | 0.000      | 0.005      |             | 0.026  | 1.708f          |
| core/_isu_io_pipe_out_bits_is2exe_ch3[31] (net) | 1      |             |            |            | 0.000       |        |                 |
| core/_2204_:A (BUF_X1)                          |        | 0.001       | 0.000      | 0.005      |             | 0.000  | 1.708f          |
| core/_2204_:Z (BUF_X1)                          |        | 0.001       | 0.000      | 0.005      |             | 0.023  | 1.731f          |
| core/_0935_ (net)                               | 1      |             |            |            | 0.000       |        |                 |
| core/_1716_:A (MUX2_X1)                         |        | 0.001       | 0.000      | 0.005      |             | 0.000  | 1.731f          |
| core/_1716_:Z (MUX2_X1)                         |        | 0.001       | 0.000      | 0.009      |             | 0.054  | 1.785f          |
| core/_0409_ (net)                               | 1      |             |            |            | 0.000       |        |                 |
| core/_2206_:A (BUF_X1)                          |        | 0.001       | 0.000      | 0.009      |             | 0.000  | 1.785f          |
| core/_2206_:Z (BUF_X1)                          |        | 0.001       | 0.000      | 0.006      |             | 0.028  | 1.812f          |
| core/_0091_ (net)                               | 1      |             |            |            | 0.000       |        |                 |
| core/_3232_:D (DFF_X1)                          |        | 0.001       | 0.000      | 0.006      |             | 0.000  | 1.812f          |
|                                                 |        |             |            |            |             |        |                 |
| clock (port)                                    |        | 1.742       | 0.000      | 0.000      |             | 0.000  | 0.000r          |
| clock (clock net)                               | 1834   |             |            |            | NA          |        |                 |
| core/_3232_:CK (DFF_X1)                         |        | 0.001       | 0.000      | 0.000      |             | 0.000  | 0.000r          |
| clock core_clock (rise edge)                    |        |             |            |            |             | 2      | 2               |
| clock network delay (ideal)                     |        |             |            |            |             | 0.000  | 2.000           |
| core/_3232_:CK (DFF_X1)                         |        |             |            |            |             |        | 2.000r          |
| library setup time                              |        |             |            |            |             | -0.039 | 1.961           |
| clock reconvergence pessimism                   |        |             |            |            |             | 0.000  | 1.961           |
|                                                 |        |             |            |            |             |        |                 |
| path cell delay                                 |        |             |            |            |             |        | 1.812(100.000%) |
| path net delay                                  |        |             |            |            |             |        | 0.000(0.000%)   |
|                                                 |        |             |            |            |             |        |                 |
| data require time                               |        |             |            |            |             |        | 1.961           |
| data arrival time                               |        |             |            |            |             |        | 1.812           |
| slack (MET)                                     |        |             |            |            |             |        | 0.148           |
+-------------------------------------------------+--------+-------------+------------+------------+-------------+--------+-----------------+
+-------------------------------------------------+--------+-------------+------------+------------+-------------+--------+-----------------+
| Point                                           | Fanout | Capacitance | Resistance | Transition | Delta Delay | Incr   | Path            |
+-------------------------------------------------+--------+-------------+------------+------------+-------------+--------+-----------------+
| clock (port)                                    |        | 1.742       | 0.000      | 0.000      |             | 0.000  | 0.000r          |
| clock (clock net)                               | 1834   |             |            |            | NA          |        |                 |
| core/_3170_:CK (DFF_X1)                         |        | 0.001       | 0.000      | 0.000      |             | 0.000  | 0.000r          |
| clock core_clock (rise edge)                    |        |             |            |            |             | 0      | 0               |
| clock network delay (ideal)                     |        |             |            |            |             | 0.000  | 0.000           |
| core/_3170_:CK (DFF_X1)                         |        | 0.001       | 0.000      | 0.000      |             | 0.000  | 0.000r          |
| core/_3170_:Q (DFF_X1)                          |        | 0.004       | 0.000      | 0.013      |             | 0.090  | 0.090r          |
| core/exu_io_pipe_in_bits_r_is2exe_ch2[1] (net)  | 4      |             |            |            | 0.000       |        |                 |
| core/exu/alu/_2761_:A (BUF_X1)                  |        | 0.001       | 0.000      | 0.013      |             | 0.000  | 0.090r          |
| core/exu/alu/_2761_:Z (BUF_X1)                  |        | 0.023       | 0.000      | 0.058      |             | 0.078  | 0.168r          |
| core/exu/alu/_0047_ (net)                       | 8      |             |            |            | 0.000       |        |                 |
| fanout_buf_8:A (BUF_X8)                         |        | 0.007       | 0.000      | 0.058      |             | 0.000  | 0.168r          |
| fanout_buf_8:Z (BUF_X8)                         |        | 0.055       | 0.000      | 0.019      |             | 0.043  | 0.210r          |
| fanout_net_8 (net)                              | 30     |             |            |            | 0.000       |        |                 |
| core/exu/alu/_1412_:B (XNOR2_X2)                |        | 0.005       | 0.000      | 0.019      |             | 0.000  | 0.210r          |
| core/exu/alu/_1412_:ZN (XNOR2_X2)               |        | 0.005       | 0.000      | 0.013      |             | 0.022  | 0.232f          |
| core/exu/alu/_0173_ (net)                       | 2      |             |            |            | 0.000       |        |                 |
| core/exu/alu/_1413_:A (XNOR2_X2)                |        | 0.004       | 0.000      | 0.013      |             | 0.000  | 0.232f          |
| core/exu/alu/_1413_:ZN (XNOR2_X2)               |        | 0.008       | 0.000      | 0.029      |             | 0.040  | 0.272r          |
| core/exu/alu/_0183_ (net)                       | 2      |             |            |            | 0.000       |        |                 |
| core/exu/alu/_1419_:A1 (NAND3_X4)               |        | 0.006       | 0.000      | 0.029      |             | 0.000  | 0.272r          |
| core/exu/alu/_1419_:ZN (NAND3_X4)               |        | 0.007       | 0.000      | 0.015      |             | 0.025  | 0.297f          |
| core/exu/alu/_0247_ (net)                       | 2      |             |            |            | 0.000       |        |                 |
| core/exu/alu/_1422_:A1 (NAND2_X4)               |        | 0.006       | 0.000      | 0.015      |             | 0.000  | 0.297f          |
| core/exu/alu/_1422_:ZN (NAND2_X4)               |        | 0.009       | 0.000      | 0.011      |             | 0.019  | 0.316r          |
| core/exu/alu/_0278_ (net)                       | 3      |             |            |            | 0.000       |        |                 |
| core/exu/alu/_1432_:A1 (NAND3_X4)               |        | 0.006       | 0.000      | 0.011      |             | 0.000  | 0.316r          |
| core/exu/alu/_1432_:ZN (NAND3_X4)               |        | 0.007       | 0.000      | 0.013      |             | 0.019  | 0.335f          |
| core/exu/alu/_0384_ (net)                       | 2      |             |            |            | 0.000       |        |                 |
| core/exu/alu/_1436_:A1 (NAND2_X4)               |        | 0.006       | 0.000      | 0.013      |             | 0.000  | 0.335f          |
| core/exu/alu/_1436_:ZN (NAND2_X4)               |        | 0.009       | 0.000      | 0.011      |             | 0.018  | 0.353r          |
| core/exu/alu/_0425_ (net)                       | 3      |             |            |            | 0.000       |        |                 |
| core/exu/alu/_1451_:A1 (NAND3_X4)               |        | 0.006       | 0.000      | 0.011      |             | 0.000  | 0.353r          |
| core/exu/alu/_1451_:ZN (NAND3_X4)               |        | 0.006       | 0.000      | 0.011      |             | 0.018  | 0.371f          |
| core/exu/alu/_0570_ (net)                       | 1      |             |            |            | 0.000       |        |                 |
| core/exu/alu/_1461_:A1 (NAND2_X4)               |        | 0.006       | 0.000      | 0.011      |             | 0.000  | 0.371f          |
| core/exu/alu/_1461_:ZN (NAND2_X4)               |        | 0.012       | 0.000      | 0.012      |             | 0.019  | 0.390r          |
| core/exu/alu/_0580_ (net)                       | 5      |             |            |            | 0.000       |        |                 |
| core/exu/alu/_1494_:A1 (NAND4_X4)               |        | 0.006       | 0.000      | 0.012      |             | 0.000  | 0.390r          |
| core/exu/alu/_1494_:ZN (NAND4_X4)               |        | 0.006       | 0.000      | 0.016      |             | 0.023  | 0.413f          |
| core/exu/alu/_0613_ (net)                       | 1      |             |            |            | 0.000       |        |                 |
| core/exu/alu/_1515_:A1 (NAND2_X4)               |        | 0.006       | 0.000      | 0.016      |             | 0.000  | 0.413f          |
| core/exu/alu/_1515_:ZN (NAND2_X4)               |        | 0.013       | 0.000      | 0.013      |             | 0.022  | 0.435r          |
| core/exu/alu/_0634_ (net)                       | 5      |             |            |            | 0.000       |        |                 |
| core/exu/alu/_1552_:A1 (NAND3_X4)               |        | 0.006       | 0.000      | 0.013      |             | 0.000  | 0.435r          |
| core/exu/alu/_1552_:ZN (NAND3_X4)               |        | 0.006       | 0.000      | 0.014      |             | 0.019  | 0.453f          |
| core/exu/alu/_0671_ (net)                       | 1      |             |            |            | 0.000       |        |                 |
| core/exu/alu/_1572_:A1 (NAND2_X4)               |        | 0.006       | 0.000      | 0.014      |             | 0.000  | 0.453f          |
| core/exu/alu/_1572_:ZN (NAND2_X4)               |        | 0.016       | 0.000      | 0.015      |             | 0.022  | 0.475r          |
| core/exu/alu/_0691_ (net)                       | 4      |             |            |            | 0.000       |        |                 |
| core/exu/alu/_1588_:A1 (NAND3_X4)               |        | 0.006       | 0.000      | 0.015      |             | 0.000  | 0.475r          |
| core/exu/alu/_1588_:ZN (NAND3_X4)               |        | 0.008       | 0.000      | 0.017      |             | 0.022  | 0.498f          |
| core/exu/alu/_0707_ (net)                       | 2      |             |            |            | 0.000       |        |                 |
| core/exu/alu/_2694_:A1 (NOR2_X2)                |        | 0.003       | 0.000      | 0.017      |             | 0.000  | 0.498f          |
| core/exu/alu/_2694_:ZN (NOR2_X2)                |        | 0.003       | 0.000      | 0.017      |             | 0.026  | 0.523r          |
| core/exu/alu/_0507_ (net)                       | 1      |             |            |            | 0.000       |        |                 |
| core/exu/alu/_2700_:A1 (NOR2_X2)                |        | 0.003       | 0.000      | 0.017      |             | 0.000  | 0.523r          |
| core/exu/alu/_2700_:ZN (NOR2_X2)                |        | 0.004       | 0.000      | 0.010      |             | 0.011  | 0.534f          |
| core/exu/alu/_0514_ (net)                       | 2      |             |            |            | 0.000       |        |                 |
| core/exu/alu/_2721_:A (XNOR2_X1)                |        | 0.002       | 0.000      | 0.010      |             | 0.000  | 0.534f          |
| core/exu/alu/_2721_:ZN (XNOR2_X1)               |        | 0.002       | 0.000      | 0.020      |             | 0.029  | 0.563r          |
| core/exu/alu/_0537_ (net)                       | 1      |             |            |            | 0.000       |        |                 |
| core/exu/alu/_2722_:B1 (OAI21_X1)               |        | 0.002       | 0.000      | 0.020      |             | 0.000  | 0.563r          |
| core/exu/alu/_2722_:ZN (OAI21_X1)               |        | 0.001       | 0.000      | 0.010      |             | 0.018  | 0.581f          |
| core/exu/alu/_0538_ (net)                       | 1      |             |            |            | 0.000       |        |                 |
| core/exu/alu/_2723_:B1 (AOI21_X1)               |        | 0.002       | 0.000      | 0.010      |             | 0.000  | 0.581f          |
| core/exu/alu/_2723_:ZN (AOI21_X1)               |        | 0.003       | 0.000      | 0.032      |             | 0.033  | 0.614r          |
| core/exu/alu/_0539_ (net)                       | 1      |             |            |            | 0.000       |        |                 |
| core/exu/alu/_2725_:A1 (NOR2_X2)                |        | 0.003       | 0.000      | 0.032      |             | 0.000  | 0.614r          |
| core/exu/alu/_2725_:ZN (NOR2_X2)                |        | 0.005       | 0.000      | 0.013      |             | 0.013  | 0.627f          |
| core/exu/alu/_0541_ (net)                       | 2      |             |            |            | 0.000       |        |                 |
| core/exu/alu/_2726_:A (INV_X2)                  |        | 0.003       | 0.000      | 0.013      |             | 0.000  | 0.627f          |
| core/exu/alu/_2726_:ZN (INV_X2)                 |        | 0.009       | 0.000      | 0.014      |             | 0.021  | 0.648r          |
| core/exu/alu/_0073_ (net)                       | 3      |             |            |            | 0.000       |        |                 |
| core/exu/alu/_2853_:A (BUF_X1)                  |        | 0.001       | 0.000      | 0.014      |             | 0.000  | 0.648r          |
| core/exu/alu/_2853_:Z (BUF_X1)                  |        | 0.001       | 0.000      | 0.006      |             | 0.022  | 0.670r          |
| core/exu/_alu_io_out_bits_alu_out[0] (net)      | 1      |             |            |            | 0.000       |        |                 |
| core/exu/_0977_:A (BUF_X1)                      |        | 0.001       | 0.000      | 0.006      |             | 0.000  | 0.670r          |
| core/exu/_0977_:Z (BUF_X1)                      |        | 0.002       | 0.000      | 0.008      |             | 0.021  | 0.691r          |
| core/exu/_0043_ (net)                           | 1      |             |            |            | 0.000       |        |                 |
| core/exu/_0581_:A (INV_X1)                      |        | 0.002       | 0.000      | 0.008      |             | 0.000  | 0.691r          |
| core/exu/_0581_:ZN (INV_X1)                     |        | 0.003       | 0.000      | 0.005      |             | 0.010  | 0.702f          |
| core/exu/_0324_ (net)                           | 2      |             |            |            | 0.000       |        |                 |
| core/exu/_0754_:B1 (OAI21_X1)                   |        | 0.002       | 0.000      | 0.005      |             | 0.000  | 0.702f          |
| core/exu/_0754_:ZN (OAI21_X1)                   |        | 0.001       | 0.000      | 0.015      |             | 0.021  | 0.723r          |
| core/exu/_0179_ (net)                           | 1      |             |            |            | 0.000       |        |                 |
| core/exu/_1111_:A (BUF_X1)                      |        | 0.001       | 0.000      | 0.015      |             | 0.000  | 0.723r          |
| core/exu/_1111_:Z (BUF_X1)                      |        | 0.001       | 0.000      | 0.006      |             | 0.022  | 0.745r          |
| core/exu/_0006_ (net)                           | 1      |             |            |            | 0.000       |        |                 |
| core/exu/lsu/_1430_:A (BUF_X1)                  |        | 0.001       | 0.000      | 0.006      |             | 0.000  | 0.745r          |
| core/exu/lsu/_1430_:Z (BUF_X1)                  |        | 0.045       | 0.000      | 0.105      |             | 0.125  | 0.871r          |
| core/exu/lsu/_0299_ (net)                       | 24     |             |            |            | 0.000       |        |                 |
| fanout_buf_17:A (BUF_X8)                        |        | 0.007       | 0.000      | 0.105      |             | 0.000  | 0.871r          |
| fanout_buf_17:Z (BUF_X8)                        |        | 0.089       | 0.000      | 0.029      |             | 0.055  | 0.926r          |
| fanout_net_17 (net)                             | 30     |             |            |            | 0.000       |        |                 |
| core/exu/lsu/_0968_:A (INV_X32)                 |        | 0.049       | 0.000      | 0.029      |             | 0.000  | 0.926r          |
| core/exu/lsu/_0968_:ZN (INV_X32)                |        | 0.008       | 0.000      | 0.006      |             | 0.006  | 0.932f          |
| core/exu/lsu/_0511_ (net)                       | 4      |             |            |            | 0.000       |        |                 |
| core/exu/lsu/_0969_:A (BUF_X4)                  |        | 0.003       | 0.000      | 0.006      |             | 0.000  | 0.932f          |
| core/exu/lsu/_0969_:Z (BUF_X4)                  |        | 0.021       | 0.000      | 0.009      |             | 0.029  | 0.961f          |
| core/exu/lsu/_0512_ (net)                       | 10     |             |            |            | 0.000       |        |                 |
| core/exu/lsu/_1139_:A2 (NAND2_X1)               |        | 0.002       | 0.000      | 0.009      |             | 0.000  | 0.961f          |
| core/exu/lsu/_1139_:ZN (NAND2_X1)               |        | 0.002       | 0.000      | 0.010      |             | 0.017  | 0.978r          |
| core/exu/lsu/_0610_ (net)                       | 1      |             |            |            | 0.000       |        |                 |
| core/exu/lsu/_1141_:A1 (NAND3_X1)               |        | 0.002       | 0.000      | 0.010      |             | 0.000  | 0.978r          |
| core/exu/lsu/_1141_:ZN (NAND3_X1)               |        | 0.002       | 0.000      | 0.012      |             | 0.019  | 0.997f          |
| core/exu/lsu/_0612_ (net)                       | 1      |             |            |            | 0.000       |        |                 |
| core/exu/lsu/_1145_:A (OAI21_X1)                |        | 0.002       | 0.000      | 0.012      |             | 0.000  | 0.997f          |
| core/exu/lsu/_1145_:ZN (OAI21_X1)               |        | 0.004       | 0.000      | 0.034      |             | 0.026  | 1.023r          |
| core/exu/lsu/_0398_ (net)                       | 2      |             |            |            | 0.000       |        |                 |
| core/exu/lsu/_1147_:A1 (NAND2_X2)               |        | 0.003       | 0.000      | 0.034      |             | 0.000  | 1.023r          |
| core/exu/lsu/_1147_:ZN (NAND2_X2)               |        | 0.014       | 0.000      | 0.020      |             | 0.035  | 1.058f          |
| core/exu/lsu/_0617_ (net)                       | 9      |             |            |            | 0.000       |        |                 |
| core/exu/lsu/_1200_:A2 (AND2_X2)                |        | 0.002       | 0.000      | 0.020      |             | 0.000  | 1.058f          |
| core/exu/lsu/_1200_:ZN (AND2_X2)                |        | 0.012       | 0.000      | 0.011      |             | 0.043  | 1.102f          |
| core/exu/lsu/_0662_ (net)                       | 7      |             |            |            | 0.000       |        |                 |
| core/exu/lsu/_1201_:A (BUF_X4)                  |        | 0.003       | 0.000      | 0.011      |             | 0.000  | 1.102f          |
| core/exu/lsu/_1201_:Z (BUF_X4)                  |        | 0.015       | 0.000      | 0.008      |             | 0.030  | 1.131f          |
| core/exu/lsu/_0663_ (net)                       | 10     |             |            |            | 0.000       |        |                 |
| core/exu/lsu/_1211_:A (OAI21_X1)                |        | 0.002       | 0.000      | 0.008      |             | 0.000  | 1.131f          |
| core/exu/lsu/_1211_:ZN (OAI21_X1)               |        | 0.001       | 0.000      | 0.015      |             | 0.017  | 1.148r          |
| core/exu/lsu/_0377_ (net)                       | 1      |             |            |            | 0.000       |        |                 |
| core/exu/lsu/_1577_:A (BUF_X1)                  |        | 0.001       | 0.000      | 0.015      |             | 0.000  | 1.148r          |
| core/exu/lsu/_1577_:Z (BUF_X1)                  |        | 0.001       | 0.000      | 0.006      |             | 0.022  | 1.171r          |
| core/exu/_lsu_io_out_bits_gpr_wdata[17] (net)   | 1      |             |            |            | 0.000       |        |                 |
| core/exu/_1046_:A (BUF_X1)                      |        | 0.001       | 0.000      | 0.006      |             | 0.000  | 1.171r          |
| core/exu/_1046_:Z (BUF_X1)                      |        | 0.002       | 0.000      | 0.008      |             | 0.021  | 1.192r          |
| core/exu/_0151_ (net)                           | 1      |             |            |            | 0.000       |        |                 |
| core/exu/_0677_:B1 (OAI21_X1)                   |        | 0.002       | 0.000      | 0.008      |             | 0.000  | 1.192r          |
| core/exu/_0677_:ZN (OAI21_X1)                   |        | 0.001       | 0.000      | 0.010      |             | 0.014  | 1.206f          |
| core/exu/_0403_ (net)                           | 1      |             |            |            | 0.000       |        |                 |
| core/exu/_0678_:B1 (AOI21_X1)                   |        | 0.002       | 0.000      | 0.010      |             | 0.000  | 1.206f          |
| core/exu/_0678_:ZN (AOI21_X1)                   |        | 0.001       | 0.000      | 0.018      |             | 0.023  | 1.228r          |
| core/exu/_0253_ (net)                           | 1      |             |            |            | 0.000       |        |                 |
| core/exu/_1048_:A (BUF_X1)                      |        | 0.001       | 0.000      | 0.018      |             | 0.000  | 1.228r          |
| core/exu/_1048_:Z (BUF_X1)                      |        | 0.002       | 0.000      | 0.008      |             | 0.026  | 1.254r          |
| core/_exu_io_for_gpr_wdata[17] (net)            | 2      |             |            |            | 0.000       |        |                 |
| core/isu/_2458_:A (BUF_X1)                      |        | 0.001       | 0.000      | 0.008      |             | 0.000  | 1.254r          |
| core/isu/_2458_:Z (BUF_X1)                      |        | 0.003       | 0.000      | 0.012      |             | 0.027  | 1.282r          |
| core/isu/_0158_ (net)                           | 2      |             |            |            | 0.000       |        |                 |
| core/isu/_1798_:B1 (AOI21_X1)                   |        | 0.002       | 0.000      | 0.012      |             | 0.000  | 1.282r          |
| core/isu/_1798_:ZN (AOI21_X1)                   |        | 0.003       | 0.000      | 0.012      |             | 0.020  | 1.301f          |
| core/isu/_1199_ (net)                           | 2      |             |            |            | 0.000       |        |                 |
| core/isu/_2079_:A2 (NAND3_X1)                   |        | 0.002       | 0.000      | 0.012      |             | 0.000  | 1.301f          |
| core/isu/_2079_:ZN (NAND3_X1)                   |        | 0.002       | 0.000      | 0.012      |             | 0.020  | 1.322r          |
| core/isu/_0588_ (net)                           | 1      |             |            |            | 0.000       |        |                 |
| core/isu/_2082_:A1 (NAND2_X1)                   |        | 0.002       | 0.000      | 0.012      |             | 0.000  | 1.322r          |
| core/isu/_2082_:ZN (NAND2_X1)                   |        | 0.004       | 0.000      | 0.013      |             | 0.021  | 1.343f          |
| core/isu/_0591_ (net)                           | 2      |             |            |            | 0.000       |        |                 |
| core/isu/_2084_:A1 (NOR2_X2)                    |        | 0.003       | 0.000      | 0.013      |             | 0.000  | 1.343f          |
| core/isu/_2084_:ZN (NOR2_X2)                    |        | 0.002       | 0.000      | 0.013      |             | 0.021  | 1.364r          |
| core/isu/_0593_ (net)                           | 1      |             |            |            | 0.000       |        |                 |
| core/isu/_2085_:A (INV_X1)                      |        | 0.002       | 0.000      | 0.013      |             | 0.000  | 1.364r          |
| core/isu/_2085_:ZN (INV_X1)                     |        | 0.006       | 0.000      | 0.009      |             | 0.016  | 1.381f          |
| core/isu/_0594_ (net)                           | 2      |             |            |            | 0.000       |        |                 |
| core/isu/_2087_:A1 (NAND2_X2)                   |        | 0.003       | 0.000      | 0.009      |             | 0.000  | 1.381f          |
| core/isu/_2087_:ZN (NAND2_X2)                   |        | 0.009       | 0.000      | 0.016      |             | 0.021  | 1.402r          |
| core/isu/_0596_ (net)                           | 4      |             |            |            | 0.000       |        |                 |
| core/isu/_2091_:B1 (OAI21_X2)                   |        | 0.003       | 0.000      | 0.016      |             | 0.000  | 1.402r          |
| core/isu/_2091_:ZN (OAI21_X2)                   |        | 0.003       | 0.000      | 0.010      |             | 0.017  | 1.419f          |
| core/isu/_0599_ (net)                           | 2      |             |            |            | 0.000       |        |                 |
| core/isu/_2117_:B1 (AOI21_X1)                   |        | 0.002       | 0.000      | 0.010      |             | 0.000  | 1.419f          |
| core/isu/_2117_:ZN (AOI21_X1)                   |        | 0.005       | 0.000      | 0.037      |             | 0.043  | 1.462r          |
| core/isu/_0623_ (net)                           | 3      |             |            |            | 0.000       |        |                 |
| core/isu/_2171_:C1 (OAI221_X4)                  |        | 0.002       | 0.000      | 0.037      |             | 0.000  | 1.462r          |
| core/isu/_2171_:ZN (OAI221_X4)                  |        | 0.008       | 0.000      | 0.007      |             | 0.071  | 1.533f          |
| core/isu/_0673_ (net)                           | 2      |             |            |            | 0.000       |        |                 |
| core/isu/_2172_:A2 (NOR2_X4)                    |        | 0.007       | 0.000      | 0.007      |             | 0.000  | 1.533f          |
| core/isu/_2172_:ZN (NOR2_X4)                    |        | 0.010       | 0.000      | 0.019      |             | 0.030  | 1.562r          |
| core/isu/_0674_ (net)                           | 3      |             |            |            | 0.000       |        |                 |
| core/isu/_2195_:A1 (OR2_X1)                     |        | 0.001       | 0.000      | 0.019      |             | 0.000  | 1.562r          |
| core/isu/_2195_:ZN (OR2_X1)                     |        | 0.002       | 0.000      | 0.008      |             | 0.027  | 1.590r          |
| core/isu/_0695_ (net)                           | 1      |             |            |            | 0.000       |        |                 |
| core/isu/_2197_:A1 (AND2_X2)                    |        | 0.002       | 0.000      | 0.008      |             | 0.000  | 1.590r          |
| core/isu/_2197_:ZN (AND2_X2)                    |        | 0.006       | 0.000      | 0.011      |             | 0.033  | 1.622r          |
| core/isu/_0697_ (net)                           | 2      |             |            |            | 0.000       |        |                 |
| core/isu/_2205_:A1 (NOR2_X2)                    |        | 0.003       | 0.000      | 0.011      |             | 0.000  | 1.622r          |
| core/isu/_2205_:ZN (NOR2_X2)                    |        | 0.003       | 0.000      | 0.006      |             | 0.009  | 1.632f          |
| core/isu/_0704_ (net)                           | 1      |             |            |            | 0.000       |        |                 |
| core/isu/_2208_:A1 (NOR2_X2)                    |        | 0.003       | 0.000      | 0.006      |             | 0.000  | 1.632f          |
| core/isu/_2208_:ZN (NOR2_X2)                    |        | 0.002       | 0.000      | 0.015      |             | 0.021  | 1.653r          |
| core/isu/_0707_ (net)                           | 1      |             |            |            | 0.000       |        |                 |
| core/isu/_2218_:A (XNOR2_X1)                    |        | 0.002       | 0.000      | 0.015      |             | 0.000  | 1.653r          |
| core/isu/_2218_:ZN (XNOR2_X1)                   |        | 0.001       | 0.000      | 0.009      |             | 0.014  | 1.666f          |
| core/isu/_0406_ (net)                           | 1      |             |            |            | 0.000       |        |                 |
| core/isu/_2660_:A (BUF_X1)                      |        | 0.001       | 0.000      | 0.009      |             | 0.000  | 1.666f          |
| core/isu/_2660_:Z (BUF_X1)                      |        | 0.001       | 0.000      | 0.005      |             | 0.025  | 1.691f          |
| core/_isu_io_pipe_out_bits_is2exe_ch3[27] (net) | 1      |             |            |            | 0.000       |        |                 |
| core/_2192_:A (BUF_X1)                          |        | 0.001       | 0.000      | 0.005      |             | 0.000  | 1.691f          |
| core/_2192_:Z (BUF_X1)                          |        | 0.001       | 0.000      | 0.005      |             | 0.023  | 1.715f          |
| core/_0930_ (net)                               | 1      |             |            |            | 0.000       |        |                 |
| core/_1711_:A (MUX2_X1)                         |        | 0.001       | 0.000      | 0.005      |             | 0.000  | 1.715f          |
| core/_1711_:Z (MUX2_X1)                         |        | 0.001       | 0.000      | 0.009      |             | 0.054  | 1.769f          |
| core/_0404_ (net)                               | 1      |             |            |            | 0.000       |        |                 |
| core/_2194_:A (BUF_X1)                          |        | 0.001       | 0.000      | 0.009      |             | 0.000  | 1.769f          |
| core/_2194_:Z (BUF_X1)                          |        | 0.001       | 0.000      | 0.006      |             | 0.028  | 1.796f          |
| core/_0086_ (net)                               | 1      |             |            |            | 0.000       |        |                 |
| core/_3228_:D (DFF_X1)                          |        | 0.001       | 0.000      | 0.006      |             | 0.000  | 1.796f          |
|                                                 |        |             |            |            |             |        |                 |
| clock (port)                                    |        | 1.742       | 0.000      | 0.000      |             | 0.000  | 0.000r          |
| clock (clock net)                               | 1834   |             |            |            | NA          |        |                 |
| core/_3228_:CK (DFF_X1)                         |        | 0.001       | 0.000      | 0.000      |             | 0.000  | 0.000r          |
| clock core_clock (rise edge)                    |        |             |            |            |             | 2      | 2               |
| clock network delay (ideal)                     |        |             |            |            |             | 0.000  | 2.000           |
| core/_3228_:CK (DFF_X1)                         |        |             |            |            |             |        | 2.000r          |
| library setup time                              |        |             |            |            |             | -0.039 | 1.961           |
| clock reconvergence pessimism                   |        |             |            |            |             | 0.000  | 1.961           |
|                                                 |        |             |            |            |             |        |                 |
| path cell delay                                 |        |             |            |            |             |        | 1.796(100.000%) |
| path net delay                                  |        |             |            |            |             |        | 0.000(0.000%)   |
|                                                 |        |             |            |            |             |        |                 |
| data require time                               |        |             |            |            |             |        | 1.961           |
| data arrival time                               |        |             |            |            |             |        | 1.796           |
| slack (MET)                                     |        |             |            |            |             |        | 0.165           |
+-------------------------------------------------+--------+-------------+------------+------------+-------------+--------+-----------------+
+----------------------------------+--------+-------------+------------+------------+-------------+--------+-----------------+
| Point                            | Fanout | Capacitance | Resistance | Transition | Delta Delay | Incr   | Path            |
+----------------------------------+--------+-------------+------------+------------+-------------+--------+-----------------+
| clock (port)                     |        | 1.742       | 0.000      | 0.000      |             | 0.000  | 0.000r          |
| clock (clock net)                | 1834   |             |            |            | NA          |        |                 |
| core/ifu/_822_:CK (DFF_X1)       |        | 0.001       | 0.000      | 0.000      |             | 0.000  | 0.000r          |
| clock core_clock (rise edge)     |        |             |            |            |             | 0      | 0               |
| clock network delay (ideal)      |        |             |            |            |             | 0.000  | 0.000           |
| core/ifu/_822_:CK (DFF_X1)       |        | 0.001       | 0.000      | 0.000      |             | 0.000  | 0.000r          |
| core/ifu/_822_:Q (DFF_X1)        |        | 0.003       | 0.000      | 0.008      |             | 0.081  | 0.081f          |
| core/_ifu_io_pipe_in_ready (net) | 3      |             |            |            | 0.000       |        |                 |
| core/_2954_:D (DFF_X1)           |        | 0.001       | 0.000      | 0.008      |             | 0.000  | 0.081f          |
|                                  |        |             |            |            |             |        |                 |
| clock (port)                     |        | 1.742       | 0.000      | 0.000      |             | 0.000  | 0.000r          |
| clock (clock net)                | 1834   |             |            |            | NA          |        |                 |
| core/_2954_:CK (DFF_X1)          |        | 0.001       | 0.000      | 0.000      |             | 0.000  | 0.000r          |
| clock core_clock (rise edge)     |        |             |            |            |             | 0      | 0               |
| clock network delay (ideal)      |        |             |            |            |             | 0.000  | 0.000           |
| core/_2954_:CK (DFF_X1)          |        |             |            |            |             |        | 0.000r          |
| library hold time                |        |             |            |            |             | 0.002  | 0.002           |
| clock reconvergence pessimism    |        |             |            |            |             | -0.000 | 0.002           |
|                                  |        |             |            |            |             |        |                 |
| path cell delay                  |        |             |            |            |             |        | 0.081(100.000%) |
| path net delay                   |        |             |            |            |             |        | 0.000(0.000%)   |
|                                  |        |             |            |            |             |        |                 |
| data require time                |        |             |            |            |             |        | 0.002           |
| data arrival time                |        |             |            |            |             |        | 0.081           |
| slack (MET)                      |        |             |            |            |             |        | 0.079           |
+----------------------------------+--------+-------------+------------+------------+-------------+--------+-----------------+
+----------------------------------+--------+-------------+------------+------------+-------------+--------+-----------------+
| Point                            | Fanout | Capacitance | Resistance | Transition | Delta Delay | Incr   | Path            |
+----------------------------------+--------+-------------+------------+------------+-------------+--------+-----------------+
| clock (port)                     |        | 1.742       | 0.000      | 0.000      |             | 0.000  | 0.000r          |
| clock (clock net)                | 1834   |             |            |            | NA          |        |                 |
| core/ifu/_822_:CK (DFF_X1)       |        | 0.001       | 0.000      | 0.000      |             | 0.000  | 0.000r          |
| clock core_clock (rise edge)     |        |             |            |            |             | 0      | 0               |
| clock network delay (ideal)      |        |             |            |            |             | 0.000  | 0.000           |
| core/ifu/_822_:CK (DFF_X1)       |        | 0.001       | 0.000      | 0.000      |             | 0.000  | 0.000r          |
| core/ifu/_822_:Q (DFF_X1)        |        | 0.003       | 0.000      | 0.011      |             | 0.088  | 0.088r          |
| core/_ifu_io_pipe_in_ready (net) | 3      |             |            |            | 0.000       |        |                 |
| core/_2954_:D (DFF_X1)           |        | 0.001       | 0.000      | 0.011      |             | 0.000  | 0.088r          |
|                                  |        |             |            |            |             |        |                 |
| clock (port)                     |        | 1.742       | 0.000      | 0.000      |             | 0.000  | 0.000r          |
| clock (clock net)                | 1834   |             |            |            | NA          |        |                 |
| core/_2954_:CK (DFF_X1)          |        | 0.001       | 0.000      | 0.000      |             | 0.000  | 0.000r          |
| clock core_clock (rise edge)     |        |             |            |            |             | 0      | 0               |
| clock network delay (ideal)      |        |             |            |            |             | 0.000  | 0.000           |
| core/_2954_:CK (DFF_X1)          |        |             |            |            |             |        | 0.000r          |
| library hold time                |        |             |            |            |             | 0.006  | 0.006           |
| clock reconvergence pessimism    |        |             |            |            |             | -0.000 | 0.006           |
|                                  |        |             |            |            |             |        |                 |
| path cell delay                  |        |             |            |            |             |        | 0.088(100.000%) |
| path net delay                   |        |             |            |            |             |        | 0.000(0.000%)   |
|                                  |        |             |            |            |             |        |                 |
| data require time                |        |             |            |            |             |        | 0.006           |
| data arrival time                |        |             |            |            |             |        | 0.088           |
| slack (MET)                      |        |             |            |            |             |        | 0.082           |
+----------------------------------+--------+-------------+------------+------------+-------------+--------+-----------------+
+----------------------------------+--------+-------------+------------+------------+-------------+--------+-----------------+
| Point                            | Fanout | Capacitance | Resistance | Transition | Delta Delay | Incr   | Path            |
+----------------------------------+--------+-------------+------------+------------+-------------+--------+-----------------+
| clock (port)                     |        | 1.742       | 0.000      | 0.000      |             | 0.000  | 0.000r          |
| clock (clock net)                | 1834   |             |            |            | NA          |        |                 |
| core/icache/_8602_:CK (DFF_X1)   |        | 0.001       | 0.000      | 0.000      |             | 0.000  | 0.000r          |
| clock core_clock (rise edge)     |        |             |            |            |             | 0      | 0               |
| clock network delay (ideal)      |        |             |            |            |             | 0.000  | 0.000           |
| core/icache/_8602_:CK (DFF_X1)   |        | 0.001       | 0.000      | 0.000      |             | 0.000  | 0.000r          |
| core/icache/_8602_:QN (DFF_X1)   |        | 0.001       | 0.000      | 0.008      |             | 0.060  | 0.060r          |
| core/icache/_0982_ (net)         | 1      |             |            |            | 0.000       |        |                 |
| core/icache/_8432_:A (BUF_X1)    |        | 0.001       | 0.000      | 0.008      |             | 0.000  | 0.060r          |
| core/icache/_8432_:Z (BUF_X1)    |        | 0.002       | 0.000      | 0.008      |             | 0.022  | 0.082r          |
| core/icache/_1965_ (net)         | 1      |             |            |            | 0.000       |        |                 |
| core/icache/_7077_:B1 (OAI21_X1) |        | 0.002       | 0.000      | 0.008      |             | 0.000  | 0.082r          |
| core/icache/_7077_:ZN (OAI21_X1) |        | 0.001       | 0.000      | 0.006      |             | 0.011  | 0.093f          |
| core/icache/_1581_ (net)         | 1      |             |            |            | 0.000       |        |                 |
| core/icache/_8433_:A (BUF_X1)    |        | 0.001       | 0.000      | 0.006      |             | 0.000  | 0.093f          |
| core/icache/_8433_:Z (BUF_X1)    |        | 0.001       | 0.000      | 0.006      |             | 0.026  | 0.119f          |
| core/icache/_0598_ (net)         | 1      |             |            |            | 0.000       |        |                 |
| core/icache/_8602_:D (DFF_X1)    |        | 0.001       | 0.000      | 0.006      |             | 0.000  | 0.119f          |
|                                  |        |             |            |            |             |        |                 |
| clock (port)                     |        | 1.742       | 0.000      | 0.000      |             | 0.000  | 0.000r          |
| clock (clock net)                | 1834   |             |            |            | NA          |        |                 |
| core/icache/_8602_:CK (DFF_X1)   |        | 0.001       | 0.000      | 0.000      |             | 0.000  | 0.000r          |
| clock core_clock (rise edge)     |        |             |            |            |             | 0      | 0               |
| clock network delay (ideal)      |        |             |            |            |             | 0.000  | 0.000           |
| core/icache/_8602_:CK (DFF_X1)   |        |             |            |            |             |        | 0.000r          |
| library hold time                |        |             |            |            |             | 0.002  | 0.002           |
| clock reconvergence pessimism    |        |             |            |            |             | -0.000 | 0.002           |
|                                  |        |             |            |            |             |        |                 |
| path cell delay                  |        |             |            |            |             |        | 0.119(100.000%) |
| path net delay                   |        |             |            |            |             |        | 0.000(0.000%)   |
|                                  |        |             |            |            |             |        |                 |
| data require time                |        |             |            |            |             |        | 0.002           |
| data arrival time                |        |             |            |            |             |        | 0.119           |
| slack (MET)                      |        |             |            |            |             |        | 0.118           |
+----------------------------------+--------+-------------+------------+------------+-------------+--------+-----------------+
