
 /----------------------------------------------------------------------------\
 |                                                                            |
 |  yosys -- Yosys Open SYnthesis Suite                                       |
 |                                                                            |
 |  Copyright (C) 2012 - 2019  Clifford Wolf <clifford@clifford.at>           |
 |                                                                            |
 |  Permission to use, copy, modify, and/or distribute this software for any  |
 |  purpose with or without fee is hereby granted, provided that the above    |
 |  copyright notice and this permission notice appear in all copies.         |
 |                                                                            |
 |  THE SOFTWARE IS PROVIDED "AS IS" AND THE AUTHOR DISCLAIMS ALL WARRANTIES  |
 |  WITH REGARD TO THIS SOFTWARE INCLUDING ALL IMPLIED WARRANTIES OF          |
 |  MERCHANTABILITY AND FITNESS. IN NO EVENT SHALL THE AUTHOR BE LIABLE FOR   |
 |  ANY SPECIAL, DIRECT, INDIRECT, OR CONSEQUENTIAL DAMAGES OR ANY DAMAGES    |
 |  WHATSOEVER RESULTING FROM LOSS OF USE, DATA OR PROFITS, WHETHER IN AN     |
 |  ACTION OF CONTRACT, NEGLIGENCE OR OTHER TORTIOUS ACTION, ARISING OUT OF   |
 |  OR IN CONNECTION WITH THE USE OR PERFORMANCE OF THIS SOFTWARE.            |
 |                                                                            |
 \----------------------------------------------------------------------------/

 Yosys 0.9 (git sha1 1979e0b)


-- Executing script file `-' --
[TCL: yosys -import] Command name collision: found pre-existing command `cd' -> skip.
[TCL: yosys -import] Command name collision: found pre-existing command `eval' -> skip.
[TCL: yosys -import] Command name collision: found pre-existing command `read' -> skip.
[TCL: yosys -import] Command name collision: found pre-existing command `trace' -> skip.

1. Executing Verilog-2005 frontend: ./vsrc/LSU.sv
Parsing SystemVerilog input from `./vsrc/LSU.sv' to AST representation.
Generating RTLIL representation for module `\LSU'.
Successfully finished Verilog frontend.

2. Executing Verilog-2005 frontend: ./vsrc/extern_modules.sv
Parsing SystemVerilog input from `./vsrc/extern_modules.sv' to AST representation.
Successfully finished Verilog frontend.

3. Executing Verilog-2005 frontend: ./vsrc/CSR.sv
Parsing SystemVerilog input from `./vsrc/CSR.sv' to AST representation.
Generating RTLIL representation for module `\CSR'.
Successfully finished Verilog frontend.

4. Executing Verilog-2005 frontend: ./vsrc/Ebreak.sv
Parsing SystemVerilog input from `./vsrc/Ebreak.sv' to AST representation.
Generating RTLIL representation for module `\Ebreak'.
Successfully finished Verilog frontend.

5. Executing Verilog-2005 frontend: ./vsrc/GPR.sv
Parsing SystemVerilog input from `./vsrc/GPR.sv' to AST representation.
Generating RTLIL representation for module `\GPR'.
Successfully finished Verilog frontend.

6. Executing Verilog-2005 frontend: ./vsrc/csr_6x32.sv
Parsing SystemVerilog input from `./vsrc/csr_6x32.sv' to AST representation.
Generating RTLIL representation for module `\csr_6x32'.
Successfully finished Verilog frontend.

7. Executing Verilog-2005 frontend: ./vsrc/IDU.sv
Parsing SystemVerilog input from `./vsrc/IDU.sv' to AST representation.
Generating RTLIL representation for module `\IDU'.
Successfully finished Verilog frontend.

8. Executing Verilog-2005 frontend: ./vsrc/Core.sv
Parsing SystemVerilog input from `./vsrc/Core.sv' to AST representation.
Generating RTLIL representation for module `\Core'.
Successfully finished Verilog frontend.

9. Executing Verilog-2005 frontend: ./vsrc/gpr_16x32.sv
Parsing SystemVerilog input from `./vsrc/gpr_16x32.sv' to AST representation.
Generating RTLIL representation for module `\gpr_16x32'.
Successfully finished Verilog frontend.

10. Executing Verilog-2005 frontend: ./vsrc/iCache.sv
Parsing SystemVerilog input from `./vsrc/iCache.sv' to AST representation.
Generating RTLIL representation for module `\iCache'.
Successfully finished Verilog frontend.

11. Executing Verilog-2005 frontend: ./vsrc/EXU.sv
Parsing SystemVerilog input from `./vsrc/EXU.sv' to AST representation.
Generating RTLIL representation for module `\EXU'.
Successfully finished Verilog frontend.

12. Executing Verilog-2005 frontend: ./vsrc/Xbar.sv
Parsing SystemVerilog input from `./vsrc/Xbar.sv' to AST representation.
Generating RTLIL representation for module `\Xbar'.
Successfully finished Verilog frontend.

13. Executing Verilog-2005 frontend: ./vsrc/IFU.sv
Parsing SystemVerilog input from `./vsrc/IFU.sv' to AST representation.
Generating RTLIL representation for module `\IFU'.
Successfully finished Verilog frontend.

14. Executing Verilog-2005 frontend: ./vsrc/NPC.sv
Parsing SystemVerilog input from `./vsrc/NPC.sv' to AST representation.
Generating RTLIL representation for module `\NPC'.
Successfully finished Verilog frontend.

15. Executing Verilog-2005 frontend: ./vsrc/Clint.sv
Parsing SystemVerilog input from `./vsrc/Clint.sv' to AST representation.
Generating RTLIL representation for module `\Clint'.
Successfully finished Verilog frontend.

16. Executing Verilog-2005 frontend: ./vsrc/WBU.sv
Parsing SystemVerilog input from `./vsrc/WBU.sv' to AST representation.
Generating RTLIL representation for module `\WBU'.
Successfully finished Verilog frontend.

17. Executing Verilog-2005 frontend: ./syn/scripts/../nangate45/verilog/blackbox.v
Parsing Verilog input from `./syn/scripts/../nangate45/verilog/blackbox.v' to AST representation.
Successfully finished Verilog frontend.

18. Executing Verilog-2005 frontend: ./syn/scripts/../nangate45/verilog/cells_clkgate.v
Parsing Verilog input from `./syn/scripts/../nangate45/verilog/cells_clkgate.v' to AST representation.
Generating RTLIL representation for module `\OPENROAD_CLKGATE'.
Successfully finished Verilog frontend.

19. Executing SYNTH pass.

19.1. Executing HIERARCHY pass (managing design hierarchy).

19.1.1. Analyzing design hierarchy..
Top module:  \NPC
Used module:     \Clint
Used module:     \Xbar
Used module:     \Core
Used module:         \iCache
Used module:         \WBU
Used module:         \LSU
Used module:         \EXU
Used module:         \IDU
Used module:             \Ebreak
Used module:         \IFU
Used module:         \CSR
Used module:             \csr_6x32
Used module:         \GPR
Used module:             \gpr_16x32

19.1.2. Analyzing design hierarchy..
Top module:  \NPC
Used module:     \Clint
Used module:     \Xbar
Used module:     \Core
Used module:         \iCache
Used module:         \WBU
Used module:         \LSU
Used module:         \EXU
Used module:         \IDU
Used module:             \Ebreak
Used module:         \IFU
Used module:         \CSR
Used module:             \csr_6x32
Used module:         \GPR
Used module:             \gpr_16x32
Removing unused module `\OPENROAD_CLKGATE'.
Removed 1 unused modules.

19.2. Executing PROC pass (convert processes to netlists).

19.2.1. Executing PROC_CLEAN pass (remove empty switches from decision trees).
Found and cleaned up 1 empty switch in `\Ebreak.$proc$./vsrc/Ebreak.sv:8$193'.
Removing empty process `Ebreak.$proc$./vsrc/Ebreak.sv:8$193'.
Cleaned up 1 empty switch.

19.2.2. Executing PROC_RMDEAD pass (remove dead branches from decision trees).
Marked 1 switch rules as full_case in process $proc$./vsrc/WBU.sv:91$1269 in module WBU.
Removed 1 dead cases from process $proc$./vsrc/Clint.sv:232$1259 in module Clint.
Marked 3 switch rules as full_case in process $proc$./vsrc/Clint.sv:232$1259 in module Clint.
Removed 1 dead cases from process $proc$./vsrc/Clint.sv:217$1256 in module Clint.
Marked 1 switch rules as full_case in process $proc$./vsrc/Clint.sv:217$1256 in module Clint.
Marked 1 switch rules as full_case in process $proc$./vsrc/Clint.sv:209$1255 in module Clint.
Removed 1 dead cases from process $proc$./vsrc/Clint.sv:108$1246 in module Clint.
Marked 5 switch rules as full_case in process $proc$./vsrc/Clint.sv:108$1246 in module Clint.
Removed 1 dead cases from process $proc$./vsrc/Clint.sv:93$1243 in module Clint.
Marked 1 switch rules as full_case in process $proc$./vsrc/Clint.sv:93$1243 in module Clint.
Marked 1 switch rules as full_case in process $proc$./vsrc/Clint.sv:85$1242 in module Clint.
Marked 1 switch rules as full_case in process $proc$./vsrc/Clint.sv:62$1238 in module Clint.
Marked 1 switch rules as full_case in process $proc$./vsrc/Clint.sv:53$1236 in module Clint.
Marked 1 switch rules as full_case in process $proc$./vsrc/IFU.sv:144$1234 in module IFU.
Marked 1 switch rules as full_case in process $proc$./vsrc/IFU.sv:125$1206 in module IFU.
Marked 2 switch rules as full_case in process $proc$./vsrc/Xbar.sv:298$1036 in module Xbar.
Marked 1 switch rules as full_case in process $proc$./vsrc/Xbar.sv:279$1019 in module Xbar.
Marked 1 switch rules as full_case in process $proc$./vsrc/Xbar.sv:264$1013 in module Xbar.
Marked 1 switch rules as full_case in process $proc$./vsrc/Xbar.sv:251$1012 in module Xbar.
Marked 1 switch rules as full_case in process $proc$./vsrc/Xbar.sv:238$1011 in module Xbar.
Marked 1 switch rules as full_case in process $proc$./vsrc/Xbar.sv:225$1010 in module Xbar.
Marked 1 switch rules as full_case in process $proc$./vsrc/Xbar.sv:212$1008 in module Xbar.
Marked 1 switch rules as full_case in process $proc$./vsrc/Xbar.sv:173$967 in module Xbar.
Marked 1 switch rules as full_case in process $proc$./vsrc/EXU.sv:143$936 in module EXU.
Marked 9 switch rules as full_case in process $proc$./vsrc/iCache.sv:275$808 in module iCache.
Marked 1 switch rules as full_case in process $proc$./vsrc/iCache.sv:229$770 in module iCache.
Marked 1 switch rules as full_case in process $proc$./vsrc/iCache.sv:202$750 in module iCache.
Marked 1 switch rules as full_case in process $proc$./vsrc/iCache.sv:181$746 in module iCache.
Marked 1 switch rules as full_case in process $proc$./vsrc/iCache.sv:168$745 in module iCache.
Marked 1 switch rules as full_case in process $proc$./vsrc/iCache.sv:155$744 in module iCache.
Marked 1 switch rules as full_case in process $proc$./vsrc/iCache.sv:142$743 in module iCache.
Marked 1 switch rules as full_case in process $proc$./vsrc/Core.sv:299$700 in module Core.
Marked 1 switch rules as full_case in process $proc$./vsrc/IDU.sv:307$486 in module IDU.
Marked 1 switch rules as full_case in process $proc$./vsrc/IDU.sv:234$450 in module IDU.
Marked 1 switch rules as full_case in process $proc$./vsrc/IDU.sv:201$438 in module IDU.
Marked 3 switch rules as full_case in process $proc$./vsrc/LSU.sv:242$100 in module LSU.
Marked 1 switch rules as full_case in process $proc$./vsrc/LSU.sv:187$62 in module LSU.
Marked 1 switch rules as full_case in process $proc$./vsrc/LSU.sv:152$43 in module LSU.
Removed a total of 4 dead cases.

19.2.3. Executing PROC_INIT pass (extract init attributes).

19.2.4. Executing PROC_ARST pass (detect async resets in processes).
Found async reset \rst in `\Clint.$proc$./vsrc/Clint.sv:232$1259'.
Found async reset \rst in `\Clint.$proc$./vsrc/Clint.sv:209$1255'.
Found async reset \rst in `\Clint.$proc$./vsrc/Clint.sv:108$1246'.
Found async reset \rst in `\Clint.$proc$./vsrc/Clint.sv:85$1242'.
Found async reset \rst in `\Clint.$proc$./vsrc/Clint.sv:62$1238'.
Found async reset \rst in `\Clint.$proc$./vsrc/Clint.sv:53$1236'.
Found async reset \reset in `\IFU.$proc$./vsrc/IFU.sv:144$1234'.

19.2.5. Executing PROC_MUX pass (convert decision trees to multiplexers).
Creating decoders for process `\WBU.$proc$./vsrc/WBU.sv:91$1269'.
     1/3: $0\c_state[0:0]
     2/3: $0\out_valid[0:0]
     3/3: $0\in_ready[0:0]
Creating decoders for process `\Clint.$proc$./vsrc/Clint.sv:232$1259'.
     1/5: $0\w_delay_unit[3:0]
     2/5: $0\axi4_bvalid[0:0]
     3/5: $0\axi4_bresp[1:0]
     4/5: $0\axi4_wready[0:0]
     5/5: $0\axi4_awready[0:0]
Creating decoders for process `\Clint.$proc$./vsrc/Clint.sv:217$1256'.
     1/2: $1\nw_state[0:0]
     2/2: $0\nw_state[0:0]
Creating decoders for process `\Clint.$proc$./vsrc/Clint.sv:209$1255'.
     1/1: $0\cw_state[0:0]
Creating decoders for process `\Clint.$proc$./vsrc/Clint.sv:108$1246'.
     1/5: $0\r_delay_unit[3:0]
     2/5: $0\axi4_rvalid[0:0]
     3/5: $0\axi4_rresp[1:0]
     4/5: $0\axi4_rdata[31:0]
     5/5: $0\axi4_arready[0:0]
Creating decoders for process `\Clint.$proc$./vsrc/Clint.sv:93$1243'.
     1/2: $1\nr_state[0:0]
     2/2: $0\nr_state[0:0]
Creating decoders for process `\Clint.$proc$./vsrc/Clint.sv:85$1242'.
     1/1: $0\cr_state[0:0]
Creating decoders for process `\Clint.$proc$./vsrc/Clint.sv:62$1238'.
     1/1: $0\lfsr[3:0]
Creating decoders for process `\Clint.$proc$./vsrc/Clint.sv:53$1236'.
     1/1: $0\mtime[63:0]
Creating decoders for process `\IFU.$proc$./vsrc/IFU.sv:144$1234'.
     1/1: $0\reg_pc[31:0]
Creating decoders for process `\IFU.$proc$./vsrc/IFU.sv:125$1206'.
     1/7: $0\is_mret_rise_REG[0:0]
     2/7: $0\flag[0:0]
     3/7: $0\c_state[2:0]
     4/7: $0\rready[0:0]
     5/7: $0\arvalid[0:0]
     6/7: $0\out_valid[0:0]
     7/7: $0\in_ready[0:0]
Creating decoders for process `\Xbar.$proc$./vsrc/Xbar.sv:298$1036'.
     1/31: $0\clint_bvalid_r[0:0]
     2/31: $0\clint_rvalid_r[0:0]
     3/31: $0\soc_bvalid_r[0:0]
     4/31: $0\soc_rvalid_r[0:0]
     5/31: $0\dmem_awaddr[31:0]
     6/31: $0\dmem_araddr[31:0]
     7/31: $0\imem_arsize[2:0]
     8/31: $0\imem_arlen[7:0]
     9/31: $0\imem_arburst[1:0]
    10/31: $0\imem_araddr[31:0]
    11/31: $0\ing_w_or_r[0:0]
    12/31: $0\burstCnt[7:0]
    13/31: $0\soc_bready[0:0]
    14/31: $0\soc_wlast[0:0]
    15/31: $0\soc_wvalid[0:0]
    16/31: $0\soc_wstrb[3:0]
    17/31: $0\soc_wdata[31:0]
    18/31: $0\soc_awburst[1:0]
    19/31: $0\soc_awsize[2:0]
    20/31: $0\soc_awlen[7:0]
    21/31: $0\soc_awid[3:0]
    22/31: $0\soc_awvalid[0:0]
    23/31: $0\soc_awaddr[31:0]
    24/31: $0\soc_rready[0:0]
    25/31: $0\soc_arburst[1:0]
    26/31: $0\soc_arsize[2:0]
    27/31: $0\soc_arlen[7:0]
    28/31: $0\soc_arid[3:0]
    29/31: $0\soc_arvalid[0:0]
    30/31: $0\soc_araddr[31:0]
    31/31: $0\c_state[1:0]
Creating decoders for process `\Xbar.$proc$./vsrc/Xbar.sv:279$1019'.
     1/2: $1\casez_tmp_5[31:0]
     2/2: $0\casez_tmp_5[31:0]
Creating decoders for process `\Xbar.$proc$./vsrc/Xbar.sv:264$1013'.
     1/2: $1\casez_tmp_4[31:0]
     2/2: $0\casez_tmp_4[31:0]
Creating decoders for process `\Xbar.$proc$./vsrc/Xbar.sv:251$1012'.
     1/2: $1\casez_tmp_3[3:0]
     2/2: $0\casez_tmp_3[3:0]
Creating decoders for process `\Xbar.$proc$./vsrc/Xbar.sv:238$1011'.
     1/2: $1\casez_tmp_2[31:0]
     2/2: $0\casez_tmp_2[31:0]
Creating decoders for process `\Xbar.$proc$./vsrc/Xbar.sv:225$1010'.
     1/2: $1\casez_tmp_1[2:0]
     2/2: $0\casez_tmp_1[2:0]
Creating decoders for process `\Xbar.$proc$./vsrc/Xbar.sv:212$1008'.
     1/2: $1\casez_tmp_0[2:0]
     2/2: $0\casez_tmp_0[2:0]
Creating decoders for process `\Xbar.$proc$./vsrc/Xbar.sv:173$967'.
     1/2: $1\casez_tmp[1:0]
     2/2: $0\casez_tmp[1:0]
Creating decoders for process `\EXU.$proc$./vsrc/EXU.sv:143$936'.
     1/3: $0\c_state[0:0]
     2/3: $0\out_valid[0:0]
     3/3: $0\in_ready[0:0]
Creating decoders for process `\iCache.$proc$./vsrc/iCache.sv:275$808'.
     1/47: $0\fencei_counter[1:0]
     2/47: $0\icache_wdata_1[31:0]
     3/47: $0\icache_wdata_0[31:0]
     4/47: $0\hit0[0:0]
     5/47: $0\icache_3_lruMatrix_0_0[0:0]
     6/47: $0\icache_3_set_0_data_1[31:0]
     7/47: $0\icache_3_set_0_data_0[31:0]
     8/47: $0\icache_3_set_0_tag[26:0]
     9/47: $0\icache_3_set_0_valid[0:0]
    10/47: $0\icache_2_lruMatrix_0_0[0:0]
    11/47: $0\icache_2_set_0_data_1[31:0]
    12/47: $0\icache_2_set_0_data_0[31:0]
    13/47: $0\icache_2_set_0_tag[26:0]
    14/47: $0\icache_2_set_0_valid[0:0]
    15/47: $0\icache_1_lruMatrix_0_0[0:0]
    16/47: $0\icache_1_set_0_data_1[31:0]
    17/47: $0\icache_1_set_0_data_0[31:0]
    18/47: $0\icache_1_set_0_tag[26:0]
    19/47: $0\icache_1_set_0_valid[0:0]
    20/47: $0\icache_0_lruMatrix_0_0[0:0]
    21/47: $0\icache_0_set_0_data_1[31:0]
    22/47: $0\icache_0_set_0_data_0[31:0]
    23/47: $0\icache_0_set_0_tag[26:0]
    24/47: $0\icache_0_set_0_valid[0:0]
    25/47: $0\count[1:0]
    26/47: $0\out_bready[0:0]
    27/47: $0\out_wlast[0:0]
    28/47: $0\out_wvalid[0:0]
    29/47: $0\out_wstrb[3:0]
    30/47: $0\out_wdata[31:0]
    31/47: $0\out_awburst[1:0]
    32/47: $0\out_awsize[2:0]
    33/47: $0\out_awlen[7:0]
    34/47: $0\out_awid[3:0]
    35/47: $0\out_awvalid[0:0]
    36/47: $0\out_awaddr[31:0]
    37/47: $0\out_rready[0:0]
    38/47: $0\out_arburst[0:0]
    39/47: $0\out_arsize[1:0]
    40/47: $0\out_arlen[1:0]
    41/47: $0\out_arid[3:0]
    42/47: $0\out_arvalid[0:0]
    43/47: $0\out_araddr[31:0]
    44/47: $0\in_rvalid[0:0]
    45/47: $0\in_rdata[31:0]
    46/47: $0\in_arready[0:0]
    47/47: $0\c_state[2:0]
Creating decoders for process `\iCache.$proc$./vsrc/iCache.sv:229$770'.
     1/2: $1\casez_tmp_4[31:0]
     2/2: $0\casez_tmp_4[31:0]
Creating decoders for process `\iCache.$proc$./vsrc/iCache.sv:202$750'.
     1/2: $1\casez_tmp_3[2:0]
     2/2: $0\casez_tmp_3[2:0]
Creating decoders for process `\iCache.$proc$./vsrc/iCache.sv:181$746'.
     1/2: $1\casez_tmp_2[31:0]
     2/2: $0\casez_tmp_2[31:0]
Creating decoders for process `\iCache.$proc$./vsrc/iCache.sv:168$745'.
     1/2: $1\casez_tmp_1[31:0]
     2/2: $0\casez_tmp_1[31:0]
Creating decoders for process `\iCache.$proc$./vsrc/iCache.sv:155$744'.
     1/2: $1\casez_tmp_0[26:0]
     2/2: $0\casez_tmp_0[26:0]
Creating decoders for process `\iCache.$proc$./vsrc/iCache.sv:142$743'.
     1/2: $1\casez_tmp[0:0]
     2/2: $0\casez_tmp[0:0]
Creating decoders for process `\gpr_16x32.$proc$./vsrc/gpr_16x32.sv:75$729'.
     1/3: $0$memwr$\Memory$./vsrc/gpr_16x32.sv:77$728_EN[31:0]$732
     2/3: $0$memwr$\Memory$./vsrc/gpr_16x32.sv:77$728_DATA[31:0]$731
     3/3: $0$memwr$\Memory$./vsrc/gpr_16x32.sv:77$728_ADDR[3:0]$730
Creating decoders for process `\Core.$proc$./vsrc/Core.sv:299$700'.
     1/60: $0\exu_out_valid_rise_REG[0:0]
     2/60: $0\is_irq[0:0]
     3/60: $0\rs2_resolved_r[0:0]
     4/60: $0\rs1_resolved_r[0:0]
     5/60: $0\wbu_raw_stage_left_valid_r[0:0]
     6/60: $0\lsu_raw_stage_left_valid_r[0:0]
     7/60: $0\exu_raw_stage_left_valid_r[0:0]
     8/60: $0\wbu_end_flg_r[0:0]
     9/60: $0\wbu_is_working_r[0:0]
    10/60: $0\ready_r[0:0]
    11/60: $0\rs2_raw_rd[4:0]
    12/60: $0\rs1_raw_rd[4:0]
    13/60: $0\rs2_raw_valid[0:0]
    14/60: $0\rs1_raw_valid[0:0]
    15/60: $0\wbu_io_pipe_in_valid_r[0:0]
    16/60: $0\wbu_io_pipe_in_bits_r_ls2wb_irq_num[3:0]
    17/60: $0\wbu_io_pipe_in_bits_r_ls2wb_is_irq[0:0]
    18/60: $0\wbu_io_pipe_in_bits_r_ls2wb_csr_cmd[2:0]
    19/60: $0\wbu_io_pipe_in_bits_r_ls2wb_csr_addr[11:0]
    20/60: $0\wbu_io_pipe_in_bits_r_ls2wb_csr_wdata[31:0]
    21/60: $0\wbu_io_pipe_in_bits_r_ls2wb_wb_data[31:0]
    22/60: $0\wbu_io_pipe_in_bits_r_ls2wb_rf_wen[1:0]
    23/60: $0\wbu_io_pipe_in_bits_r_ls2wb_wb_addr[4:0]
    24/60: $0\wbu_io_pipe_in_bits_r_ls2wb_reg_pc[31:0]
    25/60: $0\lsu_io_pipe_in_valid_r[0:0]
    26/60: $0\lsu_io_pipe_in_bits_r_exe2ls_csr_rdata[31:0]
    27/60: $0\lsu_io_pipe_in_bits_r_exe2ls_irq_num[3:0]
    28/60: $0\lsu_io_pipe_in_bits_r_exe2ls_is_irq[0:0]
    29/60: $0\lsu_io_pipe_in_bits_r_exe2ls_mem_op[2:0]
    30/60: $0\lsu_io_pipe_in_bits_r_exe2ls_mem_wen[1:0]
    31/60: $0\lsu_io_pipe_in_bits_r_exe2ls_csr_cmd[2:0]
    32/60: $0\lsu_io_pipe_in_bits_r_exe2ls_csr_addr[11:0]
    33/60: $0\lsu_io_pipe_in_bits_r_exe2ls_wb_sel[2:0]
    34/60: $0\lsu_io_pipe_in_bits_r_exe2ls_rf_wen[1:0]
    35/60: $0\lsu_io_pipe_in_bits_r_exe2ls_alu_out[31:0]
    36/60: $0\lsu_io_pipe_in_bits_r_exe2ls_wb_addr[4:0]
    37/60: $0\lsu_io_pipe_in_bits_r_exe2ls_rs2_data[31:0]
    38/60: $0\lsu_io_pipe_in_bits_r_exe2ls_op1_data[31:0]
    39/60: $0\lsu_io_pipe_in_bits_r_exe2ls_reg_pc[31:0]
    40/60: $0\exu_io_pipe_in_valid_r[0:0]
    41/60: $0\exu_io_pipe_in_bits_r_id2exe_csr_rdata[31:0]
    42/60: $0\exu_io_pipe_in_bits_r_id2exe_irq_num[3:0]
    43/60: $0\exu_io_pipe_in_bits_r_id2exe_is_irq[0:0]
    44/60: $0\exu_io_pipe_in_bits_r_id2exe_mem_op[2:0]
    45/60: $0\exu_io_pipe_in_bits_r_id2exe_mem_wen[1:0]
    46/60: $0\exu_io_pipe_in_bits_r_id2exe_csr_cmd[2:0]
    47/60: $0\exu_io_pipe_in_bits_r_id2exe_csr_addr[11:0]
    48/60: $0\exu_io_pipe_in_bits_r_id2exe_imm_b_sext[31:0]
    49/60: $0\exu_io_pipe_in_bits_r_id2exe_wb_sel[2:0]
    50/60: $0\exu_io_pipe_in_bits_r_id2exe_exe_fun[4:0]
    51/60: $0\exu_io_pipe_in_bits_r_id2exe_rf_wen[1:0]
    52/60: $0\exu_io_pipe_in_bits_r_id2exe_wb_addr[4:0]
    53/60: $0\exu_io_pipe_in_bits_r_id2exe_rs2_data[31:0]
    54/60: $0\exu_io_pipe_in_bits_r_id2exe_op2_data[31:0]
    55/60: $0\exu_io_pipe_in_bits_r_id2exe_op1_data[31:0]
    56/60: $0\exu_io_pipe_in_bits_r_id2exe_reg_pc[31:0]
    57/60: $0\idu_io_pipe_in_valid_r[0:0]
    58/60: $0\idu_io_pipe_in_bits_r_if2id_inst[31:0]
    59/60: $0\idu_io_pipe_in_bits_r_if2id_reg_pc[31:0]
    60/60: $0\ifu_io_pipe_in_valid_r[0:0]
Creating decoders for process `\IDU.$proc$./vsrc/IDU.sv:307$486'.
     1/7: $0\is_fencei_reg[0:0]
     2/7: $0\is_fencei_valid[0:0]
     3/7: $0\reg_pc_r[31:0]
     4/7: $0\inst_r[31:0]
     5/7: $0\c_state[0:0]
     6/7: $0\out_valid[0:0]
     7/7: $0\in_ready[0:0]
Creating decoders for process `\IDU.$proc$./vsrc/IDU.sv:234$450'.
     1/2: $1\casez_tmp_0[31:0]
     2/2: $0\casez_tmp_0[31:0]
Creating decoders for process `\IDU.$proc$./vsrc/IDU.sv:201$438'.
     1/2: $1\casez_tmp[31:0]
     2/2: $0\casez_tmp[31:0]
Creating decoders for process `\csr_6x32.$proc$./vsrc/csr_6x32.sv:99$208'.
     1/18: $0$memwr$\Memory$./vsrc/csr_6x32.sv:101$202_EN[31:0]$212
     2/18: $0$memwr$\Memory$./vsrc/csr_6x32.sv:101$202_DATA[31:0]$211
     3/18: $0$memwr$\Memory$./vsrc/csr_6x32.sv:101$202_ADDR[2:0]$210
     4/18: $0$memwr$\Memory$./vsrc/csr_6x32.sv:103$203_EN[31:0]$215
     5/18: $0$memwr$\Memory$./vsrc/csr_6x32.sv:103$203_DATA[31:0]$214
     6/18: $0$memwr$\Memory$./vsrc/csr_6x32.sv:103$203_ADDR[2:0]$213
     7/18: $0$memwr$\Memory$./vsrc/csr_6x32.sv:105$204_EN[31:0]$217
     8/18: $0$memwr$\Memory$./vsrc/csr_6x32.sv:105$204_DATA[31:0]$209
     9/18: $0$memwr$\Memory$./vsrc/csr_6x32.sv:105$204_ADDR[2:0]$216
    10/18: $0$memwr$\Memory$./vsrc/csr_6x32.sv:107$205_EN[31:0]$220
    11/18: $0$memwr$\Memory$./vsrc/csr_6x32.sv:107$205_DATA[31:0]$219
    12/18: $0$memwr$\Memory$./vsrc/csr_6x32.sv:107$205_ADDR[2:0]$218
    13/18: $0$memwr$\Memory$./vsrc/csr_6x32.sv:109$206_EN[31:0]$223
    14/18: $0$memwr$\Memory$./vsrc/csr_6x32.sv:109$206_DATA[31:0]$222
    15/18: $0$memwr$\Memory$./vsrc/csr_6x32.sv:109$206_ADDR[2:0]$221
    16/18: $0$memwr$\Memory$./vsrc/csr_6x32.sv:111$207_EN[31:0]$226
    17/18: $0$memwr$\Memory$./vsrc/csr_6x32.sv:111$207_DATA[31:0]$225
    18/18: $0$memwr$\Memory$./vsrc/csr_6x32.sv:111$207_ADDR[2:0]$224
Creating decoders for process `\LSU.$proc$./vsrc/LSU.sv:242$100'.
     1/15: $0\dmem_rdata[31:0]
     2/15: $0\c_state[2:0]
     3/15: $0\bready[0:0]
     4/15: $0\wvalid[0:0]
     5/15: $0\wstrb[6:0]
     6/15: $0\wdata[62:0]
     7/15: $0\awsize[1:0]
     8/15: $0\awvalid[0:0]
     9/15: $0\awaddr[31:0]
    10/15: $0\rready[0:0]
    11/15: $0\arsize[1:0]
    12/15: $0\arvalid[0:0]
    13/15: $0\araddr[31:0]
    14/15: $0\out_valid[0:0]
    15/15: $0\in_ready[0:0]
Creating decoders for process `\LSU.$proc$./vsrc/LSU.sv:187$62'.
     1/2: $1\casez_tmp_0[1:0]
     2/2: $0\casez_tmp_0[1:0]
Creating decoders for process `\LSU.$proc$./vsrc/LSU.sv:152$43'.
     1/2: $1\casez_tmp[1:0]
     2/2: $0\casez_tmp[1:0]

19.2.6. Executing PROC_DLATCH pass (convert process syncs to latches).
No latch inferred for signal `\Clint.\nw_state' from process `\Clint.$proc$./vsrc/Clint.sv:217$1256'.
No latch inferred for signal `\Clint.\nr_state' from process `\Clint.$proc$./vsrc/Clint.sv:93$1243'.
No latch inferred for signal `\Xbar.\casez_tmp_5' from process `\Xbar.$proc$./vsrc/Xbar.sv:279$1019'.
No latch inferred for signal `\Xbar.\casez_tmp_4' from process `\Xbar.$proc$./vsrc/Xbar.sv:264$1013'.
No latch inferred for signal `\Xbar.\casez_tmp_3' from process `\Xbar.$proc$./vsrc/Xbar.sv:251$1012'.
No latch inferred for signal `\Xbar.\casez_tmp_2' from process `\Xbar.$proc$./vsrc/Xbar.sv:238$1011'.
No latch inferred for signal `\Xbar.\casez_tmp_1' from process `\Xbar.$proc$./vsrc/Xbar.sv:225$1010'.
No latch inferred for signal `\Xbar.\casez_tmp_0' from process `\Xbar.$proc$./vsrc/Xbar.sv:212$1008'.
No latch inferred for signal `\Xbar.\casez_tmp' from process `\Xbar.$proc$./vsrc/Xbar.sv:173$967'.
No latch inferred for signal `\iCache.\casez_tmp_4' from process `\iCache.$proc$./vsrc/iCache.sv:229$770'.
No latch inferred for signal `\iCache.\casez_tmp_3' from process `\iCache.$proc$./vsrc/iCache.sv:202$750'.
No latch inferred for signal `\iCache.\casez_tmp_2' from process `\iCache.$proc$./vsrc/iCache.sv:181$746'.
No latch inferred for signal `\iCache.\casez_tmp_1' from process `\iCache.$proc$./vsrc/iCache.sv:168$745'.
No latch inferred for signal `\iCache.\casez_tmp_0' from process `\iCache.$proc$./vsrc/iCache.sv:155$744'.
No latch inferred for signal `\iCache.\casez_tmp' from process `\iCache.$proc$./vsrc/iCache.sv:142$743'.
No latch inferred for signal `\IDU.\casez_tmp_0' from process `\IDU.$proc$./vsrc/IDU.sv:234$450'.
No latch inferred for signal `\IDU.\casez_tmp' from process `\IDU.$proc$./vsrc/IDU.sv:201$438'.
No latch inferred for signal `\LSU.\casez_tmp_0' from process `\LSU.$proc$./vsrc/LSU.sv:187$62'.
No latch inferred for signal `\LSU.\casez_tmp' from process `\LSU.$proc$./vsrc/LSU.sv:152$43'.

19.2.7. Executing PROC_DFF pass (convert process syncs to FFs).
Creating register for signal `\WBU.\in_ready' using process `\WBU.$proc$./vsrc/WBU.sv:91$1269'.
  created $dff cell `$procdff$2005' with positive edge clock.
Creating register for signal `\WBU.\out_valid' using process `\WBU.$proc$./vsrc/WBU.sv:91$1269'.
  created $dff cell `$procdff$2006' with positive edge clock.
Creating register for signal `\WBU.\c_state' using process `\WBU.$proc$./vsrc/WBU.sv:91$1269'.
  created $dff cell `$procdff$2007' with positive edge clock.
Creating register for signal `\Clint.\axi4_awready' using process `\Clint.$proc$./vsrc/Clint.sv:232$1259'.
  created $adff cell `$procdff$2008' with positive edge clock and positive level reset.
Creating register for signal `\Clint.\axi4_wready' using process `\Clint.$proc$./vsrc/Clint.sv:232$1259'.
  created $adff cell `$procdff$2009' with positive edge clock and positive level reset.
Creating register for signal `\Clint.\axi4_bresp' using process `\Clint.$proc$./vsrc/Clint.sv:232$1259'.
  created $adff cell `$procdff$2010' with positive edge clock and positive level reset.
Creating register for signal `\Clint.\axi4_bvalid' using process `\Clint.$proc$./vsrc/Clint.sv:232$1259'.
  created $adff cell `$procdff$2011' with positive edge clock and positive level reset.
Creating register for signal `\Clint.\w_delay_unit' using process `\Clint.$proc$./vsrc/Clint.sv:232$1259'.
Warning: Async reset value `\lfsr' is not constant!
  created $dffsr cell `$procdff$2012' with positive edge clock and positive level non-const reset.
Creating register for signal `\Clint.\cw_state' using process `\Clint.$proc$./vsrc/Clint.sv:209$1255'.
  created $adff cell `$procdff$2019' with positive edge clock and positive level reset.
Creating register for signal `\Clint.\axi4_arready' using process `\Clint.$proc$./vsrc/Clint.sv:108$1246'.
  created $adff cell `$procdff$2020' with positive edge clock and positive level reset.
Creating register for signal `\Clint.\axi4_rdata' using process `\Clint.$proc$./vsrc/Clint.sv:108$1246'.
  created $adff cell `$procdff$2021' with positive edge clock and positive level reset.
Creating register for signal `\Clint.\axi4_rresp' using process `\Clint.$proc$./vsrc/Clint.sv:108$1246'.
  created $adff cell `$procdff$2022' with positive edge clock and positive level reset.
Creating register for signal `\Clint.\axi4_rvalid' using process `\Clint.$proc$./vsrc/Clint.sv:108$1246'.
  created $adff cell `$procdff$2023' with positive edge clock and positive level reset.
Creating register for signal `\Clint.\r_delay_unit' using process `\Clint.$proc$./vsrc/Clint.sv:108$1246'.
Warning: Async reset value `\lfsr' is not constant!
  created $dffsr cell `$procdff$2024' with positive edge clock and positive level non-const reset.
Creating register for signal `\Clint.\cr_state' using process `\Clint.$proc$./vsrc/Clint.sv:85$1242'.
  created $adff cell `$procdff$2031' with positive edge clock and positive level reset.
Creating register for signal `\Clint.\lfsr' using process `\Clint.$proc$./vsrc/Clint.sv:62$1238'.
  created $adff cell `$procdff$2032' with positive edge clock and positive level reset.
Creating register for signal `\Clint.\mtime' using process `\Clint.$proc$./vsrc/Clint.sv:53$1236'.
  created $adff cell `$procdff$2033' with positive edge clock and positive level reset.
Creating register for signal `\IFU.\reg_pc' using process `\IFU.$proc$./vsrc/IFU.sv:144$1234'.
  created $adff cell `$procdff$2034' with positive edge clock and positive level reset.
Creating register for signal `\IFU.\in_ready' using process `\IFU.$proc$./vsrc/IFU.sv:125$1206'.
  created $dff cell `$procdff$2035' with positive edge clock.
Creating register for signal `\IFU.\out_valid' using process `\IFU.$proc$./vsrc/IFU.sv:125$1206'.
  created $dff cell `$procdff$2036' with positive edge clock.
Creating register for signal `\IFU.\arvalid' using process `\IFU.$proc$./vsrc/IFU.sv:125$1206'.
  created $dff cell `$procdff$2037' with positive edge clock.
Creating register for signal `\IFU.\rready' using process `\IFU.$proc$./vsrc/IFU.sv:125$1206'.
  created $dff cell `$procdff$2038' with positive edge clock.
Creating register for signal `\IFU.\c_state' using process `\IFU.$proc$./vsrc/IFU.sv:125$1206'.
  created $dff cell `$procdff$2039' with positive edge clock.
Creating register for signal `\IFU.\is_mret_rise_REG' using process `\IFU.$proc$./vsrc/IFU.sv:125$1206'.
  created $dff cell `$procdff$2040' with positive edge clock.
Creating register for signal `\IFU.\flag' using process `\IFU.$proc$./vsrc/IFU.sv:125$1206'.
  created $dff cell `$procdff$2041' with positive edge clock.
Creating register for signal `\Xbar.\c_state' using process `\Xbar.$proc$./vsrc/Xbar.sv:298$1036'.
  created $dff cell `$procdff$2042' with positive edge clock.
Creating register for signal `\Xbar.\soc_araddr' using process `\Xbar.$proc$./vsrc/Xbar.sv:298$1036'.
  created $dff cell `$procdff$2043' with positive edge clock.
Creating register for signal `\Xbar.\soc_arvalid' using process `\Xbar.$proc$./vsrc/Xbar.sv:298$1036'.
  created $dff cell `$procdff$2044' with positive edge clock.
Creating register for signal `\Xbar.\soc_arid' using process `\Xbar.$proc$./vsrc/Xbar.sv:298$1036'.
  created $dff cell `$procdff$2045' with positive edge clock.
Creating register for signal `\Xbar.\soc_arlen' using process `\Xbar.$proc$./vsrc/Xbar.sv:298$1036'.
  created $dff cell `$procdff$2046' with positive edge clock.
Creating register for signal `\Xbar.\soc_arsize' using process `\Xbar.$proc$./vsrc/Xbar.sv:298$1036'.
  created $dff cell `$procdff$2047' with positive edge clock.
Creating register for signal `\Xbar.\soc_arburst' using process `\Xbar.$proc$./vsrc/Xbar.sv:298$1036'.
  created $dff cell `$procdff$2048' with positive edge clock.
Creating register for signal `\Xbar.\soc_rready' using process `\Xbar.$proc$./vsrc/Xbar.sv:298$1036'.
  created $dff cell `$procdff$2049' with positive edge clock.
Creating register for signal `\Xbar.\soc_awaddr' using process `\Xbar.$proc$./vsrc/Xbar.sv:298$1036'.
  created $dff cell `$procdff$2050' with positive edge clock.
Creating register for signal `\Xbar.\soc_awvalid' using process `\Xbar.$proc$./vsrc/Xbar.sv:298$1036'.
  created $dff cell `$procdff$2051' with positive edge clock.
Creating register for signal `\Xbar.\soc_awid' using process `\Xbar.$proc$./vsrc/Xbar.sv:298$1036'.
  created $dff cell `$procdff$2052' with positive edge clock.
Creating register for signal `\Xbar.\soc_awlen' using process `\Xbar.$proc$./vsrc/Xbar.sv:298$1036'.
  created $dff cell `$procdff$2053' with positive edge clock.
Creating register for signal `\Xbar.\soc_awsize' using process `\Xbar.$proc$./vsrc/Xbar.sv:298$1036'.
  created $dff cell `$procdff$2054' with positive edge clock.
Creating register for signal `\Xbar.\soc_awburst' using process `\Xbar.$proc$./vsrc/Xbar.sv:298$1036'.
  created $dff cell `$procdff$2055' with positive edge clock.
Creating register for signal `\Xbar.\soc_wdata' using process `\Xbar.$proc$./vsrc/Xbar.sv:298$1036'.
  created $dff cell `$procdff$2056' with positive edge clock.
Creating register for signal `\Xbar.\soc_wstrb' using process `\Xbar.$proc$./vsrc/Xbar.sv:298$1036'.
  created $dff cell `$procdff$2057' with positive edge clock.
Creating register for signal `\Xbar.\soc_wvalid' using process `\Xbar.$proc$./vsrc/Xbar.sv:298$1036'.
  created $dff cell `$procdff$2058' with positive edge clock.
Creating register for signal `\Xbar.\soc_wlast' using process `\Xbar.$proc$./vsrc/Xbar.sv:298$1036'.
  created $dff cell `$procdff$2059' with positive edge clock.
Creating register for signal `\Xbar.\soc_bready' using process `\Xbar.$proc$./vsrc/Xbar.sv:298$1036'.
  created $dff cell `$procdff$2060' with positive edge clock.
Creating register for signal `\Xbar.\soc_rvalid_r' using process `\Xbar.$proc$./vsrc/Xbar.sv:298$1036'.
  created $dff cell `$procdff$2061' with positive edge clock.
Creating register for signal `\Xbar.\soc_bvalid_r' using process `\Xbar.$proc$./vsrc/Xbar.sv:298$1036'.
  created $dff cell `$procdff$2062' with positive edge clock.
Creating register for signal `\Xbar.\clint_rvalid_r' using process `\Xbar.$proc$./vsrc/Xbar.sv:298$1036'.
  created $dff cell `$procdff$2063' with positive edge clock.
Creating register for signal `\Xbar.\clint_bvalid_r' using process `\Xbar.$proc$./vsrc/Xbar.sv:298$1036'.
  created $dff cell `$procdff$2064' with positive edge clock.
Creating register for signal `\Xbar.\burstCnt' using process `\Xbar.$proc$./vsrc/Xbar.sv:298$1036'.
  created $dff cell `$procdff$2065' with positive edge clock.
Creating register for signal `\Xbar.\ing_w_or_r' using process `\Xbar.$proc$./vsrc/Xbar.sv:298$1036'.
  created $dff cell `$procdff$2066' with positive edge clock.
Creating register for signal `\Xbar.\imem_araddr' using process `\Xbar.$proc$./vsrc/Xbar.sv:298$1036'.
  created $dff cell `$procdff$2067' with positive edge clock.
Creating register for signal `\Xbar.\imem_arburst' using process `\Xbar.$proc$./vsrc/Xbar.sv:298$1036'.
  created $dff cell `$procdff$2068' with positive edge clock.
Creating register for signal `\Xbar.\imem_arlen' using process `\Xbar.$proc$./vsrc/Xbar.sv:298$1036'.
  created $dff cell `$procdff$2069' with positive edge clock.
Creating register for signal `\Xbar.\imem_arsize' using process `\Xbar.$proc$./vsrc/Xbar.sv:298$1036'.
  created $dff cell `$procdff$2070' with positive edge clock.
Creating register for signal `\Xbar.\dmem_araddr' using process `\Xbar.$proc$./vsrc/Xbar.sv:298$1036'.
  created $dff cell `$procdff$2071' with positive edge clock.
Creating register for signal `\Xbar.\dmem_awaddr' using process `\Xbar.$proc$./vsrc/Xbar.sv:298$1036'.
  created $dff cell `$procdff$2072' with positive edge clock.
Creating register for signal `\EXU.\in_ready' using process `\EXU.$proc$./vsrc/EXU.sv:143$936'.
  created $dff cell `$procdff$2073' with positive edge clock.
Creating register for signal `\EXU.\out_valid' using process `\EXU.$proc$./vsrc/EXU.sv:143$936'.
  created $dff cell `$procdff$2074' with positive edge clock.
Creating register for signal `\EXU.\c_state' using process `\EXU.$proc$./vsrc/EXU.sv:143$936'.
  created $dff cell `$procdff$2075' with positive edge clock.
Creating register for signal `\iCache.\c_state' using process `\iCache.$proc$./vsrc/iCache.sv:275$808'.
  created $dff cell `$procdff$2076' with positive edge clock.
Creating register for signal `\iCache.\in_arready' using process `\iCache.$proc$./vsrc/iCache.sv:275$808'.
  created $dff cell `$procdff$2077' with positive edge clock.
Creating register for signal `\iCache.\in_rdata' using process `\iCache.$proc$./vsrc/iCache.sv:275$808'.
  created $dff cell `$procdff$2078' with positive edge clock.
Creating register for signal `\iCache.\in_rvalid' using process `\iCache.$proc$./vsrc/iCache.sv:275$808'.
  created $dff cell `$procdff$2079' with positive edge clock.
Creating register for signal `\iCache.\out_araddr' using process `\iCache.$proc$./vsrc/iCache.sv:275$808'.
  created $dff cell `$procdff$2080' with positive edge clock.
Creating register for signal `\iCache.\out_arvalid' using process `\iCache.$proc$./vsrc/iCache.sv:275$808'.
  created $dff cell `$procdff$2081' with positive edge clock.
Creating register for signal `\iCache.\out_arid' using process `\iCache.$proc$./vsrc/iCache.sv:275$808'.
  created $dff cell `$procdff$2082' with positive edge clock.
Creating register for signal `\iCache.\out_arlen' using process `\iCache.$proc$./vsrc/iCache.sv:275$808'.
  created $dff cell `$procdff$2083' with positive edge clock.
Creating register for signal `\iCache.\out_arsize' using process `\iCache.$proc$./vsrc/iCache.sv:275$808'.
  created $dff cell `$procdff$2084' with positive edge clock.
Creating register for signal `\iCache.\out_arburst' using process `\iCache.$proc$./vsrc/iCache.sv:275$808'.
  created $dff cell `$procdff$2085' with positive edge clock.
Creating register for signal `\iCache.\out_rready' using process `\iCache.$proc$./vsrc/iCache.sv:275$808'.
  created $dff cell `$procdff$2086' with positive edge clock.
Creating register for signal `\iCache.\out_awaddr' using process `\iCache.$proc$./vsrc/iCache.sv:275$808'.
  created $dff cell `$procdff$2087' with positive edge clock.
Creating register for signal `\iCache.\out_awvalid' using process `\iCache.$proc$./vsrc/iCache.sv:275$808'.
  created $dff cell `$procdff$2088' with positive edge clock.
Creating register for signal `\iCache.\out_awid' using process `\iCache.$proc$./vsrc/iCache.sv:275$808'.
  created $dff cell `$procdff$2089' with positive edge clock.
Creating register for signal `\iCache.\out_awlen' using process `\iCache.$proc$./vsrc/iCache.sv:275$808'.
  created $dff cell `$procdff$2090' with positive edge clock.
Creating register for signal `\iCache.\out_awsize' using process `\iCache.$proc$./vsrc/iCache.sv:275$808'.
  created $dff cell `$procdff$2091' with positive edge clock.
Creating register for signal `\iCache.\out_awburst' using process `\iCache.$proc$./vsrc/iCache.sv:275$808'.
  created $dff cell `$procdff$2092' with positive edge clock.
Creating register for signal `\iCache.\out_wdata' using process `\iCache.$proc$./vsrc/iCache.sv:275$808'.
  created $dff cell `$procdff$2093' with positive edge clock.
Creating register for signal `\iCache.\out_wstrb' using process `\iCache.$proc$./vsrc/iCache.sv:275$808'.
  created $dff cell `$procdff$2094' with positive edge clock.
Creating register for signal `\iCache.\out_wvalid' using process `\iCache.$proc$./vsrc/iCache.sv:275$808'.
  created $dff cell `$procdff$2095' with positive edge clock.
Creating register for signal `\iCache.\out_wlast' using process `\iCache.$proc$./vsrc/iCache.sv:275$808'.
  created $dff cell `$procdff$2096' with positive edge clock.
Creating register for signal `\iCache.\out_bready' using process `\iCache.$proc$./vsrc/iCache.sv:275$808'.
  created $dff cell `$procdff$2097' with positive edge clock.
Creating register for signal `\iCache.\count' using process `\iCache.$proc$./vsrc/iCache.sv:275$808'.
  created $dff cell `$procdff$2098' with positive edge clock.
Creating register for signal `\iCache.\icache_0_set_0_valid' using process `\iCache.$proc$./vsrc/iCache.sv:275$808'.
  created $dff cell `$procdff$2099' with positive edge clock.
Creating register for signal `\iCache.\icache_0_set_0_tag' using process `\iCache.$proc$./vsrc/iCache.sv:275$808'.
  created $dff cell `$procdff$2100' with positive edge clock.
Creating register for signal `\iCache.\icache_0_set_0_data_0' using process `\iCache.$proc$./vsrc/iCache.sv:275$808'.
  created $dff cell `$procdff$2101' with positive edge clock.
Creating register for signal `\iCache.\icache_0_set_0_data_1' using process `\iCache.$proc$./vsrc/iCache.sv:275$808'.
  created $dff cell `$procdff$2102' with positive edge clock.
Creating register for signal `\iCache.\icache_0_lruMatrix_0_0' using process `\iCache.$proc$./vsrc/iCache.sv:275$808'.
  created $dff cell `$procdff$2103' with positive edge clock.
Creating register for signal `\iCache.\icache_1_set_0_valid' using process `\iCache.$proc$./vsrc/iCache.sv:275$808'.
  created $dff cell `$procdff$2104' with positive edge clock.
Creating register for signal `\iCache.\icache_1_set_0_tag' using process `\iCache.$proc$./vsrc/iCache.sv:275$808'.
  created $dff cell `$procdff$2105' with positive edge clock.
Creating register for signal `\iCache.\icache_1_set_0_data_0' using process `\iCache.$proc$./vsrc/iCache.sv:275$808'.
  created $dff cell `$procdff$2106' with positive edge clock.
Creating register for signal `\iCache.\icache_1_set_0_data_1' using process `\iCache.$proc$./vsrc/iCache.sv:275$808'.
  created $dff cell `$procdff$2107' with positive edge clock.
Creating register for signal `\iCache.\icache_1_lruMatrix_0_0' using process `\iCache.$proc$./vsrc/iCache.sv:275$808'.
  created $dff cell `$procdff$2108' with positive edge clock.
Creating register for signal `\iCache.\icache_2_set_0_valid' using process `\iCache.$proc$./vsrc/iCache.sv:275$808'.
  created $dff cell `$procdff$2109' with positive edge clock.
Creating register for signal `\iCache.\icache_2_set_0_tag' using process `\iCache.$proc$./vsrc/iCache.sv:275$808'.
  created $dff cell `$procdff$2110' with positive edge clock.
Creating register for signal `\iCache.\icache_2_set_0_data_0' using process `\iCache.$proc$./vsrc/iCache.sv:275$808'.
  created $dff cell `$procdff$2111' with positive edge clock.
Creating register for signal `\iCache.\icache_2_set_0_data_1' using process `\iCache.$proc$./vsrc/iCache.sv:275$808'.
  created $dff cell `$procdff$2112' with positive edge clock.
Creating register for signal `\iCache.\icache_2_lruMatrix_0_0' using process `\iCache.$proc$./vsrc/iCache.sv:275$808'.
  created $dff cell `$procdff$2113' with positive edge clock.
Creating register for signal `\iCache.\icache_3_set_0_valid' using process `\iCache.$proc$./vsrc/iCache.sv:275$808'.
  created $dff cell `$procdff$2114' with positive edge clock.
Creating register for signal `\iCache.\icache_3_set_0_tag' using process `\iCache.$proc$./vsrc/iCache.sv:275$808'.
  created $dff cell `$procdff$2115' with positive edge clock.
Creating register for signal `\iCache.\icache_3_set_0_data_0' using process `\iCache.$proc$./vsrc/iCache.sv:275$808'.
  created $dff cell `$procdff$2116' with positive edge clock.
Creating register for signal `\iCache.\icache_3_set_0_data_1' using process `\iCache.$proc$./vsrc/iCache.sv:275$808'.
  created $dff cell `$procdff$2117' with positive edge clock.
Creating register for signal `\iCache.\icache_3_lruMatrix_0_0' using process `\iCache.$proc$./vsrc/iCache.sv:275$808'.
  created $dff cell `$procdff$2118' with positive edge clock.
Creating register for signal `\iCache.\hit0' using process `\iCache.$proc$./vsrc/iCache.sv:275$808'.
  created $dff cell `$procdff$2119' with positive edge clock.
Creating register for signal `\iCache.\icache_wdata_0' using process `\iCache.$proc$./vsrc/iCache.sv:275$808'.
  created $dff cell `$procdff$2120' with positive edge clock.
Creating register for signal `\iCache.\icache_wdata_1' using process `\iCache.$proc$./vsrc/iCache.sv:275$808'.
  created $dff cell `$procdff$2121' with positive edge clock.
Creating register for signal `\iCache.\fencei_counter' using process `\iCache.$proc$./vsrc/iCache.sv:275$808'.
  created $dff cell `$procdff$2122' with positive edge clock.
Creating register for signal `\gpr_16x32.$memwr$\Memory$./vsrc/gpr_16x32.sv:77$728_ADDR' using process `\gpr_16x32.$proc$./vsrc/gpr_16x32.sv:75$729'.
  created $dff cell `$procdff$2123' with positive edge clock.
Creating register for signal `\gpr_16x32.$memwr$\Memory$./vsrc/gpr_16x32.sv:77$728_DATA' using process `\gpr_16x32.$proc$./vsrc/gpr_16x32.sv:75$729'.
  created $dff cell `$procdff$2124' with positive edge clock.
Creating register for signal `\gpr_16x32.$memwr$\Memory$./vsrc/gpr_16x32.sv:77$728_EN' using process `\gpr_16x32.$proc$./vsrc/gpr_16x32.sv:75$729'.
  created $dff cell `$procdff$2125' with positive edge clock.
Creating register for signal `\Core.\ready_r' using process `\Core.$proc$./vsrc/Core.sv:299$700'.
  created $dff cell `$procdff$2126' with positive edge clock.
Creating register for signal `\Core.\ifu_io_pipe_in_valid_r' using process `\Core.$proc$./vsrc/Core.sv:299$700'.
  created $dff cell `$procdff$2127' with positive edge clock.
Creating register for signal `\Core.\idu_io_pipe_in_bits_r_if2id_reg_pc' using process `\Core.$proc$./vsrc/Core.sv:299$700'.
  created $dff cell `$procdff$2128' with positive edge clock.
Creating register for signal `\Core.\idu_io_pipe_in_bits_r_if2id_inst' using process `\Core.$proc$./vsrc/Core.sv:299$700'.
  created $dff cell `$procdff$2129' with positive edge clock.
Creating register for signal `\Core.\idu_io_pipe_in_valid_r' using process `\Core.$proc$./vsrc/Core.sv:299$700'.
  created $dff cell `$procdff$2130' with positive edge clock.
Creating register for signal `\Core.\exu_io_pipe_in_bits_r_id2exe_reg_pc' using process `\Core.$proc$./vsrc/Core.sv:299$700'.
  created $dff cell `$procdff$2131' with positive edge clock.
Creating register for signal `\Core.\exu_io_pipe_in_bits_r_id2exe_op1_data' using process `\Core.$proc$./vsrc/Core.sv:299$700'.
  created $dff cell `$procdff$2132' with positive edge clock.
Creating register for signal `\Core.\exu_io_pipe_in_bits_r_id2exe_op2_data' using process `\Core.$proc$./vsrc/Core.sv:299$700'.
  created $dff cell `$procdff$2133' with positive edge clock.
Creating register for signal `\Core.\exu_io_pipe_in_bits_r_id2exe_rs2_data' using process `\Core.$proc$./vsrc/Core.sv:299$700'.
  created $dff cell `$procdff$2134' with positive edge clock.
Creating register for signal `\Core.\exu_io_pipe_in_bits_r_id2exe_wb_addr' using process `\Core.$proc$./vsrc/Core.sv:299$700'.
  created $dff cell `$procdff$2135' with positive edge clock.
Creating register for signal `\Core.\exu_io_pipe_in_bits_r_id2exe_rf_wen' using process `\Core.$proc$./vsrc/Core.sv:299$700'.
  created $dff cell `$procdff$2136' with positive edge clock.
Creating register for signal `\Core.\exu_io_pipe_in_bits_r_id2exe_exe_fun' using process `\Core.$proc$./vsrc/Core.sv:299$700'.
  created $dff cell `$procdff$2137' with positive edge clock.
Creating register for signal `\Core.\exu_io_pipe_in_bits_r_id2exe_wb_sel' using process `\Core.$proc$./vsrc/Core.sv:299$700'.
  created $dff cell `$procdff$2138' with positive edge clock.
Creating register for signal `\Core.\exu_io_pipe_in_bits_r_id2exe_imm_b_sext' using process `\Core.$proc$./vsrc/Core.sv:299$700'.
  created $dff cell `$procdff$2139' with positive edge clock.
Creating register for signal `\Core.\exu_io_pipe_in_bits_r_id2exe_csr_addr' using process `\Core.$proc$./vsrc/Core.sv:299$700'.
  created $dff cell `$procdff$2140' with positive edge clock.
Creating register for signal `\Core.\exu_io_pipe_in_bits_r_id2exe_csr_cmd' using process `\Core.$proc$./vsrc/Core.sv:299$700'.
  created $dff cell `$procdff$2141' with positive edge clock.
Creating register for signal `\Core.\exu_io_pipe_in_bits_r_id2exe_mem_wen' using process `\Core.$proc$./vsrc/Core.sv:299$700'.
  created $dff cell `$procdff$2142' with positive edge clock.
Creating register for signal `\Core.\exu_io_pipe_in_bits_r_id2exe_mem_op' using process `\Core.$proc$./vsrc/Core.sv:299$700'.
  created $dff cell `$procdff$2143' with positive edge clock.
Creating register for signal `\Core.\exu_io_pipe_in_bits_r_id2exe_is_irq' using process `\Core.$proc$./vsrc/Core.sv:299$700'.
  created $dff cell `$procdff$2144' with positive edge clock.
Creating register for signal `\Core.\exu_io_pipe_in_bits_r_id2exe_irq_num' using process `\Core.$proc$./vsrc/Core.sv:299$700'.
  created $dff cell `$procdff$2145' with positive edge clock.
Creating register for signal `\Core.\exu_io_pipe_in_bits_r_id2exe_csr_rdata' using process `\Core.$proc$./vsrc/Core.sv:299$700'.
  created $dff cell `$procdff$2146' with positive edge clock.
Creating register for signal `\Core.\exu_io_pipe_in_valid_r' using process `\Core.$proc$./vsrc/Core.sv:299$700'.
  created $dff cell `$procdff$2147' with positive edge clock.
Creating register for signal `\Core.\lsu_io_pipe_in_bits_r_exe2ls_reg_pc' using process `\Core.$proc$./vsrc/Core.sv:299$700'.
  created $dff cell `$procdff$2148' with positive edge clock.
Creating register for signal `\Core.\lsu_io_pipe_in_bits_r_exe2ls_op1_data' using process `\Core.$proc$./vsrc/Core.sv:299$700'.
  created $dff cell `$procdff$2149' with positive edge clock.
Creating register for signal `\Core.\lsu_io_pipe_in_bits_r_exe2ls_rs2_data' using process `\Core.$proc$./vsrc/Core.sv:299$700'.
  created $dff cell `$procdff$2150' with positive edge clock.
Creating register for signal `\Core.\lsu_io_pipe_in_bits_r_exe2ls_wb_addr' using process `\Core.$proc$./vsrc/Core.sv:299$700'.
  created $dff cell `$procdff$2151' with positive edge clock.
Creating register for signal `\Core.\lsu_io_pipe_in_bits_r_exe2ls_alu_out' using process `\Core.$proc$./vsrc/Core.sv:299$700'.
  created $dff cell `$procdff$2152' with positive edge clock.
Creating register for signal `\Core.\lsu_io_pipe_in_bits_r_exe2ls_rf_wen' using process `\Core.$proc$./vsrc/Core.sv:299$700'.
  created $dff cell `$procdff$2153' with positive edge clock.
Creating register for signal `\Core.\lsu_io_pipe_in_bits_r_exe2ls_wb_sel' using process `\Core.$proc$./vsrc/Core.sv:299$700'.
  created $dff cell `$procdff$2154' with positive edge clock.
Creating register for signal `\Core.\lsu_io_pipe_in_bits_r_exe2ls_csr_addr' using process `\Core.$proc$./vsrc/Core.sv:299$700'.
  created $dff cell `$procdff$2155' with positive edge clock.
Creating register for signal `\Core.\lsu_io_pipe_in_bits_r_exe2ls_csr_cmd' using process `\Core.$proc$./vsrc/Core.sv:299$700'.
  created $dff cell `$procdff$2156' with positive edge clock.
Creating register for signal `\Core.\lsu_io_pipe_in_bits_r_exe2ls_mem_wen' using process `\Core.$proc$./vsrc/Core.sv:299$700'.
  created $dff cell `$procdff$2157' with positive edge clock.
Creating register for signal `\Core.\lsu_io_pipe_in_bits_r_exe2ls_mem_op' using process `\Core.$proc$./vsrc/Core.sv:299$700'.
  created $dff cell `$procdff$2158' with positive edge clock.
Creating register for signal `\Core.\lsu_io_pipe_in_bits_r_exe2ls_is_irq' using process `\Core.$proc$./vsrc/Core.sv:299$700'.
  created $dff cell `$procdff$2159' with positive edge clock.
Creating register for signal `\Core.\lsu_io_pipe_in_bits_r_exe2ls_irq_num' using process `\Core.$proc$./vsrc/Core.sv:299$700'.
  created $dff cell `$procdff$2160' with positive edge clock.
Creating register for signal `\Core.\lsu_io_pipe_in_bits_r_exe2ls_csr_rdata' using process `\Core.$proc$./vsrc/Core.sv:299$700'.
  created $dff cell `$procdff$2161' with positive edge clock.
Creating register for signal `\Core.\lsu_io_pipe_in_valid_r' using process `\Core.$proc$./vsrc/Core.sv:299$700'.
  created $dff cell `$procdff$2162' with positive edge clock.
Creating register for signal `\Core.\wbu_io_pipe_in_bits_r_ls2wb_reg_pc' using process `\Core.$proc$./vsrc/Core.sv:299$700'.
  created $dff cell `$procdff$2163' with positive edge clock.
Creating register for signal `\Core.\wbu_io_pipe_in_bits_r_ls2wb_wb_addr' using process `\Core.$proc$./vsrc/Core.sv:299$700'.
  created $dff cell `$procdff$2164' with positive edge clock.
Creating register for signal `\Core.\wbu_io_pipe_in_bits_r_ls2wb_rf_wen' using process `\Core.$proc$./vsrc/Core.sv:299$700'.
  created $dff cell `$procdff$2165' with positive edge clock.
Creating register for signal `\Core.\wbu_io_pipe_in_bits_r_ls2wb_wb_data' using process `\Core.$proc$./vsrc/Core.sv:299$700'.
  created $dff cell `$procdff$2166' with positive edge clock.
Creating register for signal `\Core.\wbu_io_pipe_in_bits_r_ls2wb_csr_wdata' using process `\Core.$proc$./vsrc/Core.sv:299$700'.
  created $dff cell `$procdff$2167' with positive edge clock.
Creating register for signal `\Core.\wbu_io_pipe_in_bits_r_ls2wb_csr_addr' using process `\Core.$proc$./vsrc/Core.sv:299$700'.
  created $dff cell `$procdff$2168' with positive edge clock.
Creating register for signal `\Core.\wbu_io_pipe_in_bits_r_ls2wb_csr_cmd' using process `\Core.$proc$./vsrc/Core.sv:299$700'.
  created $dff cell `$procdff$2169' with positive edge clock.
Creating register for signal `\Core.\wbu_io_pipe_in_bits_r_ls2wb_is_irq' using process `\Core.$proc$./vsrc/Core.sv:299$700'.
  created $dff cell `$procdff$2170' with positive edge clock.
Creating register for signal `\Core.\wbu_io_pipe_in_bits_r_ls2wb_irq_num' using process `\Core.$proc$./vsrc/Core.sv:299$700'.
  created $dff cell `$procdff$2171' with positive edge clock.
Creating register for signal `\Core.\wbu_io_pipe_in_valid_r' using process `\Core.$proc$./vsrc/Core.sv:299$700'.
  created $dff cell `$procdff$2172' with positive edge clock.
Creating register for signal `\Core.\wbu_is_working_r' using process `\Core.$proc$./vsrc/Core.sv:299$700'.
  created $dff cell `$procdff$2173' with positive edge clock.
Creating register for signal `\Core.\wbu_end_flg_r' using process `\Core.$proc$./vsrc/Core.sv:299$700'.
  created $dff cell `$procdff$2174' with positive edge clock.
Creating register for signal `\Core.\exu_raw_stage_left_valid_r' using process `\Core.$proc$./vsrc/Core.sv:299$700'.
  created $dff cell `$procdff$2175' with positive edge clock.
Creating register for signal `\Core.\lsu_raw_stage_left_valid_r' using process `\Core.$proc$./vsrc/Core.sv:299$700'.
  created $dff cell `$procdff$2176' with positive edge clock.
Creating register for signal `\Core.\wbu_raw_stage_left_valid_r' using process `\Core.$proc$./vsrc/Core.sv:299$700'.
  created $dff cell `$procdff$2177' with positive edge clock.
Creating register for signal `\Core.\rs1_raw_valid' using process `\Core.$proc$./vsrc/Core.sv:299$700'.
  created $dff cell `$procdff$2178' with positive edge clock.
Creating register for signal `\Core.\rs2_raw_valid' using process `\Core.$proc$./vsrc/Core.sv:299$700'.
  created $dff cell `$procdff$2179' with positive edge clock.
Creating register for signal `\Core.\rs1_raw_rd' using process `\Core.$proc$./vsrc/Core.sv:299$700'.
  created $dff cell `$procdff$2180' with positive edge clock.
Creating register for signal `\Core.\rs2_raw_rd' using process `\Core.$proc$./vsrc/Core.sv:299$700'.
  created $dff cell `$procdff$2181' with positive edge clock.
Creating register for signal `\Core.\rs1_resolved_r' using process `\Core.$proc$./vsrc/Core.sv:299$700'.
  created $dff cell `$procdff$2182' with positive edge clock.
Creating register for signal `\Core.\rs2_resolved_r' using process `\Core.$proc$./vsrc/Core.sv:299$700'.
  created $dff cell `$procdff$2183' with positive edge clock.
Creating register for signal `\Core.\is_irq' using process `\Core.$proc$./vsrc/Core.sv:299$700'.
  created $dff cell `$procdff$2184' with positive edge clock.
Creating register for signal `\Core.\exu_out_valid_rise_REG' using process `\Core.$proc$./vsrc/Core.sv:299$700'.
  created $dff cell `$procdff$2185' with positive edge clock.
Creating register for signal `\IDU.\in_ready' using process `\IDU.$proc$./vsrc/IDU.sv:307$486'.
  created $dff cell `$procdff$2186' with positive edge clock.
Creating register for signal `\IDU.\out_valid' using process `\IDU.$proc$./vsrc/IDU.sv:307$486'.
  created $dff cell `$procdff$2187' with positive edge clock.
Creating register for signal `\IDU.\c_state' using process `\IDU.$proc$./vsrc/IDU.sv:307$486'.
  created $dff cell `$procdff$2188' with positive edge clock.
Creating register for signal `\IDU.\inst_r' using process `\IDU.$proc$./vsrc/IDU.sv:307$486'.
  created $dff cell `$procdff$2189' with positive edge clock.
Creating register for signal `\IDU.\reg_pc_r' using process `\IDU.$proc$./vsrc/IDU.sv:307$486'.
  created $dff cell `$procdff$2190' with positive edge clock.
Creating register for signal `\IDU.\is_fencei_valid' using process `\IDU.$proc$./vsrc/IDU.sv:307$486'.
  created $dff cell `$procdff$2191' with positive edge clock.
Creating register for signal `\IDU.\is_fencei_reg' using process `\IDU.$proc$./vsrc/IDU.sv:307$486'.
  created $dff cell `$procdff$2192' with positive edge clock.
Creating register for signal `\csr_6x32.$memwr$\Memory$./vsrc/csr_6x32.sv:105$204_DATA' using process `\csr_6x32.$proc$./vsrc/csr_6x32.sv:99$208'.
  created $dff cell `$procdff$2193' with positive edge clock.
Creating register for signal `\csr_6x32.$memwr$\Memory$./vsrc/csr_6x32.sv:101$202_ADDR' using process `\csr_6x32.$proc$./vsrc/csr_6x32.sv:99$208'.
  created $dff cell `$procdff$2194' with positive edge clock.
Creating register for signal `\csr_6x32.$memwr$\Memory$./vsrc/csr_6x32.sv:101$202_DATA' using process `\csr_6x32.$proc$./vsrc/csr_6x32.sv:99$208'.
  created $dff cell `$procdff$2195' with positive edge clock.
Creating register for signal `\csr_6x32.$memwr$\Memory$./vsrc/csr_6x32.sv:101$202_EN' using process `\csr_6x32.$proc$./vsrc/csr_6x32.sv:99$208'.
  created $dff cell `$procdff$2196' with positive edge clock.
Creating register for signal `\csr_6x32.$memwr$\Memory$./vsrc/csr_6x32.sv:103$203_ADDR' using process `\csr_6x32.$proc$./vsrc/csr_6x32.sv:99$208'.
  created $dff cell `$procdff$2197' with positive edge clock.
Creating register for signal `\csr_6x32.$memwr$\Memory$./vsrc/csr_6x32.sv:103$203_DATA' using process `\csr_6x32.$proc$./vsrc/csr_6x32.sv:99$208'.
  created $dff cell `$procdff$2198' with positive edge clock.
Creating register for signal `\csr_6x32.$memwr$\Memory$./vsrc/csr_6x32.sv:103$203_EN' using process `\csr_6x32.$proc$./vsrc/csr_6x32.sv:99$208'.
  created $dff cell `$procdff$2199' with positive edge clock.
Creating register for signal `\csr_6x32.$memwr$\Memory$./vsrc/csr_6x32.sv:105$204_ADDR' using process `\csr_6x32.$proc$./vsrc/csr_6x32.sv:99$208'.
  created $dff cell `$procdff$2200' with positive edge clock.
Creating register for signal `\csr_6x32.$memwr$\Memory$./vsrc/csr_6x32.sv:105$204_EN' using process `\csr_6x32.$proc$./vsrc/csr_6x32.sv:99$208'.
  created $dff cell `$procdff$2201' with positive edge clock.
Creating register for signal `\csr_6x32.$memwr$\Memory$./vsrc/csr_6x32.sv:107$205_ADDR' using process `\csr_6x32.$proc$./vsrc/csr_6x32.sv:99$208'.
  created $dff cell `$procdff$2202' with positive edge clock.
Creating register for signal `\csr_6x32.$memwr$\Memory$./vsrc/csr_6x32.sv:107$205_DATA' using process `\csr_6x32.$proc$./vsrc/csr_6x32.sv:99$208'.
  created $dff cell `$procdff$2203' with positive edge clock.
Creating register for signal `\csr_6x32.$memwr$\Memory$./vsrc/csr_6x32.sv:107$205_EN' using process `\csr_6x32.$proc$./vsrc/csr_6x32.sv:99$208'.
  created $dff cell `$procdff$2204' with positive edge clock.
Creating register for signal `\csr_6x32.$memwr$\Memory$./vsrc/csr_6x32.sv:109$206_ADDR' using process `\csr_6x32.$proc$./vsrc/csr_6x32.sv:99$208'.
  created $dff cell `$procdff$2205' with positive edge clock.
Creating register for signal `\csr_6x32.$memwr$\Memory$./vsrc/csr_6x32.sv:109$206_DATA' using process `\csr_6x32.$proc$./vsrc/csr_6x32.sv:99$208'.
  created $dff cell `$procdff$2206' with positive edge clock.
Creating register for signal `\csr_6x32.$memwr$\Memory$./vsrc/csr_6x32.sv:109$206_EN' using process `\csr_6x32.$proc$./vsrc/csr_6x32.sv:99$208'.
  created $dff cell `$procdff$2207' with positive edge clock.
Creating register for signal `\csr_6x32.$memwr$\Memory$./vsrc/csr_6x32.sv:111$207_ADDR' using process `\csr_6x32.$proc$./vsrc/csr_6x32.sv:99$208'.
  created $dff cell `$procdff$2208' with positive edge clock.
Creating register for signal `\csr_6x32.$memwr$\Memory$./vsrc/csr_6x32.sv:111$207_DATA' using process `\csr_6x32.$proc$./vsrc/csr_6x32.sv:99$208'.
  created $dff cell `$procdff$2209' with positive edge clock.
Creating register for signal `\csr_6x32.$memwr$\Memory$./vsrc/csr_6x32.sv:111$207_EN' using process `\csr_6x32.$proc$./vsrc/csr_6x32.sv:99$208'.
  created $dff cell `$procdff$2210' with positive edge clock.
Creating register for signal `\LSU.\in_ready' using process `\LSU.$proc$./vsrc/LSU.sv:242$100'.
  created $dff cell `$procdff$2211' with positive edge clock.
Creating register for signal `\LSU.\out_valid' using process `\LSU.$proc$./vsrc/LSU.sv:242$100'.
  created $dff cell `$procdff$2212' with positive edge clock.
Creating register for signal `\LSU.\araddr' using process `\LSU.$proc$./vsrc/LSU.sv:242$100'.
  created $dff cell `$procdff$2213' with positive edge clock.
Creating register for signal `\LSU.\arvalid' using process `\LSU.$proc$./vsrc/LSU.sv:242$100'.
  created $dff cell `$procdff$2214' with positive edge clock.
Creating register for signal `\LSU.\arsize' using process `\LSU.$proc$./vsrc/LSU.sv:242$100'.
  created $dff cell `$procdff$2215' with positive edge clock.
Creating register for signal `\LSU.\rready' using process `\LSU.$proc$./vsrc/LSU.sv:242$100'.
  created $dff cell `$procdff$2216' with positive edge clock.
Creating register for signal `\LSU.\awaddr' using process `\LSU.$proc$./vsrc/LSU.sv:242$100'.
  created $dff cell `$procdff$2217' with positive edge clock.
Creating register for signal `\LSU.\awvalid' using process `\LSU.$proc$./vsrc/LSU.sv:242$100'.
  created $dff cell `$procdff$2218' with positive edge clock.
Creating register for signal `\LSU.\awsize' using process `\LSU.$proc$./vsrc/LSU.sv:242$100'.
  created $dff cell `$procdff$2219' with positive edge clock.
Creating register for signal `\LSU.\wdata' using process `\LSU.$proc$./vsrc/LSU.sv:242$100'.
  created $dff cell `$procdff$2220' with positive edge clock.
Creating register for signal `\LSU.\wstrb' using process `\LSU.$proc$./vsrc/LSU.sv:242$100'.
  created $dff cell `$procdff$2221' with positive edge clock.
Creating register for signal `\LSU.\wvalid' using process `\LSU.$proc$./vsrc/LSU.sv:242$100'.
  created $dff cell `$procdff$2222' with positive edge clock.
Creating register for signal `\LSU.\bready' using process `\LSU.$proc$./vsrc/LSU.sv:242$100'.
  created $dff cell `$procdff$2223' with positive edge clock.
Creating register for signal `\LSU.\c_state' using process `\LSU.$proc$./vsrc/LSU.sv:242$100'.
  created $dff cell `$procdff$2224' with positive edge clock.
Creating register for signal `\LSU.\dmem_rdata' using process `\LSU.$proc$./vsrc/LSU.sv:242$100'.
  created $dff cell `$procdff$2225' with positive edge clock.

19.2.8. Executing PROC_CLEAN pass (remove empty switches from decision trees).
Found and cleaned up 1 empty switch in `\WBU.$proc$./vsrc/WBU.sv:91$1269'.
Removing empty process `WBU.$proc$./vsrc/WBU.sv:91$1269'.
Found and cleaned up 2 empty switches in `\Clint.$proc$./vsrc/Clint.sv:232$1259'.
Removing empty process `Clint.$proc$./vsrc/Clint.sv:232$1259'.
Found and cleaned up 1 empty switch in `\Clint.$proc$./vsrc/Clint.sv:217$1256'.
Removing empty process `Clint.$proc$./vsrc/Clint.sv:217$1256'.
Removing empty process `Clint.$proc$./vsrc/Clint.sv:209$1255'.
Found and cleaned up 4 empty switches in `\Clint.$proc$./vsrc/Clint.sv:108$1246'.
Removing empty process `Clint.$proc$./vsrc/Clint.sv:108$1246'.
Found and cleaned up 1 empty switch in `\Clint.$proc$./vsrc/Clint.sv:93$1243'.
Removing empty process `Clint.$proc$./vsrc/Clint.sv:93$1243'.
Removing empty process `Clint.$proc$./vsrc/Clint.sv:85$1242'.
Removing empty process `Clint.$proc$./vsrc/Clint.sv:62$1238'.
Removing empty process `Clint.$proc$./vsrc/Clint.sv:53$1236'.
Found and cleaned up 1 empty switch in `\IFU.$proc$./vsrc/IFU.sv:144$1234'.
Removing empty process `IFU.$proc$./vsrc/IFU.sv:144$1234'.
Found and cleaned up 1 empty switch in `\IFU.$proc$./vsrc/IFU.sv:125$1206'.
Removing empty process `IFU.$proc$./vsrc/IFU.sv:125$1206'.
Found and cleaned up 6 empty switches in `\Xbar.$proc$./vsrc/Xbar.sv:298$1036'.
Removing empty process `Xbar.$proc$./vsrc/Xbar.sv:298$1036'.
Found and cleaned up 1 empty switch in `\Xbar.$proc$./vsrc/Xbar.sv:279$1019'.
Removing empty process `Xbar.$proc$./vsrc/Xbar.sv:279$1019'.
Found and cleaned up 1 empty switch in `\Xbar.$proc$./vsrc/Xbar.sv:264$1013'.
Removing empty process `Xbar.$proc$./vsrc/Xbar.sv:264$1013'.
Found and cleaned up 1 empty switch in `\Xbar.$proc$./vsrc/Xbar.sv:251$1012'.
Removing empty process `Xbar.$proc$./vsrc/Xbar.sv:251$1012'.
Found and cleaned up 1 empty switch in `\Xbar.$proc$./vsrc/Xbar.sv:238$1011'.
Removing empty process `Xbar.$proc$./vsrc/Xbar.sv:238$1011'.
Found and cleaned up 1 empty switch in `\Xbar.$proc$./vsrc/Xbar.sv:225$1010'.
Removing empty process `Xbar.$proc$./vsrc/Xbar.sv:225$1010'.
Found and cleaned up 1 empty switch in `\Xbar.$proc$./vsrc/Xbar.sv:212$1008'.
Removing empty process `Xbar.$proc$./vsrc/Xbar.sv:212$1008'.
Found and cleaned up 1 empty switch in `\Xbar.$proc$./vsrc/Xbar.sv:173$967'.
Removing empty process `Xbar.$proc$./vsrc/Xbar.sv:173$967'.
Found and cleaned up 1 empty switch in `\EXU.$proc$./vsrc/EXU.sv:143$936'.
Removing empty process `EXU.$proc$./vsrc/EXU.sv:143$936'.
Found and cleaned up 22 empty switches in `\iCache.$proc$./vsrc/iCache.sv:275$808'.
Removing empty process `iCache.$proc$./vsrc/iCache.sv:275$808'.
Found and cleaned up 1 empty switch in `\iCache.$proc$./vsrc/iCache.sv:229$770'.
Removing empty process `iCache.$proc$./vsrc/iCache.sv:229$770'.
Found and cleaned up 1 empty switch in `\iCache.$proc$./vsrc/iCache.sv:202$750'.
Removing empty process `iCache.$proc$./vsrc/iCache.sv:202$750'.
Found and cleaned up 1 empty switch in `\iCache.$proc$./vsrc/iCache.sv:181$746'.
Removing empty process `iCache.$proc$./vsrc/iCache.sv:181$746'.
Found and cleaned up 1 empty switch in `\iCache.$proc$./vsrc/iCache.sv:168$745'.
Removing empty process `iCache.$proc$./vsrc/iCache.sv:168$745'.
Found and cleaned up 1 empty switch in `\iCache.$proc$./vsrc/iCache.sv:155$744'.
Removing empty process `iCache.$proc$./vsrc/iCache.sv:155$744'.
Found and cleaned up 1 empty switch in `\iCache.$proc$./vsrc/iCache.sv:142$743'.
Removing empty process `iCache.$proc$./vsrc/iCache.sv:142$743'.
Found and cleaned up 1 empty switch in `\gpr_16x32.$proc$./vsrc/gpr_16x32.sv:75$729'.
Removing empty process `gpr_16x32.$proc$./vsrc/gpr_16x32.sv:75$729'.
Found and cleaned up 11 empty switches in `\Core.$proc$./vsrc/Core.sv:299$700'.
Removing empty process `Core.$proc$./vsrc/Core.sv:299$700'.
Found and cleaned up 2 empty switches in `\IDU.$proc$./vsrc/IDU.sv:307$486'.
Removing empty process `IDU.$proc$./vsrc/IDU.sv:307$486'.
Found and cleaned up 1 empty switch in `\IDU.$proc$./vsrc/IDU.sv:234$450'.
Removing empty process `IDU.$proc$./vsrc/IDU.sv:234$450'.
Found and cleaned up 1 empty switch in `\IDU.$proc$./vsrc/IDU.sv:201$438'.
Removing empty process `IDU.$proc$./vsrc/IDU.sv:201$438'.
Found and cleaned up 6 empty switches in `\csr_6x32.$proc$./vsrc/csr_6x32.sv:99$208'.
Removing empty process `csr_6x32.$proc$./vsrc/csr_6x32.sv:99$208'.
Found and cleaned up 5 empty switches in `\LSU.$proc$./vsrc/LSU.sv:242$100'.
Removing empty process `LSU.$proc$./vsrc/LSU.sv:242$100'.
Found and cleaned up 1 empty switch in `\LSU.$proc$./vsrc/LSU.sv:187$62'.
Removing empty process `LSU.$proc$./vsrc/LSU.sv:187$62'.
Found and cleaned up 1 empty switch in `\LSU.$proc$./vsrc/LSU.sv:152$43'.
Removing empty process `LSU.$proc$./vsrc/LSU.sv:152$43'.
Cleaned up 82 empty switches.

19.3. Executing OPT_EXPR pass (perform const folding).
Optimizing module WBU.
Optimizing module Clint.
<suppressed ~13 debug messages>
Optimizing module NPC.
Optimizing module IFU.
<suppressed ~2 debug messages>
Optimizing module Xbar.
<suppressed ~3 debug messages>
Optimizing module EXU.
Optimizing module iCache.
<suppressed ~10 debug messages>
Optimizing module gpr_16x32.
<suppressed ~1 debug messages>
Optimizing module Core.
Optimizing module IDU.
<suppressed ~1 debug messages>
Optimizing module csr_6x32.
<suppressed ~6 debug messages>
Optimizing module GPR.
Optimizing module Ebreak.
Optimizing module CSR.
Optimizing module LSU.
<suppressed ~5 debug messages>

19.4. Executing OPT_CLEAN pass (remove unused cells and wires).
Finding unused cells or wires in module \WBU..
Finding unused cells or wires in module \Clint..
Finding unused cells or wires in module \NPC..
Finding unused cells or wires in module \IFU..
Finding unused cells or wires in module \Xbar..
Finding unused cells or wires in module \EXU..
Finding unused cells or wires in module \iCache..
Finding unused cells or wires in module \gpr_16x32..
Finding unused cells or wires in module \Core..
Finding unused cells or wires in module \IDU..
Finding unused cells or wires in module \csr_6x32..
Finding unused cells or wires in module \GPR..
Finding unused cells or wires in module \Ebreak..
Finding unused cells or wires in module \CSR..
Finding unused cells or wires in module \LSU..
Removed 23 unused cells and 778 unused wires.
<suppressed ~44 debug messages>

19.5. Executing CHECK pass (checking for obvious problems).
checking module CSR..
checking module Clint..
checking module Core..
checking module EXU..
checking module Ebreak..
checking module GPR..
checking module IDU..
checking module IFU..
checking module LSU..
checking module NPC..
checking module WBU..
checking module Xbar..
checking module csr_6x32..
checking module gpr_16x32..
checking module iCache..
found and reported 0 problems.

19.6. Executing OPT pass (performing simple optimizations).

19.6.1. Executing OPT_EXPR pass (perform const folding).
Optimizing module CSR.
Optimizing module Clint.
Optimizing module Core.
Optimizing module EXU.
Optimizing module Ebreak.
Optimizing module GPR.
Optimizing module IDU.
Optimizing module IFU.
Optimizing module LSU.
Optimizing module NPC.
Optimizing module WBU.
Optimizing module Xbar.
Optimizing module csr_6x32.
Optimizing module gpr_16x32.
Optimizing module iCache.

19.6.2. Executing OPT_MERGE pass (detect identical cells).
Finding identical cells in module `\CSR'.
Finding identical cells in module `\Clint'.
<suppressed ~24 debug messages>
Finding identical cells in module `\Core'.
<suppressed ~39 debug messages>
Finding identical cells in module `\EXU'.
<suppressed ~6 debug messages>
Finding identical cells in module `\Ebreak'.
Finding identical cells in module `\GPR'.
Finding identical cells in module `\IDU'.
<suppressed ~195 debug messages>
Finding identical cells in module `\IFU'.
<suppressed ~21 debug messages>
Finding identical cells in module `\LSU'.
<suppressed ~123 debug messages>
Finding identical cells in module `\NPC'.
Finding identical cells in module `\WBU'.
<suppressed ~6 debug messages>
Finding identical cells in module `\Xbar'.
<suppressed ~144 debug messages>
Finding identical cells in module `\csr_6x32'.
Finding identical cells in module `\gpr_16x32'.
Finding identical cells in module `\iCache'.
<suppressed ~120 debug messages>
Removed a total of 226 cells.

19.6.3. Executing OPT_MUXTREE pass (detect dead branches in mux trees).
Running muxtree optimizer on module \CSR..
  Creating internal representation of mux trees.
  Evaluating internal representation of mux trees.
  Analyzing evaluation results.
Running muxtree optimizer on module \Clint..
  Creating internal representation of mux trees.
  Evaluating internal representation of mux trees.
  Analyzing evaluation results.
Running muxtree optimizer on module \Core..
  Creating internal representation of mux trees.
  Evaluating internal representation of mux trees.
  Analyzing evaluation results.
Running muxtree optimizer on module \EXU..
  Creating internal representation of mux trees.
  Evaluating internal representation of mux trees.
  Analyzing evaluation results.
Running muxtree optimizer on module \Ebreak..
  Creating internal representation of mux trees.
  No muxes found in this module.
Running muxtree optimizer on module \GPR..
  Creating internal representation of mux trees.
  Evaluating internal representation of mux trees.
  Analyzing evaluation results.
Running muxtree optimizer on module \IDU..
  Creating internal representation of mux trees.
  Evaluating internal representation of mux trees.
  Analyzing evaluation results.
Running muxtree optimizer on module \IFU..
  Creating internal representation of mux trees.
  Evaluating internal representation of mux trees.
  Analyzing evaluation results.
Running muxtree optimizer on module \LSU..
  Creating internal representation of mux trees.
  Evaluating internal representation of mux trees.
  Analyzing evaluation results.
Running muxtree optimizer on module \NPC..
  Creating internal representation of mux trees.
  No muxes found in this module.
Running muxtree optimizer on module \WBU..
  Creating internal representation of mux trees.
  Evaluating internal representation of mux trees.
  Analyzing evaluation results.
Running muxtree optimizer on module \Xbar..
  Creating internal representation of mux trees.
  Evaluating internal representation of mux trees.
  Analyzing evaluation results.
Running muxtree optimizer on module \csr_6x32..
  Creating internal representation of mux trees.
  Evaluating internal representation of mux trees.
  Analyzing evaluation results.
Running muxtree optimizer on module \gpr_16x32..
  Creating internal representation of mux trees.
  Evaluating internal representation of mux trees.
  Analyzing evaluation results.
Running muxtree optimizer on module \iCache..
  Creating internal representation of mux trees.
  Evaluating internal representation of mux trees.
  Analyzing evaluation results.
    dead port 1/2 on $mux $procmux$1503.
Removed 1 multiplexer ports.
<suppressed ~258 debug messages>

19.6.4. Executing OPT_REDUCE pass (consolidate $*mux and $reduce_* inputs).
  Optimizing cells in module \CSR.
    New input vector for $reduce_or cell $reduce_or$./vsrc/CSR.sv:113$186: { \io_csr_cmd [0] \io_csr_cmd [1] \io_csr_cmd [2] }
  Optimizing cells in module \CSR.
  Optimizing cells in module \Clint.
    New ctrl vector for $pmux cell $procmux$1298: $auto$opt_reduce.cc:132:opt_mux$2227
    New input vector for $reduce_or cell $auto$opt_reduce.cc:126:opt_mux$2226: { \nw_state $procmux$1291_CMP }
  Optimizing cells in module \Clint.
  Optimizing cells in module \Core.
    New input vector for $reduce_or cell $reduce_or$./vsrc/Core.sv:249$635: { \_idu_io_gpr_rs2_addr [0] \_idu_io_gpr_rs2_addr [1] \_idu_io_gpr_rs2_addr [2] \_idu_io_gpr_rs2_addr [3] \_idu_io_gpr_rs2_addr [4] }
    New input vector for $reduce_or cell $reduce_or$./vsrc/Core.sv:248$632: { \_idu_io_gpr_rs1_addr [0] \_idu_io_gpr_rs1_addr [1] \_idu_io_gpr_rs1_addr [2] \_idu_io_gpr_rs1_addr [3] \_idu_io_gpr_rs1_addr [4] }
  Optimizing cells in module \Core.
  Optimizing cells in module \EXU.
  Optimizing cells in module \Ebreak.
  Optimizing cells in module \GPR.
    New input vector for $reduce_or cell $reduce_or$./vsrc/GPR.sv:86$200: { \io_gpr_rs2_addr [0] \io_gpr_rs2_addr [1] \io_gpr_rs2_addr [2] \io_gpr_rs2_addr [3] \io_gpr_rs2_addr [4] }
    New input vector for $reduce_or cell $reduce_or$./vsrc/GPR.sv:85$198: { \io_gpr_rs1_addr [0] \io_gpr_rs1_addr [1] \io_gpr_rs1_addr [2] \io_gpr_rs1_addr [3] \io_gpr_rs1_addr [4] }
    New input vector for $reduce_or cell $reduce_or$./vsrc/GPR.sv:81$196: { \io_gpr_addr [0] \io_gpr_addr [1] \io_gpr_addr [2] \io_gpr_addr [3] \io_gpr_addr [4] }
  Optimizing cells in module \GPR.
  Optimizing cells in module \IDU.
  Optimizing cells in module \IFU.
  Optimizing cells in module \LSU.
    New input vector for $reduce_or cell $reduce_or$./vsrc/LSU.sv:230$82: { \io_dmem_bresp [0] \io_dmem_bresp [1] }
    New input vector for $reduce_or cell $reduce_or$./vsrc/LSU.sv:229$80: { \io_dmem_rresp [0] \io_dmem_rresp [1] }
    New input vector for $reduce_or cell $reduce_or$./vsrc/LSU.sv:163$47: { \io_pipe_in_bits_exe2ls_mem_op [0] \io_pipe_in_bits_exe2ls_mem_op [1] \io_pipe_in_bits_exe2ls_mem_op [2] }
    New input vector for $reduce_and cell $reduce_and$./vsrc/LSU.sv:144$33: { \io_pipe_in_bits_exe2ls_mem_op [0] \io_pipe_in_bits_exe2ls_mem_op [1] \io_pipe_in_bits_exe2ls_mem_op [2] }
    New ctrl vector for $pmux cell $procmux$1990: { \_GEN_2 \_GEN_3 $auto$opt_reduce.cc:132:opt_mux$2229 }
    New ctrl vector for $pmux cell $procmux$1999: { \_GEN_2 \_GEN_3 $auto$opt_reduce.cc:132:opt_mux$2231 }
  Optimizing cells in module \LSU.
  Optimizing cells in module \NPC.
  Optimizing cells in module \WBU.
  Optimizing cells in module \Xbar.
    New input vector for $reduce_or cell $reduce_or$./vsrc/Xbar.sv:184$984: { \burstCnt [0] \burstCnt [1] \burstCnt [2] \burstCnt [3] \burstCnt [4] \burstCnt [5] \burstCnt [6] \burstCnt [7] }
    New input vector for $reduce_or cell $reduce_or$./vsrc/Xbar.sv:172$964: { \io_dmem_awaddr [25] \io_dmem_awaddr [26] \io_dmem_awaddr [27] \io_dmem_awaddr [28] \io_dmem_awaddr [29] \io_dmem_awaddr [30] \io_dmem_awaddr [31] }
    New input vector for $reduce_or cell $reduce_or$./vsrc/Xbar.sv:171$961: { \io_dmem_araddr [25] \io_dmem_araddr [26] \io_dmem_araddr [27] \io_dmem_araddr [28] \io_dmem_araddr [29] \io_dmem_araddr [30] \io_dmem_araddr [31] }
    New input vector for $reduce_and cell $reduce_and$./vsrc/Xbar.sv:293$1026: { \n_state [0] \n_state [1] }
  Optimizing cells in module \Xbar.
  Optimizing cells in module \csr_6x32.
    Consolidated identical input bits for $mux cell $procmux$1896:
      Old ports: A=0, B=32'11111111111111111111111111111111, Y=$0$memwr$\Memory$./vsrc/csr_6x32.sv:101$202_EN[31:0]$212
      New ports: A=1'0, B=1'1, Y=$0$memwr$\Memory$./vsrc/csr_6x32.sv:101$202_EN[31:0]$212 [0]
      New connections: $0$memwr$\Memory$./vsrc/csr_6x32.sv:101$202_EN[31:0]$212 [31:1] = { $0$memwr$\Memory$./vsrc/csr_6x32.sv:101$202_EN[31:0]$212 [0] $0$memwr$\Memory$./vsrc/csr_6x32.sv:101$202_EN[31:0]$212 [0] $0$memwr$\Memory$./vsrc/csr_6x32.sv:101$202_EN[31:0]$212 [0] $0$memwr$\Memory$./vsrc/csr_6x32.sv:101$202_EN[31:0]$212 [0] $0$memwr$\Memory$./vsrc/csr_6x32.sv:101$202_EN[31:0]$212 [0] $0$memwr$\Memory$./vsrc/csr_6x32.sv:101$202_EN[31:0]$212 [0] $0$memwr$\Memory$./vsrc/csr_6x32.sv:101$202_EN[31:0]$212 [0] $0$memwr$\Memory$./vsrc/csr_6x32.sv:101$202_EN[31:0]$212 [0] $0$memwr$\Memory$./vsrc/csr_6x32.sv:101$202_EN[31:0]$212 [0] $0$memwr$\Memory$./vsrc/csr_6x32.sv:101$202_EN[31:0]$212 [0] $0$memwr$\Memory$./vsrc/csr_6x32.sv:101$202_EN[31:0]$212 [0] $0$memwr$\Memory$./vsrc/csr_6x32.sv:101$202_EN[31:0]$212 [0] $0$memwr$\Memory$./vsrc/csr_6x32.sv:101$202_EN[31:0]$212 [0] $0$memwr$\Memory$./vsrc/csr_6x32.sv:101$202_EN[31:0]$212 [0] $0$memwr$\Memory$./vsrc/csr_6x32.sv:101$202_EN[31:0]$212 [0] $0$memwr$\Memory$./vsrc/csr_6x32.sv:101$202_EN[31:0]$212 [0] $0$memwr$\Memory$./vsrc/csr_6x32.sv:101$202_EN[31:0]$212 [0] $0$memwr$\Memory$./vsrc/csr_6x32.sv:101$202_EN[31:0]$212 [0] $0$memwr$\Memory$./vsrc/csr_6x32.sv:101$202_EN[31:0]$212 [0] $0$memwr$\Memory$./vsrc/csr_6x32.sv:101$202_EN[31:0]$212 [0] $0$memwr$\Memory$./vsrc/csr_6x32.sv:101$202_EN[31:0]$212 [0] $0$memwr$\Memory$./vsrc/csr_6x32.sv:101$202_EN[31:0]$212 [0] $0$memwr$\Memory$./vsrc/csr_6x32.sv:101$202_EN[31:0]$212 [0] $0$memwr$\Memory$./vsrc/csr_6x32.sv:101$202_EN[31:0]$212 [0] $0$memwr$\Memory$./vsrc/csr_6x32.sv:101$202_EN[31:0]$212 [0] $0$memwr$\Memory$./vsrc/csr_6x32.sv:101$202_EN[31:0]$212 [0] $0$memwr$\Memory$./vsrc/csr_6x32.sv:101$202_EN[31:0]$212 [0] $0$memwr$\Memory$./vsrc/csr_6x32.sv:101$202_EN[31:0]$212 [0] $0$memwr$\Memory$./vsrc/csr_6x32.sv:101$202_EN[31:0]$212 [0] $0$memwr$\Memory$./vsrc/csr_6x32.sv:101$202_EN[31:0]$212 [0] $0$memwr$\Memory$./vsrc/csr_6x32.sv:101$202_EN[31:0]$212 [0] }
    Consolidated identical input bits for $mux cell $procmux$1902:
      Old ports: A=0, B=32'11111111111111111111111111111111, Y=$0$memwr$\Memory$./vsrc/csr_6x32.sv:103$203_EN[31:0]$215
      New ports: A=1'0, B=1'1, Y=$0$memwr$\Memory$./vsrc/csr_6x32.sv:103$203_EN[31:0]$215 [0]
      New connections: $0$memwr$\Memory$./vsrc/csr_6x32.sv:103$203_EN[31:0]$215 [31:1] = { $0$memwr$\Memory$./vsrc/csr_6x32.sv:103$203_EN[31:0]$215 [0] $0$memwr$\Memory$./vsrc/csr_6x32.sv:103$203_EN[31:0]$215 [0] $0$memwr$\Memory$./vsrc/csr_6x32.sv:103$203_EN[31:0]$215 [0] $0$memwr$\Memory$./vsrc/csr_6x32.sv:103$203_EN[31:0]$215 [0] $0$memwr$\Memory$./vsrc/csr_6x32.sv:103$203_EN[31:0]$215 [0] $0$memwr$\Memory$./vsrc/csr_6x32.sv:103$203_EN[31:0]$215 [0] $0$memwr$\Memory$./vsrc/csr_6x32.sv:103$203_EN[31:0]$215 [0] $0$memwr$\Memory$./vsrc/csr_6x32.sv:103$203_EN[31:0]$215 [0] $0$memwr$\Memory$./vsrc/csr_6x32.sv:103$203_EN[31:0]$215 [0] $0$memwr$\Memory$./vsrc/csr_6x32.sv:103$203_EN[31:0]$215 [0] $0$memwr$\Memory$./vsrc/csr_6x32.sv:103$203_EN[31:0]$215 [0] $0$memwr$\Memory$./vsrc/csr_6x32.sv:103$203_EN[31:0]$215 [0] $0$memwr$\Memory$./vsrc/csr_6x32.sv:103$203_EN[31:0]$215 [0] $0$memwr$\Memory$./vsrc/csr_6x32.sv:103$203_EN[31:0]$215 [0] $0$memwr$\Memory$./vsrc/csr_6x32.sv:103$203_EN[31:0]$215 [0] $0$memwr$\Memory$./vsrc/csr_6x32.sv:103$203_EN[31:0]$215 [0] $0$memwr$\Memory$./vsrc/csr_6x32.sv:103$203_EN[31:0]$215 [0] $0$memwr$\Memory$./vsrc/csr_6x32.sv:103$203_EN[31:0]$215 [0] $0$memwr$\Memory$./vsrc/csr_6x32.sv:103$203_EN[31:0]$215 [0] $0$memwr$\Memory$./vsrc/csr_6x32.sv:103$203_EN[31:0]$215 [0] $0$memwr$\Memory$./vsrc/csr_6x32.sv:103$203_EN[31:0]$215 [0] $0$memwr$\Memory$./vsrc/csr_6x32.sv:103$203_EN[31:0]$215 [0] $0$memwr$\Memory$./vsrc/csr_6x32.sv:103$203_EN[31:0]$215 [0] $0$memwr$\Memory$./vsrc/csr_6x32.sv:103$203_EN[31:0]$215 [0] $0$memwr$\Memory$./vsrc/csr_6x32.sv:103$203_EN[31:0]$215 [0] $0$memwr$\Memory$./vsrc/csr_6x32.sv:103$203_EN[31:0]$215 [0] $0$memwr$\Memory$./vsrc/csr_6x32.sv:103$203_EN[31:0]$215 [0] $0$memwr$\Memory$./vsrc/csr_6x32.sv:103$203_EN[31:0]$215 [0] $0$memwr$\Memory$./vsrc/csr_6x32.sv:103$203_EN[31:0]$215 [0] $0$memwr$\Memory$./vsrc/csr_6x32.sv:103$203_EN[31:0]$215 [0] $0$memwr$\Memory$./vsrc/csr_6x32.sv:103$203_EN[31:0]$215 [0] }
    Consolidated identical input bits for $mux cell $procmux$1908:
      Old ports: A=0, B=32'11111111111111111111111111111111, Y=$0$memwr$\Memory$./vsrc/csr_6x32.sv:105$204_EN[31:0]$217
      New ports: A=1'0, B=1'1, Y=$0$memwr$\Memory$./vsrc/csr_6x32.sv:105$204_EN[31:0]$217 [0]
      New connections: $0$memwr$\Memory$./vsrc/csr_6x32.sv:105$204_EN[31:0]$217 [31:1] = { $0$memwr$\Memory$./vsrc/csr_6x32.sv:105$204_EN[31:0]$217 [0] $0$memwr$\Memory$./vsrc/csr_6x32.sv:105$204_EN[31:0]$217 [0] $0$memwr$\Memory$./vsrc/csr_6x32.sv:105$204_EN[31:0]$217 [0] $0$memwr$\Memory$./vsrc/csr_6x32.sv:105$204_EN[31:0]$217 [0] $0$memwr$\Memory$./vsrc/csr_6x32.sv:105$204_EN[31:0]$217 [0] $0$memwr$\Memory$./vsrc/csr_6x32.sv:105$204_EN[31:0]$217 [0] $0$memwr$\Memory$./vsrc/csr_6x32.sv:105$204_EN[31:0]$217 [0] $0$memwr$\Memory$./vsrc/csr_6x32.sv:105$204_EN[31:0]$217 [0] $0$memwr$\Memory$./vsrc/csr_6x32.sv:105$204_EN[31:0]$217 [0] $0$memwr$\Memory$./vsrc/csr_6x32.sv:105$204_EN[31:0]$217 [0] $0$memwr$\Memory$./vsrc/csr_6x32.sv:105$204_EN[31:0]$217 [0] $0$memwr$\Memory$./vsrc/csr_6x32.sv:105$204_EN[31:0]$217 [0] $0$memwr$\Memory$./vsrc/csr_6x32.sv:105$204_EN[31:0]$217 [0] $0$memwr$\Memory$./vsrc/csr_6x32.sv:105$204_EN[31:0]$217 [0] $0$memwr$\Memory$./vsrc/csr_6x32.sv:105$204_EN[31:0]$217 [0] $0$memwr$\Memory$./vsrc/csr_6x32.sv:105$204_EN[31:0]$217 [0] $0$memwr$\Memory$./vsrc/csr_6x32.sv:105$204_EN[31:0]$217 [0] $0$memwr$\Memory$./vsrc/csr_6x32.sv:105$204_EN[31:0]$217 [0] $0$memwr$\Memory$./vsrc/csr_6x32.sv:105$204_EN[31:0]$217 [0] $0$memwr$\Memory$./vsrc/csr_6x32.sv:105$204_EN[31:0]$217 [0] $0$memwr$\Memory$./vsrc/csr_6x32.sv:105$204_EN[31:0]$217 [0] $0$memwr$\Memory$./vsrc/csr_6x32.sv:105$204_EN[31:0]$217 [0] $0$memwr$\Memory$./vsrc/csr_6x32.sv:105$204_EN[31:0]$217 [0] $0$memwr$\Memory$./vsrc/csr_6x32.sv:105$204_EN[31:0]$217 [0] $0$memwr$\Memory$./vsrc/csr_6x32.sv:105$204_EN[31:0]$217 [0] $0$memwr$\Memory$./vsrc/csr_6x32.sv:105$204_EN[31:0]$217 [0] $0$memwr$\Memory$./vsrc/csr_6x32.sv:105$204_EN[31:0]$217 [0] $0$memwr$\Memory$./vsrc/csr_6x32.sv:105$204_EN[31:0]$217 [0] $0$memwr$\Memory$./vsrc/csr_6x32.sv:105$204_EN[31:0]$217 [0] $0$memwr$\Memory$./vsrc/csr_6x32.sv:105$204_EN[31:0]$217 [0] $0$memwr$\Memory$./vsrc/csr_6x32.sv:105$204_EN[31:0]$217 [0] }
    Consolidated identical input bits for $mux cell $procmux$1914:
      Old ports: A=0, B=32'11111111111111111111111111111111, Y=$0$memwr$\Memory$./vsrc/csr_6x32.sv:107$205_EN[31:0]$220
      New ports: A=1'0, B=1'1, Y=$0$memwr$\Memory$./vsrc/csr_6x32.sv:107$205_EN[31:0]$220 [0]
      New connections: $0$memwr$\Memory$./vsrc/csr_6x32.sv:107$205_EN[31:0]$220 [31:1] = { $0$memwr$\Memory$./vsrc/csr_6x32.sv:107$205_EN[31:0]$220 [0] $0$memwr$\Memory$./vsrc/csr_6x32.sv:107$205_EN[31:0]$220 [0] $0$memwr$\Memory$./vsrc/csr_6x32.sv:107$205_EN[31:0]$220 [0] $0$memwr$\Memory$./vsrc/csr_6x32.sv:107$205_EN[31:0]$220 [0] $0$memwr$\Memory$./vsrc/csr_6x32.sv:107$205_EN[31:0]$220 [0] $0$memwr$\Memory$./vsrc/csr_6x32.sv:107$205_EN[31:0]$220 [0] $0$memwr$\Memory$./vsrc/csr_6x32.sv:107$205_EN[31:0]$220 [0] $0$memwr$\Memory$./vsrc/csr_6x32.sv:107$205_EN[31:0]$220 [0] $0$memwr$\Memory$./vsrc/csr_6x32.sv:107$205_EN[31:0]$220 [0] $0$memwr$\Memory$./vsrc/csr_6x32.sv:107$205_EN[31:0]$220 [0] $0$memwr$\Memory$./vsrc/csr_6x32.sv:107$205_EN[31:0]$220 [0] $0$memwr$\Memory$./vsrc/csr_6x32.sv:107$205_EN[31:0]$220 [0] $0$memwr$\Memory$./vsrc/csr_6x32.sv:107$205_EN[31:0]$220 [0] $0$memwr$\Memory$./vsrc/csr_6x32.sv:107$205_EN[31:0]$220 [0] $0$memwr$\Memory$./vsrc/csr_6x32.sv:107$205_EN[31:0]$220 [0] $0$memwr$\Memory$./vsrc/csr_6x32.sv:107$205_EN[31:0]$220 [0] $0$memwr$\Memory$./vsrc/csr_6x32.sv:107$205_EN[31:0]$220 [0] $0$memwr$\Memory$./vsrc/csr_6x32.sv:107$205_EN[31:0]$220 [0] $0$memwr$\Memory$./vsrc/csr_6x32.sv:107$205_EN[31:0]$220 [0] $0$memwr$\Memory$./vsrc/csr_6x32.sv:107$205_EN[31:0]$220 [0] $0$memwr$\Memory$./vsrc/csr_6x32.sv:107$205_EN[31:0]$220 [0] $0$memwr$\Memory$./vsrc/csr_6x32.sv:107$205_EN[31:0]$220 [0] $0$memwr$\Memory$./vsrc/csr_6x32.sv:107$205_EN[31:0]$220 [0] $0$memwr$\Memory$./vsrc/csr_6x32.sv:107$205_EN[31:0]$220 [0] $0$memwr$\Memory$./vsrc/csr_6x32.sv:107$205_EN[31:0]$220 [0] $0$memwr$\Memory$./vsrc/csr_6x32.sv:107$205_EN[31:0]$220 [0] $0$memwr$\Memory$./vsrc/csr_6x32.sv:107$205_EN[31:0]$220 [0] $0$memwr$\Memory$./vsrc/csr_6x32.sv:107$205_EN[31:0]$220 [0] $0$memwr$\Memory$./vsrc/csr_6x32.sv:107$205_EN[31:0]$220 [0] $0$memwr$\Memory$./vsrc/csr_6x32.sv:107$205_EN[31:0]$220 [0] $0$memwr$\Memory$./vsrc/csr_6x32.sv:107$205_EN[31:0]$220 [0] }
    Consolidated identical input bits for $mux cell $procmux$1920:
      Old ports: A=0, B=32'11111111111111111111111111111111, Y=$0$memwr$\Memory$./vsrc/csr_6x32.sv:109$206_EN[31:0]$223
      New ports: A=1'0, B=1'1, Y=$0$memwr$\Memory$./vsrc/csr_6x32.sv:109$206_EN[31:0]$223 [0]
      New connections: $0$memwr$\Memory$./vsrc/csr_6x32.sv:109$206_EN[31:0]$223 [31:1] = { $0$memwr$\Memory$./vsrc/csr_6x32.sv:109$206_EN[31:0]$223 [0] $0$memwr$\Memory$./vsrc/csr_6x32.sv:109$206_EN[31:0]$223 [0] $0$memwr$\Memory$./vsrc/csr_6x32.sv:109$206_EN[31:0]$223 [0] $0$memwr$\Memory$./vsrc/csr_6x32.sv:109$206_EN[31:0]$223 [0] $0$memwr$\Memory$./vsrc/csr_6x32.sv:109$206_EN[31:0]$223 [0] $0$memwr$\Memory$./vsrc/csr_6x32.sv:109$206_EN[31:0]$223 [0] $0$memwr$\Memory$./vsrc/csr_6x32.sv:109$206_EN[31:0]$223 [0] $0$memwr$\Memory$./vsrc/csr_6x32.sv:109$206_EN[31:0]$223 [0] $0$memwr$\Memory$./vsrc/csr_6x32.sv:109$206_EN[31:0]$223 [0] $0$memwr$\Memory$./vsrc/csr_6x32.sv:109$206_EN[31:0]$223 [0] $0$memwr$\Memory$./vsrc/csr_6x32.sv:109$206_EN[31:0]$223 [0] $0$memwr$\Memory$./vsrc/csr_6x32.sv:109$206_EN[31:0]$223 [0] $0$memwr$\Memory$./vsrc/csr_6x32.sv:109$206_EN[31:0]$223 [0] $0$memwr$\Memory$./vsrc/csr_6x32.sv:109$206_EN[31:0]$223 [0] $0$memwr$\Memory$./vsrc/csr_6x32.sv:109$206_EN[31:0]$223 [0] $0$memwr$\Memory$./vsrc/csr_6x32.sv:109$206_EN[31:0]$223 [0] $0$memwr$\Memory$./vsrc/csr_6x32.sv:109$206_EN[31:0]$223 [0] $0$memwr$\Memory$./vsrc/csr_6x32.sv:109$206_EN[31:0]$223 [0] $0$memwr$\Memory$./vsrc/csr_6x32.sv:109$206_EN[31:0]$223 [0] $0$memwr$\Memory$./vsrc/csr_6x32.sv:109$206_EN[31:0]$223 [0] $0$memwr$\Memory$./vsrc/csr_6x32.sv:109$206_EN[31:0]$223 [0] $0$memwr$\Memory$./vsrc/csr_6x32.sv:109$206_EN[31:0]$223 [0] $0$memwr$\Memory$./vsrc/csr_6x32.sv:109$206_EN[31:0]$223 [0] $0$memwr$\Memory$./vsrc/csr_6x32.sv:109$206_EN[31:0]$223 [0] $0$memwr$\Memory$./vsrc/csr_6x32.sv:109$206_EN[31:0]$223 [0] $0$memwr$\Memory$./vsrc/csr_6x32.sv:109$206_EN[31:0]$223 [0] $0$memwr$\Memory$./vsrc/csr_6x32.sv:109$206_EN[31:0]$223 [0] $0$memwr$\Memory$./vsrc/csr_6x32.sv:109$206_EN[31:0]$223 [0] $0$memwr$\Memory$./vsrc/csr_6x32.sv:109$206_EN[31:0]$223 [0] $0$memwr$\Memory$./vsrc/csr_6x32.sv:109$206_EN[31:0]$223 [0] $0$memwr$\Memory$./vsrc/csr_6x32.sv:109$206_EN[31:0]$223 [0] }
    Consolidated identical input bits for $mux cell $procmux$1926:
      Old ports: A=0, B=32'11111111111111111111111111111111, Y=$0$memwr$\Memory$./vsrc/csr_6x32.sv:111$207_EN[31:0]$226
      New ports: A=1'0, B=1'1, Y=$0$memwr$\Memory$./vsrc/csr_6x32.sv:111$207_EN[31:0]$226 [0]
      New connections: $0$memwr$\Memory$./vsrc/csr_6x32.sv:111$207_EN[31:0]$226 [31:1] = { $0$memwr$\Memory$./vsrc/csr_6x32.sv:111$207_EN[31:0]$226 [0] $0$memwr$\Memory$./vsrc/csr_6x32.sv:111$207_EN[31:0]$226 [0] $0$memwr$\Memory$./vsrc/csr_6x32.sv:111$207_EN[31:0]$226 [0] $0$memwr$\Memory$./vsrc/csr_6x32.sv:111$207_EN[31:0]$226 [0] $0$memwr$\Memory$./vsrc/csr_6x32.sv:111$207_EN[31:0]$226 [0] $0$memwr$\Memory$./vsrc/csr_6x32.sv:111$207_EN[31:0]$226 [0] $0$memwr$\Memory$./vsrc/csr_6x32.sv:111$207_EN[31:0]$226 [0] $0$memwr$\Memory$./vsrc/csr_6x32.sv:111$207_EN[31:0]$226 [0] $0$memwr$\Memory$./vsrc/csr_6x32.sv:111$207_EN[31:0]$226 [0] $0$memwr$\Memory$./vsrc/csr_6x32.sv:111$207_EN[31:0]$226 [0] $0$memwr$\Memory$./vsrc/csr_6x32.sv:111$207_EN[31:0]$226 [0] $0$memwr$\Memory$./vsrc/csr_6x32.sv:111$207_EN[31:0]$226 [0] $0$memwr$\Memory$./vsrc/csr_6x32.sv:111$207_EN[31:0]$226 [0] $0$memwr$\Memory$./vsrc/csr_6x32.sv:111$207_EN[31:0]$226 [0] $0$memwr$\Memory$./vsrc/csr_6x32.sv:111$207_EN[31:0]$226 [0] $0$memwr$\Memory$./vsrc/csr_6x32.sv:111$207_EN[31:0]$226 [0] $0$memwr$\Memory$./vsrc/csr_6x32.sv:111$207_EN[31:0]$226 [0] $0$memwr$\Memory$./vsrc/csr_6x32.sv:111$207_EN[31:0]$226 [0] $0$memwr$\Memory$./vsrc/csr_6x32.sv:111$207_EN[31:0]$226 [0] $0$memwr$\Memory$./vsrc/csr_6x32.sv:111$207_EN[31:0]$226 [0] $0$memwr$\Memory$./vsrc/csr_6x32.sv:111$207_EN[31:0]$226 [0] $0$memwr$\Memory$./vsrc/csr_6x32.sv:111$207_EN[31:0]$226 [0] $0$memwr$\Memory$./vsrc/csr_6x32.sv:111$207_EN[31:0]$226 [0] $0$memwr$\Memory$./vsrc/csr_6x32.sv:111$207_EN[31:0]$226 [0] $0$memwr$\Memory$./vsrc/csr_6x32.sv:111$207_EN[31:0]$226 [0] $0$memwr$\Memory$./vsrc/csr_6x32.sv:111$207_EN[31:0]$226 [0] $0$memwr$\Memory$./vsrc/csr_6x32.sv:111$207_EN[31:0]$226 [0] $0$memwr$\Memory$./vsrc/csr_6x32.sv:111$207_EN[31:0]$226 [0] $0$memwr$\Memory$./vsrc/csr_6x32.sv:111$207_EN[31:0]$226 [0] $0$memwr$\Memory$./vsrc/csr_6x32.sv:111$207_EN[31:0]$226 [0] $0$memwr$\Memory$./vsrc/csr_6x32.sv:111$207_EN[31:0]$226 [0] }
  Optimizing cells in module \csr_6x32.
  Optimizing cells in module \gpr_16x32.
    Consolidated identical input bits for $mux cell $procmux$1749:
      Old ports: A=0, B=32'11111111111111111111111111111111, Y=$0$memwr$\Memory$./vsrc/gpr_16x32.sv:77$728_EN[31:0]$732
      New ports: A=1'0, B=1'1, Y=$0$memwr$\Memory$./vsrc/gpr_16x32.sv:77$728_EN[31:0]$732 [0]
      New connections: $0$memwr$\Memory$./vsrc/gpr_16x32.sv:77$728_EN[31:0]$732 [31:1] = { $0$memwr$\Memory$./vsrc/gpr_16x32.sv:77$728_EN[31:0]$732 [0] $0$memwr$\Memory$./vsrc/gpr_16x32.sv:77$728_EN[31:0]$732 [0] $0$memwr$\Memory$./vsrc/gpr_16x32.sv:77$728_EN[31:0]$732 [0] $0$memwr$\Memory$./vsrc/gpr_16x32.sv:77$728_EN[31:0]$732 [0] $0$memwr$\Memory$./vsrc/gpr_16x32.sv:77$728_EN[31:0]$732 [0] $0$memwr$\Memory$./vsrc/gpr_16x32.sv:77$728_EN[31:0]$732 [0] $0$memwr$\Memory$./vsrc/gpr_16x32.sv:77$728_EN[31:0]$732 [0] $0$memwr$\Memory$./vsrc/gpr_16x32.sv:77$728_EN[31:0]$732 [0] $0$memwr$\Memory$./vsrc/gpr_16x32.sv:77$728_EN[31:0]$732 [0] $0$memwr$\Memory$./vsrc/gpr_16x32.sv:77$728_EN[31:0]$732 [0] $0$memwr$\Memory$./vsrc/gpr_16x32.sv:77$728_EN[31:0]$732 [0] $0$memwr$\Memory$./vsrc/gpr_16x32.sv:77$728_EN[31:0]$732 [0] $0$memwr$\Memory$./vsrc/gpr_16x32.sv:77$728_EN[31:0]$732 [0] $0$memwr$\Memory$./vsrc/gpr_16x32.sv:77$728_EN[31:0]$732 [0] $0$memwr$\Memory$./vsrc/gpr_16x32.sv:77$728_EN[31:0]$732 [0] $0$memwr$\Memory$./vsrc/gpr_16x32.sv:77$728_EN[31:0]$732 [0] $0$memwr$\Memory$./vsrc/gpr_16x32.sv:77$728_EN[31:0]$732 [0] $0$memwr$\Memory$./vsrc/gpr_16x32.sv:77$728_EN[31:0]$732 [0] $0$memwr$\Memory$./vsrc/gpr_16x32.sv:77$728_EN[31:0]$732 [0] $0$memwr$\Memory$./vsrc/gpr_16x32.sv:77$728_EN[31:0]$732 [0] $0$memwr$\Memory$./vsrc/gpr_16x32.sv:77$728_EN[31:0]$732 [0] $0$memwr$\Memory$./vsrc/gpr_16x32.sv:77$728_EN[31:0]$732 [0] $0$memwr$\Memory$./vsrc/gpr_16x32.sv:77$728_EN[31:0]$732 [0] $0$memwr$\Memory$./vsrc/gpr_16x32.sv:77$728_EN[31:0]$732 [0] $0$memwr$\Memory$./vsrc/gpr_16x32.sv:77$728_EN[31:0]$732 [0] $0$memwr$\Memory$./vsrc/gpr_16x32.sv:77$728_EN[31:0]$732 [0] $0$memwr$\Memory$./vsrc/gpr_16x32.sv:77$728_EN[31:0]$732 [0] $0$memwr$\Memory$./vsrc/gpr_16x32.sv:77$728_EN[31:0]$732 [0] $0$memwr$\Memory$./vsrc/gpr_16x32.sv:77$728_EN[31:0]$732 [0] $0$memwr$\Memory$./vsrc/gpr_16x32.sv:77$728_EN[31:0]$732 [0] $0$memwr$\Memory$./vsrc/gpr_16x32.sv:77$728_EN[31:0]$732 [0] }
  Optimizing cells in module \gpr_16x32.
  Optimizing cells in module \iCache.
    New input vector for $reduce_or cell $reduce_or$./vsrc/iCache.sv:215$760: { \out_arlen [0] \out_arlen [1] }
    New input vector for $reduce_or cell $reduce_or$./vsrc/iCache.sv:215$759: { \count [0] \count [1] }
    New input vector for $reduce_and cell $reduce_and$./vsrc/iCache.sv:272$803: { \io_in_araddr [3] \io_in_araddr [4] }
    New input vector for $reduce_and cell $reduce_and$./vsrc/iCache.sv:220$768: { \fencei_counter [0] \fencei_counter [1] }
    New ctrl vector for $pmux cell $procmux$1715: { $eq$./vsrc/iCache.sv:257$778_Y $auto$opt_reduce.cc:132:opt_mux$2233 }
  Optimizing cells in module \iCache.
Performed a total of 30 changes.

19.6.5. Executing OPT_MERGE pass (detect identical cells).
Finding identical cells in module `\CSR'.
Finding identical cells in module `\Clint'.
<suppressed ~12 debug messages>
Finding identical cells in module `\Core'.
Finding identical cells in module `\EXU'.
Finding identical cells in module `\Ebreak'.
Finding identical cells in module `\GPR'.
Finding identical cells in module `\IDU'.
Finding identical cells in module `\IFU'.
Finding identical cells in module `\LSU'.
<suppressed ~21 debug messages>
Finding identical cells in module `\NPC'.
Finding identical cells in module `\WBU'.
Finding identical cells in module `\Xbar'.
Finding identical cells in module `\csr_6x32'.
Finding identical cells in module `\gpr_16x32'.
Finding identical cells in module `\iCache'.
Removed a total of 11 cells.

19.6.6. Executing OPT_RMDFF pass (remove dff with constant values).

19.6.7. Executing OPT_CLEAN pass (remove unused cells and wires).
Finding unused cells or wires in module \CSR..
Finding unused cells or wires in module \Clint..
Finding unused cells or wires in module \Core..
Finding unused cells or wires in module \EXU..
Finding unused cells or wires in module \Ebreak..
Finding unused cells or wires in module \GPR..
Finding unused cells or wires in module \IDU..
Finding unused cells or wires in module \IFU..
Finding unused cells or wires in module \LSU..
Finding unused cells or wires in module \NPC..
Finding unused cells or wires in module \WBU..
Finding unused cells or wires in module \Xbar..
Finding unused cells or wires in module \csr_6x32..
Finding unused cells or wires in module \gpr_16x32..
Finding unused cells or wires in module \iCache..
Removed 0 unused cells and 227 unused wires.
<suppressed ~9 debug messages>

19.6.8. Executing OPT_EXPR pass (perform const folding).
Optimizing module CSR.
Optimizing module Clint.
<suppressed ~2 debug messages>
Optimizing module Core.
Optimizing module EXU.
Optimizing module Ebreak.
Optimizing module GPR.
Optimizing module IDU.
Optimizing module IFU.
Optimizing module LSU.
Optimizing module NPC.
Optimizing module WBU.
Optimizing module Xbar.
Optimizing module csr_6x32.
Optimizing module gpr_16x32.
Optimizing module iCache.

19.6.9. Rerunning OPT passes. (Maybe there is more to do..)

19.6.10. Executing OPT_MUXTREE pass (detect dead branches in mux trees).
Running muxtree optimizer on module \CSR..
  Creating internal representation of mux trees.
  Evaluating internal representation of mux trees.
  Analyzing evaluation results.
Running muxtree optimizer on module \Clint..
  Creating internal representation of mux trees.
  Evaluating internal representation of mux trees.
  Analyzing evaluation results.
Running muxtree optimizer on module \Core..
  Creating internal representation of mux trees.
  Evaluating internal representation of mux trees.
  Analyzing evaluation results.
Running muxtree optimizer on module \EXU..
  Creating internal representation of mux trees.
  Evaluating internal representation of mux trees.
  Analyzing evaluation results.
Running muxtree optimizer on module \Ebreak..
  Creating internal representation of mux trees.
  No muxes found in this module.
Running muxtree optimizer on module \GPR..
  Creating internal representation of mux trees.
  Evaluating internal representation of mux trees.
  Analyzing evaluation results.
Running muxtree optimizer on module \IDU..
  Creating internal representation of mux trees.
  Evaluating internal representation of mux trees.
  Analyzing evaluation results.
Running muxtree optimizer on module \IFU..
  Creating internal representation of mux trees.
  Evaluating internal representation of mux trees.
  Analyzing evaluation results.
Running muxtree optimizer on module \LSU..
  Creating internal representation of mux trees.
  Evaluating internal representation of mux trees.
  Analyzing evaluation results.
Running muxtree optimizer on module \NPC..
  Creating internal representation of mux trees.
  No muxes found in this module.
Running muxtree optimizer on module \WBU..
  Creating internal representation of mux trees.
  Evaluating internal representation of mux trees.
  Analyzing evaluation results.
Running muxtree optimizer on module \Xbar..
  Creating internal representation of mux trees.
  Evaluating internal representation of mux trees.
  Analyzing evaluation results.
Running muxtree optimizer on module \csr_6x32..
  Creating internal representation of mux trees.
  Evaluating internal representation of mux trees.
  Analyzing evaluation results.
Running muxtree optimizer on module \gpr_16x32..
  Creating internal representation of mux trees.
  Evaluating internal representation of mux trees.
  Analyzing evaluation results.
Running muxtree optimizer on module \iCache..
  Creating internal representation of mux trees.
  Evaluating internal representation of mux trees.
  Analyzing evaluation results.
Removed 0 multiplexer ports.
<suppressed ~253 debug messages>

19.6.11. Executing OPT_REDUCE pass (consolidate $*mux and $reduce_* inputs).
  Optimizing cells in module \CSR.
  Optimizing cells in module \Clint.
  Optimizing cells in module \Core.
  Optimizing cells in module \EXU.
  Optimizing cells in module \Ebreak.
  Optimizing cells in module \GPR.
  Optimizing cells in module \IDU.
  Optimizing cells in module \IFU.
  Optimizing cells in module \LSU.
    New ctrl vector for $pmux cell $procmux$1990: { $auto$opt_reduce.cc:132:opt_mux$2235 $auto$opt_reduce.cc:132:opt_mux$2229 }
    New ctrl vector for $pmux cell $procmux$1999: { $auto$opt_reduce.cc:132:opt_mux$2237 $auto$opt_reduce.cc:132:opt_mux$2229 }
  Optimizing cells in module \LSU.
  Optimizing cells in module \NPC.
  Optimizing cells in module \WBU.
  Optimizing cells in module \Xbar.
  Optimizing cells in module \csr_6x32.
  Optimizing cells in module \gpr_16x32.
  Optimizing cells in module \iCache.
Performed a total of 2 changes.

19.6.12. Executing OPT_MERGE pass (detect identical cells).
Finding identical cells in module `\CSR'.
Finding identical cells in module `\Clint'.
Finding identical cells in module `\Core'.
Finding identical cells in module `\EXU'.
Finding identical cells in module `\Ebreak'.
Finding identical cells in module `\GPR'.
Finding identical cells in module `\IDU'.
Finding identical cells in module `\IFU'.
Finding identical cells in module `\LSU'.
<suppressed ~3 debug messages>
Finding identical cells in module `\NPC'.
Finding identical cells in module `\WBU'.
Finding identical cells in module `\Xbar'.
Finding identical cells in module `\csr_6x32'.
Finding identical cells in module `\gpr_16x32'.
Finding identical cells in module `\iCache'.
Removed a total of 1 cells.

19.6.13. Executing OPT_RMDFF pass (remove dff with constant values).
Removing $procdff$2010 ($adff) from module Clint.
Replaced 1 DFF cells.

19.6.14. Executing OPT_CLEAN pass (remove unused cells and wires).
Finding unused cells or wires in module \CSR..
Finding unused cells or wires in module \Clint..
Finding unused cells or wires in module \Core..
Finding unused cells or wires in module \EXU..
Finding unused cells or wires in module \Ebreak..
Finding unused cells or wires in module \GPR..
Finding unused cells or wires in module \IDU..
Finding unused cells or wires in module \IFU..
Finding unused cells or wires in module \LSU..
Finding unused cells or wires in module \NPC..
Finding unused cells or wires in module \WBU..
Finding unused cells or wires in module \Xbar..
Finding unused cells or wires in module \csr_6x32..
Finding unused cells or wires in module \gpr_16x32..
Finding unused cells or wires in module \iCache..
Removed 0 unused cells and 3 unused wires.
<suppressed ~2 debug messages>

19.6.15. Executing OPT_EXPR pass (perform const folding).
Optimizing module CSR.
Optimizing module Clint.
Optimizing module Core.
Optimizing module EXU.
Optimizing module Ebreak.
Optimizing module GPR.
Optimizing module IDU.
Optimizing module IFU.
Optimizing module LSU.
Optimizing module NPC.
Optimizing module WBU.
Optimizing module Xbar.
Optimizing module csr_6x32.
Optimizing module gpr_16x32.
Optimizing module iCache.

19.6.16. Rerunning OPT passes. (Maybe there is more to do..)

19.6.17. Executing OPT_MUXTREE pass (detect dead branches in mux trees).
Running muxtree optimizer on module \CSR..
  Creating internal representation of mux trees.
  Evaluating internal representation of mux trees.
  Analyzing evaluation results.
Running muxtree optimizer on module \Clint..
  Creating internal representation of mux trees.
  Evaluating internal representation of mux trees.
  Analyzing evaluation results.
Running muxtree optimizer on module \Core..
  Creating internal representation of mux trees.
  Evaluating internal representation of mux trees.
  Analyzing evaluation results.
Running muxtree optimizer on module \EXU..
  Creating internal representation of mux trees.
  Evaluating internal representation of mux trees.
  Analyzing evaluation results.
Running muxtree optimizer on module \Ebreak..
  Creating internal representation of mux trees.
  No muxes found in this module.
Running muxtree optimizer on module \GPR..
  Creating internal representation of mux trees.
  Evaluating internal representation of mux trees.
  Analyzing evaluation results.
Running muxtree optimizer on module \IDU..
  Creating internal representation of mux trees.
  Evaluating internal representation of mux trees.
  Analyzing evaluation results.
Running muxtree optimizer on module \IFU..
  Creating internal representation of mux trees.
  Evaluating internal representation of mux trees.
  Analyzing evaluation results.
Running muxtree optimizer on module \LSU..
  Creating internal representation of mux trees.
  Evaluating internal representation of mux trees.
  Analyzing evaluation results.
Running muxtree optimizer on module \NPC..
  Creating internal representation of mux trees.
  No muxes found in this module.
Running muxtree optimizer on module \WBU..
  Creating internal representation of mux trees.
  Evaluating internal representation of mux trees.
  Analyzing evaluation results.
Running muxtree optimizer on module \Xbar..
  Creating internal representation of mux trees.
  Evaluating internal representation of mux trees.
  Analyzing evaluation results.
Running muxtree optimizer on module \csr_6x32..
  Creating internal representation of mux trees.
  Evaluating internal representation of mux trees.
  Analyzing evaluation results.
Running muxtree optimizer on module \gpr_16x32..
  Creating internal representation of mux trees.
  Evaluating internal representation of mux trees.
  Analyzing evaluation results.
Running muxtree optimizer on module \iCache..
  Creating internal representation of mux trees.
  Evaluating internal representation of mux trees.
  Analyzing evaluation results.
Removed 0 multiplexer ports.
<suppressed ~253 debug messages>

19.6.18. Executing OPT_REDUCE pass (consolidate $*mux and $reduce_* inputs).
  Optimizing cells in module \CSR.
  Optimizing cells in module \Clint.
  Optimizing cells in module \Core.
  Optimizing cells in module \EXU.
  Optimizing cells in module \Ebreak.
  Optimizing cells in module \GPR.
  Optimizing cells in module \IDU.
  Optimizing cells in module \IFU.
  Optimizing cells in module \LSU.
  Optimizing cells in module \NPC.
  Optimizing cells in module \WBU.
  Optimizing cells in module \Xbar.
  Optimizing cells in module \csr_6x32.
  Optimizing cells in module \gpr_16x32.
  Optimizing cells in module \iCache.
Performed a total of 0 changes.

19.6.19. Executing OPT_MERGE pass (detect identical cells).
Finding identical cells in module `\CSR'.
Finding identical cells in module `\Clint'.
Finding identical cells in module `\Core'.
Finding identical cells in module `\EXU'.
Finding identical cells in module `\Ebreak'.
Finding identical cells in module `\GPR'.
Finding identical cells in module `\IDU'.
Finding identical cells in module `\IFU'.
Finding identical cells in module `\LSU'.
Finding identical cells in module `\NPC'.
Finding identical cells in module `\WBU'.
Finding identical cells in module `\Xbar'.
Finding identical cells in module `\csr_6x32'.
Finding identical cells in module `\gpr_16x32'.
Finding identical cells in module `\iCache'.
Removed a total of 0 cells.

19.6.20. Executing OPT_RMDFF pass (remove dff with constant values).

19.6.21. Executing OPT_CLEAN pass (remove unused cells and wires).
Finding unused cells or wires in module \CSR..
Finding unused cells or wires in module \Clint..
Finding unused cells or wires in module \Core..
Finding unused cells or wires in module \EXU..
Finding unused cells or wires in module \Ebreak..
Finding unused cells or wires in module \GPR..
Finding unused cells or wires in module \IDU..
Finding unused cells or wires in module \IFU..
Finding unused cells or wires in module \LSU..
Finding unused cells or wires in module \NPC..
Finding unused cells or wires in module \WBU..
Finding unused cells or wires in module \Xbar..
Finding unused cells or wires in module \csr_6x32..
Finding unused cells or wires in module \gpr_16x32..
Finding unused cells or wires in module \iCache..

19.6.22. Executing OPT_EXPR pass (perform const folding).
Optimizing module CSR.
Optimizing module Clint.
Optimizing module Core.
Optimizing module EXU.
Optimizing module Ebreak.
Optimizing module GPR.
Optimizing module IDU.
Optimizing module IFU.
Optimizing module LSU.
Optimizing module NPC.
Optimizing module WBU.
Optimizing module Xbar.
Optimizing module csr_6x32.
Optimizing module gpr_16x32.
Optimizing module iCache.

19.6.23. Finished OPT passes. (There is nothing left to do.)

19.7. Executing WREDUCE pass (reducing word size of cells).
Removed top 2 bits (of 12) from port B of cell CSR.$eq$./vsrc/CSR.sv:80$170 ($eq).
Removed top 2 bits (of 12) from port B of cell CSR.$eq$./vsrc/CSR.sv:81$171 ($eq).
Removed top 2 bits (of 12) from port B of cell CSR.$eq$./vsrc/CSR.sv:81$172 ($eq).
Removed top 1 bits (of 3) from mux cell CSR.$ternary$./vsrc/CSR.sv:81$173 ($mux).
Removed top 1 bits (of 3) from mux cell CSR.$ternary$./vsrc/CSR.sv:112$182 ($mux).
Removed top 2 bits (of 12) from port B of cell CSR.$eq$./vsrc/CSR.sv:111$179 ($eq).
Removed top 2 bits (of 12) from port B of cell CSR.$eq$./vsrc/CSR.sv:112$180 ($eq).
Removed top 2 bits (of 12) from port B of cell CSR.$eq$./vsrc/CSR.sv:112$181 ($eq).
Removed top 1 bits (of 3) from mux cell CSR.$ternary$./vsrc/CSR.sv:112$183 ($mux).
Removed top 1 bits (of 3) from wire CSR.$ternary$./vsrc/CSR.sv:112$182_Y.
Removed top 1 bits (of 3) from wire CSR.$ternary$./vsrc/CSR.sv:112$183_Y.
Removed top 1 bits (of 3) from wire CSR.$ternary$./vsrc/CSR.sv:81$173_Y.
Removed top 31 bits (of 32) from port B of cell Clint.$add$./vsrc/Clint.sv:57$1237 ($add).
Removed top 6 bits (of 32) from port B of cell Clint.$eq$./vsrc/Clint.sv:134$1250 ($eq).
Removed top 31 bits (of 32) from port B of cell Clint.$sub$./vsrc/Clint.sv:127$1247 ($sub).
Removed top 28 bits (of 32) from port Y of cell Clint.$sub$./vsrc/Clint.sv:127$1247 ($sub).
Removed top 6 bits (of 32) from port B of cell Clint.$eq$./vsrc/Clint.sv:129$1249 ($eq).
Removed top 31 bits (of 32) from port B of cell Clint.$sub$./vsrc/Clint.sv:253$1260 ($sub).
Removed top 28 bits (of 32) from port Y of cell Clint.$sub$./vsrc/Clint.sv:253$1260 ($sub).
Removed top 1 bits (of 2) from mux cell Clint.$procmux$1327 ($mux).
Removed top 1 bits (of 2) from mux cell Clint.$procmux$1330 ($mux).
Removed top 1 bits (of 2) from wire Clint.$procmux$1327_Y.
Removed top 28 bits (of 32) from wire Clint.$sub$./vsrc/Clint.sv:127$1247_Y.
Removed top 28 bits (of 32) from wire Clint.$sub$./vsrc/Clint.sv:253$1260_Y.
Removed top 1 bits (of 2) from port B of cell Core.$eq$./vsrc/Core.sv:251$640 ($eq).
Removed top 1 bits (of 2) from port B of cell Core.$eq$./vsrc/Core.sv:261$653 ($eq).
Removed top 1 bits (of 2) from port B of cell Core.$eq$./vsrc/Core.sv:271$666 ($eq).
Removed top 31 bits (of 63) from port A of cell EXU.$shl$./vsrc/EXU.sv:104$897 ($shl).
Removed top 31 bits (of 63) from port Y of cell EXU.$shl$./vsrc/EXU.sv:104$897 ($shl).
Removed top 4 bits (of 5) from port B of cell EXU.$eq$./vsrc/EXU.sv:110$899 ($eq).
Removed top 3 bits (of 5) from port B of cell EXU.$eq$./vsrc/EXU.sv:112$900 ($eq).
Removed top 3 bits (of 5) from port B of cell EXU.$eq$./vsrc/EXU.sv:114$902 ($eq).
Removed top 2 bits (of 5) from port B of cell EXU.$eq$./vsrc/EXU.sv:116$904 ($eq).
Removed top 2 bits (of 5) from port B of cell EXU.$eq$./vsrc/EXU.sv:118$906 ($eq).
Removed top 2 bits (of 5) from port B of cell EXU.$eq$./vsrc/EXU.sv:120$908 ($eq).
Removed top 2 bits (of 5) from port B of cell EXU.$eq$./vsrc/EXU.sv:122$909 ($eq).
Removed top 27 bits (of 32) from port B of cell EXU.$shr$./vsrc/EXU.sv:123$910 ($shr).
Removed top 1 bits (of 5) from port B of cell EXU.$eq$./vsrc/EXU.sv:124$911 ($eq).
Removed top 27 bits (of 32) from port B of cell EXU.$sshr$./vsrc/EXU.sv:125$912 ($sshr).
Removed top 1 bits (of 5) from port B of cell EXU.$eq$./vsrc/EXU.sv:127$913 ($eq).
Removed top 1 bits (of 5) from port B of cell EXU.$eq$./vsrc/EXU.sv:130$915 ($eq).
Removed top 1 bits (of 5) from port B of cell EXU.$eq$./vsrc/EXU.sv:176$943 ($eq).
Removed top 1 bits (of 5) from port B of cell EXU.$eq$./vsrc/EXU.sv:179$944 ($eq).
Removed top 1 bits (of 5) from port B of cell EXU.$eq$./vsrc/EXU.sv:180$946 ($eq).
Removed top 1 bits (of 5) from port B of cell EXU.$eq$./vsrc/EXU.sv:183$948 ($eq).
Removed top 1 bits (of 5) from port B of cell EXU.$eq$./vsrc/EXU.sv:185$950 ($eq).
Removed top 1 bits (of 3) from port B of cell EXU.$eq$./vsrc/EXU.sv:187$959 ($eq).
Removed top 27 bits (of 32) from wire EXU._GEN.
Removed top 31 bits (of 63) from wire EXU._alu_out_T_14.
Removed top 1 bits (of 2) from port B of cell GPR.$eq$./vsrc/GPR.sv:81$195 ($eq).
Removed top 1 bits (of 10) from port B of cell IDU.$eq$./vsrc/IDU.sv:101$245 ($eq).
Removed top 1 bits (of 10) from port B of cell IDU.$eq$./vsrc/IDU.sv:102$246 ($eq).
Removed top 8 bits (of 10) from port B of cell IDU.$eq$./vsrc/IDU.sv:103$247 ($eq).
Removed top 2 bits (of 10) from port B of cell IDU.$eq$./vsrc/IDU.sv:104$248 ($eq).
Removed top 4 bits (of 10) from port B of cell IDU.$eq$./vsrc/IDU.sv:107$251 ($eq).
Removed top 2 bits (of 10) from port B of cell IDU.$eq$./vsrc/IDU.sv:108$252 ($eq).
Removed top 11 bits (of 17) from port B of cell IDU.$eq$./vsrc/IDU.sv:110$253 ($eq).
Removed top 5 bits (of 10) from port B of cell IDU.$eq$./vsrc/IDU.sv:111$254 ($eq).
Removed top 1 bits (of 17) from port B of cell IDU.$eq$./vsrc/IDU.sv:112$255 ($eq).
Removed top 7 bits (of 17) from port B of cell IDU.$eq$./vsrc/IDU.sv:113$256 ($eq).
Removed top 7 bits (of 17) from port B of cell IDU.$eq$./vsrc/IDU.sv:114$257 ($eq).
Removed top 7 bits (of 17) from port B of cell IDU.$eq$./vsrc/IDU.sv:115$258 ($eq).
Removed top 9 bits (of 17) from port B of cell IDU.$eq$./vsrc/IDU.sv:119$262 ($eq).
Removed top 7 bits (of 17) from port B of cell IDU.$eq$./vsrc/IDU.sv:120$263 ($eq).
Removed top 1 bits (of 17) from port B of cell IDU.$eq$./vsrc/IDU.sv:121$264 ($eq).
Removed top 9 bits (of 17) from port B of cell IDU.$eq$./vsrc/IDU.sv:122$265 ($eq).
Removed top 7 bits (of 17) from port B of cell IDU.$eq$./vsrc/IDU.sv:123$266 ($eq).
Removed top 1 bits (of 17) from port B of cell IDU.$eq$./vsrc/IDU.sv:124$267 ($eq).
Removed top 8 bits (of 17) from port B of cell IDU.$eq$./vsrc/IDU.sv:125$268 ($eq).
Removed top 8 bits (of 17) from port B of cell IDU.$eq$./vsrc/IDU.sv:126$269 ($eq).
Removed top 1 bits (of 10) from port B of cell IDU.$eq$./vsrc/IDU.sv:127$270 ($eq).
Removed top 1 bits (of 10) from port B of cell IDU.$eq$./vsrc/IDU.sv:128$271 ($eq).
Removed top 3 bits (of 10) from port B of cell IDU.$eq$./vsrc/IDU.sv:129$272 ($eq).
Removed top 2 bits (of 10) from port B of cell IDU.$eq$./vsrc/IDU.sv:130$273 ($eq).
Removed top 3 bits (of 10) from port B of cell IDU.$eq$./vsrc/IDU.sv:136$279 ($eq).
Removed top 1 bits (of 7) from port B of cell IDU.$eq$./vsrc/IDU.sv:137$280 ($eq).
Removed top 2 bits (of 7) from port B of cell IDU.$eq$./vsrc/IDU.sv:138$281 ($eq).
Removed top 2 bits (of 10) from port B of cell IDU.$eq$./vsrc/IDU.sv:139$282 ($eq).
Removed top 1 bits (of 10) from port B of cell IDU.$eq$./vsrc/IDU.sv:141$284 ($eq).
Removed top 1 bits (of 10) from port B of cell IDU.$eq$./vsrc/IDU.sv:143$286 ($eq).
Removed top 25 bits (of 32) from port B of cell IDU.$eq$./vsrc/IDU.sv:145$288 ($eq).
Removed top 2 bits (of 32) from port B of cell IDU.$eq$./vsrc/IDU.sv:146$289 ($eq).
Removed top 11 bits (of 32) from port B of cell IDU.$eq$./vsrc/IDU.sv:147$290 ($eq).
Removed top 19 bits (of 32) from port B of cell IDU.$eq$./vsrc/IDU.sv:148$291 ($eq).
Removed top 1 bits (of 2) from mux cell IDU.$ternary$./vsrc/IDU.sv:403$557 ($mux).
Removed top 1 bits (of 2) from mux cell IDU.$ternary$./vsrc/IDU.sv:403$558 ($mux).
Removed top 1 bits (of 3) from mux cell IDU.$ternary$./vsrc/IDU.sv:474$603 ($mux).
Removed top 1 bits (of 2) from mux cell IDU.$ternary$./vsrc/IDU.sv:481$610 ($mux).
Removed top 1 bits (of 2) from mux cell IDU.$ternary$./vsrc/IDU.sv:481$611 ($mux).
Removed top 1 bits (of 2) from mux cell IDU.$ternary$./vsrc/IDU.sv:481$612 ($mux).
Removed top 1 bits (of 3) from port B of cell IDU.$procmux$1888_CMP0 ($eq).
Removed top 1 bits (of 3) from port B of cell IDU.$procmux$1889_CMP0 ($eq).
Removed top 2 bits (of 3) from port B of cell IDU.$procmux$1890_CMP0 ($eq).
Removed top 1 bits (of 2) from port B of cell IDU.$procmux$1894_CMP0 ($eq).
Removed top 1 bits (of 2) from wire IDU.$ternary$./vsrc/IDU.sv:403$557_Y.
Removed top 1 bits (of 3) from wire IDU.$ternary$./vsrc/IDU.sv:474$603_Y.
Removed top 1 bits (of 2) from wire IDU.$ternary$./vsrc/IDU.sv:481$610_Y.
Removed top 1 bits (of 3) from mux cell IFU.$ternary$./vsrc/IFU.sv:98$1162 ($mux).
Removed top 1 bits (of 3) from port B of cell IFU.$eq$./vsrc/IFU.sv:98$1159 ($eq).
Removed top 1 bits (of 3) from port B of cell IFU.$eq$./vsrc/IFU.sv:100$1163 ($eq).
Removed top 2 bits (of 3) from port B of cell IFU.$eq$./vsrc/IFU.sv:106$1174 ($eq).
Removed top 29 bits (of 32) from port B of cell IFU.$add$./vsrc/IFU.sv:118$1194 ($add).
Removed top 2 bits (of 3) from port B of cell IFU.$eq$./vsrc/IFU.sv:120$1200 ($eq).
Removed top 1 bits (of 3) from port B of cell IFU.$eq$./vsrc/IFU.sv:121$1201 ($eq).
Removed top 1 bits (of 3) from port B of cell IFU.$eq$./vsrc/IFU.sv:122$1202 ($eq).
Removed top 1 bits (of 3) from wire IFU.$ternary$./vsrc/IFU.sv:98$1162_Y.
Removed top 1 bits (of 3) from mux cell LSU.$ternary$./vsrc/LSU.sv:131$11 ($mux).
Removed top 1 bits (of 3) from port B of cell LSU.$eq$./vsrc/LSU.sv:131$8 ($eq).
Removed top 1 bits (of 3) from port B of cell LSU.$eq$./vsrc/LSU.sv:133$12 ($eq).
Removed top 2 bits (of 3) from port B of cell LSU.$eq$./vsrc/LSU.sv:139$21 ($eq).
Removed top 1 bits (of 3) from mux cell LSU.$ternary$./vsrc/LSU.sv:142$27 ($mux).
Removed top 1 bits (of 3) from mux cell LSU.$ternary$./vsrc/LSU.sv:145$34 ($mux).
Removed top 1 bits (of 3) from mux cell LSU.$ternary$./vsrc/LSU.sv:145$35 ($mux).
Removed top 2 bits (of 3) from port B of cell LSU.$eq$./vsrc/LSU.sv:147$39 ($eq).
Removed top 1 bits (of 3) from port B of cell LSU.$eq$./vsrc/LSU.sv:148$40 ($eq).
Removed top 27 bits (of 32) from port B of cell LSU.$shr$./vsrc/LSU.sv:216$71 ($shr).
Removed top 16 bits (of 32) from mux cell LSU.$ternary$./vsrc/LSU.sv:227$75 ($mux).
Removed top 16 bits (of 32) from mux cell LSU.$ternary$./vsrc/LSU.sv:227$76 ($mux).
Removed top 1 bits (of 2) from port B of cell LSU.$eq$./vsrc/LSU.sv:232$86 ($eq).
Removed top 2 bits (of 3) from port B of cell LSU.$eq$./vsrc/LSU.sv:236$93 ($eq).
Removed top 1 bits (of 3) from port B of cell LSU.$eq$./vsrc/LSU.sv:237$94 ($eq).
Removed top 1 bits (of 3) from port B of cell LSU.$eq$./vsrc/LSU.sv:238$95 ($eq).
Removed top 31 bits (of 63) from port A of cell LSU.$shl$./vsrc/LSU.sv:272$128 ($shl).
Removed top 58 bits (of 63) from port B of cell LSU.$shl$./vsrc/LSU.sv:272$128 ($shl).
Removed top 3 bits (of 5) from port A of cell LSU.$shl$./vsrc/LSU.sv:275$130 ($shl).
Removed top 3 bits (of 7) from port A of cell LSU.$shl$./vsrc/LSU.sv:277$131 ($shl).
Removed top 3 bits (of 4) from port A of cell LSU.$shl$./vsrc/LSU.sv:280$132 ($shl).
Removed top 2 bits (of 3) from port B of cell LSU.$eq$./vsrc/LSU.sv:340$145 ($eq).
Removed top 1 bits (of 3) from port B of cell LSU.$eq$./vsrc/LSU.sv:342$146 ($eq).
Removed top 29 bits (of 32) from port B of cell LSU.$add$./vsrc/LSU.sv:343$147 ($add).
Removed top 1 bits (of 3) from port B of cell LSU.$eq$./vsrc/LSU.sv:344$148 ($eq).
Removed top 2 bits (of 3) from port B of cell LSU.$eq$./vsrc/LSU.sv:348$152 ($eq).
Removed top 1 bits (of 3) from port B of cell LSU.$eq$./vsrc/LSU.sv:350$153 ($eq).
Removed top 1 bits (of 3) from port B of cell LSU.$eq$./vsrc/LSU.sv:352$155 ($eq).
Removed top 28 bits (of 32) from mux cell LSU.$ternary$./vsrc/LSU.sv:353$159 ($mux).
Removed top 31 bits (of 63) from FF cell LSU.$procdff$2220 ($dff).
Removed top 31 bits (of 63) from mux cell LSU.$procmux$1958 ($mux).
Removed top 31 bits (of 63) from port Y of cell LSU.$shl$./vsrc/LSU.sv:272$128 ($shl).
Removed top 31 bits (of 63) from wire LSU.$0\wdata[62:0].
Removed top 31 bits (of 63) from wire LSU.$shl$./vsrc/LSU.sv:272$128_Y.
Removed top 1 bits (of 3) from wire LSU.$ternary$./vsrc/LSU.sv:131$11_Y.
Removed top 1 bits (of 3) from wire LSU.$ternary$./vsrc/LSU.sv:142$27_Y.
Removed top 1 bits (of 3) from wire LSU.$ternary$./vsrc/LSU.sv:145$34_Y.
Removed top 1 bits (of 3) from wire LSU.$ternary$./vsrc/LSU.sv:145$35_Y.
Removed top 16 bits (of 32) from wire LSU.$ternary$./vsrc/LSU.sv:227$75_Y.
Removed top 16 bits (of 32) from wire LSU.$ternary$./vsrc/LSU.sv:227$76_Y.
Removed top 28 bits (of 32) from wire LSU.$ternary$./vsrc/LSU.sv:353$159_Y.
Removed top 6 bits (of 32) from port B of cell Xbar.$lt$./vsrc/Xbar.sv:171$962 ($lt).
Removed top 6 bits (of 32) from port B of cell Xbar.$lt$./vsrc/Xbar.sv:172$965 ($lt).
Removed top 1 bits (of 2) from mux cell Xbar.$ternary$./vsrc/Xbar.sv:186$987 ($mux).
Removed top 1 bits (of 2) from port B of cell Xbar.$eq$./vsrc/Xbar.sv:206$1001 ($eq).
Removed top 7 bits (of 8) from port B of cell Xbar.$add$./vsrc/Xbar.sv:348$1077 ($add).
Removed top 7 bits (of 8) from port B of cell Xbar.$sub$./vsrc/Xbar.sv:350$1081 ($sub).
Removed top 1 bits (of 2) from port B of cell Xbar.$eq$./vsrc/Xbar.sv:423$1091 ($eq).
Removed top 1 bits (of 2) from wire Xbar.$ternary$./vsrc/Xbar.sv:186$987_Y.
Removed cell csr_6x32.$ternary$./vsrc/csr_6x32.sv:125$234 ($mux).
Removed cell csr_6x32.$ternary$./vsrc/csr_6x32.sv:126$236 ($mux).
Removed cell csr_6x32.$ternary$./vsrc/csr_6x32.sv:127$238 ($mux).
Removed cell csr_6x32.$procmux$1900 ($mux).
Removed cell csr_6x32.$procmux$1898 ($mux).
Removed cell csr_6x32.$procmux$1906 ($mux).
Removed cell csr_6x32.$procmux$1904 ($mux).
Removed cell csr_6x32.$procmux$1912 ($mux).
Removed cell csr_6x32.$procmux$1910 ($mux).
Removed cell csr_6x32.$procmux$1918 ($mux).
Removed cell csr_6x32.$procmux$1916 ($mux).
Removed cell csr_6x32.$procmux$1924 ($mux).
Removed cell csr_6x32.$procmux$1922 ($mux).
Removed cell csr_6x32.$procmux$1930 ($mux).
Removed cell csr_6x32.$procmux$1928 ($mux).
Removed top 31 bits (of 32) from FF cell csr_6x32.$procdff$2196 ($dff).
Removed top 31 bits (of 32) from FF cell csr_6x32.$procdff$2199 ($dff).
Removed top 31 bits (of 32) from FF cell csr_6x32.$procdff$2201 ($dff).
Removed top 31 bits (of 32) from FF cell csr_6x32.$procdff$2204 ($dff).
Removed top 31 bits (of 32) from FF cell csr_6x32.$procdff$2207 ($dff).
Removed top 31 bits (of 32) from FF cell csr_6x32.$procdff$2210 ($dff).
Removed cell gpr_16x32.$ternary$./vsrc/gpr_16x32.sv:91$735 ($mux).
Removed cell gpr_16x32.$ternary$./vsrc/gpr_16x32.sv:92$737 ($mux).
Removed cell gpr_16x32.$procmux$1753 ($mux).
Removed cell gpr_16x32.$procmux$1751 ($mux).
Removed top 31 bits (of 32) from FF cell gpr_16x32.$procdff$2125 ($dff).
Removed top 29 bits (of 32) from port B of cell iCache.$sub$./vsrc/iCache.sv:118$739 ($sub).
Removed top 1 bits (of 3) from port B of cell iCache.$eq$./vsrc/iCache.sv:250$773 ($eq).
Removed top 28 bits (of 32) from port B of cell iCache.$add$./vsrc/iCache.sv:237$771 ($add).
Removed top 1 bits (of 3) from port B of cell iCache.$eq$./vsrc/iCache.sv:257$778 ($eq).
Removed top 1 bits (of 3) from port B of cell iCache.$eq$./vsrc/iCache.sv:257$780 ($eq).
Removed top 2 bits (of 3) from port B of cell iCache.$eq$./vsrc/iCache.sv:259$784 ($eq).
Removed top 1 bits (of 3) from port B of cell iCache.$eq$./vsrc/iCache.sv:262$787 ($eq).
Removed top 1 bits (of 2) from port B of cell iCache.$eq$./vsrc/iCache.sv:270$799 ($eq).
Removed top 1 bits (of 2) from port A of cell iCache.$sub$./vsrc/iCache.sv:329$815 ($sub).
Removed top 1 bits (of 2) from port B of cell iCache.$eq$./vsrc/iCache.sv:329$816 ($eq).
Removed top 1 bits (of 2) from port B of cell iCache.$sub$./vsrc/iCache.sv:373$869 ($sub).
Removed top 1 bits (of 2) from port B of cell iCache.$eq$./vsrc/iCache.sv:382$875 ($eq).
Removed top 1 bits (of 2) from port B of cell iCache.$add$./vsrc/iCache.sv:412$894 ($add).
Removed top 2 bits (of 3) from port B of cell iCache.$procmux$1727_CMP0 ($eq).

19.8. Executing PEEPOPT pass (run peephole optimizers).

19.9. Executing OPT_CLEAN pass (remove unused cells and wires).
Finding unused cells or wires in module \CSR..
Finding unused cells or wires in module \Clint..
Finding unused cells or wires in module \Core..
Finding unused cells or wires in module \EXU..
Finding unused cells or wires in module \Ebreak..
Finding unused cells or wires in module \GPR..
Finding unused cells or wires in module \IDU..
Finding unused cells or wires in module \IFU..
Finding unused cells or wires in module \LSU..
Finding unused cells or wires in module \NPC..
Finding unused cells or wires in module \WBU..
Finding unused cells or wires in module \Xbar..
Finding unused cells or wires in module \csr_6x32..
Finding unused cells or wires in module \gpr_16x32..
Finding unused cells or wires in module \iCache..
Removed 0 unused cells and 41 unused wires.
<suppressed ~9 debug messages>

19.10. Executing TECHMAP pass (map to technology primitives).

19.10.1. Executing Verilog-2005 frontend: /usr/bin/../share/yosys/cmp2lut.v
Parsing Verilog input from `/usr/bin/../share/yosys/cmp2lut.v' to AST representation.
Generating RTLIL representation for module `\_90_lut_cmp_'.
Successfully finished Verilog frontend.

19.10.2. Continuing TECHMAP pass.
No more expansions possible.
<suppressed ~1520 debug messages>

19.11. Executing ALUMACC pass (create $alu and $macc cells).
Extracting $alu and $macc cells in module CSR:
  created 0 $alu and 0 $macc cells.
Extracting $alu and $macc cells in module Clint:
  creating $macc model for $add$./vsrc/Clint.sv:57$1237 ($add).
  creating $macc model for $sub$./vsrc/Clint.sv:127$1247 ($sub).
  creating $macc model for $sub$./vsrc/Clint.sv:253$1260 ($sub).
  creating $alu model for $macc $sub$./vsrc/Clint.sv:253$1260.
  creating $alu model for $macc $sub$./vsrc/Clint.sv:127$1247.
  creating $alu model for $macc $add$./vsrc/Clint.sv:57$1237.
  creating $alu cell for $add$./vsrc/Clint.sv:57$1237: $auto$alumacc.cc:474:replace_alu$2260
  creating $alu cell for $sub$./vsrc/Clint.sv:127$1247: $auto$alumacc.cc:474:replace_alu$2263
  creating $alu cell for $sub$./vsrc/Clint.sv:253$1260: $auto$alumacc.cc:474:replace_alu$2266
  created 3 $alu and 0 $macc cells.
Extracting $alu and $macc cells in module Core:
  created 0 $alu and 0 $macc cells.
Extracting $alu and $macc cells in module EXU:
  creating $macc model for $add$./vsrc/EXU.sv:102$896 ($add).
  creating $macc model for $add$./vsrc/EXU.sv:188$960 ($add).
  creating $macc model for $sub$./vsrc/EXU.sv:113$901 ($sub).
  creating $alu model for $macc $sub$./vsrc/EXU.sv:113$901.
  creating $alu model for $macc $add$./vsrc/EXU.sv:188$960.
  creating $alu model for $macc $add$./vsrc/EXU.sv:102$896.
  creating $alu model for $ge$./vsrc/EXU.sv:184$949 ($ge): new $alu
  creating $alu model for $lt$./vsrc/EXU.sv:107$898 ($lt): merged with $sub$./vsrc/EXU.sv:113$901.
  creating $alu model for $lt$./vsrc/EXU.sv:128$914 ($lt): merged with $ge$./vsrc/EXU.sv:184$949.
  creating $alu model for $eq$./vsrc/EXU.sv:137$931 ($eq): merged with $sub$./vsrc/EXU.sv:113$901.
  creating $alu cell for $add$./vsrc/EXU.sv:188$960: $auto$alumacc.cc:474:replace_alu$2270
  creating $alu cell for $ge$./vsrc/EXU.sv:184$949, $lt$./vsrc/EXU.sv:128$914: $auto$alumacc.cc:474:replace_alu$2273
  creating $alu cell for $add$./vsrc/EXU.sv:102$896: $auto$alumacc.cc:474:replace_alu$2288
  creating $alu cell for $sub$./vsrc/EXU.sv:113$901, $lt$./vsrc/EXU.sv:107$898, $eq$./vsrc/EXU.sv:137$931: $auto$alumacc.cc:474:replace_alu$2291
  created 4 $alu and 0 $macc cells.
Extracting $alu and $macc cells in module Ebreak:
  created 0 $alu and 0 $macc cells.
Extracting $alu and $macc cells in module GPR:
  created 0 $alu and 0 $macc cells.
Extracting $alu and $macc cells in module IDU:
  created 0 $alu and 0 $macc cells.
Extracting $alu and $macc cells in module IFU:
  creating $macc model for $add$./vsrc/IFU.sv:118$1194 ($add).
  creating $alu model for $macc $add$./vsrc/IFU.sv:118$1194.
  creating $alu cell for $add$./vsrc/IFU.sv:118$1194: $auto$alumacc.cc:474:replace_alu$2298
  created 1 $alu and 0 $macc cells.
Extracting $alu and $macc cells in module LSU:
  creating $macc model for $add$./vsrc/LSU.sv:343$147 ($add).
  creating $alu model for $macc $add$./vsrc/LSU.sv:343$147.
  creating $alu cell for $add$./vsrc/LSU.sv:343$147: $auto$alumacc.cc:474:replace_alu$2301
  created 1 $alu and 0 $macc cells.
Extracting $alu and $macc cells in module NPC:
  created 0 $alu and 0 $macc cells.
Extracting $alu and $macc cells in module WBU:
  created 0 $alu and 0 $macc cells.
Extracting $alu and $macc cells in module Xbar:
  creating $macc model for $add$./vsrc/Xbar.sv:348$1077 ($add).
  creating $macc model for $sub$./vsrc/Xbar.sv:350$1081 ($sub).
  creating $alu model for $macc $sub$./vsrc/Xbar.sv:350$1081.
  creating $alu model for $macc $add$./vsrc/Xbar.sv:348$1077.
  creating $alu model for $lt$./vsrc/Xbar.sv:171$962 ($lt): new $alu
  creating $alu model for $lt$./vsrc/Xbar.sv:172$965 ($lt): new $alu
  creating $alu cell for $lt$./vsrc/Xbar.sv:172$965: $auto$alumacc.cc:474:replace_alu$2306
  creating $alu cell for $lt$./vsrc/Xbar.sv:171$962: $auto$alumacc.cc:474:replace_alu$2317
  creating $alu cell for $add$./vsrc/Xbar.sv:348$1077: $auto$alumacc.cc:474:replace_alu$2328
  creating $alu cell for $sub$./vsrc/Xbar.sv:350$1081: $auto$alumacc.cc:474:replace_alu$2331
  created 4 $alu and 0 $macc cells.
Extracting $alu and $macc cells in module csr_6x32:
  created 0 $alu and 0 $macc cells.
Extracting $alu and $macc cells in module gpr_16x32:
  created 0 $alu and 0 $macc cells.
Extracting $alu and $macc cells in module iCache:
  creating $macc model for $add$./vsrc/iCache.sv:237$771 ($add).
  creating $macc model for $add$./vsrc/iCache.sv:412$894 ($add).
  creating $macc model for $sub$./vsrc/iCache.sv:118$739 ($sub).
  creating $macc model for $sub$./vsrc/iCache.sv:194$747 ($sub).
  creating $macc model for $sub$./vsrc/iCache.sv:251$774 ($sub).
  creating $macc model for $sub$./vsrc/iCache.sv:329$815 ($sub).
  creating $macc model for $sub$./vsrc/iCache.sv:373$869 ($sub).
  merging $macc model for $sub$./vsrc/iCache.sv:118$739 into $add$./vsrc/iCache.sv:237$771.
  creating $alu model for $macc $sub$./vsrc/iCache.sv:329$815.
  creating $alu model for $macc $sub$./vsrc/iCache.sv:251$774.
  creating $alu model for $macc $sub$./vsrc/iCache.sv:194$747.
  creating $alu model for $macc $sub$./vsrc/iCache.sv:373$869.
  creating $alu model for $macc $add$./vsrc/iCache.sv:412$894.
  creating $macc cell for $add$./vsrc/iCache.sv:237$771: $auto$alumacc.cc:354:replace_macc$2334
  creating $alu model for $gt$./vsrc/iCache.sv:140$740 ($gt): new $alu
  creating $alu cell for $gt$./vsrc/iCache.sv:140$740: $auto$alumacc.cc:474:replace_alu$2336
  creating $alu cell for $add$./vsrc/iCache.sv:412$894: $auto$alumacc.cc:474:replace_alu$2347
  creating $alu cell for $sub$./vsrc/iCache.sv:373$869: $auto$alumacc.cc:474:replace_alu$2350
  creating $alu cell for $sub$./vsrc/iCache.sv:194$747: $auto$alumacc.cc:474:replace_alu$2353
  creating $alu cell for $sub$./vsrc/iCache.sv:251$774: $auto$alumacc.cc:474:replace_alu$2356
  creating $alu cell for $sub$./vsrc/iCache.sv:329$815: $auto$alumacc.cc:474:replace_alu$2359
  created 6 $alu and 1 $macc cells.

19.12. Executing SHARE pass (SAT-based resource sharing).
Found 3 cells in module EXU that may be considered for resource sharing.
  Analyzing resource sharing options for $sshr$./vsrc/EXU.sv:125$912 ($sshr):
    Found 1 activation_patterns using ctrl signal { $eq$./vsrc/EXU.sv:124$911_Y $eq$./vsrc/EXU.sv:122$909_Y $eq$./vsrc/EXU.sv:120$908_Y $eq$./vsrc/EXU.sv:118$906_Y $eq$./vsrc/EXU.sv:116$904_Y $eq$./vsrc/EXU.sv:114$902_Y $eq$./vsrc/EXU.sv:112$900_Y $eq$./vsrc/EXU.sv:110$899_Y }.
    No candidates found.
  Analyzing resource sharing options for $shr$./vsrc/EXU.sv:123$910 ($shr):
    Found 1 activation_patterns using ctrl signal { $eq$./vsrc/EXU.sv:122$909_Y $eq$./vsrc/EXU.sv:120$908_Y $eq$./vsrc/EXU.sv:118$906_Y $eq$./vsrc/EXU.sv:116$904_Y $eq$./vsrc/EXU.sv:114$902_Y $eq$./vsrc/EXU.sv:112$900_Y $eq$./vsrc/EXU.sv:110$899_Y }.
    No candidates found.
  Analyzing resource sharing options for $shl$./vsrc/EXU.sv:104$897 ($shl):
    Found 1 activation_patterns using ctrl signal { $eq$./vsrc/EXU.sv:120$908_Y $eq$./vsrc/EXU.sv:118$906_Y $eq$./vsrc/EXU.sv:116$904_Y $eq$./vsrc/EXU.sv:114$902_Y $eq$./vsrc/EXU.sv:112$900_Y $eq$./vsrc/EXU.sv:110$899_Y }.
    No candidates found.
Found 2 cells in module LSU that may be considered for resource sharing.
  Analyzing resource sharing options for $shr$./vsrc/LSU.sv:216$71 ($shr):
    Found 5 activation_patterns using ctrl signal { $procmux$1953_CMP $eq$./vsrc/LSU.sv:340$145_Y $eq$./vsrc/LSU.sv:160$44_Y $eq$./vsrc/LSU.sv:163$46_Y \_awsize_T_4 \_awsize_T_2 }.
    No candidates found.
  Analyzing resource sharing options for $shl$./vsrc/LSU.sv:272$128 ($shl):
    Found 1 activation_patterns using ctrl signal \reset.
    No candidates found.

19.13. Executing OPT pass (performing simple optimizations).

19.13.1. Executing OPT_EXPR pass (perform const folding).
Optimizing module CSR.
Optimizing module Clint.
Optimizing module Core.
Optimizing module EXU.
<suppressed ~1 debug messages>
Optimizing module Ebreak.
Optimizing module GPR.
Optimizing module IDU.
Optimizing module IFU.
Optimizing module LSU.
Optimizing module NPC.
Optimizing module WBU.
Optimizing module Xbar.
Optimizing module csr_6x32.
Optimizing module gpr_16x32.
Optimizing module iCache.

19.13.2. Executing OPT_MERGE pass (detect identical cells).
Finding identical cells in module `\CSR'.
Finding identical cells in module `\Clint'.
Finding identical cells in module `\Core'.
Finding identical cells in module `\EXU'.
Finding identical cells in module `\Ebreak'.
Finding identical cells in module `\GPR'.
Finding identical cells in module `\IDU'.
Finding identical cells in module `\IFU'.
Finding identical cells in module `\LSU'.
Finding identical cells in module `\NPC'.
Finding identical cells in module `\WBU'.
Finding identical cells in module `\Xbar'.
Finding identical cells in module `\csr_6x32'.
Finding identical cells in module `\gpr_16x32'.
Finding identical cells in module `\iCache'.
Removed a total of 0 cells.

19.13.3. Executing OPT_MUXTREE pass (detect dead branches in mux trees).
Running muxtree optimizer on module \CSR..
  Creating internal representation of mux trees.
  Evaluating internal representation of mux trees.
  Analyzing evaluation results.
Running muxtree optimizer on module \Clint..
  Creating internal representation of mux trees.
  Evaluating internal representation of mux trees.
  Analyzing evaluation results.
Running muxtree optimizer on module \Core..
  Creating internal representation of mux trees.
  Evaluating internal representation of mux trees.
  Analyzing evaluation results.
Running muxtree optimizer on module \EXU..
  Creating internal representation of mux trees.
  Evaluating internal representation of mux trees.
  Analyzing evaluation results.
Running muxtree optimizer on module \Ebreak..
  Creating internal representation of mux trees.
  No muxes found in this module.
Running muxtree optimizer on module \GPR..
  Creating internal representation of mux trees.
  Evaluating internal representation of mux trees.
  Analyzing evaluation results.
Running muxtree optimizer on module \IDU..
  Creating internal representation of mux trees.
  Evaluating internal representation of mux trees.
  Analyzing evaluation results.
Running muxtree optimizer on module \IFU..
  Creating internal representation of mux trees.
  Evaluating internal representation of mux trees.
  Analyzing evaluation results.
Running muxtree optimizer on module \LSU..
  Creating internal representation of mux trees.
  Evaluating internal representation of mux trees.
  Analyzing evaluation results.
Running muxtree optimizer on module \NPC..
  Creating internal representation of mux trees.
  No muxes found in this module.
Running muxtree optimizer on module \WBU..
  Creating internal representation of mux trees.
  Evaluating internal representation of mux trees.
  Analyzing evaluation results.
Running muxtree optimizer on module \Xbar..
  Creating internal representation of mux trees.
  Evaluating internal representation of mux trees.
  Analyzing evaluation results.
Running muxtree optimizer on module \csr_6x32..
  Creating internal representation of mux trees.
  Evaluating internal representation of mux trees.
  Analyzing evaluation results.
Running muxtree optimizer on module \gpr_16x32..
  Creating internal representation of mux trees.
  Evaluating internal representation of mux trees.
  Analyzing evaluation results.
Running muxtree optimizer on module \iCache..
  Creating internal representation of mux trees.
  Evaluating internal representation of mux trees.
  Analyzing evaluation results.
Removed 0 multiplexer ports.
<suppressed ~234 debug messages>

19.13.4. Executing OPT_REDUCE pass (consolidate $*mux and $reduce_* inputs).
  Optimizing cells in module \CSR.
  Optimizing cells in module \Clint.
  Optimizing cells in module \Core.
  Optimizing cells in module \EXU.
    New input vector for $reduce_or cell $auto$alumacc.cc:509:replace_alu$2286: { $auto$rtlil.cc:1832:Not$2285 $auto$rtlil.cc:1835:ReduceAnd$2277 }
    New input vector for $reduce_and cell $auto$alumacc.cc:64:get_eq$2296: { $auto$alumacc.cc:490:replace_alu$2292 [0] $auto$alumacc.cc:490:replace_alu$2292 [1] $auto$alumacc.cc:490:replace_alu$2292 [2] $auto$alumacc.cc:490:replace_alu$2292 [3] $auto$alumacc.cc:490:replace_alu$2292 [4] $auto$alumacc.cc:490:replace_alu$2292 [5] $auto$alumacc.cc:490:replace_alu$2292 [6] $auto$alumacc.cc:490:replace_alu$2292 [7] $auto$alumacc.cc:490:replace_alu$2292 [8] $auto$alumacc.cc:490:replace_alu$2292 [9] $auto$alumacc.cc:490:replace_alu$2292 [10] $auto$alumacc.cc:490:replace_alu$2292 [11] $auto$alumacc.cc:490:replace_alu$2292 [12] $auto$alumacc.cc:490:replace_alu$2292 [13] $auto$alumacc.cc:490:replace_alu$2292 [14] $auto$alumacc.cc:490:replace_alu$2292 [15] $auto$alumacc.cc:490:replace_alu$2292 [16] $auto$alumacc.cc:490:replace_alu$2292 [17] $auto$alumacc.cc:490:replace_alu$2292 [18] $auto$alumacc.cc:490:replace_alu$2292 [19] $auto$alumacc.cc:490:replace_alu$2292 [20] $auto$alumacc.cc:490:replace_alu$2292 [21] $auto$alumacc.cc:490:replace_alu$2292 [22] $auto$alumacc.cc:490:replace_alu$2292 [23] $auto$alumacc.cc:490:replace_alu$2292 [24] $auto$alumacc.cc:490:replace_alu$2292 [25] $auto$alumacc.cc:490:replace_alu$2292 [26] $auto$alumacc.cc:490:replace_alu$2292 [27] $auto$alumacc.cc:490:replace_alu$2292 [28] $auto$alumacc.cc:490:replace_alu$2292 [29] $auto$alumacc.cc:490:replace_alu$2292 [30] $auto$alumacc.cc:490:replace_alu$2292 [31] }
    New input vector for $reduce_and cell $auto$alumacc.cc:64:get_eq$2276: { $auto$alumacc.cc:490:replace_alu$2274 [0] $auto$alumacc.cc:490:replace_alu$2274 [1] $auto$alumacc.cc:490:replace_alu$2274 [2] $auto$alumacc.cc:490:replace_alu$2274 [3] $auto$alumacc.cc:490:replace_alu$2274 [4] $auto$alumacc.cc:490:replace_alu$2274 [5] $auto$alumacc.cc:490:replace_alu$2274 [6] $auto$alumacc.cc:490:replace_alu$2274 [7] $auto$alumacc.cc:490:replace_alu$2274 [8] $auto$alumacc.cc:490:replace_alu$2274 [9] $auto$alumacc.cc:490:replace_alu$2274 [10] $auto$alumacc.cc:490:replace_alu$2274 [11] $auto$alumacc.cc:490:replace_alu$2274 [12] $auto$alumacc.cc:490:replace_alu$2274 [13] $auto$alumacc.cc:490:replace_alu$2274 [14] $auto$alumacc.cc:490:replace_alu$2274 [15] $auto$alumacc.cc:490:replace_alu$2274 [16] $auto$alumacc.cc:490:replace_alu$2274 [17] $auto$alumacc.cc:490:replace_alu$2274 [18] $auto$alumacc.cc:490:replace_alu$2274 [19] $auto$alumacc.cc:490:replace_alu$2274 [20] $auto$alumacc.cc:490:replace_alu$2274 [21] $auto$alumacc.cc:490:replace_alu$2274 [22] $auto$alumacc.cc:490:replace_alu$2274 [23] $auto$alumacc.cc:490:replace_alu$2274 [24] $auto$alumacc.cc:490:replace_alu$2274 [25] $auto$alumacc.cc:490:replace_alu$2274 [26] $auto$alumacc.cc:490:replace_alu$2274 [27] $auto$alumacc.cc:490:replace_alu$2274 [28] $auto$alumacc.cc:490:replace_alu$2274 [29] $auto$alumacc.cc:490:replace_alu$2274 [30] $auto$alumacc.cc:490:replace_alu$2274 [31] }
  Optimizing cells in module \EXU.
  Optimizing cells in module \Ebreak.
  Optimizing cells in module \GPR.
  Optimizing cells in module \IDU.
  Optimizing cells in module \IFU.
  Optimizing cells in module \LSU.
  Optimizing cells in module \NPC.
  Optimizing cells in module \WBU.
  Optimizing cells in module \Xbar.
    New input vector for $reduce_and cell $auto$alumacc.cc:64:get_eq$2309: { $auto$alumacc.cc:490:replace_alu$2307 [0] $auto$alumacc.cc:490:replace_alu$2307 [1] $auto$alumacc.cc:490:replace_alu$2307 [2] $auto$alumacc.cc:490:replace_alu$2307 [3] $auto$alumacc.cc:490:replace_alu$2307 [4] $auto$alumacc.cc:490:replace_alu$2307 [5] $auto$alumacc.cc:490:replace_alu$2307 [6] $auto$alumacc.cc:490:replace_alu$2307 [7] $auto$alumacc.cc:490:replace_alu$2307 [8] $auto$alumacc.cc:490:replace_alu$2307 [9] $auto$alumacc.cc:490:replace_alu$2307 [10] $auto$alumacc.cc:490:replace_alu$2307 [11] $auto$alumacc.cc:490:replace_alu$2307 [12] $auto$alumacc.cc:490:replace_alu$2307 [13] $auto$alumacc.cc:490:replace_alu$2307 [14] $auto$alumacc.cc:490:replace_alu$2307 [15] $auto$alumacc.cc:490:replace_alu$2307 [16] $auto$alumacc.cc:490:replace_alu$2307 [17] $auto$alumacc.cc:490:replace_alu$2307 [18] $auto$alumacc.cc:490:replace_alu$2307 [19] $auto$alumacc.cc:490:replace_alu$2307 [20] $auto$alumacc.cc:490:replace_alu$2307 [21] $auto$alumacc.cc:490:replace_alu$2307 [22] $auto$alumacc.cc:490:replace_alu$2307 [23] $auto$alumacc.cc:490:replace_alu$2307 [24] $auto$alumacc.cc:490:replace_alu$2307 [25] $auto$alumacc.cc:490:replace_alu$2307 [26] $auto$alumacc.cc:490:replace_alu$2307 [27] $auto$alumacc.cc:490:replace_alu$2307 [28] $auto$alumacc.cc:490:replace_alu$2307 [29] $auto$alumacc.cc:490:replace_alu$2307 [30] $auto$alumacc.cc:490:replace_alu$2307 [31] }
    New input vector for $reduce_and cell $auto$alumacc.cc:64:get_eq$2320: { $auto$alumacc.cc:490:replace_alu$2318 [0] $auto$alumacc.cc:490:replace_alu$2318 [1] $auto$alumacc.cc:490:replace_alu$2318 [2] $auto$alumacc.cc:490:replace_alu$2318 [3] $auto$alumacc.cc:490:replace_alu$2318 [4] $auto$alumacc.cc:490:replace_alu$2318 [5] $auto$alumacc.cc:490:replace_alu$2318 [6] $auto$alumacc.cc:490:replace_alu$2318 [7] $auto$alumacc.cc:490:replace_alu$2318 [8] $auto$alumacc.cc:490:replace_alu$2318 [9] $auto$alumacc.cc:490:replace_alu$2318 [10] $auto$alumacc.cc:490:replace_alu$2318 [11] $auto$alumacc.cc:490:replace_alu$2318 [12] $auto$alumacc.cc:490:replace_alu$2318 [13] $auto$alumacc.cc:490:replace_alu$2318 [14] $auto$alumacc.cc:490:replace_alu$2318 [15] $auto$alumacc.cc:490:replace_alu$2318 [16] $auto$alumacc.cc:490:replace_alu$2318 [17] $auto$alumacc.cc:490:replace_alu$2318 [18] $auto$alumacc.cc:490:replace_alu$2318 [19] $auto$alumacc.cc:490:replace_alu$2318 [20] $auto$alumacc.cc:490:replace_alu$2318 [21] $auto$alumacc.cc:490:replace_alu$2318 [22] $auto$alumacc.cc:490:replace_alu$2318 [23] $auto$alumacc.cc:490:replace_alu$2318 [24] $auto$alumacc.cc:490:replace_alu$2318 [25] $auto$alumacc.cc:490:replace_alu$2318 [26] $auto$alumacc.cc:490:replace_alu$2318 [27] $auto$alumacc.cc:490:replace_alu$2318 [28] $auto$alumacc.cc:490:replace_alu$2318 [29] $auto$alumacc.cc:490:replace_alu$2318 [30] $auto$alumacc.cc:490:replace_alu$2318 [31] }
  Optimizing cells in module \Xbar.
  Optimizing cells in module \csr_6x32.
  Optimizing cells in module \gpr_16x32.
  Optimizing cells in module \iCache.
    New input vector for $reduce_and cell $auto$alumacc.cc:64:get_eq$2339: { $auto$alumacc.cc:490:replace_alu$2337 [0] $auto$alumacc.cc:490:replace_alu$2337 [1] $auto$alumacc.cc:490:replace_alu$2337 [2] $auto$alumacc.cc:490:replace_alu$2337 [3] $auto$alumacc.cc:490:replace_alu$2337 [4] $auto$alumacc.cc:490:replace_alu$2337 [5] $auto$alumacc.cc:490:replace_alu$2337 [6] $auto$alumacc.cc:490:replace_alu$2337 [7] $auto$alumacc.cc:490:replace_alu$2337 [8] $auto$alumacc.cc:490:replace_alu$2337 [9] $auto$alumacc.cc:490:replace_alu$2337 [10] $auto$alumacc.cc:490:replace_alu$2337 [11] $auto$alumacc.cc:490:replace_alu$2337 [12] $auto$alumacc.cc:490:replace_alu$2337 [13] $auto$alumacc.cc:490:replace_alu$2337 [14] $auto$alumacc.cc:490:replace_alu$2337 [15] $auto$alumacc.cc:490:replace_alu$2337 [16] $auto$alumacc.cc:490:replace_alu$2337 [17] $auto$alumacc.cc:490:replace_alu$2337 [18] $auto$alumacc.cc:490:replace_alu$2337 [19] $auto$alumacc.cc:490:replace_alu$2337 [20] $auto$alumacc.cc:490:replace_alu$2337 [21] $auto$alumacc.cc:490:replace_alu$2337 [22] $auto$alumacc.cc:490:replace_alu$2337 [23] $auto$alumacc.cc:490:replace_alu$2337 [24] $auto$alumacc.cc:490:replace_alu$2337 [25] $auto$alumacc.cc:490:replace_alu$2337 [26] $auto$alumacc.cc:490:replace_alu$2337 [27] $auto$alumacc.cc:490:replace_alu$2337 [28] $auto$alumacc.cc:490:replace_alu$2337 [29] $auto$alumacc.cc:490:replace_alu$2337 [30] $auto$alumacc.cc:490:replace_alu$2337 [31] }
  Optimizing cells in module \iCache.
Performed a total of 6 changes.

19.13.5. Executing OPT_MERGE pass (detect identical cells).
Finding identical cells in module `\CSR'.
Finding identical cells in module `\Clint'.
Finding identical cells in module `\Core'.
Finding identical cells in module `\EXU'.
Finding identical cells in module `\Ebreak'.
Finding identical cells in module `\GPR'.
Finding identical cells in module `\IDU'.
Finding identical cells in module `\IFU'.
Finding identical cells in module `\LSU'.
Finding identical cells in module `\NPC'.
Finding identical cells in module `\WBU'.
Finding identical cells in module `\Xbar'.
Finding identical cells in module `\csr_6x32'.
Finding identical cells in module `\gpr_16x32'.
Finding identical cells in module `\iCache'.
Removed a total of 0 cells.

19.13.6. Executing OPT_RMDFF pass (remove dff with constant values).

19.13.7. Executing OPT_CLEAN pass (remove unused cells and wires).
Finding unused cells or wires in module \CSR..
Finding unused cells or wires in module \Clint..
Finding unused cells or wires in module \Core..
Finding unused cells or wires in module \EXU..
Finding unused cells or wires in module \Ebreak..
Finding unused cells or wires in module \GPR..
Finding unused cells or wires in module \IDU..
Finding unused cells or wires in module \IFU..
Finding unused cells or wires in module \LSU..
Finding unused cells or wires in module \NPC..
Finding unused cells or wires in module \WBU..
Finding unused cells or wires in module \Xbar..
Finding unused cells or wires in module \csr_6x32..
Finding unused cells or wires in module \gpr_16x32..
Finding unused cells or wires in module \iCache..
Removed 1 unused cells and 9 unused wires.
<suppressed ~5 debug messages>

19.13.8. Executing OPT_EXPR pass (perform const folding).
Optimizing module CSR.
Optimizing module Clint.
Optimizing module Core.
Optimizing module EXU.
Optimizing module Ebreak.
Optimizing module GPR.
Optimizing module IDU.
Optimizing module IFU.
Optimizing module LSU.
Optimizing module NPC.
Optimizing module WBU.
Optimizing module Xbar.
Optimizing module csr_6x32.
Optimizing module gpr_16x32.
Optimizing module iCache.

19.13.9. Rerunning OPT passes. (Maybe there is more to do..)

19.13.10. Executing OPT_MUXTREE pass (detect dead branches in mux trees).
Running muxtree optimizer on module \CSR..
  Creating internal representation of mux trees.
  Evaluating internal representation of mux trees.
  Analyzing evaluation results.
Running muxtree optimizer on module \Clint..
  Creating internal representation of mux trees.
  Evaluating internal representation of mux trees.
  Analyzing evaluation results.
Running muxtree optimizer on module \Core..
  Creating internal representation of mux trees.
  Evaluating internal representation of mux trees.
  Analyzing evaluation results.
Running muxtree optimizer on module \EXU..
  Creating internal representation of mux trees.
  Evaluating internal representation of mux trees.
  Analyzing evaluation results.
Running muxtree optimizer on module \Ebreak..
  Creating internal representation of mux trees.
  No muxes found in this module.
Running muxtree optimizer on module \GPR..
  Creating internal representation of mux trees.
  Evaluating internal representation of mux trees.
  Analyzing evaluation results.
Running muxtree optimizer on module \IDU..
  Creating internal representation of mux trees.
  Evaluating internal representation of mux trees.
  Analyzing evaluation results.
Running muxtree optimizer on module \IFU..
  Creating internal representation of mux trees.
  Evaluating internal representation of mux trees.
  Analyzing evaluation results.
Running muxtree optimizer on module \LSU..
  Creating internal representation of mux trees.
  Evaluating internal representation of mux trees.
  Analyzing evaluation results.
Running muxtree optimizer on module \NPC..
  Creating internal representation of mux trees.
  No muxes found in this module.
Running muxtree optimizer on module \WBU..
  Creating internal representation of mux trees.
  Evaluating internal representation of mux trees.
  Analyzing evaluation results.
Running muxtree optimizer on module \Xbar..
  Creating internal representation of mux trees.
  Evaluating internal representation of mux trees.
  Analyzing evaluation results.
Running muxtree optimizer on module \csr_6x32..
  Creating internal representation of mux trees.
  Evaluating internal representation of mux trees.
  Analyzing evaluation results.
Running muxtree optimizer on module \gpr_16x32..
  Creating internal representation of mux trees.
  Evaluating internal representation of mux trees.
  Analyzing evaluation results.
Running muxtree optimizer on module \iCache..
  Creating internal representation of mux trees.
  Evaluating internal representation of mux trees.
  Analyzing evaluation results.
Removed 0 multiplexer ports.
<suppressed ~234 debug messages>

19.13.11. Executing OPT_REDUCE pass (consolidate $*mux and $reduce_* inputs).
  Optimizing cells in module \CSR.
  Optimizing cells in module \Clint.
  Optimizing cells in module \Core.
  Optimizing cells in module \EXU.
  Optimizing cells in module \Ebreak.
  Optimizing cells in module \GPR.
  Optimizing cells in module \IDU.
  Optimizing cells in module \IFU.
  Optimizing cells in module \LSU.
  Optimizing cells in module \NPC.
  Optimizing cells in module \WBU.
  Optimizing cells in module \Xbar.
  Optimizing cells in module \csr_6x32.
  Optimizing cells in module \gpr_16x32.
  Optimizing cells in module \iCache.
Performed a total of 0 changes.

19.13.12. Executing OPT_MERGE pass (detect identical cells).
Finding identical cells in module `\CSR'.
Finding identical cells in module `\Clint'.
Finding identical cells in module `\Core'.
Finding identical cells in module `\EXU'.
Finding identical cells in module `\Ebreak'.
Finding identical cells in module `\GPR'.
Finding identical cells in module `\IDU'.
Finding identical cells in module `\IFU'.
Finding identical cells in module `\LSU'.
Finding identical cells in module `\NPC'.
Finding identical cells in module `\WBU'.
Finding identical cells in module `\Xbar'.
Finding identical cells in module `\csr_6x32'.
Finding identical cells in module `\gpr_16x32'.
Finding identical cells in module `\iCache'.
Removed a total of 0 cells.

19.13.13. Executing OPT_RMDFF pass (remove dff with constant values).

19.13.14. Executing OPT_CLEAN pass (remove unused cells and wires).
Finding unused cells or wires in module \CSR..
Finding unused cells or wires in module \Clint..
Finding unused cells or wires in module \Core..
Finding unused cells or wires in module \EXU..
Finding unused cells or wires in module \Ebreak..
Finding unused cells or wires in module \GPR..
Finding unused cells or wires in module \IDU..
Finding unused cells or wires in module \IFU..
Finding unused cells or wires in module \LSU..
Finding unused cells or wires in module \NPC..
Finding unused cells or wires in module \WBU..
Finding unused cells or wires in module \Xbar..
Finding unused cells or wires in module \csr_6x32..
Finding unused cells or wires in module \gpr_16x32..
Finding unused cells or wires in module \iCache..

19.13.15. Executing OPT_EXPR pass (perform const folding).
Optimizing module CSR.
Optimizing module Clint.
Optimizing module Core.
Optimizing module EXU.
Optimizing module Ebreak.
Optimizing module GPR.
Optimizing module IDU.
Optimizing module IFU.
Optimizing module LSU.
Optimizing module NPC.
Optimizing module WBU.
Optimizing module Xbar.
Optimizing module csr_6x32.
Optimizing module gpr_16x32.
Optimizing module iCache.

19.13.16. Finished OPT passes. (There is nothing left to do.)

19.14. Executing FSM pass (extract and optimize FSM).

19.14.1. Executing FSM_DETECT pass (finding FSMs in design).
Not marking Clint.axi4_rresp as FSM state register:
    Register is connected to module port.
    Users of register don't seem to benefit from recoding.
Not marking iCache.out_arid as FSM state register:
    Register is connected to module port.
    Users of register don't seem to benefit from recoding.
Not marking iCache.out_arlen as FSM state register:
    Register is connected to module port.
    Users of register don't seem to benefit from recoding.
Not marking iCache.out_arsize as FSM state register:
    Register is connected to module port.
    Users of register don't seem to benefit from recoding.
Not marking iCache.out_awaddr as FSM state register:
    Register is connected to module port.
    Users of register don't seem to benefit from recoding.
Not marking iCache.out_awburst as FSM state register:
    Register is connected to module port.
    Users of register don't seem to benefit from recoding.
Not marking iCache.out_awid as FSM state register:
    Register is connected to module port.
    Users of register don't seem to benefit from recoding.
Not marking iCache.out_awlen as FSM state register:
    Register is connected to module port.
    Users of register don't seem to benefit from recoding.
Not marking iCache.out_awsize as FSM state register:
    Register is connected to module port.
    Users of register don't seem to benefit from recoding.
Not marking iCache.out_wdata as FSM state register:
    Register is connected to module port.
    Users of register don't seem to benefit from recoding.
Not marking iCache.out_wstrb as FSM state register:
    Register is connected to module port.
    Users of register don't seem to benefit from recoding.

19.14.2. Executing FSM_EXTRACT pass (extracting FSM from design).

19.14.3. Executing FSM_OPT pass (simple optimizations of FSMs).

19.14.4. Executing OPT_CLEAN pass (remove unused cells and wires).
Finding unused cells or wires in module \CSR..
Finding unused cells or wires in module \Clint..
Finding unused cells or wires in module \Core..
Finding unused cells or wires in module \EXU..
Finding unused cells or wires in module \Ebreak..
Finding unused cells or wires in module \GPR..
Finding unused cells or wires in module \IDU..
Finding unused cells or wires in module \IFU..
Finding unused cells or wires in module \LSU..
Finding unused cells or wires in module \NPC..
Finding unused cells or wires in module \WBU..
Finding unused cells or wires in module \Xbar..
Finding unused cells or wires in module \csr_6x32..
Finding unused cells or wires in module \gpr_16x32..
Finding unused cells or wires in module \iCache..

19.14.5. Executing FSM_OPT pass (simple optimizations of FSMs).

19.14.6. Executing FSM_RECODE pass (re-assigning FSM state encoding).

19.14.7. Executing FSM_INFO pass (dumping all available information on FSM cells).

19.14.8. Executing FSM_MAP pass (mapping FSMs to basic logic).

19.15. Executing OPT pass (performing simple optimizations).

19.15.1. Executing OPT_EXPR pass (perform const folding).
Optimizing module CSR.
Optimizing module Clint.
Optimizing module Core.
Optimizing module EXU.
Optimizing module Ebreak.
Optimizing module GPR.
Optimizing module IDU.
Optimizing module IFU.
Optimizing module LSU.
Optimizing module NPC.
Optimizing module WBU.
Optimizing module Xbar.
Optimizing module csr_6x32.
Optimizing module gpr_16x32.
Optimizing module iCache.

19.15.2. Executing OPT_MERGE pass (detect identical cells).
Finding identical cells in module `\CSR'.
Finding identical cells in module `\Clint'.
Finding identical cells in module `\Core'.
Finding identical cells in module `\EXU'.
Finding identical cells in module `\Ebreak'.
Finding identical cells in module `\GPR'.
Finding identical cells in module `\IDU'.
Finding identical cells in module `\IFU'.
Finding identical cells in module `\LSU'.
Finding identical cells in module `\NPC'.
Finding identical cells in module `\WBU'.
Finding identical cells in module `\Xbar'.
Finding identical cells in module `\csr_6x32'.
Finding identical cells in module `\gpr_16x32'.
Finding identical cells in module `\iCache'.
Removed a total of 0 cells.

19.15.3. Executing OPT_RMDFF pass (remove dff with constant values).

19.15.4. Executing OPT_CLEAN pass (remove unused cells and wires).
Finding unused cells or wires in module \CSR..
Finding unused cells or wires in module \Clint..
Finding unused cells or wires in module \Core..
Finding unused cells or wires in module \EXU..
Finding unused cells or wires in module \Ebreak..
Finding unused cells or wires in module \GPR..
Finding unused cells or wires in module \IDU..
Finding unused cells or wires in module \IFU..
Finding unused cells or wires in module \LSU..
Finding unused cells or wires in module \NPC..
Finding unused cells or wires in module \WBU..
Finding unused cells or wires in module \Xbar..
Finding unused cells or wires in module \csr_6x32..
Finding unused cells or wires in module \gpr_16x32..
Finding unused cells or wires in module \iCache..

19.15.5. Finished fast OPT passes.

19.16. Executing MEMORY pass.

19.16.1. Executing MEMORY_DFF pass (merging $dff cells to $memrd and $memwr).
Checking cell `$memwr$\Memory$./vsrc/csr_6x32.sv:101$239' in module `\csr_6x32': merged $dff to cell.
Checking cell `$memwr$\Memory$./vsrc/csr_6x32.sv:103$240' in module `\csr_6x32': merged $dff to cell.
Checking cell `$memwr$\Memory$./vsrc/csr_6x32.sv:105$241' in module `\csr_6x32': merged $dff to cell.
Checking cell `$memwr$\Memory$./vsrc/csr_6x32.sv:107$242' in module `\csr_6x32': merged $dff to cell.
Checking cell `$memwr$\Memory$./vsrc/csr_6x32.sv:109$243' in module `\csr_6x32': merged $dff to cell.
Checking cell `$memwr$\Memory$./vsrc/csr_6x32.sv:111$244' in module `\csr_6x32': merged $dff to cell.
Checking cell `$memrd$\Memory$./vsrc/csr_6x32.sv:125$233' in module `\csr_6x32': no (compatible) $dff found.
Checking cell `$memrd$\Memory$./vsrc/csr_6x32.sv:126$235' in module `\csr_6x32': no (compatible) $dff found.
Checking cell `$memrd$\Memory$./vsrc/csr_6x32.sv:127$237' in module `\csr_6x32': no (compatible) $dff found.
Checking cell `$memwr$\Memory$./vsrc/gpr_16x32.sv:77$738' in module `\gpr_16x32': merged $dff to cell.
Checking cell `$memrd$\Memory$./vsrc/gpr_16x32.sv:91$734' in module `\gpr_16x32': no (compatible) $dff found.
Checking cell `$memrd$\Memory$./vsrc/gpr_16x32.sv:92$736' in module `\gpr_16x32': no (compatible) $dff found.

19.16.2. Executing OPT_CLEAN pass (remove unused cells and wires).
Finding unused cells or wires in module \CSR..
Finding unused cells or wires in module \Clint..
Finding unused cells or wires in module \Core..
Finding unused cells or wires in module \EXU..
Finding unused cells or wires in module \Ebreak..
Finding unused cells or wires in module \GPR..
Finding unused cells or wires in module \IDU..
Finding unused cells or wires in module \IFU..
Finding unused cells or wires in module \LSU..
Finding unused cells or wires in module \NPC..
Finding unused cells or wires in module \WBU..
Finding unused cells or wires in module \Xbar..
Finding unused cells or wires in module \csr_6x32..
Finding unused cells or wires in module \gpr_16x32..
Finding unused cells or wires in module \iCache..
Removed 21 unused cells and 21 unused wires.
<suppressed ~23 debug messages>

19.16.3. Executing MEMORY_SHARE pass (consolidating $memrd/$memwr cells).
Consolidating write ports of memory csr_6x32.Memory by address:
  New clock domain: posedge \W0_clk
    Port 0 ($memwr$\Memory$./vsrc/csr_6x32.sv:101$239) has addr \W0_addr.
      Active bits: 11111111111111111111111111111111
    Port 1 ($memwr$\Memory$./vsrc/csr_6x32.sv:103$240) has addr \W1_addr.
      Active bits: 11111111111111111111111111111111
    Port 2 ($memwr$\Memory$./vsrc/csr_6x32.sv:105$241) has addr \W2_addr.
      Active bits: 11111111111111111111111111111111
    Port 3 ($memwr$\Memory$./vsrc/csr_6x32.sv:107$242) has addr \W3_addr.
      Active bits: 11111111111111111111111111111111
    Port 4 ($memwr$\Memory$./vsrc/csr_6x32.sv:109$243) has addr \W4_addr.
      Active bits: 11111111111111111111111111111111
    Port 5 ($memwr$\Memory$./vsrc/csr_6x32.sv:111$244) has addr \W5_addr.
      Active bits: 11111111111111111111111111111111
Consolidating write ports of memory csr_6x32.Memory using sat-based resource sharing:
  Port 0 ($memwr$\Memory$./vsrc/csr_6x32.sv:101$239) on posedge \W0_clk: considered
  Port 1 ($memwr$\Memory$./vsrc/csr_6x32.sv:103$240) on posedge \W0_clk: considered
  Port 2 ($memwr$\Memory$./vsrc/csr_6x32.sv:105$241) on posedge \W0_clk: considered
  Port 3 ($memwr$\Memory$./vsrc/csr_6x32.sv:107$242) on posedge \W0_clk: considered
  Port 4 ($memwr$\Memory$./vsrc/csr_6x32.sv:109$243) on posedge \W0_clk: considered
  Port 5 ($memwr$\Memory$./vsrc/csr_6x32.sv:111$244) on posedge \W0_clk: considered
  Common input cone for all EN signals: 6 cells.
  Size of unconstrained SAT problem: 44 variables, 98 clauses
  According to SAT solver sharing of port 0 with port 1 is not possible.
  According to SAT solver sharing of port 1 with port 2 is not possible.
  According to SAT solver sharing of port 2 with port 3 is not possible.
  According to SAT solver sharing of port 3 with port 4 is not possible.
  According to SAT solver sharing of port 4 with port 5 is not possible.

19.16.4. Executing OPT_CLEAN pass (remove unused cells and wires).
Finding unused cells or wires in module \CSR..
Finding unused cells or wires in module \Clint..
Finding unused cells or wires in module \Core..
Finding unused cells or wires in module \EXU..
Finding unused cells or wires in module \Ebreak..
Finding unused cells or wires in module \GPR..
Finding unused cells or wires in module \IDU..
Finding unused cells or wires in module \IFU..
Finding unused cells or wires in module \LSU..
Finding unused cells or wires in module \NPC..
Finding unused cells or wires in module \WBU..
Finding unused cells or wires in module \Xbar..
Finding unused cells or wires in module \csr_6x32..
Finding unused cells or wires in module \gpr_16x32..
Finding unused cells or wires in module \iCache..

19.16.5. Executing MEMORY_COLLECT pass (generating $mem cells).
Collecting $memrd, $memwr and $meminit for memory `\Memory' in module `\csr_6x32':
  $memwr$\Memory$./vsrc/csr_6x32.sv:101$239 ($memwr)
  $memwr$\Memory$./vsrc/csr_6x32.sv:103$240 ($memwr)
  $memwr$\Memory$./vsrc/csr_6x32.sv:105$241 ($memwr)
  $memwr$\Memory$./vsrc/csr_6x32.sv:107$242 ($memwr)
  $memwr$\Memory$./vsrc/csr_6x32.sv:109$243 ($memwr)
  $memwr$\Memory$./vsrc/csr_6x32.sv:111$244 ($memwr)
  $memrd$\Memory$./vsrc/csr_6x32.sv:125$233 ($memrd)
  $memrd$\Memory$./vsrc/csr_6x32.sv:126$235 ($memrd)
  $memrd$\Memory$./vsrc/csr_6x32.sv:127$237 ($memrd)
Collecting $memrd, $memwr and $meminit for memory `\Memory' in module `\gpr_16x32':
  $memwr$\Memory$./vsrc/gpr_16x32.sv:77$738 ($memwr)
  $memrd$\Memory$./vsrc/gpr_16x32.sv:92$736 ($memrd)
  $memrd$\Memory$./vsrc/gpr_16x32.sv:91$734 ($memrd)

19.17. Executing OPT_CLEAN pass (remove unused cells and wires).
Finding unused cells or wires in module \CSR..
Finding unused cells or wires in module \Clint..
Finding unused cells or wires in module \Core..
Finding unused cells or wires in module \EXU..
Finding unused cells or wires in module \Ebreak..
Finding unused cells or wires in module \GPR..
Finding unused cells or wires in module \IDU..
Finding unused cells or wires in module \IFU..
Finding unused cells or wires in module \LSU..
Finding unused cells or wires in module \NPC..
Finding unused cells or wires in module \WBU..
Finding unused cells or wires in module \Xbar..
Finding unused cells or wires in module \csr_6x32..
Finding unused cells or wires in module \gpr_16x32..
Finding unused cells or wires in module \iCache..

19.18. Executing OPT pass (performing simple optimizations).

19.18.1. Executing OPT_EXPR pass (perform const folding).
Optimizing module CSR.
Optimizing module Clint.
<suppressed ~21 debug messages>
Optimizing module Core.
Optimizing module EXU.
<suppressed ~6 debug messages>
Optimizing module Ebreak.
Optimizing module GPR.
Optimizing module IDU.
<suppressed ~2 debug messages>
Optimizing module IFU.
Optimizing module LSU.
<suppressed ~11 debug messages>
Optimizing module NPC.
Optimizing module WBU.
Optimizing module Xbar.
<suppressed ~1 debug messages>
Optimizing module csr_6x32.
<suppressed ~6 debug messages>
Optimizing module gpr_16x32.
<suppressed ~1 debug messages>
Optimizing module iCache.
<suppressed ~2 debug messages>

19.18.2. Executing OPT_MERGE pass (detect identical cells).
Finding identical cells in module `\CSR'.
Finding identical cells in module `\Clint'.
Finding identical cells in module `\Core'.
Finding identical cells in module `\EXU'.
Finding identical cells in module `\Ebreak'.
Finding identical cells in module `\GPR'.
Finding identical cells in module `\IDU'.
Finding identical cells in module `\IFU'.
Finding identical cells in module `\LSU'.
Finding identical cells in module `\NPC'.
Finding identical cells in module `\WBU'.
Finding identical cells in module `\Xbar'.
Finding identical cells in module `\csr_6x32'.
Finding identical cells in module `\gpr_16x32'.
Finding identical cells in module `\iCache'.
Removed a total of 0 cells.

19.18.3. Executing OPT_RMDFF pass (remove dff with constant values).

19.18.4. Executing OPT_CLEAN pass (remove unused cells and wires).
Finding unused cells or wires in module \CSR..
Finding unused cells or wires in module \Clint..
Finding unused cells or wires in module \Core..
Finding unused cells or wires in module \EXU..
Finding unused cells or wires in module \Ebreak..
Finding unused cells or wires in module \GPR..
Finding unused cells or wires in module \IDU..
Finding unused cells or wires in module \IFU..
Finding unused cells or wires in module \LSU..
Finding unused cells or wires in module \NPC..
Finding unused cells or wires in module \WBU..
Finding unused cells or wires in module \Xbar..
Finding unused cells or wires in module \csr_6x32..
Finding unused cells or wires in module \gpr_16x32..
Finding unused cells or wires in module \iCache..
Removed 3 unused cells and 17 unused wires.
<suppressed ~7 debug messages>

19.18.5. Finished fast OPT passes.

19.19. Executing MEMORY_MAP pass (converting $mem cells to logic and flip-flops).
Mapping memory cell \Memory in module \csr_6x32:
  created 6 $dff cells and 0 static cells of width 32.
  read interface: 0 $dff and 21 $mux cells.
  write interface: 36 write mux blocks.
Mapping memory cell \Memory in module \gpr_16x32:
  created 16 $dff cells and 0 static cells of width 32.
  read interface: 0 $dff and 30 $mux cells.
  write interface: 16 write mux blocks.

19.20. Executing OPT pass (performing simple optimizations).

19.20.1. Executing OPT_EXPR pass (perform const folding).
Optimizing module CSR.
Optimizing module Clint.
Optimizing module Core.
Optimizing module EXU.
Optimizing module Ebreak.
Optimizing module GPR.
Optimizing module IDU.
Optimizing module IFU.
Optimizing module LSU.
Optimizing module NPC.
Optimizing module WBU.
Optimizing module Xbar.
Optimizing module csr_6x32.
<suppressed ~49 debug messages>
Optimizing module gpr_16x32.
<suppressed ~8 debug messages>
Optimizing module iCache.

19.20.2. Executing OPT_MERGE pass (detect identical cells).
Finding identical cells in module `\CSR'.
Finding identical cells in module `\Clint'.
<suppressed ~3 debug messages>
Finding identical cells in module `\Core'.
Finding identical cells in module `\EXU'.
Finding identical cells in module `\Ebreak'.
Finding identical cells in module `\GPR'.
Finding identical cells in module `\IDU'.
Finding identical cells in module `\IFU'.
Finding identical cells in module `\LSU'.
Finding identical cells in module `\NPC'.
Finding identical cells in module `\WBU'.
Finding identical cells in module `\Xbar'.
Finding identical cells in module `\csr_6x32'.
Finding identical cells in module `\gpr_16x32'.
Finding identical cells in module `\iCache'.
Removed a total of 1 cells.

19.20.3. Executing OPT_MUXTREE pass (detect dead branches in mux trees).
Running muxtree optimizer on module \CSR..
  Creating internal representation of mux trees.
  Evaluating internal representation of mux trees.
  Analyzing evaluation results.
Running muxtree optimizer on module \Clint..
  Creating internal representation of mux trees.
  Evaluating internal representation of mux trees.
  Analyzing evaluation results.
Running muxtree optimizer on module \Core..
  Creating internal representation of mux trees.
  Evaluating internal representation of mux trees.
  Analyzing evaluation results.
Running muxtree optimizer on module \EXU..
  Creating internal representation of mux trees.
  Evaluating internal representation of mux trees.
  Analyzing evaluation results.
Running muxtree optimizer on module \Ebreak..
  Creating internal representation of mux trees.
  No muxes found in this module.
Running muxtree optimizer on module \GPR..
  Creating internal representation of mux trees.
  Evaluating internal representation of mux trees.
  Analyzing evaluation results.
Running muxtree optimizer on module \IDU..
  Creating internal representation of mux trees.
  Evaluating internal representation of mux trees.
  Analyzing evaluation results.
Running muxtree optimizer on module \IFU..
  Creating internal representation of mux trees.
  Evaluating internal representation of mux trees.
  Analyzing evaluation results.
Running muxtree optimizer on module \LSU..
  Creating internal representation of mux trees.
  Evaluating internal representation of mux trees.
  Analyzing evaluation results.
Running muxtree optimizer on module \NPC..
  Creating internal representation of mux trees.
  No muxes found in this module.
Running muxtree optimizer on module \WBU..
  Creating internal representation of mux trees.
  Evaluating internal representation of mux trees.
  Analyzing evaluation results.
Running muxtree optimizer on module \Xbar..
  Creating internal representation of mux trees.
  Evaluating internal representation of mux trees.
  Analyzing evaluation results.
Running muxtree optimizer on module \csr_6x32..
  Creating internal representation of mux trees.
  Evaluating internal representation of mux trees.
  Analyzing evaluation results.
Running muxtree optimizer on module \gpr_16x32..
  Creating internal representation of mux trees.
  Evaluating internal representation of mux trees.
  Analyzing evaluation results.
Running muxtree optimizer on module \iCache..
  Creating internal representation of mux trees.
  Evaluating internal representation of mux trees.
  Analyzing evaluation results.
Removed 0 multiplexer ports.
<suppressed ~249 debug messages>

19.20.4. Executing OPT_REDUCE pass (consolidate $*mux and $reduce_* inputs).
  Optimizing cells in module \CSR.
    Consolidated identical input bits for $mux cell $ternary$./vsrc/CSR.sv:81$174:
      Old ports: A={ 1'0 $auto$wreduce.cc:455:run$2240 [1:0] }, B=3'011, Y=$ternary$./vsrc/CSR.sv:81$174_Y
      New ports: A=$auto$wreduce.cc:455:run$2240 [1:0], B=2'11, Y=$ternary$./vsrc/CSR.sv:81$174_Y [1:0]
      New connections: $ternary$./vsrc/CSR.sv:81$174_Y [2] = 1'0
  Optimizing cells in module \CSR.
  Optimizing cells in module \Clint.
  Optimizing cells in module \Core.
  Optimizing cells in module \EXU.
  Optimizing cells in module \Ebreak.
  Optimizing cells in module \GPR.
  Optimizing cells in module \IDU.
    Consolidated identical input bits for $mux cell $ternary$./vsrc/IDU.sv:188$385:
      Old ports: A=3'000, B=3'110, Y=$ternary$./vsrc/IDU.sv:188$385_Y
      New ports: A=1'0, B=1'1, Y=$ternary$./vsrc/IDU.sv:188$385_Y [1]
      New connections: { $ternary$./vsrc/IDU.sv:188$385_Y [2] $ternary$./vsrc/IDU.sv:188$385_Y [0] } = { $ternary$./vsrc/IDU.sv:188$385_Y [1] 1'0 }
    Consolidated identical input bits for $mux cell $ternary$./vsrc/IDU.sv:274$458:
      Old ports: A={ 2'00 $not$./vsrc/IDU.sv:274$457_Y }, B=3'101, Y=$ternary$./vsrc/IDU.sv:274$458_Y
      New ports: A={ 1'0 $not$./vsrc/IDU.sv:274$457_Y }, B=2'11, Y={ $ternary$./vsrc/IDU.sv:274$458_Y [2] $ternary$./vsrc/IDU.sv:274$458_Y [0] }
      New connections: $ternary$./vsrc/IDU.sv:274$458_Y [1] = 1'0
    Consolidated identical input bits for $mux cell $ternary$./vsrc/IDU.sv:403$559:
      Old ports: A={ 1'0 $ternary$./vsrc/IDU.sv:403$558_Y [0] }, B=2'00, Y=$ternary$./vsrc/IDU.sv:403$559_Y
      New ports: A=$ternary$./vsrc/IDU.sv:403$558_Y [0], B=1'0, Y=$ternary$./vsrc/IDU.sv:403$559_Y [0]
      New connections: $ternary$./vsrc/IDU.sv:403$559_Y [1] = 1'0
    Consolidated identical input bits for $mux cell $ternary$./vsrc/IDU.sv:462$572:
      Old ports: A=5'00000, B=5'10010, Y=$ternary$./vsrc/IDU.sv:462$572_Y
      New ports: A=1'0, B=1'1, Y=$ternary$./vsrc/IDU.sv:462$572_Y [1]
      New connections: { $ternary$./vsrc/IDU.sv:462$572_Y [4:2] $ternary$./vsrc/IDU.sv:462$572_Y [0] } = { $ternary$./vsrc/IDU.sv:462$572_Y [1] 3'000 }
    Consolidated identical input bits for $mux cell $ternary$./vsrc/IDU.sv:474$603:
      Old ports: A=2'11, B=2'00, Y=$auto$wreduce.cc:455:run$2247 [1:0]
      New ports: A=1'1, B=1'0, Y=$auto$wreduce.cc:455:run$2247 [0]
      New connections: $auto$wreduce.cc:455:run$2247 [1] = $auto$wreduce.cc:455:run$2247 [0]
    Consolidated identical input bits for $mux cell $ternary$./vsrc/IDU.sv:474$604:
      Old ports: A={ 1'0 $auto$wreduce.cc:455:run$2247 [1:0] }, B=3'010, Y=$ternary$./vsrc/IDU.sv:474$604_Y
      New ports: A=$auto$wreduce.cc:455:run$2247 [1:0], B=2'10, Y=$ternary$./vsrc/IDU.sv:474$604_Y [1:0]
      New connections: $ternary$./vsrc/IDU.sv:474$604_Y [2] = 1'0
    Consolidated identical input bits for $mux cell $ternary$./vsrc/IDU.sv:493$614:
      Old ports: A=3'111, B=3'001, Y=$ternary$./vsrc/IDU.sv:493$614_Y
      New ports: A=1'1, B=1'0, Y=$ternary$./vsrc/IDU.sv:493$614_Y [1]
      New connections: { $ternary$./vsrc/IDU.sv:493$614_Y [2] $ternary$./vsrc/IDU.sv:493$614_Y [0] } = { $ternary$./vsrc/IDU.sv:493$614_Y [1] 1'1 }
    Consolidated identical input bits for $mux cell $ternary$./vsrc/IDU.sv:495$621:
      Old ports: A=4'0000, B=4'1011, Y=\io_pipe_out_bits_id2exe_irq_num
      New ports: A=1'0, B=1'1, Y=\io_pipe_out_bits_id2exe_irq_num [0]
      New connections: \io_pipe_out_bits_id2exe_irq_num [3:1] = { \io_pipe_out_bits_id2exe_irq_num [0] 1'0 \io_pipe_out_bits_id2exe_irq_num [0] }
  Optimizing cells in module \IDU.
    Consolidated identical input bits for $mux cell $ternary$./vsrc/IDU.sv:188$386:
      Old ports: A=$ternary$./vsrc/IDU.sv:188$385_Y, B=3'100, Y=$ternary$./vsrc/IDU.sv:188$386_Y
      New ports: A={ $ternary$./vsrc/IDU.sv:188$385_Y [1] $ternary$./vsrc/IDU.sv:188$385_Y [1] }, B=2'10, Y=$ternary$./vsrc/IDU.sv:188$386_Y [2:1]
      New connections: $ternary$./vsrc/IDU.sv:188$386_Y [0] = 1'0
    Consolidated identical input bits for $mux cell $ternary$./vsrc/IDU.sv:403$560:
      Old ports: A=$ternary$./vsrc/IDU.sv:403$559_Y, B=2'01, Y=$ternary$./vsrc/IDU.sv:403$560_Y
      New ports: A=$ternary$./vsrc/IDU.sv:403$559_Y [0], B=1'1, Y=$ternary$./vsrc/IDU.sv:403$560_Y [0]
      New connections: $ternary$./vsrc/IDU.sv:403$560_Y [1] = 1'0
    Consolidated identical input bits for $mux cell $ternary$./vsrc/IDU.sv:462$573:
      Old ports: A=$ternary$./vsrc/IDU.sv:462$572_Y, B=5'00001, Y=$ternary$./vsrc/IDU.sv:462$573_Y
      New ports: A={ $ternary$./vsrc/IDU.sv:462$572_Y [1] 1'0 }, B=2'01, Y=$ternary$./vsrc/IDU.sv:462$573_Y [1:0]
      New connections: $ternary$./vsrc/IDU.sv:462$573_Y [4:2] = { $ternary$./vsrc/IDU.sv:462$573_Y [1] 2'00 }
    Consolidated identical input bits for $mux cell $ternary$./vsrc/IDU.sv:474$605:
      Old ports: A=$ternary$./vsrc/IDU.sv:474$604_Y, B=3'000, Y=$ternary$./vsrc/IDU.sv:474$605_Y
      New ports: A=$ternary$./vsrc/IDU.sv:474$604_Y [1:0], B=2'00, Y=$ternary$./vsrc/IDU.sv:474$605_Y [1:0]
      New connections: $ternary$./vsrc/IDU.sv:474$605_Y [2] = 1'0
    Consolidated identical input bits for $mux cell $ternary$./vsrc/IDU.sv:493$615:
      Old ports: A=$ternary$./vsrc/IDU.sv:493$614_Y, B=3'000, Y=$ternary$./vsrc/IDU.sv:493$615_Y
      New ports: A={ $ternary$./vsrc/IDU.sv:493$614_Y [1] 1'1 }, B=2'00, Y=$ternary$./vsrc/IDU.sv:493$615_Y [1:0]
      New connections: $ternary$./vsrc/IDU.sv:493$615_Y [2] = $ternary$./vsrc/IDU.sv:493$615_Y [1]
  Optimizing cells in module \IDU.
    Consolidated identical input bits for $mux cell $ternary$./vsrc/IDU.sv:403$561:
      Old ports: A=$ternary$./vsrc/IDU.sv:403$560_Y, B=2'00, Y=$ternary$./vsrc/IDU.sv:403$561_Y
      New ports: A=$ternary$./vsrc/IDU.sv:403$560_Y [0], B=1'0, Y=$ternary$./vsrc/IDU.sv:403$561_Y [0]
      New connections: $ternary$./vsrc/IDU.sv:403$561_Y [1] = 1'0
    Consolidated identical input bits for $mux cell $ternary$./vsrc/IDU.sv:462$574:
      Old ports: A=$ternary$./vsrc/IDU.sv:462$573_Y, B=5'10001, Y=$ternary$./vsrc/IDU.sv:462$574_Y
      New ports: A={ $ternary$./vsrc/IDU.sv:462$573_Y [1] $ternary$./vsrc/IDU.sv:462$573_Y [1:0] }, B=3'101, Y={ $ternary$./vsrc/IDU.sv:462$574_Y [4] $ternary$./vsrc/IDU.sv:462$574_Y [1:0] }
      New connections: $ternary$./vsrc/IDU.sv:462$574_Y [3:2] = 2'00
    Consolidated identical input bits for $mux cell $ternary$./vsrc/IDU.sv:474$606:
      Old ports: A=$ternary$./vsrc/IDU.sv:474$605_Y, B=3'001, Y=$ternary$./vsrc/IDU.sv:474$606_Y
      New ports: A=$ternary$./vsrc/IDU.sv:474$605_Y [1:0], B=2'01, Y=$ternary$./vsrc/IDU.sv:474$606_Y [1:0]
      New connections: $ternary$./vsrc/IDU.sv:474$606_Y [2] = 1'0
  Optimizing cells in module \IDU.
    Consolidated identical input bits for $mux cell $ternary$./vsrc/IDU.sv:403$562:
      Old ports: A=$ternary$./vsrc/IDU.sv:403$561_Y, B=2'01, Y=\io_pipe_out_bits_id2exe_rf_wen
      New ports: A=$ternary$./vsrc/IDU.sv:403$561_Y [0], B=1'1, Y=\io_pipe_out_bits_id2exe_rf_wen [0]
      New connections: \io_pipe_out_bits_id2exe_rf_wen [1] = 1'0
    Consolidated identical input bits for $mux cell $ternary$./vsrc/IDU.sv:462$575:
      Old ports: A=$ternary$./vsrc/IDU.sv:462$574_Y, B=5'00001, Y=$ternary$./vsrc/IDU.sv:462$575_Y
      New ports: A={ $ternary$./vsrc/IDU.sv:462$574_Y [4] $ternary$./vsrc/IDU.sv:462$574_Y [1:0] }, B=3'001, Y={ $ternary$./vsrc/IDU.sv:462$575_Y [4] $ternary$./vsrc/IDU.sv:462$575_Y [1:0] }
      New connections: $ternary$./vsrc/IDU.sv:462$575_Y [3:2] = 2'00
    Consolidated identical input bits for $mux cell $ternary$./vsrc/IDU.sv:474$607:
      Old ports: A=$ternary$./vsrc/IDU.sv:474$606_Y, B=3'000, Y=$ternary$./vsrc/IDU.sv:474$607_Y
      New ports: A=$ternary$./vsrc/IDU.sv:474$606_Y [1:0], B=2'00, Y=$ternary$./vsrc/IDU.sv:474$607_Y [1:0]
      New connections: $ternary$./vsrc/IDU.sv:474$607_Y [2] = 1'0
  Optimizing cells in module \IDU.
    Consolidated identical input bits for $mux cell $ternary$./vsrc/IDU.sv:462$576:
      Old ports: A=$ternary$./vsrc/IDU.sv:462$575_Y, B=5'01111, Y=$ternary$./vsrc/IDU.sv:462$576_Y
      New ports: A={ $ternary$./vsrc/IDU.sv:462$575_Y [4] 1'0 $ternary$./vsrc/IDU.sv:462$575_Y [1:0] }, B=4'0111, Y={ $ternary$./vsrc/IDU.sv:462$576_Y [4] $ternary$./vsrc/IDU.sv:462$576_Y [2:0] }
      New connections: $ternary$./vsrc/IDU.sv:462$576_Y [3] = $ternary$./vsrc/IDU.sv:462$576_Y [2]
    Consolidated identical input bits for $mux cell $ternary$./vsrc/IDU.sv:474$608:
      Old ports: A=$ternary$./vsrc/IDU.sv:474$607_Y, B=3'001, Y=\io_pipe_out_bits_id2exe_wb_sel
      New ports: A=$ternary$./vsrc/IDU.sv:474$607_Y [1:0], B=2'01, Y=\io_pipe_out_bits_id2exe_wb_sel [1:0]
      New connections: \io_pipe_out_bits_id2exe_wb_sel [2] = 1'0
  Optimizing cells in module \IDU.
    Consolidated identical input bits for $mux cell $ternary$./vsrc/IDU.sv:462$577:
      Old ports: A=$ternary$./vsrc/IDU.sv:462$576_Y, B=5'01101, Y=$ternary$./vsrc/IDU.sv:462$577_Y
      New ports: A={ $ternary$./vsrc/IDU.sv:462$576_Y [4] $ternary$./vsrc/IDU.sv:462$576_Y [2:0] }, B=4'0101, Y={ $ternary$./vsrc/IDU.sv:462$577_Y [4] $ternary$./vsrc/IDU.sv:462$577_Y [2:0] }
      New connections: $ternary$./vsrc/IDU.sv:462$577_Y [3] = $ternary$./vsrc/IDU.sv:462$577_Y [2]
  Optimizing cells in module \IDU.
    Consolidated identical input bits for $mux cell $ternary$./vsrc/IDU.sv:462$578:
      Old ports: A=$ternary$./vsrc/IDU.sv:462$577_Y, B=5'10000, Y=$ternary$./vsrc/IDU.sv:462$578_Y
      New ports: A={ $ternary$./vsrc/IDU.sv:462$577_Y [4] $ternary$./vsrc/IDU.sv:462$577_Y [2:0] }, B=4'1000, Y={ $ternary$./vsrc/IDU.sv:462$578_Y [4] $ternary$./vsrc/IDU.sv:462$578_Y [2:0] }
      New connections: $ternary$./vsrc/IDU.sv:462$578_Y [3] = $ternary$./vsrc/IDU.sv:462$578_Y [2]
  Optimizing cells in module \IDU.
    Consolidated identical input bits for $mux cell $ternary$./vsrc/IDU.sv:462$579:
      Old ports: A=$ternary$./vsrc/IDU.sv:462$578_Y, B=5'01110, Y=$ternary$./vsrc/IDU.sv:462$579_Y
      New ports: A={ $ternary$./vsrc/IDU.sv:462$578_Y [4] $ternary$./vsrc/IDU.sv:462$578_Y [2:0] }, B=4'0110, Y={ $ternary$./vsrc/IDU.sv:462$579_Y [4] $ternary$./vsrc/IDU.sv:462$579_Y [2:0] }
      New connections: $ternary$./vsrc/IDU.sv:462$579_Y [3] = $ternary$./vsrc/IDU.sv:462$579_Y [2]
  Optimizing cells in module \IDU.
    Consolidated identical input bits for $mux cell $ternary$./vsrc/IDU.sv:462$580:
      Old ports: A=$ternary$./vsrc/IDU.sv:462$579_Y, B=5'01100, Y=$ternary$./vsrc/IDU.sv:462$580_Y
      New ports: A={ $ternary$./vsrc/IDU.sv:462$579_Y [4] $ternary$./vsrc/IDU.sv:462$579_Y [2:0] }, B=4'0100, Y={ $ternary$./vsrc/IDU.sv:462$580_Y [4] $ternary$./vsrc/IDU.sv:462$580_Y [2:0] }
      New connections: $ternary$./vsrc/IDU.sv:462$580_Y [3] = $ternary$./vsrc/IDU.sv:462$580_Y [2]
  Optimizing cells in module \IDU.
  Optimizing cells in module \IFU.
    Consolidated identical input bits for $mux cell $ternary$./vsrc/IFU.sv:104$1172:
      Old ports: A={ 1'0 $not$./vsrc/IFU.sv:104$1171_Y 1'0 }, B=3'100, Y=$ternary$./vsrc/IFU.sv:104$1172_Y
      New ports: A={ 1'0 $not$./vsrc/IFU.sv:104$1171_Y }, B=2'10, Y=$ternary$./vsrc/IFU.sv:104$1172_Y [2:1]
      New connections: $ternary$./vsrc/IFU.sv:104$1172_Y [0] = 1'0
    Consolidated identical input bits for $mux cell $ternary$./vsrc/IFU.sv:106$1176:
      Old ports: A=3'010, B=3'100, Y=$ternary$./vsrc/IFU.sv:106$1176_Y
      New ports: A=2'01, B=2'10, Y=$ternary$./vsrc/IFU.sv:106$1176_Y [2:1]
      New connections: $ternary$./vsrc/IFU.sv:106$1176_Y [0] = 1'0
    Consolidated identical input bits for $mux cell $ternary$./vsrc/IFU.sv:98$1162:
      Old ports: A=2'11, B=2'00, Y=$auto$wreduce.cc:455:run$2249 [1:0]
      New ports: A=1'1, B=1'0, Y=$auto$wreduce.cc:455:run$2249 [0]
      New connections: $auto$wreduce.cc:455:run$2249 [1] = $auto$wreduce.cc:455:run$2249 [0]
  Optimizing cells in module \IFU.
  Optimizing cells in module \LSU.
    Consolidated identical input bits for $mux cell $ternary$./vsrc/LSU.sv:131$11:
      Old ports: A=2'11, B=2'00, Y=$auto$wreduce.cc:455:run$2252 [1:0]
      New ports: A=1'1, B=1'0, Y=$auto$wreduce.cc:455:run$2252 [0]
      New connections: $auto$wreduce.cc:455:run$2252 [1] = $auto$wreduce.cc:455:run$2252 [0]
    Consolidated identical input bits for $mux cell $ternary$./vsrc/LSU.sv:137$19:
      Old ports: A={ 1'0 $not$./vsrc/LSU.sv:137$18_Y 1'0 }, B=3'100, Y=$ternary$./vsrc/LSU.sv:137$19_Y
      New ports: A={ 1'0 $not$./vsrc/LSU.sv:137$18_Y }, B=2'10, Y=$ternary$./vsrc/LSU.sv:137$19_Y [2:1]
      New connections: $ternary$./vsrc/LSU.sv:137$19_Y [0] = 1'0
    Consolidated identical input bits for $mux cell $ternary$./vsrc/LSU.sv:353$159:
      Old ports: A=4'0000, B=4'1011, Y=$auto$wreduce.cc:455:run$2258 [3:0]
      New ports: A=1'0, B=1'1, Y=$auto$wreduce.cc:455:run$2258 [0]
      New connections: $auto$wreduce.cc:455:run$2258 [3:1] = { $auto$wreduce.cc:455:run$2258 [0] 1'0 $auto$wreduce.cc:455:run$2258 [0] }
  Optimizing cells in module \LSU.
  Optimizing cells in module \NPC.
  Optimizing cells in module \WBU.
  Optimizing cells in module \Xbar.
    Consolidated identical input bits for $mux cell $ternary$./vsrc/Xbar.sv:195$999:
      Old ports: A=2'11, B=2'00, Y=$ternary$./vsrc/Xbar.sv:195$999_Y
      New ports: A=1'1, B=1'0, Y=$ternary$./vsrc/Xbar.sv:195$999_Y [0]
      New connections: $ternary$./vsrc/Xbar.sv:195$999_Y [1] = $ternary$./vsrc/Xbar.sv:195$999_Y [0]
  Optimizing cells in module \Xbar.
  Optimizing cells in module \csr_6x32.
  Optimizing cells in module \gpr_16x32.
  Optimizing cells in module \iCache.
    Consolidated identical input bits for $mux cell $ternary$./vsrc/iCache.sv:205$752:
      Old ports: A=3'000, B=3'101, Y=$ternary$./vsrc/iCache.sv:205$752_Y
      New ports: A=1'0, B=1'1, Y=$ternary$./vsrc/iCache.sv:205$752_Y [0]
      New connections: $ternary$./vsrc/iCache.sv:205$752_Y [2:1] = { $ternary$./vsrc/iCache.sv:205$752_Y [0] 1'0 }
    Consolidated identical input bits for $mux cell $ternary$./vsrc/iCache.sv:220$769:
      Old ports: A=3'101, B=3'000, Y=$ternary$./vsrc/iCache.sv:220$769_Y
      New ports: A=1'1, B=1'0, Y=$ternary$./vsrc/iCache.sv:220$769_Y [0]
      New connections: $ternary$./vsrc/iCache.sv:220$769_Y [2:1] = { $ternary$./vsrc/iCache.sv:220$769_Y [0] 1'0 }
  Optimizing cells in module \iCache.
    Consolidated identical input bits for $mux cell $ternary$./vsrc/iCache.sv:205$753:
      Old ports: A=$ternary$./vsrc/iCache.sv:205$752_Y, B=3'001, Y=$ternary$./vsrc/iCache.sv:205$753_Y
      New ports: A={ $ternary$./vsrc/iCache.sv:205$752_Y [0] $ternary$./vsrc/iCache.sv:205$752_Y [0] }, B=2'01, Y={ $ternary$./vsrc/iCache.sv:205$753_Y [2] $ternary$./vsrc/iCache.sv:205$753_Y [0] }
      New connections: $ternary$./vsrc/iCache.sv:205$753_Y [1] = 1'0
  Optimizing cells in module \iCache.
Performed a total of 36 changes.

19.20.5. Executing OPT_MERGE pass (detect identical cells).
Finding identical cells in module `\CSR'.
Finding identical cells in module `\Clint'.
Finding identical cells in module `\Core'.
Finding identical cells in module `\EXU'.
Finding identical cells in module `\Ebreak'.
Finding identical cells in module `\GPR'.
Finding identical cells in module `\IDU'.
Finding identical cells in module `\IFU'.
Finding identical cells in module `\LSU'.
Finding identical cells in module `\NPC'.
Finding identical cells in module `\WBU'.
Finding identical cells in module `\Xbar'.
Finding identical cells in module `\csr_6x32'.
Finding identical cells in module `\gpr_16x32'.
Finding identical cells in module `\iCache'.
Removed a total of 0 cells.

19.20.6. Executing OPT_RMDFF pass (remove dff with constant values).

19.20.7. Executing OPT_CLEAN pass (remove unused cells and wires).
Finding unused cells or wires in module \CSR..
Finding unused cells or wires in module \Clint..
Finding unused cells or wires in module \Core..
Finding unused cells or wires in module \EXU..
Finding unused cells or wires in module \Ebreak..
Finding unused cells or wires in module \GPR..
Finding unused cells or wires in module \IDU..
Finding unused cells or wires in module \IFU..
Finding unused cells or wires in module \LSU..
Finding unused cells or wires in module \NPC..
Finding unused cells or wires in module \WBU..
Finding unused cells or wires in module \Xbar..
Finding unused cells or wires in module \csr_6x32..
Finding unused cells or wires in module \gpr_16x32..
Finding unused cells or wires in module \iCache..
Removed 0 unused cells and 104 unused wires.
<suppressed ~3 debug messages>

19.20.8. Executing OPT_EXPR pass (perform const folding).
Optimizing module CSR.
Optimizing module Clint.
Optimizing module Core.
Optimizing module EXU.
Optimizing module Ebreak.
Optimizing module GPR.
Optimizing module IDU.
<suppressed ~7 debug messages>
Optimizing module IFU.
<suppressed ~1 debug messages>
Optimizing module LSU.
<suppressed ~2 debug messages>
Optimizing module NPC.
Optimizing module WBU.
Optimizing module Xbar.
<suppressed ~1 debug messages>
Optimizing module csr_6x32.
<suppressed ~3 debug messages>
Optimizing module gpr_16x32.
Optimizing module iCache.
<suppressed ~2 debug messages>

19.20.9. Rerunning OPT passes. (Maybe there is more to do..)

19.20.10. Executing OPT_MUXTREE pass (detect dead branches in mux trees).
Running muxtree optimizer on module \CSR..
  Creating internal representation of mux trees.
  Evaluating internal representation of mux trees.
  Analyzing evaluation results.
Running muxtree optimizer on module \Clint..
  Creating internal representation of mux trees.
  Evaluating internal representation of mux trees.
  Analyzing evaluation results.
Running muxtree optimizer on module \Core..
  Creating internal representation of mux trees.
  Evaluating internal representation of mux trees.
  Analyzing evaluation results.
Running muxtree optimizer on module \EXU..
  Creating internal representation of mux trees.
  Evaluating internal representation of mux trees.
  Analyzing evaluation results.
Running muxtree optimizer on module \Ebreak..
  Creating internal representation of mux trees.
  No muxes found in this module.
Running muxtree optimizer on module \GPR..
  Creating internal representation of mux trees.
  Evaluating internal representation of mux trees.
  Analyzing evaluation results.
Running muxtree optimizer on module \IDU..
  Creating internal representation of mux trees.
  Evaluating internal representation of mux trees.
  Analyzing evaluation results.
Running muxtree optimizer on module \IFU..
  Creating internal representation of mux trees.
  Evaluating internal representation of mux trees.
  Analyzing evaluation results.
Running muxtree optimizer on module \LSU..
  Creating internal representation of mux trees.
  Evaluating internal representation of mux trees.
  Analyzing evaluation results.
Running muxtree optimizer on module \NPC..
  Creating internal representation of mux trees.
  No muxes found in this module.
Running muxtree optimizer on module \WBU..
  Creating internal representation of mux trees.
  Evaluating internal representation of mux trees.
  Analyzing evaluation results.
Running muxtree optimizer on module \Xbar..
  Creating internal representation of mux trees.
  Evaluating internal representation of mux trees.
  Analyzing evaluation results.
Running muxtree optimizer on module \csr_6x32..
  Creating internal representation of mux trees.
  Evaluating internal representation of mux trees.
  Analyzing evaluation results.
Running muxtree optimizer on module \gpr_16x32..
  Creating internal representation of mux trees.
  Evaluating internal representation of mux trees.
  Analyzing evaluation results.
Running muxtree optimizer on module \iCache..
  Creating internal representation of mux trees.
  Evaluating internal representation of mux trees.
  Analyzing evaluation results.
Removed 0 multiplexer ports.
<suppressed ~249 debug messages>

19.20.11. Executing OPT_REDUCE pass (consolidate $*mux and $reduce_* inputs).
  Optimizing cells in module \CSR.
  Optimizing cells in module \Clint.
  Optimizing cells in module \Core.
  Optimizing cells in module \EXU.
  Optimizing cells in module \Ebreak.
  Optimizing cells in module \GPR.
  Optimizing cells in module \IDU.
  Optimizing cells in module \IFU.
  Optimizing cells in module \LSU.
  Optimizing cells in module \NPC.
  Optimizing cells in module \WBU.
  Optimizing cells in module \Xbar.
  Optimizing cells in module \csr_6x32.
  Optimizing cells in module \gpr_16x32.
  Optimizing cells in module \iCache.
Performed a total of 0 changes.

19.20.12. Executing OPT_MERGE pass (detect identical cells).
Finding identical cells in module `\CSR'.
Finding identical cells in module `\Clint'.
Finding identical cells in module `\Core'.
Finding identical cells in module `\EXU'.
Finding identical cells in module `\Ebreak'.
Finding identical cells in module `\GPR'.
Finding identical cells in module `\IDU'.
Finding identical cells in module `\IFU'.
Finding identical cells in module `\LSU'.
Finding identical cells in module `\NPC'.
Finding identical cells in module `\WBU'.
Finding identical cells in module `\Xbar'.
Finding identical cells in module `\csr_6x32'.
Finding identical cells in module `\gpr_16x32'.
Finding identical cells in module `\iCache'.
Removed a total of 0 cells.

19.20.13. Executing OPT_RMDFF pass (remove dff with constant values).

19.20.14. Executing OPT_CLEAN pass (remove unused cells and wires).
Finding unused cells or wires in module \CSR..
Finding unused cells or wires in module \Clint..
Finding unused cells or wires in module \Core..
Finding unused cells or wires in module \EXU..
Finding unused cells or wires in module \Ebreak..
Finding unused cells or wires in module \GPR..
Finding unused cells or wires in module \IDU..
Finding unused cells or wires in module \IFU..
Finding unused cells or wires in module \LSU..
Finding unused cells or wires in module \NPC..
Finding unused cells or wires in module \WBU..
Finding unused cells or wires in module \Xbar..
Finding unused cells or wires in module \csr_6x32..
Finding unused cells or wires in module \gpr_16x32..
Finding unused cells or wires in module \iCache..
Removed 0 unused cells and 7 unused wires.
<suppressed ~4 debug messages>

19.20.15. Executing OPT_EXPR pass (perform const folding).
Optimizing module CSR.
Optimizing module Clint.
Optimizing module Core.
Optimizing module EXU.
Optimizing module Ebreak.
Optimizing module GPR.
Optimizing module IDU.
Optimizing module IFU.
Optimizing module LSU.
Optimizing module NPC.
Optimizing module WBU.
Optimizing module Xbar.
Optimizing module csr_6x32.
Optimizing module gpr_16x32.
Optimizing module iCache.

19.20.16. Finished OPT passes. (There is nothing left to do.)

19.21. Executing TECHMAP pass (map to technology primitives).

19.21.1. Executing Verilog-2005 frontend: <techmap.v>
Parsing Verilog input from `<techmap.v>' to AST representation.
Generating RTLIL representation for module `\_90_simplemap_bool_ops'.
Generating RTLIL representation for module `\_90_simplemap_reduce_ops'.
Generating RTLIL representation for module `\_90_simplemap_logic_ops'.
Generating RTLIL representation for module `\_90_simplemap_compare_ops'.
Generating RTLIL representation for module `\_90_simplemap_various'.
Generating RTLIL representation for module `\_90_simplemap_registers'.
Generating RTLIL representation for module `\_90_shift_ops_shr_shl_sshl_sshr'.
Generating RTLIL representation for module `\_90_shift_shiftx'.
Generating RTLIL representation for module `\_90_fa'.
Generating RTLIL representation for module `\_90_lcu'.
Generating RTLIL representation for module `\_90_alu'.
Generating RTLIL representation for module `\_90_macc'.
Generating RTLIL representation for module `\_90_alumacc'.
Generating RTLIL representation for module `\$__div_mod_u'.
Generating RTLIL representation for module `\$__div_mod'.
Generating RTLIL representation for module `\_90_div'.
Generating RTLIL representation for module `\_90_mod'.
Generating RTLIL representation for module `\_90_pow'.
Generating RTLIL representation for module `\_90_pmux'.
Generating RTLIL representation for module `\_90_lut'.
Successfully finished Verilog frontend.

19.21.2. Continuing TECHMAP pass.
Using extmapper simplemap for cells of type $not.
Using extmapper simplemap for cells of type $and.
Using extmapper simplemap for cells of type $or.
Using extmapper simplemap for cells of type $eq.
Using extmapper simplemap for cells of type $mux.
Using extmapper simplemap for cells of type $logic_not.
Using extmapper simplemap for cells of type $reduce_and.
Using extmapper simplemap for cells of type $reduce_or.
Using template $paramod$constmap:02ee4fad4c1ffc2bbdc3e6fbc37bedbf9185352a$paramod$770435fdf938ca78b5f1ecab2552fff9f675f686\_90_shift_ops_shr_shl_sshl_sshr for cells of type $shr.
Using template $paramod$constmap:02ee4fad4c1ffc2bbdc3e6fbc37bedbf9185352a$paramod$887c9fe2c55be14c90171bd2ff359c086a0858d7\_90_shift_ops_shr_shl_sshl_sshr for cells of type $shl.
Using template $paramod$constmap:c437340919a39d191a98d57bc17120a7f8390bd4$paramod$d4def193cd529eb38149de5b5bed1916da1c61dd\_90_shift_ops_shr_shl_sshl_sshr for cells of type $shl.
Using template $paramod$constmap:b17afeed8a13da7413ef8f143b417f18de1a06bb$paramod$2e16fb5d4c8454cf59bea7f5922ce63772e0bada\_90_shift_ops_shr_shl_sshl_sshr for cells of type $shl.
Using template $paramod$constmap:66d421c313e4e958be776b99540ac2de3b59fdbc$paramod$9b74a473ccd678a23e1df4cc12019cbbece20051\_90_shift_ops_shr_shl_sshl_sshr for cells of type $shl.
Using template $paramod\_90_alu\A_SIGNED=0\B_SIGNED=0\A_WIDTH=3\B_WIDTH=32\Y_WIDTH=32 for cells of type $alu.
Using template $paramod\_90_pmux\WIDTH=2\S_WIDTH=2 for cells of type $pmux.
Using extmapper simplemap for cells of type $dff.
Using extmapper simplemap for cells of type $xor.
Using template $paramod\_90_lcu\WIDTH=32 for cells of type $lcu.
Using extmapper simplemap for cells of type $pos.
Using extmapper simplemap for cells of type $ne.
Using template $paramod\_90_pmux\WIDTH=32\S_WIDTH=5 for cells of type $pmux.
Using template $paramod\_90_pmux\WIDTH=32\S_WIDTH=3 for cells of type $pmux.
Using extmapper simplemap for cells of type $adff.
Analyzing pattern of constant bits for this cell:
Creating constmapped module `$paramod$constmap:4621fcf06a436d1e2a4080e2ed9866a7d07a6e07$paramod$887c9fe2c55be14c90171bd2ff359c086a0858d7\_90_shift_ops_shr_shl_sshl_sshr'.

19.21.40. Executing OPT_MUXTREE pass (detect dead branches in mux trees).
Running muxtree optimizer on module $paramod$constmap:4621fcf06a436d1e2a4080e2ed9866a7d07a6e07$paramod$887c9fe2c55be14c90171bd2ff359c086a0858d7\_90_shift_ops_shr_shl_sshl_sshr..
  Creating internal representation of mux trees.
  No muxes found in this module.
Removed 0 multiplexer ports.
<suppressed ~3034 debug messages>

19.21.41. Executing OPT_EXPR pass (perform const folding).
Optimizing module $paramod$constmap:4621fcf06a436d1e2a4080e2ed9866a7d07a6e07$paramod$887c9fe2c55be14c90171bd2ff359c086a0858d7\_90_shift_ops_shr_shl_sshl_sshr.
<suppressed ~192 debug messages>
Removed 0 unused cells and 10 unused wires.
Using template $paramod$constmap:4621fcf06a436d1e2a4080e2ed9866a7d07a6e07$paramod$887c9fe2c55be14c90171bd2ff359c086a0858d7\_90_shift_ops_shr_shl_sshl_sshr for cells of type $shl.
Analyzing pattern of constant bits for this cell:
Creating constmapped module `$paramod$constmap:4621fcf06a436d1e2a4080e2ed9866a7d07a6e07$paramod$770435fdf938ca78b5f1ecab2552fff9f675f686\_90_shift_ops_shr_shl_sshl_sshr'.

19.21.42. Executing OPT_MUXTREE pass (detect dead branches in mux trees).
Running muxtree optimizer on module $paramod$constmap:4621fcf06a436d1e2a4080e2ed9866a7d07a6e07$paramod$770435fdf938ca78b5f1ecab2552fff9f675f686\_90_shift_ops_shr_shl_sshl_sshr..
  Creating internal representation of mux trees.
  No muxes found in this module.
Removed 0 multiplexer ports.
<suppressed ~11 debug messages>

19.21.43. Executing OPT_EXPR pass (perform const folding).
Optimizing module $paramod$constmap:4621fcf06a436d1e2a4080e2ed9866a7d07a6e07$paramod$770435fdf938ca78b5f1ecab2552fff9f675f686\_90_shift_ops_shr_shl_sshl_sshr.
<suppressed ~352 debug messages>
Removed 0 unused cells and 15 unused wires.
Using template $paramod$constmap:4621fcf06a436d1e2a4080e2ed9866a7d07a6e07$paramod$770435fdf938ca78b5f1ecab2552fff9f675f686\_90_shift_ops_shr_shl_sshl_sshr for cells of type $shr.
Using template $paramod$constmap:4621fcf06a436d1e2a4080e2ed9866a7d07a6e07$paramod$943af4e63d02cf420cf82d17400bd04ea07088b0\_90_shift_ops_shr_shl_sshl_sshr for cells of type $sshr.
Using template $paramod\_90_alu\A_SIGNED=0\B_SIGNED=0\A_WIDTH=32\B_WIDTH=32\Y_WIDTH=32 for cells of type $alu.
Using template $paramod\_90_alu\A_SIGNED=1\B_SIGNED=1\A_WIDTH=32\B_WIDTH=32\Y_WIDTH=32 for cells of type $alu.
Using template $paramod\_90_alu\A_SIGNED=0\B_SIGNED=0\A_WIDTH=2\B_WIDTH=2\Y_WIDTH=2 for cells of type $alu.
Using template $paramod\_90_alu\A_SIGNED=0\B_SIGNED=0\A_WIDTH=1\B_WIDTH=1\Y_WIDTH=1 for cells of type $alu.
Using template $paramod\_90_alu\A_SIGNED=0\B_SIGNED=0\A_WIDTH=1\B_WIDTH=2\Y_WIDTH=2 for cells of type $alu.
Using extmapper maccmap for cells of type $macc.
  add \io_in_araddr (32 bits, unsigned)
  add { \_out_araddr_T_1 2'00 } (4 bits, unsigned)
  sub \io_in_araddr [2:0] (3 bits, unsigned)
Using template $paramod\_90_alu\A_SIGNED=0\B_SIGNED=0\A_WIDTH=2\B_WIDTH=1\Y_WIDTH=2 for cells of type $alu.
Using template $paramod\_90_pmux\WIDTH=32\S_WIDTH=2 for cells of type $pmux.
Using template $paramod\_90_pmux\WIDTH=3\S_WIDTH=6 for cells of type $pmux.
Using template $paramod\_90_pmux\WIDTH=27\S_WIDTH=3 for cells of type $pmux.
Using template $paramod\_90_pmux\WIDTH=1\S_WIDTH=3 for cells of type $pmux.
Using template $paramod\_90_fa\WIDTH=32 for cells of type $fa.
Using template $paramod\_90_lcu\WIDTH=2 for cells of type $lcu.
Using template $paramod\_90_lcu\WIDTH=1 for cells of type $lcu.
Using template $paramod\_90_alu\A_SIGNED=0\B_SIGNED=0\A_WIDTH=8\B_WIDTH=1\Y_WIDTH=8 for cells of type $alu.
Using template $paramod\_90_alu\A_SIGNED=0\B_SIGNED=0\A_WIDTH=1\B_WIDTH=8\Y_WIDTH=8 for cells of type $alu.
Using template $paramod\_90_pmux\WIDTH=4\S_WIDTH=2 for cells of type $pmux.
Using template $paramod\_90_pmux\WIDTH=3\S_WIDTH=2 for cells of type $pmux.
Using template $paramod\_90_pmux\WIDTH=2\S_WIDTH=3 for cells of type $pmux.
Using template $paramod\_90_alu\A_SIGNED=0\B_SIGNED=0\A_WIDTH=26\B_WIDTH=32\Y_WIDTH=32 for cells of type $alu.
Using template $paramod\_90_lcu\WIDTH=8 for cells of type $lcu.
Using template $paramod\_90_alu\A_SIGNED=0\B_SIGNED=0\A_WIDTH=1\B_WIDTH=64\Y_WIDTH=64 for cells of type $alu.
Using template $paramod\_90_alu\A_SIGNED=0\B_SIGNED=0\A_WIDTH=4\B_WIDTH=1\Y_WIDTH=4 for cells of type $alu.
Using extmapper simplemap for cells of type $dffsr.
Using template $paramod\_90_lcu\WIDTH=64 for cells of type $lcu.
Using template $paramod\_90_lcu\WIDTH=4 for cells of type $lcu.
No more expansions possible.
<suppressed ~3953 debug messages>

19.22. Executing OPT pass (performing simple optimizations).

19.22.1. Executing OPT_EXPR pass (perform const folding).
Optimizing module CSR.
<suppressed ~97 debug messages>
Optimizing module Clint.
<suppressed ~572 debug messages>
Optimizing module Core.
<suppressed ~3 debug messages>
Optimizing module EXU.
<suppressed ~584 debug messages>
Optimizing module Ebreak.
Optimizing module GPR.
<suppressed ~1 debug messages>
Optimizing module IDU.
<suppressed ~699 debug messages>
Optimizing module IFU.
<suppressed ~218 debug messages>
Optimizing module LSU.
<suppressed ~590 debug messages>
Optimizing module NPC.
Optimizing module WBU.
Optimizing module Xbar.
<suppressed ~457 debug messages>
Optimizing module csr_6x32.
Optimizing module gpr_16x32.
Optimizing module iCache.
<suppressed ~593 debug messages>

19.22.2. Executing OPT_MERGE pass (detect identical cells).
Finding identical cells in module `\CSR'.
<suppressed ~270 debug messages>
Finding identical cells in module `\Clint'.
<suppressed ~81 debug messages>
Finding identical cells in module `\Core'.
Finding identical cells in module `\EXU'.
<suppressed ~1761 debug messages>
Finding identical cells in module `\Ebreak'.
Finding identical cells in module `\GPR'.
Finding identical cells in module `\IDU'.
<suppressed ~2199 debug messages>
Finding identical cells in module `\IFU'.
<suppressed ~21 debug messages>
Finding identical cells in module `\LSU'.
<suppressed ~66 debug messages>
Finding identical cells in module `\NPC'.
Finding identical cells in module `\WBU'.
Finding identical cells in module `\Xbar'.
<suppressed ~201 debug messages>
Finding identical cells in module `\csr_6x32'.
Finding identical cells in module `\gpr_16x32'.
Finding identical cells in module `\iCache'.
<suppressed ~189 debug messages>
Removed a total of 1596 cells.

19.22.3. Executing OPT_RMDFF pass (remove dff with constant values).

19.22.4. Executing OPT_CLEAN pass (remove unused cells and wires).
Finding unused cells or wires in module \CSR..
Finding unused cells or wires in module \Clint..
Finding unused cells or wires in module \Core..
Finding unused cells or wires in module \EXU..
Finding unused cells or wires in module \Ebreak..
Finding unused cells or wires in module \GPR..
Finding unused cells or wires in module \IDU..
Finding unused cells or wires in module \IFU..
Finding unused cells or wires in module \LSU..
Finding unused cells or wires in module \NPC..
Finding unused cells or wires in module \WBU..
Finding unused cells or wires in module \Xbar..
Finding unused cells or wires in module \csr_6x32..
Finding unused cells or wires in module \gpr_16x32..
Finding unused cells or wires in module \iCache..
Removed 527 unused cells and 2985 unused wires.
<suppressed ~540 debug messages>

19.22.5. Finished fast OPT passes.

19.23. Executing ABC pass (technology mapping using ABC).

19.23.1. Extracting gate netlist of module `\CSR' to `<abc-temp-dir>/input.blif'..
Extracted 111 gates and 141 wires to a netlist network with 28 inputs and 8 outputs.

19.23.1.1. Executing ABC.
Running ABC command: berkeley-abc -s -f <abc-temp-dir>/abc.script 2>&1
ABC: ABC command line: "source <abc-temp-dir>/abc.script".
ABC: 
ABC: + read_blif <abc-temp-dir>/input.blif 
ABC: + read_library <abc-temp-dir>/stdcells.genlib 
ABC: Entered genlib library with 17 gates from file "<abc-temp-dir>/stdcells.genlib".
ABC: + strash 
ABC: + dretime 
ABC: + retime 
ABC: + map 
ABC: + write_blif <abc-temp-dir>/output.blif 

19.23.1.2. Re-integrating ABC results.
ABC RESULTS:               AND cells:        4
ABC RESULTS:            ANDNOT cells:       11
ABC RESULTS:              AOI3 cells:        3
ABC RESULTS:              NAND cells:        4
ABC RESULTS:               NOR cells:        3
ABC RESULTS:               NOT cells:        1
ABC RESULTS:              OAI3 cells:        4
ABC RESULTS:                OR cells:       35
ABC RESULTS:             ORNOT cells:       12
ABC RESULTS:        internal signals:      105
ABC RESULTS:           input signals:       28
ABC RESULTS:          output signals:        8
Removing temp directory.

19.23.2. Extracting gate netlist of module `\Clint' to `<abc-temp-dir>/input.blif'..
Extracted 418 gates and 574 wires to a netlist network with 154 inputs and 121 outputs.

19.23.2.1. Executing ABC.
Running ABC command: berkeley-abc -s -f <abc-temp-dir>/abc.script 2>&1
ABC: ABC command line: "source <abc-temp-dir>/abc.script".
ABC: 
ABC: + read_blif <abc-temp-dir>/input.blif 
ABC: + read_library <abc-temp-dir>/stdcells.genlib 
ABC: Entered genlib library with 17 gates from file "<abc-temp-dir>/stdcells.genlib".
ABC: + strash 
ABC: + dretime 
ABC: + retime 
ABC: + map 
ABC: + write_blif <abc-temp-dir>/output.blif 

19.23.2.2. Re-integrating ABC results.
ABC RESULTS:               AND cells:       46
ABC RESULTS:            ANDNOT cells:       69
ABC RESULTS:               MUX cells:       75
ABC RESULTS:              NAND cells:       33
ABC RESULTS:               NOR cells:       14
ABC RESULTS:               NOT cells:       10
ABC RESULTS:                OR cells:       74
ABC RESULTS:             ORNOT cells:        9
ABC RESULTS:              XNOR cells:       27
ABC RESULTS:               XOR cells:       43
ABC RESULTS:        internal signals:      299
ABC RESULTS:           input signals:      154
ABC RESULTS:          output signals:      121
Removing temp directory.

19.23.3. Extracting gate netlist of module `\Core' to `<abc-temp-dir>/input.blif'..
Extracted 957 gates and 2301 wires to a netlist network with 1342 inputs and 642 outputs.

19.23.3.1. Executing ABC.
Running ABC command: berkeley-abc -s -f <abc-temp-dir>/abc.script 2>&1
ABC: ABC command line: "source <abc-temp-dir>/abc.script".
ABC: 
ABC: + read_blif <abc-temp-dir>/input.blif 
ABC: + read_library <abc-temp-dir>/stdcells.genlib 
ABC: Entered genlib library with 17 gates from file "<abc-temp-dir>/stdcells.genlib".
ABC: + strash 
ABC: + dretime 
ABC: + retime 
ABC: + map 
ABC: + write_blif <abc-temp-dir>/output.blif 

19.23.3.2. Re-integrating ABC results.
ABC RESULTS:               AND cells:        4
ABC RESULTS:            ANDNOT cells:       68
ABC RESULTS:              AOI3 cells:        4
ABC RESULTS:              AOI4 cells:        2
ABC RESULTS:               MUX cells:      649
ABC RESULTS:              NAND cells:        5
ABC RESULTS:               NOR cells:        2
ABC RESULTS:               NOT cells:       11
ABC RESULTS:              OAI3 cells:        4
ABC RESULTS:              OAI4 cells:        1
ABC RESULTS:                OR cells:       70
ABC RESULTS:             ORNOT cells:        9
ABC RESULTS:              XNOR cells:       10
ABC RESULTS:               XOR cells:       94
ABC RESULTS:        internal signals:      317
ABC RESULTS:           input signals:     1342
ABC RESULTS:          output signals:      642
Removing temp directory.

19.23.4. Extracting gate netlist of module `\EXU' to `<abc-temp-dir>/input.blif'..
Extracted 1580 gates and 1724 wires to a netlist network with 142 inputs and 69 outputs.

19.23.4.1. Executing ABC.
Running ABC command: berkeley-abc -s -f <abc-temp-dir>/abc.script 2>&1
ABC: ABC command line: "source <abc-temp-dir>/abc.script".
ABC: 
ABC: + read_blif <abc-temp-dir>/input.blif 
ABC: + read_library <abc-temp-dir>/stdcells.genlib 
ABC: Entered genlib library with 17 gates from file "<abc-temp-dir>/stdcells.genlib".
ABC: + strash 
ABC: + dretime 
ABC: + retime 
ABC: + map 
ABC: + write_blif <abc-temp-dir>/output.blif 

19.23.4.2. Re-integrating ABC results.
ABC RESULTS:               AND cells:       50
ABC RESULTS:            ANDNOT cells:      216
ABC RESULTS:              AOI3 cells:       97
ABC RESULTS:               MUX cells:      563
ABC RESULTS:              NAND cells:       38
ABC RESULTS:               NOR cells:       45
ABC RESULTS:               NOT cells:      111
ABC RESULTS:              OAI3 cells:       78
ABC RESULTS:                OR cells:      126
ABC RESULTS:             ORNOT cells:       57
ABC RESULTS:              XNOR cells:       80
ABC RESULTS:               XOR cells:       80
ABC RESULTS:        internal signals:     1513
ABC RESULTS:           input signals:      142
ABC RESULTS:          output signals:       69
Removing temp directory.

19.23.5. Extracting gate netlist of module `\Ebreak' to `<abc-temp-dir>/input.blif'..
Extracted 0 gates and 0 wires to a netlist network with 0 inputs and 0 outputs.
Don't call ABC as there is nothing to map.
Removing temp directory.

19.23.6. Extracting gate netlist of module `\GPR' to `<abc-temp-dir>/input.blif'..
Extracted 80 gates and 163 wires to a netlist network with 81 inputs and 65 outputs.

19.23.6.1. Executing ABC.
Running ABC command: berkeley-abc -s -f <abc-temp-dir>/abc.script 2>&1
ABC: ABC command line: "source <abc-temp-dir>/abc.script".
ABC: 
ABC: + read_blif <abc-temp-dir>/input.blif 
ABC: + read_library <abc-temp-dir>/stdcells.genlib 
ABC: Entered genlib library with 17 gates from file "<abc-temp-dir>/stdcells.genlib".
ABC: + strash 
ABC: + dretime 
ABC: + retime 
ABC: + map 
ABC: + write_blif <abc-temp-dir>/output.blif 

19.23.6.2. Re-integrating ABC results.
ABC RESULTS:            ANDNOT cells:        3
ABC RESULTS:              AOI3 cells:       65
ABC RESULTS:               NOR cells:        3
ABC RESULTS:               NOT cells:       67
ABC RESULTS:                OR cells:        3
ABC RESULTS:             ORNOT cells:        1
ABC RESULTS:        internal signals:       17
ABC RESULTS:           input signals:       81
ABC RESULTS:          output signals:       65
Removing temp directory.

19.23.7. Extracting gate netlist of module `\IDU' to `<abc-temp-dir>/input.blif'..
Extracted 1170 gates and 1374 wires to a netlist network with 202 inputs and 166 outputs.

19.23.7.1. Executing ABC.
Running ABC command: berkeley-abc -s -f <abc-temp-dir>/abc.script 2>&1
ABC: ABC command line: "source <abc-temp-dir>/abc.script".
ABC: 
ABC: + read_blif <abc-temp-dir>/input.blif 
ABC: + read_library <abc-temp-dir>/stdcells.genlib 
ABC: Entered genlib library with 17 gates from file "<abc-temp-dir>/stdcells.genlib".
ABC: + strash 
ABC: + dretime 
ABC: + retime 
ABC: + map 
ABC: + write_blif <abc-temp-dir>/output.blif 

19.23.7.2. Re-integrating ABC results.
ABC RESULTS:               AND cells:        2
ABC RESULTS:            ANDNOT cells:      169
ABC RESULTS:              AOI3 cells:       90
ABC RESULTS:              AOI4 cells:        6
ABC RESULTS:               MUX cells:       74
ABC RESULTS:              NAND cells:       16
ABC RESULTS:               NOR cells:       53
ABC RESULTS:               NOT cells:      132
ABC RESULTS:              OAI3 cells:       52
ABC RESULTS:              OAI4 cells:       33
ABC RESULTS:                OR cells:      256
ABC RESULTS:             ORNOT cells:       63
ABC RESULTS:        internal signals:     1006
ABC RESULTS:           input signals:      202
ABC RESULTS:          output signals:      166
Removing temp directory.

19.23.8. Extracting gate netlist of module `\IFU' to `<abc-temp-dir>/input.blif'..
Extracted 347 gates and 527 wires to a netlist network with 178 inputs and 41 outputs.

19.23.8.1. Executing ABC.
Running ABC command: berkeley-abc -s -f <abc-temp-dir>/abc.script 2>&1
ABC: ABC command line: "source <abc-temp-dir>/abc.script".
ABC: 
ABC: + read_blif <abc-temp-dir>/input.blif 
ABC: + read_library <abc-temp-dir>/stdcells.genlib 
ABC: Entered genlib library with 17 gates from file "<abc-temp-dir>/stdcells.genlib".
ABC: + strash 
ABC: + dretime 
ABC: + retime 
ABC: + map 
ABC: + write_blif <abc-temp-dir>/output.blif 

19.23.8.2. Re-integrating ABC results.
ABC RESULTS:               AND cells:       14
ABC RESULTS:            ANDNOT cells:       34
ABC RESULTS:              AOI3 cells:        7
ABC RESULTS:               MUX cells:      165
ABC RESULTS:              NAND cells:       20
ABC RESULTS:               NOR cells:        5
ABC RESULTS:               NOT cells:       10
ABC RESULTS:              OAI3 cells:        5
ABC RESULTS:                OR cells:       18
ABC RESULTS:             ORNOT cells:       15
ABC RESULTS:              XNOR cells:        6
ABC RESULTS:               XOR cells:       23
ABC RESULTS:        internal signals:      308
ABC RESULTS:           input signals:      178
ABC RESULTS:          output signals:       41
Removing temp directory.

19.23.9. Extracting gate netlist of module `\LSU' to `<abc-temp-dir>/input.blif'..
Extracted 970 gates and 1243 wires to a netlist network with 271 inputs and 184 outputs.

19.23.9.1. Executing ABC.
Running ABC command: berkeley-abc -s -f <abc-temp-dir>/abc.script 2>&1
ABC: ABC command line: "source <abc-temp-dir>/abc.script".
ABC: 
ABC: + read_blif <abc-temp-dir>/input.blif 
ABC: + read_library <abc-temp-dir>/stdcells.genlib 
ABC: Entered genlib library with 17 gates from file "<abc-temp-dir>/stdcells.genlib".
ABC: + strash 
ABC: + dretime 
ABC: + retime 
ABC: + map 
ABC: + write_blif <abc-temp-dir>/output.blif 

19.23.9.2. Re-integrating ABC results.
ABC RESULTS:               AND cells:       18
ABC RESULTS:            ANDNOT cells:      220
ABC RESULTS:              AOI3 cells:        7
ABC RESULTS:              AOI4 cells:        2
ABC RESULTS:               MUX cells:      354
ABC RESULTS:              NAND cells:       64
ABC RESULTS:               NOR cells:        9
ABC RESULTS:               NOT cells:       56
ABC RESULTS:              OAI3 cells:       40
ABC RESULTS:                OR cells:       84
ABC RESULTS:             ORNOT cells:       56
ABC RESULTS:               XOR cells:       29
ABC RESULTS:        internal signals:      788
ABC RESULTS:           input signals:      271
ABC RESULTS:          output signals:      184
Removing temp directory.

19.23.10. Extracting gate netlist of module `\NPC' to `<abc-temp-dir>/input.blif'..
Extracted 0 gates and 0 wires to a netlist network with 0 inputs and 0 outputs.
Don't call ABC as there is nothing to map.
Removing temp directory.

19.23.11. Extracting gate netlist of module `\WBU' to `<abc-temp-dir>/input.blif'..
Extracted 21 gates and 34 wires to a netlist network with 12 inputs and 9 outputs.

19.23.11.1. Executing ABC.
Running ABC command: berkeley-abc -s -f <abc-temp-dir>/abc.script 2>&1
ABC: ABC command line: "source <abc-temp-dir>/abc.script".
ABC: 
ABC: + read_blif <abc-temp-dir>/input.blif 
ABC: + read_library <abc-temp-dir>/stdcells.genlib 
ABC: Entered genlib library with 17 gates from file "<abc-temp-dir>/stdcells.genlib".
ABC: + strash 
ABC: + dretime 
ABC: + retime 
ABC: + map 
ABC: + write_blif <abc-temp-dir>/output.blif 

19.23.11.2. Re-integrating ABC results.
ABC RESULTS:               AND cells:        2
ABC RESULTS:            ANDNOT cells:        9
ABC RESULTS:              AOI3 cells:        1
ABC RESULTS:               MUX cells:        2
ABC RESULTS:              NAND cells:        4
ABC RESULTS:               NOT cells:        2
ABC RESULTS:                OR cells:        2
ABC RESULTS:        internal signals:       13
ABC RESULTS:           input signals:       12
ABC RESULTS:          output signals:        9
Removing temp directory.

19.23.12. Extracting gate netlist of module `\Xbar' to `<abc-temp-dir>/input.blif'..
Extracted 1331 gates and 1799 wires to a netlist network with 466 inputs and 413 outputs.

19.23.12.1. Executing ABC.
Running ABC command: berkeley-abc -s -f <abc-temp-dir>/abc.script 2>&1
ABC: ABC command line: "source <abc-temp-dir>/abc.script".
ABC: 
ABC: + read_blif <abc-temp-dir>/input.blif 
ABC: + read_library <abc-temp-dir>/stdcells.genlib 
ABC: Entered genlib library with 17 gates from file "<abc-temp-dir>/stdcells.genlib".
ABC: + strash 
ABC: + dretime 
ABC: + retime 
ABC: + map 
ABC: + write_blif <abc-temp-dir>/output.blif 

19.23.12.2. Re-integrating ABC results.
ABC RESULTS:               AND cells:       10
ABC RESULTS:            ANDNOT cells:      292
ABC RESULTS:              AOI3 cells:        4
ABC RESULTS:              AOI4 cells:      108
ABC RESULTS:               MUX cells:      280
ABC RESULTS:              NAND cells:        8
ABC RESULTS:               NOR cells:        8
ABC RESULTS:               NOT cells:       18
ABC RESULTS:              OAI3 cells:        7
ABC RESULTS:              OAI4 cells:        2
ABC RESULTS:                OR cells:       81
ABC RESULTS:             ORNOT cells:       43
ABC RESULTS:              XNOR cells:        4
ABC RESULTS:               XOR cells:       11
ABC RESULTS:        internal signals:      920
ABC RESULTS:           input signals:      466
ABC RESULTS:          output signals:      413
Removing temp directory.

19.23.13. Extracting gate netlist of module `\csr_6x32' to `<abc-temp-dir>/input.blif'..
Extracted 1740 gates and 2157 wires to a netlist network with 417 inputs and 288 outputs.

19.23.13.1. Executing ABC.
Running ABC command: berkeley-abc -s -f <abc-temp-dir>/abc.script 2>&1
ABC: ABC command line: "source <abc-temp-dir>/abc.script".
ABC: 
ABC: + read_blif <abc-temp-dir>/input.blif 
ABC: + read_library <abc-temp-dir>/stdcells.genlib 
ABC: Entered genlib library with 17 gates from file "<abc-temp-dir>/stdcells.genlib".
ABC: + strash 
ABC: + dretime 
ABC: + retime 
ABC: + map 
ABC: + write_blif <abc-temp-dir>/output.blif 

19.23.13.2. Re-integrating ABC results.
ABC RESULTS:            ANDNOT cells:       36
ABC RESULTS:               MUX cells:     1632
ABC RESULTS:              NAND cells:        1
ABC RESULTS:               NOT cells:       12
ABC RESULTS:                OR cells:       41
ABC RESULTS:             ORNOT cells:       12
ABC RESULTS:        internal signals:     1452
ABC RESULTS:           input signals:      417
ABC RESULTS:          output signals:      288
Removing temp directory.

19.23.14. Extracting gate netlist of module `\gpr_16x32' to `<abc-temp-dir>/input.blif'..
Extracted 1516 gates and 2073 wires to a netlist network with 557 inputs and 576 outputs.

19.23.14.1. Executing ABC.
Running ABC command: berkeley-abc -s -f <abc-temp-dir>/abc.script 2>&1
ABC: ABC command line: "source <abc-temp-dir>/abc.script".
ABC: 
ABC: + read_blif <abc-temp-dir>/input.blif 
ABC: + read_library <abc-temp-dir>/stdcells.genlib 
ABC: Entered genlib library with 17 gates from file "<abc-temp-dir>/stdcells.genlib".
ABC: + strash 
ABC: + dretime 
ABC: + retime 
ABC: + map 
ABC: + write_blif <abc-temp-dir>/output.blif 

19.23.14.2. Re-integrating ABC results.
ABC RESULTS:            ANDNOT cells:        2
ABC RESULTS:               MUX cells:     1472
ABC RESULTS:              NAND cells:        2
ABC RESULTS:               NOT cells:        7
ABC RESULTS:                OR cells:       34
ABC RESULTS:             ORNOT cells:        4
ABC RESULTS:        internal signals:      940
ABC RESULTS:           input signals:      557
ABC RESULTS:          output signals:      576
Removing temp directory.

19.23.15. Extracting gate netlist of module `\iCache' to `<abc-temp-dir>/input.blif'..
Extracted 2518 gates and 3197 wires to a netlist network with 677 inputs and 607 outputs.

19.23.15.1. Executing ABC.
Running ABC command: berkeley-abc -s -f <abc-temp-dir>/abc.script 2>&1
ABC: ABC command line: "source <abc-temp-dir>/abc.script".
ABC: 
ABC: + read_blif <abc-temp-dir>/input.blif 
ABC: + read_library <abc-temp-dir>/stdcells.genlib 
ABC: Entered genlib library with 17 gates from file "<abc-temp-dir>/stdcells.genlib".
ABC: + strash 
ABC: + dretime 
ABC: + retime 
ABC: + map 
ABC: + write_blif <abc-temp-dir>/output.blif 

19.23.15.2. Re-integrating ABC results.
ABC RESULTS:               AND cells:       13
ABC RESULTS:            ANDNOT cells:      658
ABC RESULTS:              AOI3 cells:      126
ABC RESULTS:              AOI4 cells:        1
ABC RESULTS:               MUX cells:      783
ABC RESULTS:              NAND cells:       26
ABC RESULTS:               NOR cells:       55
ABC RESULTS:               NOT cells:      465
ABC RESULTS:              OAI3 cells:       28
ABC RESULTS:              OAI4 cells:       94
ABC RESULTS:                OR cells:       75
ABC RESULTS:             ORNOT cells:      110
ABC RESULTS:              XNOR cells:       21
ABC RESULTS:               XOR cells:       68
ABC RESULTS:        internal signals:     1913
ABC RESULTS:           input signals:      677
ABC RESULTS:          output signals:      607
Removing temp directory.

19.24. Executing OPT pass (performing simple optimizations).

19.24.1. Executing OPT_EXPR pass (perform const folding).
Optimizing module CSR.
Optimizing module Clint.
<suppressed ~2 debug messages>
Optimizing module Core.
Optimizing module EXU.
<suppressed ~93 debug messages>
Optimizing module Ebreak.
Optimizing module GPR.
Optimizing module IDU.
<suppressed ~2 debug messages>
Optimizing module IFU.
<suppressed ~32 debug messages>
Optimizing module LSU.
<suppressed ~33 debug messages>
Optimizing module NPC.
Optimizing module WBU.
<suppressed ~2 debug messages>
Optimizing module Xbar.
Optimizing module csr_6x32.
<suppressed ~192 debug messages>
Optimizing module gpr_16x32.
<suppressed ~448 debug messages>
Optimizing module iCache.
<suppressed ~64 debug messages>

19.24.2. Executing OPT_MERGE pass (detect identical cells).
Finding identical cells in module `\CSR'.
Finding identical cells in module `\Clint'.
Finding identical cells in module `\Core'.
Finding identical cells in module `\EXU'.
Finding identical cells in module `\Ebreak'.
Finding identical cells in module `\GPR'.
Finding identical cells in module `\IDU'.
Finding identical cells in module `\IFU'.
Finding identical cells in module `\LSU'.
<suppressed ~3 debug messages>
Finding identical cells in module `\NPC'.
Finding identical cells in module `\WBU'.
Finding identical cells in module `\Xbar'.
<suppressed ~9 debug messages>
Finding identical cells in module `\csr_6x32'.
Finding identical cells in module `\gpr_16x32'.
Finding identical cells in module `\iCache'.
<suppressed ~3 debug messages>
Removed a total of 5 cells.

19.24.3. Executing OPT_RMDFF pass (remove dff with constant values).

19.24.4. Executing OPT_CLEAN pass (remove unused cells and wires).
Finding unused cells or wires in module \CSR..
Finding unused cells or wires in module \Clint..
Finding unused cells or wires in module \Core..
Finding unused cells or wires in module \EXU..
Finding unused cells or wires in module \Ebreak..
Finding unused cells or wires in module \GPR..
Finding unused cells or wires in module \IDU..
Finding unused cells or wires in module \IFU..
Finding unused cells or wires in module \LSU..
Finding unused cells or wires in module \NPC..
Finding unused cells or wires in module \WBU..
Finding unused cells or wires in module \Xbar..
Finding unused cells or wires in module \csr_6x32..
Finding unused cells or wires in module \gpr_16x32..
Finding unused cells or wires in module \iCache..
Removed 19 unused cells and 9509 unused wires.
<suppressed ~218 debug messages>

19.24.5. Finished fast OPT passes.

19.25. Executing HIERARCHY pass (managing design hierarchy).

19.25.1. Analyzing design hierarchy..
Top module:  \NPC
Used module:     \Clint
Used module:     \Core
Used module:         \CSR
Used module:             \csr_6x32
Used module:         \EXU
Used module:         \GPR
Used module:             \gpr_16x32
Used module:         \iCache
Used module:         \IDU
Used module:         \IFU
Used module:         \LSU
Used module:         \WBU
Used module:     \Xbar

19.25.2. Analyzing design hierarchy..
Top module:  \NPC
Used module:     \Clint
Used module:     \Core
Used module:         \CSR
Used module:             \csr_6x32
Used module:         \EXU
Used module:         \GPR
Used module:             \gpr_16x32
Used module:         \iCache
Used module:         \IDU
Used module:         \IFU
Used module:         \LSU
Used module:         \WBU
Used module:     \Xbar
Removing unused module `\Ebreak'.
Removed 1 unused modules.

19.26. Printing statistics.

=== Clint ===

   Number of wires:                334
   Number of wire bits:            671
   Number of public wires:          39
   Number of public wire bits:     272
   Number of memories:               0
   Number of memory bits:            0
   Number of processes:              0
   Number of cells:                514
     $_ANDNOT_                      69
     $_AND_                         46
     $_DFFSR_PPP_                    8
     $_DFF_PP0_                    108
     $_MUX_                         75
     $_NAND_                        33
     $_NOR_                         14
     $_NOT_                          8
     $_ORNOT_                        9
     $_OR_                          74
     $_XNOR_                        27
     $_XOR_                         43

=== Core ===

   Number of wires:                536
   Number of wire bits:           2938
   Number of public wires:         191
   Number of public wire bits:    2012
   Number of memories:               0
   Number of memory bits:            0
   Number of processes:              0
   Number of cells:               1579
     $_ANDNOT_                      68
     $_AND_                          4
     $_AOI3_                         4
     $_AOI4_                         2
     $_DFF_P_                      638
     $_MUX_                        649
     $_NAND_                         5
     $_NOR_                          2
     $_NOT_                         11
     $_OAI3_                         4
     $_OAI4_                         1
     $_ORNOT_                        9
     $_OR_                          70
     $_XNOR_                        10
     $_XOR_                         94
     CSR                             1
     EXU                             1
     GPR                             1
     IDU                             1
     IFU                             1
     LSU                             1
     WBU                             1
     iCache                          1

=== EXU ===

   Number of wires:               1517
   Number of wire bits:           2011
   Number of public wires:          45
   Number of public wire bits:     539
   Number of memories:               0
   Number of memory bits:            0
   Number of processes:              0
   Number of cells:               1541
     $_ANDNOT_                     216
     $_AND_                         50
     $_AOI3_                        97
     $_DFF_P_                        3
     $_MUX_                        563
     $_NAND_                        38
     $_NOR_                         45
     $_NOT_                        108
     $_OAI3_                        78
     $_ORNOT_                       57
     $_OR_                         126
     $_XNOR_                        80
     $_XOR_                         80

=== CSR ===

   Number of wires:                 88
   Number of wire bits:            270
   Number of public wires:          12
   Number of public wire bits:     194
   Number of memories:               0
   Number of memory bits:            0
   Number of processes:              0
   Number of cells:                 78
     $_ANDNOT_                      11
     $_AND_                          4
     $_AOI3_                         3
     $_NAND_                         4
     $_NOR_                          3
     $_NOT_                          1
     $_OAI3_                         4
     $_ORNOT_                       12
     $_OR_                          35
     csr_6x32                        1

=== GPR ===

   Number of wires:                 88
   Number of wire bits:            256
   Number of public wires:          10
   Number of public wire bits:     178
   Number of memories:               0
   Number of memory bits:            0
   Number of processes:              0
   Number of cells:                143
     $_ANDNOT_                       3
     $_AOI3_                        65
     $_NOR_                          3
     $_NOT_                         67
     $_ORNOT_                        1
     $_OR_                           3
     gpr_16x32                       1

=== IDU ===

   Number of wires:                839
   Number of wire bits:           1442
   Number of public wires:          52
   Number of public wire bits:     593
   Number of memories:               0
   Number of memory bits:            0
   Number of processes:              0
   Number of cells:               1015
     $_ANDNOT_                     169
     $_AND_                          2
     $_AOI3_                        90
     $_AOI4_                         6
     $_DFF_P_                       69
     $_MUX_                         74
     $_NAND_                        16
     $_NOR_                         53
     $_NOT_                        132
     $_OAI3_                        52
     $_OAI4_                        33
     $_ORNOT_                       63
     $_OR_                         256

=== IFU ===

   Number of wires:                319
   Number of wire bits:            633
   Number of public wires:          31
   Number of public wire bits:     312
   Number of memories:               0
   Number of memory bits:            0
   Number of processes:              0
   Number of cells:                363
     $_ANDNOT_                      34
     $_AND_                         14
     $_AOI3_                         7
     $_DFF_PP0_                     30
     $_DFF_PP1_                      2
     $_DFF_P_                        9
     $_MUX_                        165
     $_NAND_                        20
     $_NOR_                          5
     $_NOT_                         10
     $_OAI3_                         5
     $_ORNOT_                       15
     $_OR_                          18
     $_XNOR_                         6
     $_XOR_                         23

=== LSU ===

   Number of wires:                832
   Number of wire bits:           1528
   Number of public wires:          65
   Number of public wire bits:     658
   Number of memories:               0
   Number of memory bits:            0
   Number of processes:              0
   Number of cells:               1051
     $_ANDNOT_                     220
     $_AND_                         18
     $_AOI3_                         7
     $_AOI4_                         2
     $_DFF_P_                      114
     $_MUX_                        354
     $_NAND_                        64
     $_NOR_                          9
     $_NOT_                         55
     $_OAI3_                        40
     $_ORNOT_                       56
     $_OR_                          83
     $_XOR_                         29

=== NPC ===

   Number of wires:                117
   Number of wire bits:            858
   Number of public wires:         117
   Number of public wire bits:     858
   Number of memories:               0
   Number of memory bits:            0
   Number of processes:              0
   Number of cells:                  3
     Clint                           1
     Core                            1
     Xbar                            1

=== WBU ===

   Number of wires:                 43
   Number of wire bits:            240
   Number of public wires:          28
   Number of public wire bits:     225
   Number of memories:               0
   Number of memory bits:            0
   Number of processes:              0
   Number of cells:                 24
     $_ANDNOT_                       9
     $_AND_                          2
     $_AOI3_                         1
     $_DFF_P_                        3
     $_MUX_                          2
     $_NAND_                         4
     $_NOT_                          1
     $_OR_                           2

=== Xbar ===

   Number of wires:                600
   Number of wire bits:           1640
   Number of public wires:         114
   Number of public wire bits:     921
   Number of memories:               0
   Number of memory bits:            0
   Number of processes:              0
   Number of cells:               1136
     $_ANDNOT_                     290
     $_AND_                         10
     $_AOI3_                         4
     $_AOI4_                       108
     $_DFF_P_                      263
     $_MUX_                        280
     $_NAND_                         8
     $_NOR_                          8
     $_NOT_                         18
     $_OAI3_                         7
     $_OAI4_                         2
     $_ORNOT_                       42
     $_OR_                          81
     $_XNOR_                         4
     $_XOR_                         11

=== csr_6x32 ===

   Number of wires:               1674
   Number of wire bits:           2157
   Number of public wires:          42
   Number of public wire bits:     525
   Number of memories:               0
   Number of memory bits:            0
   Number of processes:              0
   Number of cells:               1920
     $_ANDNOT_                      36
     $_DFF_P_                      192
     $_MUX_                       1632
     $_NAND_                         1
     $_NOT_                          6
     $_ORNOT_                       12
     $_OR_                          41

=== gpr_16x32 ===

   Number of wires:               1479
   Number of wire bits:           2077
   Number of public wires:          28
   Number of public wire bits:     626
   Number of memories:               0
   Number of memory bits:            0
   Number of processes:              0
   Number of cells:               2027
     $_ANDNOT_                       2
     $_DFF_P_                      512
     $_MUX_                       1472
     $_NAND_                         2
     $_NOT_                          1
     $_ORNOT_                        4
     $_OR_                          34

=== iCache ===

   Number of wires:               2036
   Number of wire bits:           3406
   Number of public wires:          78
   Number of public wire bits:     885
   Number of memories:               0
   Number of memory bits:            0
   Number of processes:              0
   Number of cells:               3128
     $_ANDNOT_                     657
     $_AND_                         13
     $_AOI3_                       126
     $_AOI4_                         1
     $_DFF_P_                      606
     $_MUX_                        783
     $_NAND_                        26
     $_NOR_                         55
     $_NOT_                        465
     $_OAI3_                        28
     $_OAI4_                        94
     $_ORNOT_                      110
     $_OR_                          75
     $_XNOR_                        21
     $_XOR_                         68

=== design hierarchy ===

   NPC                               1
     Clint                           1
     Core                            1
       CSR                           1
         csr_6x32                    1
       EXU                           1
       GPR                           1
         gpr_16x32                   1
       IDU                           1
       IFU                           1
       LSU                           1
       WBU                           1
       iCache                        1
     Xbar                            1

   Number of wires:              10502
   Number of wire bits:          20127
   Number of public wires:         852
   Number of public wire bits:    8798
   Number of memories:               0
   Number of memory bits:            0
   Number of processes:              0
   Number of cells:              14509
     $_ANDNOT_                    1784
     $_AND_                        163
     $_AOI3_                       404
     $_AOI4_                       119
     $_DFFSR_PPP_                    8
     $_DFF_PP0_                    138
     $_DFF_PP1_                      2
     $_DFF_P_                     2409
     $_MUX_                       6049
     $_NAND_                       221
     $_NOR_                        197
     $_NOT_                        883
     $_OAI3_                       218
     $_OAI4_                       130
     $_ORNOT_                      390
     $_OR_                         898
     $_XNOR_                       148
     $_XOR_                        348

19.27. Executing CHECK pass (checking for obvious problems).
checking module Clint..
checking module Core..
checking module EXU..
checking module CSR..
checking module GPR..
checking module IDU..
checking module IFU..
checking module LSU..
checking module NPC..
checking module WBU..
checking module Xbar..
checking module csr_6x32..
checking module gpr_16x32..
checking module iCache..
found and reported 0 problems.

20. Executing OPT pass (performing simple optimizations).

20.1. Executing OPT_EXPR pass (perform const folding).
Optimizing module Clint.
Optimizing module Core.
Optimizing module EXU.
Optimizing module CSR.
Optimizing module GPR.
Optimizing module IDU.
Optimizing module IFU.
Optimizing module LSU.
Optimizing module NPC.
Optimizing module WBU.
Optimizing module Xbar.
Optimizing module csr_6x32.
Optimizing module gpr_16x32.
Optimizing module iCache.

20.2. Executing OPT_MERGE pass (detect identical cells).
Finding identical cells in module `\Clint'.
Finding identical cells in module `\Core'.
Finding identical cells in module `\EXU'.
Finding identical cells in module `\CSR'.
Finding identical cells in module `\GPR'.
Finding identical cells in module `\IDU'.
Finding identical cells in module `\IFU'.
Finding identical cells in module `\LSU'.
Finding identical cells in module `\NPC'.
Finding identical cells in module `\WBU'.
Finding identical cells in module `\Xbar'.
Finding identical cells in module `\csr_6x32'.
Finding identical cells in module `\gpr_16x32'.
Finding identical cells in module `\iCache'.
Removed a total of 0 cells.

20.3. Executing OPT_MUXTREE pass (detect dead branches in mux trees).
Running muxtree optimizer on module \Clint..
  Creating internal representation of mux trees.
  No muxes found in this module.
Running muxtree optimizer on module \Core..
  Creating internal representation of mux trees.
  No muxes found in this module.
Running muxtree optimizer on module \EXU..
  Creating internal representation of mux trees.
  No muxes found in this module.
Running muxtree optimizer on module \CSR..
  Creating internal representation of mux trees.
  No muxes found in this module.
Running muxtree optimizer on module \GPR..
  Creating internal representation of mux trees.
  No muxes found in this module.
Running muxtree optimizer on module \IDU..
  Creating internal representation of mux trees.
  No muxes found in this module.
Running muxtree optimizer on module \IFU..
  Creating internal representation of mux trees.
  No muxes found in this module.
Running muxtree optimizer on module \LSU..
  Creating internal representation of mux trees.
  No muxes found in this module.
Running muxtree optimizer on module \NPC..
  Creating internal representation of mux trees.
  No muxes found in this module.
Running muxtree optimizer on module \WBU..
  Creating internal representation of mux trees.
  No muxes found in this module.
Running muxtree optimizer on module \Xbar..
  Creating internal representation of mux trees.
  No muxes found in this module.
Running muxtree optimizer on module \csr_6x32..
  Creating internal representation of mux trees.
  No muxes found in this module.
Running muxtree optimizer on module \gpr_16x32..
  Creating internal representation of mux trees.
  No muxes found in this module.
Running muxtree optimizer on module \iCache..
  Creating internal representation of mux trees.
  No muxes found in this module.
Removed 0 multiplexer ports.

20.4. Executing OPT_REDUCE pass (consolidate $*mux and $reduce_* inputs).
  Optimizing cells in module \Clint.
  Optimizing cells in module \Core.
  Optimizing cells in module \EXU.
  Optimizing cells in module \CSR.
  Optimizing cells in module \GPR.
  Optimizing cells in module \IDU.
  Optimizing cells in module \IFU.
  Optimizing cells in module \LSU.
  Optimizing cells in module \NPC.
  Optimizing cells in module \WBU.
  Optimizing cells in module \Xbar.
  Optimizing cells in module \csr_6x32.
  Optimizing cells in module \gpr_16x32.
  Optimizing cells in module \iCache.
Performed a total of 0 changes.

20.5. Executing OPT_MERGE pass (detect identical cells).
Finding identical cells in module `\Clint'.
Finding identical cells in module `\Core'.
Finding identical cells in module `\EXU'.
Finding identical cells in module `\CSR'.
Finding identical cells in module `\GPR'.
Finding identical cells in module `\IDU'.
Finding identical cells in module `\IFU'.
Finding identical cells in module `\LSU'.
Finding identical cells in module `\NPC'.
Finding identical cells in module `\WBU'.
Finding identical cells in module `\Xbar'.
Finding identical cells in module `\csr_6x32'.
Finding identical cells in module `\gpr_16x32'.
Finding identical cells in module `\iCache'.
Removed a total of 0 cells.

20.6. Executing OPT_RMDFF pass (remove dff with constant values).

20.7. Executing OPT_CLEAN pass (remove unused cells and wires).
Finding unused cells or wires in module \Clint..
Finding unused cells or wires in module \Core..
Finding unused cells or wires in module \EXU..
Finding unused cells or wires in module \CSR..
Finding unused cells or wires in module \GPR..
Finding unused cells or wires in module \IDU..
Finding unused cells or wires in module \IFU..
Finding unused cells or wires in module \LSU..
Finding unused cells or wires in module \NPC..
Finding unused cells or wires in module \WBU..
Finding unused cells or wires in module \Xbar..
Finding unused cells or wires in module \csr_6x32..
Finding unused cells or wires in module \gpr_16x32..
Finding unused cells or wires in module \iCache..
Removed 0 unused cells and 78 unused wires.
<suppressed ~78 debug messages>

20.8. Executing OPT_EXPR pass (perform const folding).
Optimizing module CSR.
Optimizing module Clint.
Optimizing module Core.
Optimizing module EXU.
Optimizing module GPR.
Optimizing module IDU.
Optimizing module IFU.
Optimizing module LSU.
Optimizing module NPC.
Optimizing module WBU.
Optimizing module Xbar.
Optimizing module csr_6x32.
Optimizing module gpr_16x32.
Optimizing module iCache.

20.9. Finished OPT passes. (There is nothing left to do.)

21. Executing TECHMAP pass (map to technology primitives).

21.1. Executing Verilog-2005 frontend: ./syn/scripts/../nangate45/verilog/cells_latch.v
Parsing Verilog input from `./syn/scripts/../nangate45/verilog/cells_latch.v' to AST representation.
Generating RTLIL representation for module `\$_DLATCH_P_'.
Generating RTLIL representation for module `\$_DLATCH_N_'.
Successfully finished Verilog frontend.

21.2. Continuing TECHMAP pass.
No more expansions possible.

22. Executing DFFLIBMAP pass (mapping DFF cells to sequential cells from liberty file).
Warning: Found unsupported expression 'SE*SI+D*!SE' in pin attribute of cell 'SDFFRS_X1' - skipping.
Warning: Found unsupported expression 'SE*SI+D*!SE' in pin attribute of cell 'SDFFRS_X2' - skipping.
Warning: Found unsupported expression 'SE*SI+D*!SE' in pin attribute of cell 'SDFFR_X1' - skipping.
Warning: Found unsupported expression 'SE*SI+D*!SE' in pin attribute of cell 'SDFFR_X2' - skipping.
Warning: Found unsupported expression 'SE*SI+D*!SE' in pin attribute of cell 'SDFFS_X1' - skipping.
Warning: Found unsupported expression 'SE*SI+D*!SE' in pin attribute of cell 'SDFFS_X2' - skipping.
Warning: Found unsupported expression 'SE*SI+D*!SE' in pin attribute of cell 'SDFF_X1' - skipping.
Warning: Found unsupported expression 'SE*SI+D*!SE' in pin attribute of cell 'SDFF_X2' - skipping.
  cell DFF_X1 (noninv, pins=4, area=4.52) is a direct match for cell type $_DFF_P_.
Warning: Found unsupported expression 'SE*SI+D*!SE' in pin attribute of cell 'SDFFRS_X1' - skipping.
Warning: Found unsupported expression 'SE*SI+D*!SE' in pin attribute of cell 'SDFFRS_X2' - skipping.
Warning: Found unsupported expression 'SE*SI+D*!SE' in pin attribute of cell 'SDFFR_X1' - skipping.
Warning: Found unsupported expression 'SE*SI+D*!SE' in pin attribute of cell 'SDFFR_X2' - skipping.
Warning: Found unsupported expression 'SE*SI+D*!SE' in pin attribute of cell 'SDFFS_X1' - skipping.
Warning: Found unsupported expression 'SE*SI+D*!SE' in pin attribute of cell 'SDFFS_X2' - skipping.
Warning: Found unsupported expression 'SE*SI+D*!SE' in pin attribute of cell 'SDFF_X1' - skipping.
Warning: Found unsupported expression 'SE*SI+D*!SE' in pin attribute of cell 'SDFF_X2' - skipping.
  cell DFFR_X1 (noninv, pins=5, area=5.32) is a direct match for cell type $_DFF_PN0_.
Warning: Found unsupported expression 'SE*SI+D*!SE' in pin attribute of cell 'SDFFRS_X1' - skipping.
Warning: Found unsupported expression 'SE*SI+D*!SE' in pin attribute of cell 'SDFFRS_X2' - skipping.
Warning: Found unsupported expression 'SE*SI+D*!SE' in pin attribute of cell 'SDFFR_X1' - skipping.
Warning: Found unsupported expression 'SE*SI+D*!SE' in pin attribute of cell 'SDFFR_X2' - skipping.
Warning: Found unsupported expression 'SE*SI+D*!SE' in pin attribute of cell 'SDFFS_X1' - skipping.
Warning: Found unsupported expression 'SE*SI+D*!SE' in pin attribute of cell 'SDFFS_X2' - skipping.
Warning: Found unsupported expression 'SE*SI+D*!SE' in pin attribute of cell 'SDFF_X1' - skipping.
Warning: Found unsupported expression 'SE*SI+D*!SE' in pin attribute of cell 'SDFF_X2' - skipping.
  cell DFFS_X1 (noninv, pins=5, area=5.32) is a direct match for cell type $_DFF_PN1_.
Warning: Found unsupported expression 'SE*SI+D*!SE' in pin attribute of cell 'SDFFRS_X1' - skipping.
Warning: Found unsupported expression 'SE*SI+D*!SE' in pin attribute of cell 'SDFFRS_X2' - skipping.
Warning: Found unsupported expression 'SE*SI+D*!SE' in pin attribute of cell 'SDFFR_X1' - skipping.
Warning: Found unsupported expression 'SE*SI+D*!SE' in pin attribute of cell 'SDFFR_X2' - skipping.
Warning: Found unsupported expression 'SE*SI+D*!SE' in pin attribute of cell 'SDFFS_X1' - skipping.
Warning: Found unsupported expression 'SE*SI+D*!SE' in pin attribute of cell 'SDFFS_X2' - skipping.
Warning: Found unsupported expression 'SE*SI+D*!SE' in pin attribute of cell 'SDFF_X1' - skipping.
Warning: Found unsupported expression 'SE*SI+D*!SE' in pin attribute of cell 'SDFF_X2' - skipping.
Warning: Found unsupported expression 'SE*SI+D*!SE' in pin attribute of cell 'SDFFRS_X1' - skipping.
Warning: Found unsupported expression 'SE*SI+D*!SE' in pin attribute of cell 'SDFFRS_X2' - skipping.
Warning: Found unsupported expression 'SE*SI+D*!SE' in pin attribute of cell 'SDFFR_X1' - skipping.
Warning: Found unsupported expression 'SE*SI+D*!SE' in pin attribute of cell 'SDFFR_X2' - skipping.
Warning: Found unsupported expression 'SE*SI+D*!SE' in pin attribute of cell 'SDFFS_X1' - skipping.
Warning: Found unsupported expression 'SE*SI+D*!SE' in pin attribute of cell 'SDFFS_X2' - skipping.
Warning: Found unsupported expression 'SE*SI+D*!SE' in pin attribute of cell 'SDFF_X1' - skipping.
Warning: Found unsupported expression 'SE*SI+D*!SE' in pin attribute of cell 'SDFF_X2' - skipping.
Warning: Found unsupported expression 'SE*SI+D*!SE' in pin attribute of cell 'SDFFRS_X1' - skipping.
Warning: Found unsupported expression 'SE*SI+D*!SE' in pin attribute of cell 'SDFFRS_X2' - skipping.
Warning: Found unsupported expression 'SE*SI+D*!SE' in pin attribute of cell 'SDFFR_X1' - skipping.
Warning: Found unsupported expression 'SE*SI+D*!SE' in pin attribute of cell 'SDFFR_X2' - skipping.
Warning: Found unsupported expression 'SE*SI+D*!SE' in pin attribute of cell 'SDFFS_X1' - skipping.
Warning: Found unsupported expression 'SE*SI+D*!SE' in pin attribute of cell 'SDFFS_X2' - skipping.
Warning: Found unsupported expression 'SE*SI+D*!SE' in pin attribute of cell 'SDFF_X1' - skipping.
Warning: Found unsupported expression 'SE*SI+D*!SE' in pin attribute of cell 'SDFF_X2' - skipping.
  cell DFFRS_X1 (noninv, pins=6, area=6.38) is a direct match for cell type $_DFFSR_PNN_.
Warning: Found unsupported expression 'SE*SI+D*!SE' in pin attribute of cell 'SDFFRS_X1' - skipping.
Warning: Found unsupported expression 'SE*SI+D*!SE' in pin attribute of cell 'SDFFRS_X2' - skipping.
Warning: Found unsupported expression 'SE*SI+D*!SE' in pin attribute of cell 'SDFFR_X1' - skipping.
Warning: Found unsupported expression 'SE*SI+D*!SE' in pin attribute of cell 'SDFFR_X2' - skipping.
Warning: Found unsupported expression 'SE*SI+D*!SE' in pin attribute of cell 'SDFFS_X1' - skipping.
Warning: Found unsupported expression 'SE*SI+D*!SE' in pin attribute of cell 'SDFFS_X2' - skipping.
Warning: Found unsupported expression 'SE*SI+D*!SE' in pin attribute of cell 'SDFF_X1' - skipping.
Warning: Found unsupported expression 'SE*SI+D*!SE' in pin attribute of cell 'SDFF_X2' - skipping.
Warning: Found unsupported expression 'SE*SI+D*!SE' in pin attribute of cell 'SDFFRS_X1' - skipping.
Warning: Found unsupported expression 'SE*SI+D*!SE' in pin attribute of cell 'SDFFRS_X2' - skipping.
Warning: Found unsupported expression 'SE*SI+D*!SE' in pin attribute of cell 'SDFFR_X1' - skipping.
Warning: Found unsupported expression 'SE*SI+D*!SE' in pin attribute of cell 'SDFFR_X2' - skipping.
Warning: Found unsupported expression 'SE*SI+D*!SE' in pin attribute of cell 'SDFFS_X1' - skipping.
Warning: Found unsupported expression 'SE*SI+D*!SE' in pin attribute of cell 'SDFFS_X2' - skipping.
Warning: Found unsupported expression 'SE*SI+D*!SE' in pin attribute of cell 'SDFF_X1' - skipping.
Warning: Found unsupported expression 'SE*SI+D*!SE' in pin attribute of cell 'SDFF_X2' - skipping.
Warning: Found unsupported expression 'SE*SI+D*!SE' in pin attribute of cell 'SDFFRS_X1' - skipping.
Warning: Found unsupported expression 'SE*SI+D*!SE' in pin attribute of cell 'SDFFRS_X2' - skipping.
Warning: Found unsupported expression 'SE*SI+D*!SE' in pin attribute of cell 'SDFFR_X1' - skipping.
Warning: Found unsupported expression 'SE*SI+D*!SE' in pin attribute of cell 'SDFFR_X2' - skipping.
Warning: Found unsupported expression 'SE*SI+D*!SE' in pin attribute of cell 'SDFFS_X1' - skipping.
Warning: Found unsupported expression 'SE*SI+D*!SE' in pin attribute of cell 'SDFFS_X2' - skipping.
Warning: Found unsupported expression 'SE*SI+D*!SE' in pin attribute of cell 'SDFF_X1' - skipping.
Warning: Found unsupported expression 'SE*SI+D*!SE' in pin attribute of cell 'SDFF_X2' - skipping.
  create mapping for $_DFF_PP0_ from mapping for $_DFF_PN0_.
  create mapping for $_DFF_PP1_ from mapping for $_DFF_PN1_.
  create mapping for $_DFFSR_PPN_ from mapping for $_DFFSR_PNN_.
  create mapping for $_DFFSR_PNP_ from mapping for $_DFFSR_PNN_.
  create mapping for $_DFFSR_PPP_ from mapping for $_DFFSR_PNP_.
  create mapping for $_DFF_N_ from mapping for $_DFF_P_.
  create mapping for $_DFF_NN0_ from mapping for $_DFF_PN0_.
  create mapping for $_DFF_NP0_ from mapping for $_DFF_NN0_.
  create mapping for $_DFF_NN1_ from mapping for $_DFF_NN0_.
  create mapping for $_DFF_NP1_ from mapping for $_DFF_NN1_.
  create mapping for $_DFFSR_NNN_ from mapping for $_DFFSR_PNN_.
  create mapping for $_DFFSR_NPN_ from mapping for $_DFFSR_NNN_.
  create mapping for $_DFFSR_NNP_ from mapping for $_DFFSR_NNN_.
  create mapping for $_DFFSR_NPP_ from mapping for $_DFFSR_NNP_.
  final dff cell mappings:
    DFF_X1 _DFF_N_ (.CK(~C), .D( D), .Q( Q), .QN(~Q));
    DFF_X1 _DFF_P_ (.CK( C), .D( D), .Q( Q), .QN(~Q));
    DFFR_X1 _DFF_NN0_ (.CK(~C), .D( D), .Q( Q), .QN(~Q), .RN( R));
    DFFR_X1 _DFF_NN1_ (.CK(~C), .D(~D), .Q(~Q), .QN( Q), .RN( R));
    DFFR_X1 _DFF_NP0_ (.CK(~C), .D( D), .Q( Q), .QN(~Q), .RN(~R));
    DFFR_X1 _DFF_NP1_ (.CK(~C), .D(~D), .Q(~Q), .QN( Q), .RN(~R));
    DFFR_X1 _DFF_PN0_ (.CK( C), .D( D), .Q( Q), .QN(~Q), .RN( R));
    DFFS_X1 _DFF_PN1_ (.CK( C), .D( D), .Q( Q), .QN(~Q), .SN( R));
    DFFR_X1 _DFF_PP0_ (.CK( C), .D( D), .Q( Q), .QN(~Q), .RN(~R));
    DFFS_X1 _DFF_PP1_ (.CK( C), .D( D), .Q( Q), .QN(~Q), .SN(~R));
    DFFRS_X1 _DFFSR_NNN_ (.CK(~C), .D( D), .Q( Q), .QN(~Q), .RN( R), .SN( S));
    DFFRS_X1 _DFFSR_NNP_ (.CK(~C), .D( D), .Q( Q), .QN(~Q), .RN(~R), .SN( S));
    DFFRS_X1 _DFFSR_NPN_ (.CK(~C), .D( D), .Q( Q), .QN(~Q), .RN( R), .SN(~S));
    DFFRS_X1 _DFFSR_NPP_ (.CK(~C), .D( D), .Q( Q), .QN(~Q), .RN(~R), .SN(~S));
    DFFRS_X1 _DFFSR_PNN_ (.CK( C), .D( D), .Q( Q), .QN(~Q), .RN( R), .SN( S));
    DFFRS_X1 _DFFSR_PNP_ (.CK( C), .D( D), .Q( Q), .QN(~Q), .RN(~R), .SN( S));
    DFFRS_X1 _DFFSR_PPN_ (.CK( C), .D( D), .Q( Q), .QN(~Q), .RN( R), .SN(~S));
    DFFRS_X1 _DFFSR_PPP_ (.CK( C), .D( D), .Q( Q), .QN(~Q), .RN(~R), .SN(~S));
Mapping DFF cells in module `\CSR':
Mapping DFF cells in module `\Clint':
  mapped 8 $_DFFSR_PPP_ cells to \DFFRS_X1 cells.
  mapped 108 $_DFF_PP0_ cells to \DFFR_X1 cells.
Mapping DFF cells in module `\Core':
  mapped 638 $_DFF_P_ cells to \DFF_X1 cells.
Mapping DFF cells in module `\EXU':
  mapped 3 $_DFF_P_ cells to \DFF_X1 cells.
Mapping DFF cells in module `\GPR':
Mapping DFF cells in module `\IDU':
  mapped 69 $_DFF_P_ cells to \DFF_X1 cells.
Mapping DFF cells in module `\IFU':
  mapped 30 $_DFF_PP0_ cells to \DFFR_X1 cells.
  mapped 2 $_DFF_PP1_ cells to \DFFS_X1 cells.
  mapped 9 $_DFF_P_ cells to \DFF_X1 cells.
Mapping DFF cells in module `\LSU':
  mapped 114 $_DFF_P_ cells to \DFF_X1 cells.
Mapping DFF cells in module `\NPC':
Mapping DFF cells in module `\WBU':
  mapped 3 $_DFF_P_ cells to \DFF_X1 cells.
Mapping DFF cells in module `\Xbar':
  mapped 263 $_DFF_P_ cells to \DFF_X1 cells.
Mapping DFF cells in module `\csr_6x32':
  mapped 192 $_DFF_P_ cells to \DFF_X1 cells.
Mapping DFF cells in module `\gpr_16x32':
  mapped 512 $_DFF_P_ cells to \DFF_X1 cells.
Mapping DFF cells in module `\iCache':
  mapped 606 $_DFF_P_ cells to \DFF_X1 cells.

23. Executing OPT pass (performing simple optimizations).

23.1. Executing OPT_EXPR pass (perform const folding).
Optimizing module CSR.
Optimizing module Clint.
Optimizing module Core.
Optimizing module EXU.
Optimizing module GPR.
Optimizing module IDU.
Optimizing module IFU.
Optimizing module LSU.
Optimizing module NPC.
Optimizing module WBU.
Optimizing module Xbar.
Optimizing module csr_6x32.
Optimizing module gpr_16x32.
Optimizing module iCache.

23.2. Executing OPT_MERGE pass (detect identical cells).
Finding identical cells in module `\CSR'.
Finding identical cells in module `\Clint'.
<suppressed ~345 debug messages>
Finding identical cells in module `\Core'.
Finding identical cells in module `\EXU'.
Finding identical cells in module `\GPR'.
Finding identical cells in module `\IDU'.
Finding identical cells in module `\IFU'.
<suppressed ~96 debug messages>
Finding identical cells in module `\LSU'.
Finding identical cells in module `\NPC'.
Finding identical cells in module `\WBU'.
Finding identical cells in module `\Xbar'.
Finding identical cells in module `\csr_6x32'.
Finding identical cells in module `\gpr_16x32'.
Finding identical cells in module `\iCache'.
Removed a total of 147 cells.

23.3. Executing OPT_MUXTREE pass (detect dead branches in mux trees).
Running muxtree optimizer on module \CSR..
  Creating internal representation of mux trees.
  No muxes found in this module.
Running muxtree optimizer on module \Clint..
  Creating internal representation of mux trees.
  No muxes found in this module.
Running muxtree optimizer on module \Core..
  Creating internal representation of mux trees.
  No muxes found in this module.
Running muxtree optimizer on module \EXU..
  Creating internal representation of mux trees.
  No muxes found in this module.
Running muxtree optimizer on module \GPR..
  Creating internal representation of mux trees.
  No muxes found in this module.
Running muxtree optimizer on module \IDU..
  Creating internal representation of mux trees.
  No muxes found in this module.
Running muxtree optimizer on module \IFU..
  Creating internal representation of mux trees.
  No muxes found in this module.
Running muxtree optimizer on module \LSU..
  Creating internal representation of mux trees.
  No muxes found in this module.
Running muxtree optimizer on module \NPC..
  Creating internal representation of mux trees.
  No muxes found in this module.
Running muxtree optimizer on module \WBU..
  Creating internal representation of mux trees.
  No muxes found in this module.
Running muxtree optimizer on module \Xbar..
  Creating internal representation of mux trees.
  No muxes found in this module.
Running muxtree optimizer on module \csr_6x32..
  Creating internal representation of mux trees.
  No muxes found in this module.
Running muxtree optimizer on module \gpr_16x32..
  Creating internal representation of mux trees.
  No muxes found in this module.
Running muxtree optimizer on module \iCache..
  Creating internal representation of mux trees.
  No muxes found in this module.
Removed 0 multiplexer ports.

23.4. Executing OPT_REDUCE pass (consolidate $*mux and $reduce_* inputs).
  Optimizing cells in module \CSR.
  Optimizing cells in module \Clint.
  Optimizing cells in module \Core.
  Optimizing cells in module \EXU.
  Optimizing cells in module \GPR.
  Optimizing cells in module \IDU.
  Optimizing cells in module \IFU.
  Optimizing cells in module \LSU.
  Optimizing cells in module \NPC.
  Optimizing cells in module \WBU.
  Optimizing cells in module \Xbar.
  Optimizing cells in module \csr_6x32.
  Optimizing cells in module \gpr_16x32.
  Optimizing cells in module \iCache.
Performed a total of 0 changes.

23.5. Executing OPT_MERGE pass (detect identical cells).
Finding identical cells in module `\CSR'.
Finding identical cells in module `\Clint'.
Finding identical cells in module `\Core'.
Finding identical cells in module `\EXU'.
Finding identical cells in module `\GPR'.
Finding identical cells in module `\IDU'.
Finding identical cells in module `\IFU'.
Finding identical cells in module `\LSU'.
Finding identical cells in module `\NPC'.
Finding identical cells in module `\WBU'.
Finding identical cells in module `\Xbar'.
Finding identical cells in module `\csr_6x32'.
Finding identical cells in module `\gpr_16x32'.
Finding identical cells in module `\iCache'.
Removed a total of 0 cells.

23.6. Executing OPT_RMDFF pass (remove dff with constant values).

23.7. Executing OPT_CLEAN pass (remove unused cells and wires).
Finding unused cells or wires in module \CSR..
Finding unused cells or wires in module \Clint..
Finding unused cells or wires in module \Core..
Finding unused cells or wires in module \EXU..
Finding unused cells or wires in module \GPR..
Finding unused cells or wires in module \IDU..
Finding unused cells or wires in module \IFU..
Finding unused cells or wires in module \LSU..
Finding unused cells or wires in module \NPC..
Finding unused cells or wires in module \WBU..
Finding unused cells or wires in module \Xbar..
Finding unused cells or wires in module \csr_6x32..
Finding unused cells or wires in module \gpr_16x32..
Finding unused cells or wires in module \iCache..
Removed 487 unused cells and 1121 unused wires.
<suppressed ~494 debug messages>

23.8. Executing OPT_EXPR pass (perform const folding).
Optimizing module CSR.
Optimizing module Clint.
Optimizing module Core.
Optimizing module EXU.
Optimizing module GPR.
Optimizing module IDU.
Optimizing module IFU.
Optimizing module LSU.
Optimizing module NPC.
Optimizing module WBU.
Optimizing module Xbar.
Optimizing module csr_6x32.
Optimizing module gpr_16x32.
Optimizing module iCache.

23.9. Rerunning OPT passes. (Maybe there is more to do..)

23.10. Executing OPT_MUXTREE pass (detect dead branches in mux trees).
Running muxtree optimizer on module \CSR..
  Creating internal representation of mux trees.
  No muxes found in this module.
Running muxtree optimizer on module \Clint..
  Creating internal representation of mux trees.
  No muxes found in this module.
Running muxtree optimizer on module \Core..
  Creating internal representation of mux trees.
  No muxes found in this module.
Running muxtree optimizer on module \EXU..
  Creating internal representation of mux trees.
  No muxes found in this module.
Running muxtree optimizer on module \GPR..
  Creating internal representation of mux trees.
  No muxes found in this module.
Running muxtree optimizer on module \IDU..
  Creating internal representation of mux trees.
  No muxes found in this module.
Running muxtree optimizer on module \IFU..
  Creating internal representation of mux trees.
  No muxes found in this module.
Running muxtree optimizer on module \LSU..
  Creating internal representation of mux trees.
  No muxes found in this module.
Running muxtree optimizer on module \NPC..
  Creating internal representation of mux trees.
  No muxes found in this module.
Running muxtree optimizer on module \WBU..
  Creating internal representation of mux trees.
  No muxes found in this module.
Running muxtree optimizer on module \Xbar..
  Creating internal representation of mux trees.
  No muxes found in this module.
Running muxtree optimizer on module \csr_6x32..
  Creating internal representation of mux trees.
  No muxes found in this module.
Running muxtree optimizer on module \gpr_16x32..
  Creating internal representation of mux trees.
  No muxes found in this module.
Running muxtree optimizer on module \iCache..
  Creating internal representation of mux trees.
  No muxes found in this module.
Removed 0 multiplexer ports.

23.11. Executing OPT_REDUCE pass (consolidate $*mux and $reduce_* inputs).
  Optimizing cells in module \CSR.
  Optimizing cells in module \Clint.
  Optimizing cells in module \Core.
  Optimizing cells in module \EXU.
  Optimizing cells in module \GPR.
  Optimizing cells in module \IDU.
  Optimizing cells in module \IFU.
  Optimizing cells in module \LSU.
  Optimizing cells in module \NPC.
  Optimizing cells in module \WBU.
  Optimizing cells in module \Xbar.
  Optimizing cells in module \csr_6x32.
  Optimizing cells in module \gpr_16x32.
  Optimizing cells in module \iCache.
Performed a total of 0 changes.

23.12. Executing OPT_MERGE pass (detect identical cells).
Finding identical cells in module `\CSR'.
Finding identical cells in module `\Clint'.
Finding identical cells in module `\Core'.
Finding identical cells in module `\EXU'.
Finding identical cells in module `\GPR'.
Finding identical cells in module `\IDU'.
Finding identical cells in module `\IFU'.
Finding identical cells in module `\LSU'.
Finding identical cells in module `\NPC'.
Finding identical cells in module `\WBU'.
Finding identical cells in module `\Xbar'.
Finding identical cells in module `\csr_6x32'.
Finding identical cells in module `\gpr_16x32'.
Finding identical cells in module `\iCache'.
Removed a total of 0 cells.

23.13. Executing OPT_RMDFF pass (remove dff with constant values).

23.14. Executing OPT_CLEAN pass (remove unused cells and wires).
Finding unused cells or wires in module \CSR..
Finding unused cells or wires in module \Clint..
Finding unused cells or wires in module \Core..
Finding unused cells or wires in module \EXU..
Finding unused cells or wires in module \GPR..
Finding unused cells or wires in module \IDU..
Finding unused cells or wires in module \IFU..
Finding unused cells or wires in module \LSU..
Finding unused cells or wires in module \NPC..
Finding unused cells or wires in module \WBU..
Finding unused cells or wires in module \Xbar..
Finding unused cells or wires in module \csr_6x32..
Finding unused cells or wires in module \gpr_16x32..
Finding unused cells or wires in module \iCache..

23.15. Executing OPT_EXPR pass (perform const folding).
Optimizing module CSR.
Optimizing module Clint.
Optimizing module Core.
Optimizing module EXU.
Optimizing module GPR.
Optimizing module IDU.
Optimizing module IFU.
Optimizing module LSU.
Optimizing module NPC.
Optimizing module WBU.
Optimizing module Xbar.
Optimizing module csr_6x32.
Optimizing module gpr_16x32.
Optimizing module iCache.

23.16. Finished OPT passes. (There is nothing left to do.)

24. Executing ABC pass (technology mapping using ABC).

24.1. Extracting gate netlist of module `\CSR' to `/tmp/yosys-abc-cdqDEd/input.blif'..
Extracted 77 gates and 105 wires to a netlist network with 28 inputs and 8 outputs.

24.1.1. Executing ABC.
Running ABC command: berkeley-abc -s -f /tmp/yosys-abc-cdqDEd/abc.script 2>&1
ABC: ABC command line: "source /tmp/yosys-abc-cdqDEd/abc.script".
ABC: 
ABC: + read_blif /tmp/yosys-abc-cdqDEd/input.blif 
ABC: + read_lib -w /home/yangpengcheng/ysyx/ysyx/ysyx-workbench/ppa_opt/./syn/scripts/../nangate45/lib/merged.lib 
ABC: Parsing finished successfully.  Parsing time =     0.08 sec
ABC: Scl_LibertyReadGenlib() skipped cell "fakeram45_1024x32" without logic function.
ABC: Scl_LibertyReadGenlib() skipped cell "fakeram45_2048x39" without logic function.
ABC: Scl_LibertyReadGenlib() skipped cell "fakeram45_256x34" without logic function.
ABC: Scl_LibertyReadGenlib() skipped cell "fakeram45_256x95" without logic function.
ABC: Scl_LibertyReadGenlib() skipped cell "fakeram45_256x96" without logic function.
ABC: Scl_LibertyReadGenlib() skipped cell "fakeram45_32x64" without logic function.
ABC: Scl_LibertyReadGenlib() skipped cell "fakeram45_512x64" without logic function.
ABC: Scl_LibertyReadGenlib() skipped cell "fakeram45_64x15" without logic function.
ABC: Scl_LibertyReadGenlib() skipped cell "fakeram45_64x21" without logic function.
ABC: Scl_LibertyReadGenlib() skipped cell "fakeram45_64x32" without logic function.
ABC: Scl_LibertyReadGenlib() skipped cell "fakeram45_64x7" without logic function.
ABC: Scl_LibertyReadGenlib() skipped cell "fakeram45_64x96" without logic function.
ABC: Scl_LibertyReadGenlib() skipped cell "ANTENNA_X1" due to dont_use attribute.
ABC: Scl_LibertyReadGenlib() skipped cell "CLKGATETST_X1" without logic function.
ABC: Scl_LibertyReadGenlib() skipped cell "CLKGATETST_X2" without logic function.
ABC: Scl_LibertyReadGenlib() skipped cell "CLKGATETST_X4" without logic function.
ABC: Scl_LibertyReadGenlib() skipped cell "CLKGATETST_X8" without logic function.
ABC: Scl_LibertyReadGenlib() skipped cell "CLKGATE_X1" without logic function.
ABC: Scl_LibertyReadGenlib() skipped cell "CLKGATE_X2" without logic function.
ABC: Scl_LibertyReadGenlib() skipped cell "CLKGATE_X4" without logic function.
ABC: Scl_LibertyReadGenlib() skipped cell "CLKGATE_X8" without logic function.
ABC: Scl_LibertyReadGenlib() skipped sequential cell "DFFRS_X1".
ABC: Scl_LibertyReadGenlib() skipped sequential cell "DFFRS_X2".
ABC: Scl_LibertyReadGenlib() skipped sequential cell "DFFR_X1".
ABC: Scl_LibertyReadGenlib() skipped sequential cell "DFFR_X2".
ABC: Scl_LibertyReadGenlib() skipped sequential cell "DFFS_X1".
ABC: Scl_LibertyReadGenlib() skipped sequential cell "DFFS_X2".
ABC: Scl_LibertyReadGenlib() skipped sequential cell "DFF_X1".
ABC: Scl_LibertyReadGenlib() skipped sequential cell "DFF_X2".
ABC: Scl_LibertyReadGenlib() skipped sequential cell "DLH_X1".
ABC: Scl_LibertyReadGenlib() skipped sequential cell "DLH_X2".
ABC: Scl_LibertyReadGenlib() skipped sequential cell "DLL_X1".
ABC: Scl_LibertyReadGenlib() skipped sequential cell "DLL_X2".
ABC: Scl_LibertyReadGenlib() skipped cell "FILLCELL_X2" due to dont_use attribute.
ABC: Scl_LibertyReadGenlib() skipped cell "FILLCELL_X4" due to dont_use attribute.
ABC: Scl_LibertyReadGenlib() skipped cell "FILLCELL_X8" due to dont_use attribute.
ABC: Scl_LibertyReadGenlib() skipped cell "FILLCELL_X32" due to dont_use attribute.
ABC: Scl_LibertyReadGenlib() skipped cell "LOGIC0_X1" due to dont_use attribute.
ABC: Scl_LibertyReadGenlib() skipped cell "LOGIC1_X1" due to dont_use attribute.
ABC: Scl_LibertyReadGenlib() skipped sequential cell "SDFFRS_X1".
ABC: Scl_LibertyReadGenlib() skipped sequential cell "SDFFRS_X2".
ABC: Scl_LibertyReadGenlib() skipped sequential cell "SDFFR_X1".
ABC: Scl_LibertyReadGenlib() skipped sequential cell "SDFFR_X2".
ABC: Scl_LibertyReadGenlib() skipped sequential cell "SDFFS_X1".
ABC: Scl_LibertyReadGenlib() skipped sequential cell "SDFFS_X2".
ABC: Scl_LibertyReadGenlib() skipped sequential cell "SDFF_X1".
ABC: Scl_LibertyReadGenlib() skipped sequential cell "SDFF_X2".
ABC: Scl_LibertyReadGenlib() skipped three-state cell "TBUF_X1".
ABC: Scl_LibertyReadGenlib() skipped three-state cell "TBUF_X2".
ABC: Scl_LibertyReadGenlib() skipped three-state cell "TBUF_X4".
ABC: Scl_LibertyReadGenlib() skipped three-state cell "TBUF_X8".
ABC: Scl_LibertyReadGenlib() skipped three-state cell "TBUF_X16".
ABC: Scl_LibertyReadGenlib() skipped three-state cell "TINV_X1".
ABC: Scl_LibertyReadGenlib() skipped sequential cell "TLAT_X1".
ABC: Library "nangate45_merged" from "/home/yangpengcheng/ysyx/ysyx/ysyx-workbench/ppa_opt/./syn/scripts/../nangate45/lib/merged.lib" has 88 cells (47 skipped: 21 seq; 6 tri-state; 20 no func; 7 dont_use).  Time =     0.12 sec
ABC: Memory =    8.88 MB. Time =     0.12 sec
ABC: Warning: Detected 2 multi-output gates (for example, "FA_X1").
ABC: + source /home/yangpengcheng/ysyx/ysyx/ysyx-workbench/ppa_opt/-area +strash 
ABC: ** cmd error: aborting 'source /tmp/yosys-abc-cdqDEd/abc.script'
ABC: Cannot open file "/home/yangpengcheng/ysyx/ysyx/ysyx-workbench/ppa_opt/-area".
ERROR: Can't open ABC output file `/tmp/yosys-abc-cdqDEd/output.blif'.
