commit 589844113beda19d6bb82c2b575b806fb808b3f8
Author: 100006503 -Yang Pengcheng <24241214835@stu.xidian.edu.cn>
Date:   Fri Dec 13 20:12:47 2024 +0800

    这只是测试, |**指标**|**数值**| |:---:|:---:| |总周期数|2057417| |总指令数|6534| |IPC|0.00| |CPI|314.88|   |**行为事件**|**事件数量(个)**|**周期数量(个)**|**平均需要周期(个)**| |:---:|:---:|:---:|:---:| |IFU取指令|6534|1031136|157.81| |LSU读数据|680|968948|1424.92| |LSU写数据|689|16727|24.28| |EXU计算结果|6533|6533|1.00|   |**指令事件**|**事件数量(个)**|**指令占比(%)**|**周期数量(个)**|**平均需要周期(个)**|**消耗周期占比(%)**| |:---:|:---:|:---:|:---:|:---:|:---:| |跳转|62|0.95%|310|5.00|0.03%| |分支|1433|21.93%|7165|5.00|0.70%| |存储|689|10.54%|20861|30.28|2.05%| |加载|680|10.41%|973028|1430.92|95.42%| |CSR|2|0.03%|10|5.00|0.00%| |其他|3667|56.12%|18335|5.00|1.80%|

commit 8a56f6bb0cf38f6dc8fa380535c71a2398ab8ec7
Author: 100006503 -Yang Pengcheng <24241214835@stu.xidian.edu.cn>
Date:   Fri Dec 13 20:11:20 2024 +0800

    |**指标**|**数值**| |:---:|:---:| |总周期数|2057417| |总指令数|6534| |IPC|0.00| |CPI|314.88|   |**行为事件**|**事件数量(个)**|**周期数量(个)**|**平均需要周期(个)**| |:---:|:---:|:---:|:---:| |IFU取指令|6534|1031136|157.81| |LSU读数据|680|968948|1424.92| |LSU写数据|689|16727|24.28| |EXU计算结果|6533|6533|1.00|   |**指令事件**|**事件数量(个)**|**指令占比(%)**|**周期数量(个)**|**平均需要周期(个)**|**消耗周期占比(%)**| |:---:|:---:|:---:|:---:|:---:|:---:| |跳转|62|0.95%|310|5.00|0.03%| |分支|1433|21.93%|7165|5.00|0.70%| |存储|689|10.54%|20861|30.28|2.05%| |加载|680|10.41%|973028|1430.92|95.42%| |CSR|2|0.03%|10|5.00|0.00%| |其他|3667|56.12%|18335|5.00|1.80%|

commit 19793fd3e6f044f736b868ccfb836ef300c7df56
Author: 100006503 -Yang Pengcheng <24241214835@stu.xidian.edu.cn>
Date:   Fri Dec 13 20:01:56 2024 +0800

    |其他|3667|56.12%|18335|5.00|1.80%|

commit 1c273882eb5e0c5c6fc29696a8599301535cdd46
Author: 100006503 -Yang Pengcheng <24241214835@stu.xidian.edu.cn>
Date:   Fri Dec 13 20:00:52 2024 +0800

    |**指标**|**数值**| |:---:|:---:| |总周期数|2057417| |总指令数|6534| |IPC|0.00| |CPI|314.88|   |**行为事件**|**事件数量(个)**|**周期数量(个)**|**平均需要周期(个)**| |:---:|:---:|:---:|:---:| |IFU取指令|6534|1031136|157.81| |LSU读数据|680|968948|1424.92| |LSU写数据|689|16727|24.28| |EXU计算结果|6533|6533|1.00|   |**指令事件**|**事件数量(个)**|**指令占比(%)**|**周期数量(个)**|**平均需要周期(个)**|**消耗周期占比(%)**| |:---:|:---:|:---:|:---:|:---:|:---:| |跳转|62|0.95%|310|5.00|0.03%| |分支|1433|21.93%|7165|5.00|0.70%| |存储|689|10.54%|20861|30.28|2.05%| |加载|680|10.41%|973028|1430.92|95.42%| |CSR|2|0.03%|10|5.00|0.00%| |其他|3667|56.12%|18335|5.00|1.80%|

commit 8d87c8b946cb3dd41f74214abf4915d7ab4f3340
Author: 100006503 -Yang Pengcheng <24241214835@stu.xidian.edu.cn>
Date:   Fri Dec 13 19:59:10 2024 +0800

    |**指标**|**数值**| |:---:|:---:| |总周期数|2057417| |总指令数|6534| |IPC|0.00| |CPI|314.88|   |**行为事件**|**事件数量(个)**|**周期数量(个)**|**平均需要周期(个)**| |:---:|:---:|:---:|:---:| |IFU取指令|6534|1031136|157.81| |LSU读数据|680|968948|1424.92| |LSU写数据|689|16727|24.28| |EXU计算结果|6533|6533|1.00|   |**指令事件**|**事件数量(个)**|**指令占比(%)**|**周期数量(个)**|**平均需要周期(个)**|**消耗周期占比(%)**| |:---:|:---:|:---:|:---:|:---:|:---:| |跳转|62|0.95%|310|5.00|0.03%| |分支|1433|21.93%|7165|5.00|0.70%| |存储|689|10.54%|20861|30.28|2.05%| |加载|680|10.41%|973028|1430.92|95.42%| |CSR|2|0.03%|10|5.00|0.00%| |其他|3667|56.12%|18335|5.00|1.80%|

commit fa3c029022acc7a219da36ca1edc13ace598511a
Author: 100006503 -Yang Pengcheng <24241214835@stu.xidian.edu.cn>
Date:   Fri Dec 13 19:56:23 2024 +0800

    just for test

commit 964ec33128453c2159da072b43ad9ce9e7a7ebc3
Author: 100006503 -Yang Pengcheng <24241214835@stu.xidian.edu.cn>
Date:   Fri Dec 13 19:35:09 2024 +0800

    done soc and some perf optimize before trace perf

commit a3ce88587bc90d8e8daa80a1d6c61a14da50e4f8
Author: 100006503 -Yang Pengcheng <24241214835@stu.xidian.edu.cn>
Date:   Thu Dec 5 14:38:19 2024 +0800

    before soc uart

commit 187e0d4d2a352217f06f2ace5ec6c1d241c5f406
Author: 100006503 -Yang Pengcheng <24241214835@stu.xidian.edu.cn>
Date:   Thu Dec 5 11:58:15 2024 +0800

    soc computer system: before uart, all done

commit e83a917b6c64a6f670b351f2763effd5032e1d04
Author: 100006503 -Yang Pengcheng <24241214835@stu.xidian.edu.cn>
Date:   Sun Nov 17 19:24:29 2024 +0800

    done zongxian, next soc

commit 26fa9b85b3480f96235489e8e8ae5630d9615ffc
Author: 100006503 -Yang Pengcheng <24241214835@stu.xidian.edu.cn>
Date:   Sun Nov 3 21:50:42 2024 +0800

    OSCPU/chisel-playground master initialized
    
    OSCPU/chisel-playground 5d8816d81c648382511e6599121fae57738929ec Merge pull request #9 from dzwduan/master

commit 128f4655c9aa9695f3e2e7ecb61d3fd2bb702ff4
Author: 100006503 -Yang Pengcheng <24241214835@stu.xidian.edu.cn>
Date:   Fri Oct 4 15:56:50 2024 +0800

    before starting pa4

commit f2c8b8b58fe205419bc580b31d794960af1048e1
Author: 100006503 -Yang Pengcheng <24241214835@stu.xidian.edu.cn>
Date:   Wed Oct 2 13:02:23 2024 +0800

    before starting pa3 commit again

commit 56d64c6ec81e9dd4af1b59ae190a5686fa9a115f
Merge: 1febe04 07b795e
Author: 100006503 -Yang Pengcheng <24241214835@stu.xidian.edu.cn>
Date:   Wed Oct 2 12:40:06 2024 +0800

    before starting pa3

commit 07b795e1ead9ddc3040b58ed66cbbfe8c2bbd289
Author: 100006503 -Yang Pengcheng <24241214835@stu.xidian.edu.cn>
Date:   Wed Oct 2 12:33:40 2024 +0800

    before starting pa3

commit 620b6bddc0257a99939459795d0c5d94adad203e
Author: tracer-ysyx <tracer@ysyx.org>
Date:   Wed Oct 2 12:25:34 2024 +0800

    > run NEMU
    ysyx_24080032 杨鹏城
    Linux ypc 6.5.0-44-generic #44~22.04.1-Ubuntu SMP PREEMPT_DYNAMIC Tue Jun 18 14:36:16 UTC 2 x86_64 x86_64 x86_64 GNU/Linux
     12:25:34 up 14:14,  1 user,  load average: 3.82, 2.55, 1.77

commit 689b05a2ef757b3a46eeea13e78b4c475f53adb1
Author: tracer-ysyx <tracer@ysyx.org>
Date:   Wed Oct 2 12:25:34 2024 +0800

    > compile NEMU
    ysyx_24080032 杨鹏城
    Linux ypc 6.5.0-44-generic #44~22.04.1-Ubuntu SMP PREEMPT_DYNAMIC Tue Jun 18 14:36:16 UTC 2 x86_64 x86_64 x86_64 GNU/Linux
     12:25:34 up 14:14,  1 user,  load average: 3.82, 2.55, 1.77

commit d1907a5c67d77881d59f84bb88b228a8a0bd3e70
Author: tracer-ysyx <tracer@ysyx.org>
Date:   Wed Oct 2 12:21:35 2024 +0800

    > run NEMU
    ysyx_24080032 杨鹏城
    Linux ypc 6.5.0-44-generic #44~22.04.1-Ubuntu SMP PREEMPT_DYNAMIC Tue Jun 18 14:36:16 UTC 2 x86_64 x86_64 x86_64 GNU/Linux
     12:21:35 up 14:10,  1 user,  load average: 1.28, 1.19, 1.24

commit 7f288cef683e58eedab9047999c5c9ff8d5b370e
Author: tracer-ysyx <tracer@ysyx.org>
Date:   Wed Oct 2 12:21:35 2024 +0800

    > compile NEMU
    ysyx_24080032 杨鹏城
    Linux ypc 6.5.0-44-generic #44~22.04.1-Ubuntu SMP PREEMPT_DYNAMIC Tue Jun 18 14:36:16 UTC 2 x86_64 x86_64 x86_64 GNU/Linux
     12:21:35 up 14:10,  1 user,  load average: 1.28, 1.19, 1.24

commit 7de5785582c260a943a5ddf000df68435d2bf079
Author: tracer-ysyx <tracer@ysyx.org>
Date:   Wed Oct 2 12:18:10 2024 +0800

    > run NEMU
    ysyx_24080032 杨鹏城
    Linux ypc 6.5.0-44-generic #44~22.04.1-Ubuntu SMP PREEMPT_DYNAMIC Tue Jun 18 14:36:16 UTC 2 x86_64 x86_64 x86_64 GNU/Linux
     12:18:10 up 14:06,  1 user,  load average: 1.22, 1.13, 1.24

commit 4e79fa65aaef7e00fa9e20fc3631fa4ecee5face
Author: tracer-ysyx <tracer@ysyx.org>
Date:   Wed Oct 2 12:18:10 2024 +0800

    > compile NEMU
    ysyx_24080032 杨鹏城
    Linux ypc 6.5.0-44-generic #44~22.04.1-Ubuntu SMP PREEMPT_DYNAMIC Tue Jun 18 14:36:16 UTC 2 x86_64 x86_64 x86_64 GNU/Linux
     12:18:10 up 14:06,  1 user,  load average: 1.22, 1.13, 1.24

commit 53f02577443b5bb0010ccf3d190074803c2d2c6f
Author: tracer-ysyx <tracer@ysyx.org>
Date:   Wed Oct 2 11:59:27 2024 +0800

    > run NEMU
    ysyx_24080032 杨鹏城
    Linux ypc 6.5.0-44-generic #44~22.04.1-Ubuntu SMP PREEMPT_DYNAMIC Tue Jun 18 14:36:16 UTC 2 x86_64 x86_64 x86_64 GNU/Linux
     11:59:27 up 13:47,  1 user,  load average: 1.50, 1.41, 1.42

commit a2138ef58dab4cd4f9c63c0dd940f4603b724a87
Author: tracer-ysyx <tracer@ysyx.org>
Date:   Wed Oct 2 11:59:27 2024 +0800

    > compile NEMU
    ysyx_24080032 杨鹏城
    Linux ypc 6.5.0-44-generic #44~22.04.1-Ubuntu SMP PREEMPT_DYNAMIC Tue Jun 18 14:36:16 UTC 2 x86_64 x86_64 x86_64 GNU/Linux
     11:59:27 up 13:47,  1 user,  load average: 1.50, 1.41, 1.42

commit 34a0b37c57effa6e790141fd70b36e151c30c3dc
Author: tracer-ysyx <tracer@ysyx.org>
Date:   Wed Oct 2 11:58:51 2024 +0800

    > run NEMU
    ysyx_24080032 杨鹏城
    Linux ypc 6.5.0-44-generic #44~22.04.1-Ubuntu SMP PREEMPT_DYNAMIC Tue Jun 18 14:36:16 UTC 2 x86_64 x86_64 x86_64 GNU/Linux
     11:58:51 up 13:47,  1 user,  load average: 1.30, 1.36, 1.40

commit d409baf5f62141e27da0eb25bf635e12a80a7154
Author: tracer-ysyx <tracer@ysyx.org>
Date:   Wed Oct 2 11:58:51 2024 +0800

    > compile NEMU
    ysyx_24080032 杨鹏城
    Linux ypc 6.5.0-44-generic #44~22.04.1-Ubuntu SMP PREEMPT_DYNAMIC Tue Jun 18 14:36:16 UTC 2 x86_64 x86_64 x86_64 GNU/Linux
     11:58:51 up 13:47,  1 user,  load average: 1.30, 1.36, 1.40

commit 8380c0d18f4b68940638251573362ac2b21bb123
Author: tracer-ysyx <tracer@ysyx.org>
Date:   Wed Oct 2 11:48:49 2024 +0800

    > run NEMU
    ysyx_24080032 杨鹏城
    Linux ypc 6.5.0-44-generic #44~22.04.1-Ubuntu SMP PREEMPT_DYNAMIC Tue Jun 18 14:36:16 UTC 2 x86_64 x86_64 x86_64 GNU/Linux
     11:48:49 up 13:37,  1 user,  load average: 1.81, 1.83, 1.50

commit 260bfd5674e383d78be96def45eba7f3519fbf35
Author: tracer-ysyx <tracer@ysyx.org>
Date:   Wed Oct 2 11:48:49 2024 +0800

    > compile NEMU
    ysyx_24080032 杨鹏城
    Linux ypc 6.5.0-44-generic #44~22.04.1-Ubuntu SMP PREEMPT_DYNAMIC Tue Jun 18 14:36:16 UTC 2 x86_64 x86_64 x86_64 GNU/Linux
     11:48:49 up 13:37,  1 user,  load average: 1.81, 1.83, 1.50

commit 20f5769a64ff921a0eb52f412334482daab6c638
Author: tracer-ysyx <tracer@ysyx.org>
Date:   Wed Oct 2 11:45:52 2024 +0800

    > run NEMU
    ysyx_24080032 杨鹏城
    Linux ypc 6.5.0-44-generic #44~22.04.1-Ubuntu SMP PREEMPT_DYNAMIC Tue Jun 18 14:36:16 UTC 2 x86_64 x86_64 x86_64 GNU/Linux
     11:45:52 up 13:34,  1 user,  load average: 2.65, 2.03, 1.49

commit e4031988fb9ce903c6bfe0fdbc2088c0aed6bba7
Author: tracer-ysyx <tracer@ysyx.org>
Date:   Wed Oct 2 11:45:52 2024 +0800

    > compile NEMU
    ysyx_24080032 杨鹏城
    Linux ypc 6.5.0-44-generic #44~22.04.1-Ubuntu SMP PREEMPT_DYNAMIC Tue Jun 18 14:36:16 UTC 2 x86_64 x86_64 x86_64 GNU/Linux
     11:45:52 up 13:34,  1 user,  load average: 2.65, 2.03, 1.49

commit 3ef1bf67bfceba3833bfb661d3a817382a1c317d
Author: tracer-ysyx <tracer@ysyx.org>
Date:   Wed Oct 2 11:43:51 2024 +0800

    > run NEMU
    ysyx_24080032 杨鹏城
    Linux ypc 6.5.0-44-generic #44~22.04.1-Ubuntu SMP PREEMPT_DYNAMIC Tue Jun 18 14:36:16 UTC 2 x86_64 x86_64 x86_64 GNU/Linux
     11:43:51 up 13:32,  1 user,  load average: 1.99, 1.46, 1.25

commit e2f4fd94a56da43ecd12006eab9e93164a659798
Author: tracer-ysyx <tracer@ysyx.org>
Date:   Wed Oct 2 11:43:51 2024 +0800

    > compile NEMU
    ysyx_24080032 杨鹏城
    Linux ypc 6.5.0-44-generic #44~22.04.1-Ubuntu SMP PREEMPT_DYNAMIC Tue Jun 18 14:36:16 UTC 2 x86_64 x86_64 x86_64 GNU/Linux
     11:43:51 up 13:32,  1 user,  load average: 1.99, 1.46, 1.25

commit 16c06b1e7dbfd3786a55c21c352fd2fa93cef630
Author: tracer-ysyx <tracer@ysyx.org>
Date:   Wed Oct 2 11:43:38 2024 +0800

    > run NEMU
    ysyx_24080032 杨鹏城
    Linux ypc 6.5.0-44-generic #44~22.04.1-Ubuntu SMP PREEMPT_DYNAMIC Tue Jun 18 14:36:16 UTC 2 x86_64 x86_64 x86_64 GNU/Linux
     11:43:38 up 13:32,  1 user,  load average: 1.49, 1.33, 1.21

commit 195c7d420034b59430fa33f1fe1b2b0ee79ff287
Author: tracer-ysyx <tracer@ysyx.org>
Date:   Wed Oct 2 11:43:38 2024 +0800

    > compile NEMU
    ysyx_24080032 杨鹏城
    Linux ypc 6.5.0-44-generic #44~22.04.1-Ubuntu SMP PREEMPT_DYNAMIC Tue Jun 18 14:36:16 UTC 2 x86_64 x86_64 x86_64 GNU/Linux
     11:43:38 up 13:32,  1 user,  load average: 1.49, 1.33, 1.21

commit 6f9f01959ec073b19cb09b9bc1139e78100aad62
Author: tracer-ysyx <tracer@ysyx.org>
Date:   Wed Oct 2 11:37:33 2024 +0800

    > run NEMU
    ysyx_24080032 杨鹏城
    Linux ypc 6.5.0-44-generic #44~22.04.1-Ubuntu SMP PREEMPT_DYNAMIC Tue Jun 18 14:36:16 UTC 2 x86_64 x86_64 x86_64 GNU/Linux
     11:37:33 up 13:26,  1 user,  load average: 1.65, 1.29, 1.15

commit e9cba2731886abadf3f0473755b7992c50781627
Author: tracer-ysyx <tracer@ysyx.org>
Date:   Wed Oct 2 11:37:33 2024 +0800

    > compile NEMU
    ysyx_24080032 杨鹏城
    Linux ypc 6.5.0-44-generic #44~22.04.1-Ubuntu SMP PREEMPT_DYNAMIC Tue Jun 18 14:36:16 UTC 2 x86_64 x86_64 x86_64 GNU/Linux
     11:37:33 up 13:26,  1 user,  load average: 1.65, 1.29, 1.15

commit dfac7ee3698fc44d44b297c2c94107c439a02005
Author: tracer-ysyx <tracer@ysyx.org>
Date:   Wed Oct 2 11:13:25 2024 +0800

    > run NEMU
    ysyx_24080032 杨鹏城
    Linux ypc 6.5.0-44-generic #44~22.04.1-Ubuntu SMP PREEMPT_DYNAMIC Tue Jun 18 14:36:16 UTC 2 x86_64 x86_64 x86_64 GNU/Linux
     11:13:25 up 13:01,  1 user,  load average: 1.48, 1.28, 1.11

commit c3a2fee7893d7181f98ab26775b5d58ee32e7a70
Author: tracer-ysyx <tracer@ysyx.org>
Date:   Wed Oct 2 11:13:25 2024 +0800

    > compile NEMU
    ysyx_24080032 杨鹏城
    Linux ypc 6.5.0-44-generic #44~22.04.1-Ubuntu SMP PREEMPT_DYNAMIC Tue Jun 18 14:36:16 UTC 2 x86_64 x86_64 x86_64 GNU/Linux
     11:13:25 up 13:01,  1 user,  load average: 1.48, 1.28, 1.11

commit cfdc0002a01f1085495bc9268e7736dca2742289
Author: tracer-ysyx <tracer@ysyx.org>
Date:   Wed Oct 2 11:11:51 2024 +0800

    > run NEMU
    ysyx_24080032 杨鹏城
    Linux ypc 6.5.0-44-generic #44~22.04.1-Ubuntu SMP PREEMPT_DYNAMIC Tue Jun 18 14:36:16 UTC 2 x86_64 x86_64 x86_64 GNU/Linux
     11:11:51 up 13:00,  1 user,  load average: 1.37, 1.13, 1.04

commit 486380ca098b5c37186ec552951912635e10d1a6
Author: tracer-ysyx <tracer@ysyx.org>
Date:   Wed Oct 2 11:11:50 2024 +0800

    > compile NEMU
    ysyx_24080032 杨鹏城
    Linux ypc 6.5.0-44-generic #44~22.04.1-Ubuntu SMP PREEMPT_DYNAMIC Tue Jun 18 14:36:16 UTC 2 x86_64 x86_64 x86_64 GNU/Linux
     11:11:50 up 13:00,  1 user,  load average: 1.37, 1.13, 1.04

commit 96767684025e6b3333cd9ef8edbf203bba62d018
Author: tracer-ysyx <tracer@ysyx.org>
Date:   Wed Oct 2 11:10:57 2024 +0800

    > run NEMU
    ysyx_24080032 杨鹏城
    Linux ypc 6.5.0-44-generic #44~22.04.1-Ubuntu SMP PREEMPT_DYNAMIC Tue Jun 18 14:36:16 UTC 2 x86_64 x86_64 x86_64 GNU/Linux
     11:10:57 up 12:59,  1 user,  load average: 1.07, 1.02, 1.00

commit 89028903c3c5d5ff6a525447a751e1441574026c
Author: tracer-ysyx <tracer@ysyx.org>
Date:   Wed Oct 2 11:10:57 2024 +0800

    > compile NEMU
    ysyx_24080032 杨鹏城
    Linux ypc 6.5.0-44-generic #44~22.04.1-Ubuntu SMP PREEMPT_DYNAMIC Tue Jun 18 14:36:16 UTC 2 x86_64 x86_64 x86_64 GNU/Linux
     11:10:57 up 12:59,  1 user,  load average: 1.07, 1.02, 1.00

commit d95a76c353e06654bc838e8289e602e4a40f3bc9
Author: tracer-ysyx <tracer@ysyx.org>
Date:   Tue Oct 1 23:26:21 2024 +0800

    > run NEMU
    ysyx_24080032 杨鹏城
    Linux ypc 6.5.0-44-generic #44~22.04.1-Ubuntu SMP PREEMPT_DYNAMIC Tue Jun 18 14:36:16 UTC 2 x86_64 x86_64 x86_64 GNU/Linux
     23:26:21 up  1:14,  1 user,  load average: 1.71, 1.65, 1.56

commit 79f7b2648e1d81fb4a3de3de59e8447333db464c
Author: tracer-ysyx <tracer@ysyx.org>
Date:   Tue Oct 1 23:26:20 2024 +0800

    > compile NEMU
    ysyx_24080032 杨鹏城
    Linux ypc 6.5.0-44-generic #44~22.04.1-Ubuntu SMP PREEMPT_DYNAMIC Tue Jun 18 14:36:16 UTC 2 x86_64 x86_64 x86_64 GNU/Linux
     23:26:20 up  1:14,  1 user,  load average: 1.71, 1.65, 1.56

commit 724621997ef880e146a9dd7a48d7c949956be01a
Author: tracer-ysyx <tracer@ysyx.org>
Date:   Tue Oct 1 23:25:52 2024 +0800

    > run NEMU
    ysyx_24080032 杨鹏城
    Linux ypc 6.5.0-44-generic #44~22.04.1-Ubuntu SMP PREEMPT_DYNAMIC Tue Jun 18 14:36:16 UTC 2 x86_64 x86_64 x86_64 GNU/Linux
     23:25:52 up  1:14,  1 user,  load average: 1.90, 1.67, 1.57

commit b64d67eb84770c2ac407865d8fd45ccb32d46d37
Author: tracer-ysyx <tracer@ysyx.org>
Date:   Tue Oct 1 23:25:52 2024 +0800

    > compile NEMU
    ysyx_24080032 杨鹏城
    Linux ypc 6.5.0-44-generic #44~22.04.1-Ubuntu SMP PREEMPT_DYNAMIC Tue Jun 18 14:36:16 UTC 2 x86_64 x86_64 x86_64 GNU/Linux
     23:25:52 up  1:14,  1 user,  load average: 1.90, 1.67, 1.57

commit 16242e0f40a69a52a50e351558d9ef0de638e8c7
Author: tracer-ysyx <tracer@ysyx.org>
Date:   Tue Oct 1 23:19:09 2024 +0800

    > run NEMU
    ysyx_24080032 杨鹏城
    Linux ypc 6.5.0-44-generic #44~22.04.1-Ubuntu SMP PREEMPT_DYNAMIC Tue Jun 18 14:36:16 UTC 2 x86_64 x86_64 x86_64 GNU/Linux
     23:19:09 up  1:07,  1 user,  load average: 1.55, 1.50, 1.51

commit 11ed728b4717e92702a2d0628552189ef56f8ce2
Author: tracer-ysyx <tracer@ysyx.org>
Date:   Tue Oct 1 23:19:09 2024 +0800

    > compile NEMU
    ysyx_24080032 杨鹏城
    Linux ypc 6.5.0-44-generic #44~22.04.1-Ubuntu SMP PREEMPT_DYNAMIC Tue Jun 18 14:36:16 UTC 2 x86_64 x86_64 x86_64 GNU/Linux
     23:19:09 up  1:07,  1 user,  load average: 1.55, 1.50, 1.51

commit 6d149fd560afa6b284b3d8a514a2db561e66daae
Author: tracer-ysyx <tracer@ysyx.org>
Date:   Tue Oct 1 23:13:29 2024 +0800

    > run NEMU
    ysyx_24080032 杨鹏城
    Linux ypc 6.5.0-44-generic #44~22.04.1-Ubuntu SMP PREEMPT_DYNAMIC Tue Jun 18 14:36:16 UTC 2 x86_64 x86_64 x86_64 GNU/Linux
     23:13:29 up  1:02,  1 user,  load average: 1.35, 1.50, 1.53

commit 72f4411b96c511a1ee26de78b06cab0e49a68ce3
Author: tracer-ysyx <tracer@ysyx.org>
Date:   Tue Oct 1 23:13:29 2024 +0800

    > compile NEMU
    ysyx_24080032 杨鹏城
    Linux ypc 6.5.0-44-generic #44~22.04.1-Ubuntu SMP PREEMPT_DYNAMIC Tue Jun 18 14:36:16 UTC 2 x86_64 x86_64 x86_64 GNU/Linux
     23:13:29 up  1:02,  1 user,  load average: 1.35, 1.50, 1.53

commit 110bd9579a153194abe1ab44ea467e99a95c5eb6
Author: tracer-ysyx <tracer@ysyx.org>
Date:   Tue Oct 1 23:11:55 2024 +0800

    > compile NEMU
    ysyx_24080032 杨鹏城
    Linux ypc 6.5.0-44-generic #44~22.04.1-Ubuntu SMP PREEMPT_DYNAMIC Tue Jun 18 14:36:16 UTC 2 x86_64 x86_64 x86_64 GNU/Linux
     23:11:55 up  1:00,  1 user,  load average: 1.58, 1.58, 1.55

commit 377ffb93f6aa0ff1d40988cc351e86df95203b73
Author: tracer-ysyx <tracer@ysyx.org>
Date:   Tue Oct 1 23:11:12 2024 +0800

    > compile NEMU
    ysyx_24080032 杨鹏城
    Linux ypc 6.5.0-44-generic #44~22.04.1-Ubuntu SMP PREEMPT_DYNAMIC Tue Jun 18 14:36:16 UTC 2 x86_64 x86_64 x86_64 GNU/Linux
     23:11:12 up 59 min,  1 user,  load average: 1.40, 1.56, 1.54

commit 3db742d74dcb6c9d816f478d97d9ed4d15a7b130
Author: tracer-ysyx <tracer@ysyx.org>
Date:   Tue Oct 1 23:09:06 2024 +0800

    > run NEMU
    ysyx_24080032 杨鹏城
    Linux ypc 6.5.0-44-generic #44~22.04.1-Ubuntu SMP PREEMPT_DYNAMIC Tue Jun 18 14:36:16 UTC 2 x86_64 x86_64 x86_64 GNU/Linux
     23:09:06 up 57 min,  1 user,  load average: 1.42, 1.64, 1.56

commit bf9e9b74e53795c38ba1870cecca76309141f706
Author: tracer-ysyx <tracer@ysyx.org>
Date:   Tue Oct 1 23:09:06 2024 +0800

    > compile NEMU
    ysyx_24080032 杨鹏城
    Linux ypc 6.5.0-44-generic #44~22.04.1-Ubuntu SMP PREEMPT_DYNAMIC Tue Jun 18 14:36:16 UTC 2 x86_64 x86_64 x86_64 GNU/Linux
     23:09:06 up 57 min,  1 user,  load average: 1.42, 1.64, 1.56

commit dae3226e53ecf929b3215019606ad98ff8c460ac
Author: tracer-ysyx <tracer@ysyx.org>
Date:   Tue Oct 1 22:27:44 2024 +0800

    > run NEMU
    ysyx_24080032 杨鹏城
    Linux ypc 6.5.0-44-generic #44~22.04.1-Ubuntu SMP PREEMPT_DYNAMIC Tue Jun 18 14:36:16 UTC 2 x86_64 x86_64 x86_64 GNU/Linux
     22:27:44 up 16 min,  1 user,  load average: 1.55, 1.60, 1.18

commit 6939aa37b84ec44f5987bed5c5ab8d187ea058ca
Author: tracer-ysyx <tracer@ysyx.org>
Date:   Tue Oct 1 22:27:44 2024 +0800

    > compile NEMU
    ysyx_24080032 杨鹏城
    Linux ypc 6.5.0-44-generic #44~22.04.1-Ubuntu SMP PREEMPT_DYNAMIC Tue Jun 18 14:36:16 UTC 2 x86_64 x86_64 x86_64 GNU/Linux
     22:27:44 up 16 min,  1 user,  load average: 1.55, 1.60, 1.18

commit 37be7c03e1623e4c9120ba493678940983c00325
Author: tracer-ysyx <tracer@ysyx.org>
Date:   Tue Oct 1 22:26:30 2024 +0800

    > run NEMU
    ysyx_24080032 杨鹏城
    Linux ypc 6.5.0-44-generic #44~22.04.1-Ubuntu SMP PREEMPT_DYNAMIC Tue Jun 18 14:36:16 UTC 2 x86_64 x86_64 x86_64 GNU/Linux
     22:26:30 up 15 min,  1 user,  load average: 1.33, 1.53, 1.11

commit 92bad0df762051c0a7ccb656b25717ff71549ad7
Author: tracer-ysyx <tracer@ysyx.org>
Date:   Tue Oct 1 22:26:30 2024 +0800

    > compile NEMU
    ysyx_24080032 杨鹏城
    Linux ypc 6.5.0-44-generic #44~22.04.1-Ubuntu SMP PREEMPT_DYNAMIC Tue Jun 18 14:36:16 UTC 2 x86_64 x86_64 x86_64 GNU/Linux
     22:26:30 up 15 min,  1 user,  load average: 1.33, 1.53, 1.11

commit 3dccf6dbaca6572f1bf66c20a80cb886e62dd0f9
Author: tracer-ysyx <tracer@ysyx.org>
Date:   Mon Sep 30 23:03:52 2024 +0800

    > run NEMU
    ysyx_24080032 杨鹏城
    Linux ypc 6.5.0-44-generic #44~22.04.1-Ubuntu SMP PREEMPT_DYNAMIC Tue Jun 18 14:36:16 UTC 2 x86_64 x86_64 x86_64 GNU/Linux
     23:03:52 up 1 day,  3:02,  1 user,  load average: 2.34, 2.27, 2.03

commit ce4b1ff643067fbf1fe153c31375e8c5f3b47dc0
Author: tracer-ysyx <tracer@ysyx.org>
Date:   Mon Sep 30 23:03:52 2024 +0800

    > compile NEMU
    ysyx_24080032 杨鹏城
    Linux ypc 6.5.0-44-generic #44~22.04.1-Ubuntu SMP PREEMPT_DYNAMIC Tue Jun 18 14:36:16 UTC 2 x86_64 x86_64 x86_64 GNU/Linux
     23:03:52 up 1 day,  3:02,  1 user,  load average: 2.34, 2.27, 2.03

commit 35b9016e26d3e4c5501eb56d1bc7f1daf28288c0
Author: tracer-ysyx <tracer@ysyx.org>
Date:   Mon Sep 30 23:03:20 2024 +0800

    > run NEMU
    ysyx_24080032 杨鹏城
    Linux ypc 6.5.0-44-generic #44~22.04.1-Ubuntu SMP PREEMPT_DYNAMIC Tue Jun 18 14:36:16 UTC 2 x86_64 x86_64 x86_64 GNU/Linux
     23:03:20 up 1 day,  3:02,  1 user,  load average: 1.42, 2.11, 1.97

commit db195bd49a66765cd31155d9fd86c490c76588b2
Author: tracer-ysyx <tracer@ysyx.org>
Date:   Mon Sep 30 23:03:20 2024 +0800

    > compile NEMU
    ysyx_24080032 杨鹏城
    Linux ypc 6.5.0-44-generic #44~22.04.1-Ubuntu SMP PREEMPT_DYNAMIC Tue Jun 18 14:36:16 UTC 2 x86_64 x86_64 x86_64 GNU/Linux
     23:03:20 up 1 day,  3:02,  1 user,  load average: 1.42, 2.11, 1.97

commit 69c6525a5fc5adf9c49864256f70d4e467ea0bb7
Author: tracer-ysyx <tracer@ysyx.org>
Date:   Mon Sep 30 23:00:59 2024 +0800

    > run NEMU
    ysyx_24080032 杨鹏城
    Linux ypc 6.5.0-44-generic #44~22.04.1-Ubuntu SMP PREEMPT_DYNAMIC Tue Jun 18 14:36:16 UTC 2 x86_64 x86_64 x86_64 GNU/Linux
     23:00:59 up 1 day,  2:59,  1 user,  load average: 2.92, 2.49, 2.04

commit 176d919e8ecbf1379484495156746fcd6d6f194e
Author: tracer-ysyx <tracer@ysyx.org>
Date:   Mon Sep 30 23:00:59 2024 +0800

    > compile NEMU
    ysyx_24080032 杨鹏城
    Linux ypc 6.5.0-44-generic #44~22.04.1-Ubuntu SMP PREEMPT_DYNAMIC Tue Jun 18 14:36:16 UTC 2 x86_64 x86_64 x86_64 GNU/Linux
     23:00:59 up 1 day,  2:59,  1 user,  load average: 2.92, 2.49, 2.04

commit 5c007ac88642821dbe2843da547b3a6e16c52e47
Author: tracer-ysyx <tracer@ysyx.org>
Date:   Mon Sep 30 23:00:42 2024 +0800

    > run NEMU
    ysyx_24080032 杨鹏城
    Linux ypc 6.5.0-44-generic #44~22.04.1-Ubuntu SMP PREEMPT_DYNAMIC Tue Jun 18 14:36:16 UTC 2 x86_64 x86_64 x86_64 GNU/Linux
     23:00:42 up 1 day,  2:59,  1 user,  load average: 2.35, 2.36, 1.99

commit 64984414872e2b3a4aa3c8f3e2584fe9985f352a
Author: tracer-ysyx <tracer@ysyx.org>
Date:   Mon Sep 30 23:00:42 2024 +0800

    > compile NEMU
    ysyx_24080032 杨鹏城
    Linux ypc 6.5.0-44-generic #44~22.04.1-Ubuntu SMP PREEMPT_DYNAMIC Tue Jun 18 14:36:16 UTC 2 x86_64 x86_64 x86_64 GNU/Linux
     23:00:42 up 1 day,  2:59,  1 user,  load average: 2.35, 2.36, 1.99

commit 4c3ac764d8be1ebb0ccf48786211c11722985611
Author: tracer-ysyx <tracer@ysyx.org>
Date:   Mon Sep 30 23:00:27 2024 +0800

    > run NEMU
    ysyx_24080032 杨鹏城
    Linux ypc 6.5.0-44-generic #44~22.04.1-Ubuntu SMP PREEMPT_DYNAMIC Tue Jun 18 14:36:16 UTC 2 x86_64 x86_64 x86_64 GNU/Linux
     23:00:27 up 1 day,  2:59,  1 user,  load average: 2.63, 2.41, 2.00

commit 14ad31c11429ff2a6a2601bae29751f9ddf6fb4b
Author: tracer-ysyx <tracer@ysyx.org>
Date:   Mon Sep 30 23:00:27 2024 +0800

    > compile NEMU
    ysyx_24080032 杨鹏城
    Linux ypc 6.5.0-44-generic #44~22.04.1-Ubuntu SMP PREEMPT_DYNAMIC Tue Jun 18 14:36:16 UTC 2 x86_64 x86_64 x86_64 GNU/Linux
     23:00:27 up 1 day,  2:59,  1 user,  load average: 2.63, 2.41, 2.00

commit 12f755c0c5fddc54f5d24c64c12546c23e5e2903
Author: tracer-ysyx <tracer@ysyx.org>
Date:   Mon Sep 30 22:59:18 2024 +0800

    > run NEMU
    ysyx_24080032 杨鹏城
    Linux ypc 6.5.0-44-generic #44~22.04.1-Ubuntu SMP PREEMPT_DYNAMIC Tue Jun 18 14:36:16 UTC 2 x86_64 x86_64 x86_64 GNU/Linux
     22:59:18 up 1 day,  2:57,  1 user,  load average: 3.58, 2.41, 1.97

commit ad3a87e470a293aaacf27ede353df342dd605a74
Author: tracer-ysyx <tracer@ysyx.org>
Date:   Mon Sep 30 22:59:18 2024 +0800

    > compile NEMU
    ysyx_24080032 杨鹏城
    Linux ypc 6.5.0-44-generic #44~22.04.1-Ubuntu SMP PREEMPT_DYNAMIC Tue Jun 18 14:36:16 UTC 2 x86_64 x86_64 x86_64 GNU/Linux
     22:59:18 up 1 day,  2:57,  1 user,  load average: 3.58, 2.41, 1.97

commit 822493743f42308fe7655bcf7c55bf4d76b0da43
Author: tracer-ysyx <tracer@ysyx.org>
Date:   Mon Sep 30 22:59:05 2024 +0800

    > run NEMU
    ysyx_24080032 杨鹏城
    Linux ypc 6.5.0-44-generic #44~22.04.1-Ubuntu SMP PREEMPT_DYNAMIC Tue Jun 18 14:36:16 UTC 2 x86_64 x86_64 x86_64 GNU/Linux
     22:59:05 up 1 day,  2:57,  1 user,  load average: 3.20, 2.30, 1.93

commit 001245f1e5836563a4d3cde4e797569b2f7f0d77
Author: tracer-ysyx <tracer@ysyx.org>
Date:   Mon Sep 30 22:59:05 2024 +0800

    > compile NEMU
    ysyx_24080032 杨鹏城
    Linux ypc 6.5.0-44-generic #44~22.04.1-Ubuntu SMP PREEMPT_DYNAMIC Tue Jun 18 14:36:16 UTC 2 x86_64 x86_64 x86_64 GNU/Linux
     22:59:05 up 1 day,  2:57,  1 user,  load average: 3.20, 2.30, 1.93

commit 946642691a620b1e3b4269fd2afa460821a61264
Author: tracer-ysyx <tracer@ysyx.org>
Date:   Mon Sep 30 22:58:18 2024 +0800

    > run NEMU
    ysyx_24080032 杨鹏城
    Linux ypc 6.5.0-44-generic #44~22.04.1-Ubuntu SMP PREEMPT_DYNAMIC Tue Jun 18 14:36:16 UTC 2 x86_64 x86_64 x86_64 GNU/Linux
     22:58:18 up 1 day,  2:56,  1 user,  load average: 3.32, 2.15, 1.86

commit 77aeac3dd5d4670120df2d9e1f0ec4bed78e558e
Author: tracer-ysyx <tracer@ysyx.org>
Date:   Mon Sep 30 22:58:18 2024 +0800

    > compile NEMU
    ysyx_24080032 杨鹏城
    Linux ypc 6.5.0-44-generic #44~22.04.1-Ubuntu SMP PREEMPT_DYNAMIC Tue Jun 18 14:36:16 UTC 2 x86_64 x86_64 x86_64 GNU/Linux
     22:58:18 up 1 day,  2:56,  1 user,  load average: 3.32, 2.15, 1.86

commit 2d1f3b8209bdd4c6cab80c159d4e664e3470576b
Author: tracer-ysyx <tracer@ysyx.org>
Date:   Mon Sep 30 22:57:18 2024 +0800

    > run NEMU
    ysyx_24080032 杨鹏城
    Linux ypc 6.5.0-44-generic #44~22.04.1-Ubuntu SMP PREEMPT_DYNAMIC Tue Jun 18 14:36:16 UTC 2 x86_64 x86_64 x86_64 GNU/Linux
     22:57:18 up 1 day,  2:55,  1 user,  load average: 2.02, 1.57, 1.66

commit e525f152b5e4c261fb2b49148791fd825c4313d3
Author: tracer-ysyx <tracer@ysyx.org>
Date:   Mon Sep 30 22:57:18 2024 +0800

    > compile NEMU
    ysyx_24080032 杨鹏城
    Linux ypc 6.5.0-44-generic #44~22.04.1-Ubuntu SMP PREEMPT_DYNAMIC Tue Jun 18 14:36:16 UTC 2 x86_64 x86_64 x86_64 GNU/Linux
     22:57:18 up 1 day,  2:55,  1 user,  load average: 2.02, 1.57, 1.66

commit f0f1ae83da816a6cff792225a2d6ff47f3742f52
Author: tracer-ysyx <tracer@ysyx.org>
Date:   Mon Sep 30 22:50:47 2024 +0800

    > run NEMU
    ysyx_24080032 杨鹏城
    Linux ypc 6.5.0-44-generic #44~22.04.1-Ubuntu SMP PREEMPT_DYNAMIC Tue Jun 18 14:36:16 UTC 2 x86_64 x86_64 x86_64 GNU/Linux
     22:50:47 up 1 day,  2:49,  1 user,  load average: 2.00, 1.93, 1.83

commit 3035537c1922a36df46930eed263f2e3e83c5e20
Author: tracer-ysyx <tracer@ysyx.org>
Date:   Mon Sep 30 22:50:47 2024 +0800

    > compile NEMU
    ysyx_24080032 杨鹏城
    Linux ypc 6.5.0-44-generic #44~22.04.1-Ubuntu SMP PREEMPT_DYNAMIC Tue Jun 18 14:36:16 UTC 2 x86_64 x86_64 x86_64 GNU/Linux
     22:50:47 up 1 day,  2:49,  1 user,  load average: 2.00, 1.93, 1.83

commit 4645a09da95e75b9e17657d5b10cc4efb345505f
Author: tracer-ysyx <tracer@ysyx.org>
Date:   Mon Sep 30 22:50:12 2024 +0800

    > run NEMU
    ysyx_24080032 杨鹏城
    Linux ypc 6.5.0-44-generic #44~22.04.1-Ubuntu SMP PREEMPT_DYNAMIC Tue Jun 18 14:36:16 UTC 2 x86_64 x86_64 x86_64 GNU/Linux
     22:50:12 up 1 day,  2:48,  1 user,  load average: 1.61, 1.87, 1.80

commit 1eb2b25c49ae6736d03b2ef61e9355a6f28640d9
Author: tracer-ysyx <tracer@ysyx.org>
Date:   Mon Sep 30 22:50:12 2024 +0800

    > compile NEMU
    ysyx_24080032 杨鹏城
    Linux ypc 6.5.0-44-generic #44~22.04.1-Ubuntu SMP PREEMPT_DYNAMIC Tue Jun 18 14:36:16 UTC 2 x86_64 x86_64 x86_64 GNU/Linux
     22:50:12 up 1 day,  2:48,  1 user,  load average: 1.61, 1.87, 1.80

commit 9bdd0aaec3ec4c2796bd7d74764a68627906f5ab
Author: tracer-ysyx <tracer@ysyx.org>
Date:   Mon Sep 30 22:50:04 2024 +0800

    > run NEMU
    ysyx_24080032 杨鹏城
    Linux ypc 6.5.0-44-generic #44~22.04.1-Ubuntu SMP PREEMPT_DYNAMIC Tue Jun 18 14:36:16 UTC 2 x86_64 x86_64 x86_64 GNU/Linux
     22:50:04 up 1 day,  2:48,  1 user,  load average: 1.67, 1.88, 1.81

commit 314590822c030d6ffd2016e71cf38504e1e56b07
Author: tracer-ysyx <tracer@ysyx.org>
Date:   Mon Sep 30 22:50:04 2024 +0800

    > compile NEMU
    ysyx_24080032 杨鹏城
    Linux ypc 6.5.0-44-generic #44~22.04.1-Ubuntu SMP PREEMPT_DYNAMIC Tue Jun 18 14:36:16 UTC 2 x86_64 x86_64 x86_64 GNU/Linux
     22:50:04 up 1 day,  2:48,  1 user,  load average: 1.67, 1.88, 1.81

commit b60b3ce7349c595d1fa765fba1fb925a9be9da44
Author: tracer-ysyx <tracer@ysyx.org>
Date:   Mon Sep 30 22:46:23 2024 +0800

    > run NEMU
    ysyx_24080032 杨鹏城
    Linux ypc 6.5.0-44-generic #44~22.04.1-Ubuntu SMP PREEMPT_DYNAMIC Tue Jun 18 14:36:16 UTC 2 x86_64 x86_64 x86_64 GNU/Linux
     22:46:23 up 1 day,  2:45,  1 user,  load average: 2.06, 2.08, 1.83

commit e44b0b1f1318adbe7f5fdd83f61f6e4e7b6a4474
Author: tracer-ysyx <tracer@ysyx.org>
Date:   Mon Sep 30 22:46:23 2024 +0800

    > compile NEMU
    ysyx_24080032 杨鹏城
    Linux ypc 6.5.0-44-generic #44~22.04.1-Ubuntu SMP PREEMPT_DYNAMIC Tue Jun 18 14:36:16 UTC 2 x86_64 x86_64 x86_64 GNU/Linux
     22:46:23 up 1 day,  2:45,  1 user,  load average: 2.06, 2.08, 1.83

commit 4f7b5ac4c18471c04bee9fcb3416cbfbe73cd1b1
Author: tracer-ysyx <tracer@ysyx.org>
Date:   Mon Sep 30 22:45:57 2024 +0800

    > run NEMU
    ysyx_24080032 杨鹏城
    Linux ypc 6.5.0-44-generic #44~22.04.1-Ubuntu SMP PREEMPT_DYNAMIC Tue Jun 18 14:36:16 UTC 2 x86_64 x86_64 x86_64 GNU/Linux
     22:45:57 up 1 day,  2:44,  1 user,  load average: 2.21, 2.10, 1.84

commit 4efba44bd04b4fc46493d7042b7efde223dc420d
Author: tracer-ysyx <tracer@ysyx.org>
Date:   Mon Sep 30 22:45:57 2024 +0800

    > compile NEMU
    ysyx_24080032 杨鹏城
    Linux ypc 6.5.0-44-generic #44~22.04.1-Ubuntu SMP PREEMPT_DYNAMIC Tue Jun 18 14:36:16 UTC 2 x86_64 x86_64 x86_64 GNU/Linux
     22:45:57 up 1 day,  2:44,  1 user,  load average: 2.21, 2.10, 1.84

commit e5f4bf9ea7f39c8929013043442ae81452be215a
Author: tracer-ysyx <tracer@ysyx.org>
Date:   Mon Sep 30 22:44:44 2024 +0800

    > run NEMU
    ysyx_24080032 杨鹏城
    Linux ypc 6.5.0-44-generic #44~22.04.1-Ubuntu SMP PREEMPT_DYNAMIC Tue Jun 18 14:36:16 UTC 2 x86_64 x86_64 x86_64 GNU/Linux
     22:44:44 up 1 day,  2:43,  1 user,  load average: 3.14, 2.20, 1.85

commit 003fefbe7e20bd0a1c4531a884eafb3c69632cac
Author: tracer-ysyx <tracer@ysyx.org>
Date:   Mon Sep 30 22:44:44 2024 +0800

    > compile NEMU
    ysyx_24080032 杨鹏城
    Linux ypc 6.5.0-44-generic #44~22.04.1-Ubuntu SMP PREEMPT_DYNAMIC Tue Jun 18 14:36:16 UTC 2 x86_64 x86_64 x86_64 GNU/Linux
     22:44:44 up 1 day,  2:43,  1 user,  load average: 3.14, 2.20, 1.85

commit 7402e7fc635f0c5cb12631707abd64c357525f7c
Author: tracer-ysyx <tracer@ysyx.org>
Date:   Mon Sep 30 22:40:40 2024 +0800

    > run NEMU
    ysyx_24080032 杨鹏城
    Linux ypc 6.5.0-44-generic #44~22.04.1-Ubuntu SMP PREEMPT_DYNAMIC Tue Jun 18 14:36:16 UTC 2 x86_64 x86_64 x86_64 GNU/Linux
     22:40:40 up 1 day,  2:39,  1 user,  load average: 2.47, 1.93, 1.71

commit c32abbe7dade3333d7d68f0b110acc1d782c8599
Author: tracer-ysyx <tracer@ysyx.org>
Date:   Mon Sep 30 22:40:40 2024 +0800

    > compile NEMU
    ysyx_24080032 杨鹏城
    Linux ypc 6.5.0-44-generic #44~22.04.1-Ubuntu SMP PREEMPT_DYNAMIC Tue Jun 18 14:36:16 UTC 2 x86_64 x86_64 x86_64 GNU/Linux
     22:40:40 up 1 day,  2:39,  1 user,  load average: 2.47, 1.93, 1.71

commit 4b8120802ad0fb4e346397d3769235fe67e26bbc
Author: tracer-ysyx <tracer@ysyx.org>
Date:   Mon Sep 30 22:40:29 2024 +0800

    > run NEMU
    ysyx_24080032 杨鹏城
    Linux ypc 6.5.0-44-generic #44~22.04.1-Ubuntu SMP PREEMPT_DYNAMIC Tue Jun 18 14:36:16 UTC 2 x86_64 x86_64 x86_64 GNU/Linux
     22:40:29 up 1 day,  2:39,  1 user,  load average: 2.38, 1.89, 1.69

commit 91c62b27deff842ea3ea1e843c3e12c6ae7f78ce
Author: tracer-ysyx <tracer@ysyx.org>
Date:   Mon Sep 30 22:40:29 2024 +0800

    > compile NEMU
    ysyx_24080032 杨鹏城
    Linux ypc 6.5.0-44-generic #44~22.04.1-Ubuntu SMP PREEMPT_DYNAMIC Tue Jun 18 14:36:16 UTC 2 x86_64 x86_64 x86_64 GNU/Linux
     22:40:29 up 1 day,  2:39,  1 user,  load average: 2.38, 1.89, 1.69

commit 0c1baf730f0a7bb30dbf45c1e347cf4feae5129c
Author: tracer-ysyx <tracer@ysyx.org>
Date:   Mon Sep 30 22:40:21 2024 +0800

    > run NEMU
    ysyx_24080032 杨鹏城
    Linux ypc 6.5.0-44-generic #44~22.04.1-Ubuntu SMP PREEMPT_DYNAMIC Tue Jun 18 14:36:16 UTC 2 x86_64 x86_64 x86_64 GNU/Linux
     22:40:21 up 1 day,  2:39,  1 user,  load average: 1.98, 1.80, 1.66

commit ba034fd26536652fc23f375ff28a66e61320b075
Author: tracer-ysyx <tracer@ysyx.org>
Date:   Mon Sep 30 22:40:21 2024 +0800

    > compile NEMU
    ysyx_24080032 杨鹏城
    Linux ypc 6.5.0-44-generic #44~22.04.1-Ubuntu SMP PREEMPT_DYNAMIC Tue Jun 18 14:36:16 UTC 2 x86_64 x86_64 x86_64 GNU/Linux
     22:40:21 up 1 day,  2:39,  1 user,  load average: 1.98, 1.80, 1.66

commit 4f01579863a6b3e9f5a6a671774620235520616b
Author: tracer-ysyx <tracer@ysyx.org>
Date:   Mon Sep 30 22:40:16 2024 +0800

    > run NEMU
    ysyx_24080032 杨鹏城
    Linux ypc 6.5.0-44-generic #44~22.04.1-Ubuntu SMP PREEMPT_DYNAMIC Tue Jun 18 14:36:16 UTC 2 x86_64 x86_64 x86_64 GNU/Linux
     22:40:16 up 1 day,  2:38,  1 user,  load average: 1.80, 1.77, 1.65

commit 751d7a83db4c5ce1d03c0c2147767db96a254a2a
Author: tracer-ysyx <tracer@ysyx.org>
Date:   Mon Sep 30 22:40:16 2024 +0800

    > compile NEMU
    ysyx_24080032 杨鹏城
    Linux ypc 6.5.0-44-generic #44~22.04.1-Ubuntu SMP PREEMPT_DYNAMIC Tue Jun 18 14:36:16 UTC 2 x86_64 x86_64 x86_64 GNU/Linux
     22:40:16 up 1 day,  2:38,  1 user,  load average: 1.80, 1.77, 1.65

commit 7f45552d5e8b707392beb8b02db75ba1ea1ba946
Author: tracer-ysyx <tracer@ysyx.org>
Date:   Mon Sep 30 22:40:08 2024 +0800

    > run NEMU
    ysyx_24080032 杨鹏城
    Linux ypc 6.5.0-44-generic #44~22.04.1-Ubuntu SMP PREEMPT_DYNAMIC Tue Jun 18 14:36:16 UTC 2 x86_64 x86_64 x86_64 GNU/Linux
     22:40:08 up 1 day,  2:38,  1 user,  load average: 1.79, 1.76, 1.65

commit a1ca537274b430178115cfa7ca8429525aa61b2b
Author: tracer-ysyx <tracer@ysyx.org>
Date:   Mon Sep 30 22:40:08 2024 +0800

    > compile NEMU
    ysyx_24080032 杨鹏城
    Linux ypc 6.5.0-44-generic #44~22.04.1-Ubuntu SMP PREEMPT_DYNAMIC Tue Jun 18 14:36:16 UTC 2 x86_64 x86_64 x86_64 GNU/Linux
     22:40:08 up 1 day,  2:38,  1 user,  load average: 1.79, 1.76, 1.65

commit 0abc925ba61efcf6cd3bca13e4a13b735aa390b7
Author: tracer-ysyx <tracer@ysyx.org>
Date:   Mon Sep 30 22:40:00 2024 +0800

    > run NEMU
    ysyx_24080032 杨鹏城
    Linux ypc 6.5.0-44-generic #44~22.04.1-Ubuntu SMP PREEMPT_DYNAMIC Tue Jun 18 14:36:16 UTC 2 x86_64 x86_64 x86_64 GNU/Linux
     22:40:00 up 1 day,  2:38,  1 user,  load average: 1.75, 1.75, 1.64

commit fae7518f65293779a2804a0d51ae0a6fd88ffbbf
Author: tracer-ysyx <tracer@ysyx.org>
Date:   Mon Sep 30 22:40:00 2024 +0800

    > compile NEMU
    ysyx_24080032 杨鹏城
    Linux ypc 6.5.0-44-generic #44~22.04.1-Ubuntu SMP PREEMPT_DYNAMIC Tue Jun 18 14:36:16 UTC 2 x86_64 x86_64 x86_64 GNU/Linux
     22:40:00 up 1 day,  2:38,  1 user,  load average: 1.75, 1.75, 1.64

commit c39a246b1e700bb6e899a4a8906dd87022b0e1b2
Author: tracer-ysyx <tracer@ysyx.org>
Date:   Mon Sep 30 22:39:55 2024 +0800

    > run NEMU
    ysyx_24080032 杨鹏城
    Linux ypc 6.5.0-44-generic #44~22.04.1-Ubuntu SMP PREEMPT_DYNAMIC Tue Jun 18 14:36:16 UTC 2 x86_64 x86_64 x86_64 GNU/Linux
     22:39:55 up 1 day,  2:38,  1 user,  load average: 1.47, 1.70, 1.62

commit 4fc42cfa2556196ca7d4cee2c42f0e966239a20c
Author: tracer-ysyx <tracer@ysyx.org>
Date:   Mon Sep 30 22:39:54 2024 +0800

    > compile NEMU
    ysyx_24080032 杨鹏城
    Linux ypc 6.5.0-44-generic #44~22.04.1-Ubuntu SMP PREEMPT_DYNAMIC Tue Jun 18 14:36:16 UTC 2 x86_64 x86_64 x86_64 GNU/Linux
     22:39:54 up 1 day,  2:38,  1 user,  load average: 1.47, 1.70, 1.62

commit 27c797161580a0ba6247cee7582a932fd09d7998
Author: tracer-ysyx <tracer@ysyx.org>
Date:   Mon Sep 30 22:39:48 2024 +0800

    > run NEMU
    ysyx_24080032 杨鹏城
    Linux ypc 6.5.0-44-generic #44~22.04.1-Ubuntu SMP PREEMPT_DYNAMIC Tue Jun 18 14:36:16 UTC 2 x86_64 x86_64 x86_64 GNU/Linux
     22:39:48 up 1 day,  2:38,  1 user,  load average: 1.42, 1.69, 1.62

commit f9482cdd671fbd16ff533afd5bdcfde3534cab57
Author: tracer-ysyx <tracer@ysyx.org>
Date:   Mon Sep 30 22:39:48 2024 +0800

    > compile NEMU
    ysyx_24080032 杨鹏城
    Linux ypc 6.5.0-44-generic #44~22.04.1-Ubuntu SMP PREEMPT_DYNAMIC Tue Jun 18 14:36:16 UTC 2 x86_64 x86_64 x86_64 GNU/Linux
     22:39:48 up 1 day,  2:38,  1 user,  load average: 1.42, 1.69, 1.62

commit dcd485674658fafdb2c38bcda6f16c525aaaf4cd
Author: tracer-ysyx <tracer@ysyx.org>
Date:   Mon Sep 30 22:36:36 2024 +0800

    > run NEMU
    ysyx_24080032 杨鹏城
    Linux ypc 6.5.0-44-generic #44~22.04.1-Ubuntu SMP PREEMPT_DYNAMIC Tue Jun 18 14:36:16 UTC 2 x86_64 x86_64 x86_64 GNU/Linux
     22:36:36 up 1 day,  2:35,  1 user,  load average: 2.46, 1.89, 1.66

commit 32054658d8b82d79e60edfe41deeb60be788c147
Author: tracer-ysyx <tracer@ysyx.org>
Date:   Mon Sep 30 22:36:36 2024 +0800

    > compile NEMU
    ysyx_24080032 杨鹏城
    Linux ypc 6.5.0-44-generic #44~22.04.1-Ubuntu SMP PREEMPT_DYNAMIC Tue Jun 18 14:36:16 UTC 2 x86_64 x86_64 x86_64 GNU/Linux
     22:36:36 up 1 day,  2:35,  1 user,  load average: 2.46, 1.89, 1.66

commit d7485e0fce554da8092509d78a6cd282b97a4942
Author: tracer-ysyx <tracer@ysyx.org>
Date:   Mon Sep 30 22:36:22 2024 +0800

    > run NEMU
    ysyx_24080032 杨鹏城
    Linux ypc 6.5.0-44-generic #44~22.04.1-Ubuntu SMP PREEMPT_DYNAMIC Tue Jun 18 14:36:16 UTC 2 x86_64 x86_64 x86_64 GNU/Linux
     22:36:22 up 1 day,  2:35,  1 user,  load average: 2.29, 1.83, 1.63

commit f4ac10f3143aca79a86e1c8b6ff18069d6ce85b1
Author: tracer-ysyx <tracer@ysyx.org>
Date:   Mon Sep 30 22:36:22 2024 +0800

    > compile NEMU
    ysyx_24080032 杨鹏城
    Linux ypc 6.5.0-44-generic #44~22.04.1-Ubuntu SMP PREEMPT_DYNAMIC Tue Jun 18 14:36:16 UTC 2 x86_64 x86_64 x86_64 GNU/Linux
     22:36:22 up 1 day,  2:35,  1 user,  load average: 2.29, 1.83, 1.63

commit daaf3fd68c6c36a80dfc5e52c8aadf1661581018
Author: tracer-ysyx <tracer@ysyx.org>
Date:   Mon Sep 30 22:36:12 2024 +0800

    > run NEMU
    ysyx_24080032 杨鹏城
    Linux ypc 6.5.0-44-generic #44~22.04.1-Ubuntu SMP PREEMPT_DYNAMIC Tue Jun 18 14:36:16 UTC 2 x86_64 x86_64 x86_64 GNU/Linux
     22:36:12 up 1 day,  2:34,  1 user,  load average: 2.44, 1.84, 1.64

commit 09bd26c177ddf58c9f1c6175a1b9d8ea728ea150
Author: tracer-ysyx <tracer@ysyx.org>
Date:   Mon Sep 30 22:36:12 2024 +0800

    > compile NEMU
    ysyx_24080032 杨鹏城
    Linux ypc 6.5.0-44-generic #44~22.04.1-Ubuntu SMP PREEMPT_DYNAMIC Tue Jun 18 14:36:16 UTC 2 x86_64 x86_64 x86_64 GNU/Linux
     22:36:12 up 1 day,  2:34,  1 user,  load average: 2.44, 1.84, 1.64

commit a9fb7494026c07e0f1c97570905cfbef503de611
Author: tracer-ysyx <tracer@ysyx.org>
Date:   Mon Sep 30 22:35:58 2024 +0800

    > run NEMU
    ysyx_24080032 杨鹏城
    Linux ypc 6.5.0-44-generic #44~22.04.1-Ubuntu SMP PREEMPT_DYNAMIC Tue Jun 18 14:36:16 UTC 2 x86_64 x86_64 x86_64 GNU/Linux
     22:35:58 up 1 day,  2:34,  1 user,  load average: 2.57, 1.83, 1.63

commit bfedbe34df172444de6d7c4a151ab04e9b13b74e
Author: tracer-ysyx <tracer@ysyx.org>
Date:   Mon Sep 30 22:35:58 2024 +0800

    > compile NEMU
    ysyx_24080032 杨鹏城
    Linux ypc 6.5.0-44-generic #44~22.04.1-Ubuntu SMP PREEMPT_DYNAMIC Tue Jun 18 14:36:16 UTC 2 x86_64 x86_64 x86_64 GNU/Linux
     22:35:58 up 1 day,  2:34,  1 user,  load average: 2.57, 1.83, 1.63

commit 057e5d12e4951d07c588b0d673db7b1ae679456d
Author: tracer-ysyx <tracer@ysyx.org>
Date:   Mon Sep 30 22:35:51 2024 +0800

    > run NEMU
    ysyx_24080032 杨鹏城
    Linux ypc 6.5.0-44-generic #44~22.04.1-Ubuntu SMP PREEMPT_DYNAMIC Tue Jun 18 14:36:16 UTC 2 x86_64 x86_64 x86_64 GNU/Linux
     22:35:51 up 1 day,  2:34,  1 user,  load average: 2.29, 1.76, 1.60

commit 5ea6c912d01b67f2d1f0885cdde9b54d998ecc31
Author: tracer-ysyx <tracer@ysyx.org>
Date:   Mon Sep 30 22:35:51 2024 +0800

    > compile NEMU
    ysyx_24080032 杨鹏城
    Linux ypc 6.5.0-44-generic #44~22.04.1-Ubuntu SMP PREEMPT_DYNAMIC Tue Jun 18 14:36:16 UTC 2 x86_64 x86_64 x86_64 GNU/Linux
     22:35:51 up 1 day,  2:34,  1 user,  load average: 2.29, 1.76, 1.60

commit 3aefbed672f7b2599c995826e93e5313e42e9302
Author: tracer-ysyx <tracer@ysyx.org>
Date:   Mon Sep 30 22:35:43 2024 +0800

    > run NEMU
    ysyx_24080032 杨鹏城
    Linux ypc 6.5.0-44-generic #44~22.04.1-Ubuntu SMP PREEMPT_DYNAMIC Tue Jun 18 14:36:16 UTC 2 x86_64 x86_64 x86_64 GNU/Linux
     22:35:43 up 1 day,  2:34,  1 user,  load average: 2.32, 1.76, 1.60

commit 03b84a50d1b240ac04232a31f1b1aa91ad467b0d
Author: tracer-ysyx <tracer@ysyx.org>
Date:   Mon Sep 30 22:35:43 2024 +0800

    > compile NEMU
    ysyx_24080032 杨鹏城
    Linux ypc 6.5.0-44-generic #44~22.04.1-Ubuntu SMP PREEMPT_DYNAMIC Tue Jun 18 14:36:16 UTC 2 x86_64 x86_64 x86_64 GNU/Linux
     22:35:43 up 1 day,  2:34,  1 user,  load average: 2.32, 1.76, 1.60

commit b1c18c678a49f33b5df6481f9498d582777eee5f
Author: tracer-ysyx <tracer@ysyx.org>
Date:   Mon Sep 30 22:35:13 2024 +0800

    > run NEMU
    ysyx_24080032 杨鹏城
    Linux ypc 6.5.0-44-generic #44~22.04.1-Ubuntu SMP PREEMPT_DYNAMIC Tue Jun 18 14:36:16 UTC 2 x86_64 x86_64 x86_64 GNU/Linux
     22:35:13 up 1 day,  2:33,  1 user,  load average: 1.40, 1.51, 1.52

commit 1241333801b75b99b24f1b5668b3c811106fb774
Author: tracer-ysyx <tracer@ysyx.org>
Date:   Mon Sep 30 22:35:13 2024 +0800

    > compile NEMU
    ysyx_24080032 杨鹏城
    Linux ypc 6.5.0-44-generic #44~22.04.1-Ubuntu SMP PREEMPT_DYNAMIC Tue Jun 18 14:36:16 UTC 2 x86_64 x86_64 x86_64 GNU/Linux
     22:35:13 up 1 day,  2:33,  1 user,  load average: 1.40, 1.51, 1.52

commit 1e593b3a6a9841570f19af8631cbc38c190f7738
Author: tracer-ysyx <tracer@ysyx.org>
Date:   Mon Sep 30 22:32:23 2024 +0800

    > run NEMU
    ysyx_24080032 杨鹏城
    Linux ypc 6.5.0-44-generic #44~22.04.1-Ubuntu SMP PREEMPT_DYNAMIC Tue Jun 18 14:36:16 UTC 2 x86_64 x86_64 x86_64 GNU/Linux
     22:32:23 up 1 day,  2:31,  1 user,  load average: 1.22, 1.42, 1.48

commit 90b82a2e90ea3e3494e7b25289ca1072979d745c
Author: tracer-ysyx <tracer@ysyx.org>
Date:   Mon Sep 30 22:32:23 2024 +0800

    > compile NEMU
    ysyx_24080032 杨鹏城
    Linux ypc 6.5.0-44-generic #44~22.04.1-Ubuntu SMP PREEMPT_DYNAMIC Tue Jun 18 14:36:16 UTC 2 x86_64 x86_64 x86_64 GNU/Linux
     22:32:23 up 1 day,  2:31,  1 user,  load average: 1.22, 1.42, 1.48

commit 4ee6d52798a6812bf061158366ac6f2c070953a7
Author: tracer-ysyx <tracer@ysyx.org>
Date:   Mon Sep 30 22:32:06 2024 +0800

    > run NEMU
    ysyx_24080032 杨鹏城
    Linux ypc 6.5.0-44-generic #44~22.04.1-Ubuntu SMP PREEMPT_DYNAMIC Tue Jun 18 14:36:16 UTC 2 x86_64 x86_64 x86_64 GNU/Linux
     22:32:06 up 1 day,  2:30,  1 user,  load average: 1.18, 1.42, 1.48

commit 1d4263ccfaad15f81d8eaeaf273a41bc001999bf
Author: tracer-ysyx <tracer@ysyx.org>
Date:   Mon Sep 30 22:32:06 2024 +0800

    > compile NEMU
    ysyx_24080032 杨鹏城
    Linux ypc 6.5.0-44-generic #44~22.04.1-Ubuntu SMP PREEMPT_DYNAMIC Tue Jun 18 14:36:16 UTC 2 x86_64 x86_64 x86_64 GNU/Linux
     22:32:06 up 1 day,  2:30,  1 user,  load average: 1.18, 1.42, 1.48

commit 53768930771bb991ff4a64ddc9ce965412ae3d5d
Author: tracer-ysyx <tracer@ysyx.org>
Date:   Mon Sep 30 22:25:39 2024 +0800

    > run NEMU
    ysyx_24080032 杨鹏城
    Linux ypc 6.5.0-44-generic #44~22.04.1-Ubuntu SMP PREEMPT_DYNAMIC Tue Jun 18 14:36:16 UTC 2 x86_64 x86_64 x86_64 GNU/Linux
     22:25:39 up 1 day,  2:24,  1 user,  load average: 2.17, 1.97, 1.62

commit 994399649433fbccd2942d432d94164cebbac186
Author: tracer-ysyx <tracer@ysyx.org>
Date:   Mon Sep 30 22:25:39 2024 +0800

    > compile NEMU
    ysyx_24080032 杨鹏城
    Linux ypc 6.5.0-44-generic #44~22.04.1-Ubuntu SMP PREEMPT_DYNAMIC Tue Jun 18 14:36:16 UTC 2 x86_64 x86_64 x86_64 GNU/Linux
     22:25:39 up 1 day,  2:24,  1 user,  load average: 2.17, 1.97, 1.62

commit 0f6dbc5130997356025c880ae89f30c6f1a99bc7
Author: tracer-ysyx <tracer@ysyx.org>
Date:   Mon Sep 30 22:24:58 2024 +0800

    > run NEMU
    ysyx_24080032 杨鹏城
    Linux ypc 6.5.0-44-generic #44~22.04.1-Ubuntu SMP PREEMPT_DYNAMIC Tue Jun 18 14:36:16 UTC 2 x86_64 x86_64 x86_64 GNU/Linux
     22:24:58 up 1 day,  2:23,  1 user,  load average: 3.10, 2.07, 1.64

commit 9c04d915fccc27d59bafe019063dde494c60eef1
Author: tracer-ysyx <tracer@ysyx.org>
Date:   Mon Sep 30 22:24:58 2024 +0800

    > compile NEMU
    ysyx_24080032 杨鹏城
    Linux ypc 6.5.0-44-generic #44~22.04.1-Ubuntu SMP PREEMPT_DYNAMIC Tue Jun 18 14:36:16 UTC 2 x86_64 x86_64 x86_64 GNU/Linux
     22:24:58 up 1 day,  2:23,  1 user,  load average: 3.10, 2.07, 1.64

commit 011e9f5c56ffee41d34074f89e5205326a3d1afd
Author: tracer-ysyx <tracer@ysyx.org>
Date:   Mon Sep 30 22:24:41 2024 +0800

    > run NEMU
    ysyx_24080032 杨鹏城
    Linux ypc 6.5.0-44-generic #44~22.04.1-Ubuntu SMP PREEMPT_DYNAMIC Tue Jun 18 14:36:16 UTC 2 x86_64 x86_64 x86_64 GNU/Linux
     22:24:41 up 1 day,  2:23,  1 user,  load average: 2.78, 1.96, 1.59

commit b9fc957695ea28fb599f10cb166136e161b3222c
Author: tracer-ysyx <tracer@ysyx.org>
Date:   Mon Sep 30 22:24:41 2024 +0800

    > compile NEMU
    ysyx_24080032 杨鹏城
    Linux ypc 6.5.0-44-generic #44~22.04.1-Ubuntu SMP PREEMPT_DYNAMIC Tue Jun 18 14:36:16 UTC 2 x86_64 x86_64 x86_64 GNU/Linux
     22:24:41 up 1 day,  2:23,  1 user,  load average: 2.78, 1.96, 1.59

commit f6ba5eed2db0bccc7dbb895b53bef57f5eff8c0a
Author: tracer-ysyx <tracer@ysyx.org>
Date:   Mon Sep 30 22:23:48 2024 +0800

    > run NEMU
    ysyx_24080032 杨鹏城
    Linux ypc 6.5.0-44-generic #44~22.04.1-Ubuntu SMP PREEMPT_DYNAMIC Tue Jun 18 14:36:16 UTC 2 x86_64 x86_64 x86_64 GNU/Linux
     22:23:48 up 1 day,  2:22,  1 user,  load average: 2.06, 1.69, 1.49

commit 927cd320f5d620876db824ffd81fba8407202e7e
Author: tracer-ysyx <tracer@ysyx.org>
Date:   Mon Sep 30 22:23:48 2024 +0800

    > compile NEMU
    ysyx_24080032 杨鹏城
    Linux ypc 6.5.0-44-generic #44~22.04.1-Ubuntu SMP PREEMPT_DYNAMIC Tue Jun 18 14:36:16 UTC 2 x86_64 x86_64 x86_64 GNU/Linux
     22:23:48 up 1 day,  2:22,  1 user,  load average: 2.06, 1.69, 1.49

commit 573c4cda1b7dba955b8b053ad6262ba7ce414e8b
Author: tracer-ysyx <tracer@ysyx.org>
Date:   Mon Sep 30 22:23:22 2024 +0800

    > run NEMU
    ysyx_24080032 杨鹏城
    Linux ypc 6.5.0-44-generic #44~22.04.1-Ubuntu SMP PREEMPT_DYNAMIC Tue Jun 18 14:36:16 UTC 2 x86_64 x86_64 x86_64 GNU/Linux
     22:23:22 up 1 day,  2:22,  1 user,  load average: 2.24, 1.68, 1.48

commit 1afe7150620ea9f0ff666c2ab97af9c214dd4c08
Author: tracer-ysyx <tracer@ysyx.org>
Date:   Mon Sep 30 22:23:22 2024 +0800

    > compile NEMU
    ysyx_24080032 杨鹏城
    Linux ypc 6.5.0-44-generic #44~22.04.1-Ubuntu SMP PREEMPT_DYNAMIC Tue Jun 18 14:36:16 UTC 2 x86_64 x86_64 x86_64 GNU/Linux
     22:23:22 up 1 day,  2:22,  1 user,  load average: 2.24, 1.68, 1.48

commit db6232965f381d08b14c13b7d0d6f50d99ee8e22
Author: tracer-ysyx <tracer@ysyx.org>
Date:   Mon Sep 30 22:22:06 2024 +0800

    > run NEMU
    ysyx_24080032 杨鹏城
    Linux ypc 6.5.0-44-generic #44~22.04.1-Ubuntu SMP PREEMPT_DYNAMIC Tue Jun 18 14:36:16 UTC 2 x86_64 x86_64 x86_64 GNU/Linux
     22:22:06 up 1 day,  2:20,  1 user,  load average: 1.35, 1.42, 1.39

commit 0dd7b145ae86856ab025d1f9f92380df33182ed1
Author: tracer-ysyx <tracer@ysyx.org>
Date:   Mon Sep 30 22:22:06 2024 +0800

    > compile NEMU
    ysyx_24080032 杨鹏城
    Linux ypc 6.5.0-44-generic #44~22.04.1-Ubuntu SMP PREEMPT_DYNAMIC Tue Jun 18 14:36:16 UTC 2 x86_64 x86_64 x86_64 GNU/Linux
     22:22:06 up 1 day,  2:20,  1 user,  load average: 1.35, 1.42, 1.39

commit cb5e8e1ddd9d7492321b1b3c2ec8476b3ab24363
Author: tracer-ysyx <tracer@ysyx.org>
Date:   Mon Sep 30 22:17:47 2024 +0800

    > run NEMU
    ysyx_24080032 杨鹏城
    Linux ypc 6.5.0-44-generic #44~22.04.1-Ubuntu SMP PREEMPT_DYNAMIC Tue Jun 18 14:36:16 UTC 2 x86_64 x86_64 x86_64 GNU/Linux
     22:17:47 up 1 day,  2:16,  1 user,  load average: 2.00, 1.66, 1.44

commit 25d266319503f4090865ab4d07e3a3cc5bf2658c
Author: tracer-ysyx <tracer@ysyx.org>
Date:   Mon Sep 30 22:17:47 2024 +0800

    > compile NEMU
    ysyx_24080032 杨鹏城
    Linux ypc 6.5.0-44-generic #44~22.04.1-Ubuntu SMP PREEMPT_DYNAMIC Tue Jun 18 14:36:16 UTC 2 x86_64 x86_64 x86_64 GNU/Linux
     22:17:47 up 1 day,  2:16,  1 user,  load average: 2.00, 1.66, 1.44

commit 5fcde040e1798c27cfdfb3d0f9185f5032cd7622
Author: tracer-ysyx <tracer@ysyx.org>
Date:   Mon Sep 30 22:17:29 2024 +0800

    > run NEMU
    ysyx_24080032 杨鹏城
    Linux ypc 6.5.0-44-generic #44~22.04.1-Ubuntu SMP PREEMPT_DYNAMIC Tue Jun 18 14:36:16 UTC 2 x86_64 x86_64 x86_64 GNU/Linux
     22:17:29 up 1 day,  2:16,  1 user,  load average: 2.12, 1.66, 1.43

commit 52ede231377aa6c0444d959e2f3f8f092c17ae9c
Author: tracer-ysyx <tracer@ysyx.org>
Date:   Mon Sep 30 22:17:29 2024 +0800

    > compile NEMU
    ysyx_24080032 杨鹏城
    Linux ypc 6.5.0-44-generic #44~22.04.1-Ubuntu SMP PREEMPT_DYNAMIC Tue Jun 18 14:36:16 UTC 2 x86_64 x86_64 x86_64 GNU/Linux
     22:17:29 up 1 day,  2:16,  1 user,  load average: 2.12, 1.66, 1.43

commit 63402049957e4ec6d2772af0c3704cda80ed7409
Author: tracer-ysyx <tracer@ysyx.org>
Date:   Mon Sep 30 22:16:42 2024 +0800

    > run NEMU
    ysyx_24080032 杨鹏城
    Linux ypc 6.5.0-44-generic #44~22.04.1-Ubuntu SMP PREEMPT_DYNAMIC Tue Jun 18 14:36:16 UTC 2 x86_64 x86_64 x86_64 GNU/Linux
     22:16:42 up 1 day,  2:15,  1 user,  load average: 1.63, 1.52, 1.38

commit 7858ecbbdecaeeb059d3ffe9c372b8bc31381b52
Author: tracer-ysyx <tracer@ysyx.org>
Date:   Mon Sep 30 22:16:42 2024 +0800

    > compile NEMU
    ysyx_24080032 杨鹏城
    Linux ypc 6.5.0-44-generic #44~22.04.1-Ubuntu SMP PREEMPT_DYNAMIC Tue Jun 18 14:36:16 UTC 2 x86_64 x86_64 x86_64 GNU/Linux
     22:16:42 up 1 day,  2:15,  1 user,  load average: 1.63, 1.52, 1.38

commit 3c6033218cc3dad9cba5219560558fee7378818c
Author: tracer-ysyx <tracer@ysyx.org>
Date:   Mon Sep 30 12:12:13 2024 +0800

    > run NEMU
    ysyx_24080032 杨鹏城
    Linux ypc 6.5.0-44-generic #44~22.04.1-Ubuntu SMP PREEMPT_DYNAMIC Tue Jun 18 14:36:16 UTC 2 x86_64 x86_64 x86_64 GNU/Linux
     12:12:13 up 16:10,  1 user,  load average: 2.53, 1.78, 1.77

commit 979bb4b7f6be5440b4e1bc79707a054f9e582fb6
Author: tracer-ysyx <tracer@ysyx.org>
Date:   Mon Sep 30 12:12:13 2024 +0800

    > compile NEMU
    ysyx_24080032 杨鹏城
    Linux ypc 6.5.0-44-generic #44~22.04.1-Ubuntu SMP PREEMPT_DYNAMIC Tue Jun 18 14:36:16 UTC 2 x86_64 x86_64 x86_64 GNU/Linux
     12:12:13 up 16:10,  1 user,  load average: 2.53, 1.78, 1.77

commit 468b405218fb37f72d2f3761de1fd3a238a0b7c6
Author: tracer-ysyx <tracer@ysyx.org>
Date:   Mon Sep 30 12:12:01 2024 +0800

    > run NEMU
    ysyx_24080032 杨鹏城
    Linux ypc 6.5.0-44-generic #44~22.04.1-Ubuntu SMP PREEMPT_DYNAMIC Tue Jun 18 14:36:16 UTC 2 x86_64 x86_64 x86_64 GNU/Linux
     12:12:01 up 16:10,  1 user,  load average: 1.51, 1.55, 1.70

commit 73e79ae94372fd8aae25c1be6331df19700d53b2
Author: tracer-ysyx <tracer@ysyx.org>
Date:   Mon Sep 30 12:12:01 2024 +0800

    > compile NEMU
    ysyx_24080032 杨鹏城
    Linux ypc 6.5.0-44-generic #44~22.04.1-Ubuntu SMP PREEMPT_DYNAMIC Tue Jun 18 14:36:16 UTC 2 x86_64 x86_64 x86_64 GNU/Linux
     12:12:01 up 16:10,  1 user,  load average: 1.51, 1.55, 1.70

commit 2d9678d9e9994fab6d5200f441cca32c90eb5eac
Author: tracer-ysyx <tracer@ysyx.org>
Date:   Mon Sep 30 12:11:35 2024 +0800

    > run NEMU
    ysyx_24080032 杨鹏城
    Linux ypc 6.5.0-44-generic #44~22.04.1-Ubuntu SMP PREEMPT_DYNAMIC Tue Jun 18 14:36:16 UTC 2 x86_64 x86_64 x86_64 GNU/Linux
     12:11:35 up 16:10,  1 user,  load average: 1.55, 1.56, 1.70

commit 982278a7db07542e08e634eb8eef14a49d815876
Author: tracer-ysyx <tracer@ysyx.org>
Date:   Mon Sep 30 12:11:35 2024 +0800

    > compile NEMU
    ysyx_24080032 杨鹏城
    Linux ypc 6.5.0-44-generic #44~22.04.1-Ubuntu SMP PREEMPT_DYNAMIC Tue Jun 18 14:36:16 UTC 2 x86_64 x86_64 x86_64 GNU/Linux
     12:11:35 up 16:10,  1 user,  load average: 1.55, 1.56, 1.70

commit 85f28a4981810b38cf30f8405854c2e555d82ab4
Author: tracer-ysyx <tracer@ysyx.org>
Date:   Mon Sep 30 12:11:02 2024 +0800

    > run NEMU
    ysyx_24080032 杨鹏城
    Linux ypc 6.5.0-44-generic #44~22.04.1-Ubuntu SMP PREEMPT_DYNAMIC Tue Jun 18 14:36:16 UTC 2 x86_64 x86_64 x86_64 GNU/Linux
     12:11:02 up 16:09,  1 user,  load average: 1.77, 1.60, 1.72

commit c87727e3ac1927249c9bd125ea97a54ac897ef41
Author: tracer-ysyx <tracer@ysyx.org>
Date:   Mon Sep 30 12:11:02 2024 +0800

    > compile NEMU
    ysyx_24080032 杨鹏城
    Linux ypc 6.5.0-44-generic #44~22.04.1-Ubuntu SMP PREEMPT_DYNAMIC Tue Jun 18 14:36:16 UTC 2 x86_64 x86_64 x86_64 GNU/Linux
     12:11:02 up 16:09,  1 user,  load average: 1.77, 1.60, 1.72

commit 1391a5bc74851c173715e54875dc26f9455f38fb
Author: tracer-ysyx <tracer@ysyx.org>
Date:   Mon Sep 30 12:08:02 2024 +0800

    > run NEMU
    ysyx_24080032 杨鹏城
    Linux ypc 6.5.0-44-generic #44~22.04.1-Ubuntu SMP PREEMPT_DYNAMIC Tue Jun 18 14:36:16 UTC 2 x86_64 x86_64 x86_64 GNU/Linux
     12:08:02 up 16:06,  1 user,  load average: 1.43, 1.56, 1.74

commit f90ef99c82415bce4af8d2fed918fd122138f73f
Author: tracer-ysyx <tracer@ysyx.org>
Date:   Mon Sep 30 12:08:01 2024 +0800

    > compile NEMU
    ysyx_24080032 杨鹏城
    Linux ypc 6.5.0-44-generic #44~22.04.1-Ubuntu SMP PREEMPT_DYNAMIC Tue Jun 18 14:36:16 UTC 2 x86_64 x86_64 x86_64 GNU/Linux
     12:08:01 up 16:06,  1 user,  load average: 1.43, 1.56, 1.74

commit 50d71fb013448e31457d12b798287ffcdf9847ed
Author: tracer-ysyx <tracer@ysyx.org>
Date:   Mon Sep 30 12:07:22 2024 +0800

    > run NEMU
    ysyx_24080032 杨鹏城
    Linux ypc 6.5.0-44-generic #44~22.04.1-Ubuntu SMP PREEMPT_DYNAMIC Tue Jun 18 14:36:16 UTC 2 x86_64 x86_64 x86_64 GNU/Linux
     12:07:22 up 16:06,  1 user,  load average: 1.53, 1.61, 1.77

commit 785ddbff19c5bcafb86062f434caec3c0bdee747
Author: tracer-ysyx <tracer@ysyx.org>
Date:   Mon Sep 30 12:07:22 2024 +0800

    > compile NEMU
    ysyx_24080032 杨鹏城
    Linux ypc 6.5.0-44-generic #44~22.04.1-Ubuntu SMP PREEMPT_DYNAMIC Tue Jun 18 14:36:16 UTC 2 x86_64 x86_64 x86_64 GNU/Linux
     12:07:22 up 16:06,  1 user,  load average: 1.53, 1.61, 1.77

commit bea921d4d0d9920d5e5673f6ac49dbd97c424f72
Author: tracer-ysyx <tracer@ysyx.org>
Date:   Mon Sep 30 12:05:56 2024 +0800

    > run NEMU
    ysyx_24080032 杨鹏城
    Linux ypc 6.5.0-44-generic #44~22.04.1-Ubuntu SMP PREEMPT_DYNAMIC Tue Jun 18 14:36:16 UTC 2 x86_64 x86_64 x86_64 GNU/Linux
     12:05:56 up 16:04,  1 user,  load average: 1.78, 1.69, 1.81

commit 697a3b405bad835c5f072f64362cdafdf1d26659
Author: tracer-ysyx <tracer@ysyx.org>
Date:   Mon Sep 30 12:05:56 2024 +0800

    > compile NEMU
    ysyx_24080032 杨鹏城
    Linux ypc 6.5.0-44-generic #44~22.04.1-Ubuntu SMP PREEMPT_DYNAMIC Tue Jun 18 14:36:16 UTC 2 x86_64 x86_64 x86_64 GNU/Linux
     12:05:56 up 16:04,  1 user,  load average: 1.78, 1.69, 1.81

commit e8155e08085c0d1229f2f4f7174c9a7feabed58f
Author: tracer-ysyx <tracer@ysyx.org>
Date:   Mon Sep 30 11:56:57 2024 +0800

    > run NEMU
    ysyx_24080032 杨鹏城
    Linux ypc 6.5.0-44-generic #44~22.04.1-Ubuntu SMP PREEMPT_DYNAMIC Tue Jun 18 14:36:16 UTC 2 x86_64 x86_64 x86_64 GNU/Linux
     11:56:57 up 15:55,  1 user,  load average: 2.11, 2.26, 2.03

commit 84c533a90ec95399f462bea0664580a0cb9bebf6
Author: tracer-ysyx <tracer@ysyx.org>
Date:   Mon Sep 30 11:56:57 2024 +0800

    > compile NEMU
    ysyx_24080032 杨鹏城
    Linux ypc 6.5.0-44-generic #44~22.04.1-Ubuntu SMP PREEMPT_DYNAMIC Tue Jun 18 14:36:16 UTC 2 x86_64 x86_64 x86_64 GNU/Linux
     11:56:57 up 15:55,  1 user,  load average: 2.11, 2.26, 2.03

commit 11146ae82de9ed137d40d7ee789410020bda0756
Author: tracer-ysyx <tracer@ysyx.org>
Date:   Mon Sep 30 11:51:22 2024 +0800

    > compile NEMU
    ysyx_24080032 杨鹏城
    Linux ypc 6.5.0-44-generic #44~22.04.1-Ubuntu SMP PREEMPT_DYNAMIC Tue Jun 18 14:36:16 UTC 2 x86_64 x86_64 x86_64 GNU/Linux
     11:51:22 up 15:50,  1 user,  load average: 3.15, 2.31, 1.94

commit a4a62f3f41484fdfd46c80190feffa7f11663482
Author: tracer-ysyx <tracer@ysyx.org>
Date:   Mon Sep 30 11:51:22 2024 +0800

    > run NEMU
    ysyx_24080032 杨鹏城
    Linux ypc 6.5.0-44-generic #44~22.04.1-Ubuntu SMP PREEMPT_DYNAMIC Tue Jun 18 14:36:16 UTC 2 x86_64 x86_64 x86_64 GNU/Linux
     11:51:22 up 15:50,  1 user,  load average: 3.15, 2.31, 1.94

commit db643dc4560cb1ff0a2974cc4d55af0a0bf65b87
Author: tracer-ysyx <tracer@ysyx.org>
Date:   Mon Sep 30 11:51:20 2024 +0800

    > compile NEMU
    ysyx_24080032 杨鹏城
    Linux ypc 6.5.0-44-generic #44~22.04.1-Ubuntu SMP PREEMPT_DYNAMIC Tue Jun 18 14:36:16 UTC 2 x86_64 x86_64 x86_64 GNU/Linux
     11:51:20 up 15:50,  1 user,  load average: 3.08, 2.29, 1.92

commit 7544331690db632461916991ddc4426e6a1d094d
Author: tracer-ysyx <tracer@ysyx.org>
Date:   Mon Sep 30 11:51:19 2024 +0800

    > run NEMU
    ysyx_24080032 杨鹏城
    Linux ypc 6.5.0-44-generic #44~22.04.1-Ubuntu SMP PREEMPT_DYNAMIC Tue Jun 18 14:36:16 UTC 2 x86_64 x86_64 x86_64 GNU/Linux
     11:51:19 up 15:50,  1 user,  load average: 3.08, 2.29, 1.92

commit 8f43a9a3407c6bf90505b23ab4d750b26470e0f5
Author: tracer-ysyx <tracer@ysyx.org>
Date:   Mon Sep 30 11:51:18 2024 +0800

    > compile NEMU
    ysyx_24080032 杨鹏城
    Linux ypc 6.5.0-44-generic #44~22.04.1-Ubuntu SMP PREEMPT_DYNAMIC Tue Jun 18 14:36:16 UTC 2 x86_64 x86_64 x86_64 GNU/Linux
     11:51:18 up 15:49,  1 user,  load average: 3.08, 2.29, 1.92

commit 2ea3901a7eacebffb73dab4de6dd02fddfbed2fd
Author: tracer-ysyx <tracer@ysyx.org>
Date:   Mon Sep 30 11:51:17 2024 +0800

    > run NEMU
    ysyx_24080032 杨鹏城
    Linux ypc 6.5.0-44-generic #44~22.04.1-Ubuntu SMP PREEMPT_DYNAMIC Tue Jun 18 14:36:16 UTC 2 x86_64 x86_64 x86_64 GNU/Linux
     11:51:17 up 15:49,  1 user,  load average: 3.08, 2.29, 1.92

commit 4c868697bd6fa0db25ea2e8fab18a2e5a7090419
Author: tracer-ysyx <tracer@ysyx.org>
Date:   Mon Sep 30 11:51:15 2024 +0800

    > compile NEMU
    ysyx_24080032 杨鹏城
    Linux ypc 6.5.0-44-generic #44~22.04.1-Ubuntu SMP PREEMPT_DYNAMIC Tue Jun 18 14:36:16 UTC 2 x86_64 x86_64 x86_64 GNU/Linux
     11:51:15 up 15:49,  1 user,  load average: 2.91, 2.24, 1.91

commit 5e12737ab61a02d7ae96469e200b09f9b5f222c1
Author: tracer-ysyx <tracer@ysyx.org>
Date:   Mon Sep 30 11:51:15 2024 +0800

    > run NEMU
    ysyx_24080032 杨鹏城
    Linux ypc 6.5.0-44-generic #44~22.04.1-Ubuntu SMP PREEMPT_DYNAMIC Tue Jun 18 14:36:16 UTC 2 x86_64 x86_64 x86_64 GNU/Linux
     11:51:15 up 15:49,  1 user,  load average: 2.91, 2.24, 1.91

commit b3e7f9c9fa30cb177c411a5687959b9881de1912
Author: tracer-ysyx <tracer@ysyx.org>
Date:   Mon Sep 30 11:51:13 2024 +0800

    > compile NEMU
    ysyx_24080032 杨鹏城
    Linux ypc 6.5.0-44-generic #44~22.04.1-Ubuntu SMP PREEMPT_DYNAMIC Tue Jun 18 14:36:16 UTC 2 x86_64 x86_64 x86_64 GNU/Linux
     11:51:13 up 15:49,  1 user,  load average: 2.91, 2.24, 1.91

commit bf294d9aee673ca2ee582130af19603b2e81f643
Author: tracer-ysyx <tracer@ysyx.org>
Date:   Mon Sep 30 11:51:12 2024 +0800

    > run NEMU
    ysyx_24080032 杨鹏城
    Linux ypc 6.5.0-44-generic #44~22.04.1-Ubuntu SMP PREEMPT_DYNAMIC Tue Jun 18 14:36:16 UTC 2 x86_64 x86_64 x86_64 GNU/Linux
     11:51:12 up 15:49,  1 user,  load average: 2.91, 2.24, 1.91

commit 435f61985f53091b6b58eed68004a6cc68c05443
Author: tracer-ysyx <tracer@ysyx.org>
Date:   Mon Sep 30 11:51:11 2024 +0800

    > compile NEMU
    ysyx_24080032 杨鹏城
    Linux ypc 6.5.0-44-generic #44~22.04.1-Ubuntu SMP PREEMPT_DYNAMIC Tue Jun 18 14:36:16 UTC 2 x86_64 x86_64 x86_64 GNU/Linux
     11:51:11 up 15:49,  1 user,  load average: 2.91, 2.24, 1.91

commit aff80f4338b750131d5cb512bc0deda3f51b19d0
Author: tracer-ysyx <tracer@ysyx.org>
Date:   Mon Sep 30 11:50:41 2024 +0800

    > run NEMU
    ysyx_24080032 杨鹏城
    Linux ypc 6.5.0-44-generic #44~22.04.1-Ubuntu SMP PREEMPT_DYNAMIC Tue Jun 18 14:36:16 UTC 2 x86_64 x86_64 x86_64 GNU/Linux
     11:50:41 up 15:49,  1 user,  load average: 3.90, 2.34, 1.93

commit 3634e11d2d6e8824195d0c5ba5c3eaff5e9504a0
Author: tracer-ysyx <tracer@ysyx.org>
Date:   Mon Sep 30 11:50:41 2024 +0800

    > compile NEMU
    ysyx_24080032 杨鹏城
    Linux ypc 6.5.0-44-generic #44~22.04.1-Ubuntu SMP PREEMPT_DYNAMIC Tue Jun 18 14:36:16 UTC 2 x86_64 x86_64 x86_64 GNU/Linux
     11:50:41 up 15:49,  1 user,  load average: 3.90, 2.34, 1.93

commit 377c76c46e8b08f187eeff86d80381bde2186e6b
Author: tracer-ysyx <tracer@ysyx.org>
Date:   Mon Sep 30 11:50:40 2024 +0800

    > run NEMU
    ysyx_24080032 杨鹏城
    Linux ypc 6.5.0-44-generic #44~22.04.1-Ubuntu SMP PREEMPT_DYNAMIC Tue Jun 18 14:36:16 UTC 2 x86_64 x86_64 x86_64 GNU/Linux
     11:50:40 up 15:49,  1 user,  load average: 4.07, 2.34, 1.93

commit e85712ae1b1a9e65e80547913787c5f99d7ae798
Author: tracer-ysyx <tracer@ysyx.org>
Date:   Mon Sep 30 11:50:40 2024 +0800

    > compile NEMU
    ysyx_24080032 杨鹏城
    Linux ypc 6.5.0-44-generic #44~22.04.1-Ubuntu SMP PREEMPT_DYNAMIC Tue Jun 18 14:36:16 UTC 2 x86_64 x86_64 x86_64 GNU/Linux
     11:50:40 up 15:49,  1 user,  load average: 4.07, 2.34, 1.93

commit 273ccbf684614705f6b6211803b5b4afd42863e8
Author: tracer-ysyx <tracer@ysyx.org>
Date:   Mon Sep 30 11:50:39 2024 +0800

    > run NEMU
    ysyx_24080032 杨鹏城
    Linux ypc 6.5.0-44-generic #44~22.04.1-Ubuntu SMP PREEMPT_DYNAMIC Tue Jun 18 14:36:16 UTC 2 x86_64 x86_64 x86_64 GNU/Linux
     11:50:39 up 15:49,  1 user,  load average: 4.07, 2.34, 1.93

commit 67344f013045368403509590465dd1ae6909369f
Author: tracer-ysyx <tracer@ysyx.org>
Date:   Mon Sep 30 11:50:39 2024 +0800

    > compile NEMU
    ysyx_24080032 杨鹏城
    Linux ypc 6.5.0-44-generic #44~22.04.1-Ubuntu SMP PREEMPT_DYNAMIC Tue Jun 18 14:36:16 UTC 2 x86_64 x86_64 x86_64 GNU/Linux
     11:50:39 up 15:49,  1 user,  load average: 4.07, 2.34, 1.93

commit a7048ae736f98f5a83c105377879f0872ad556d9
Author: tracer-ysyx <tracer@ysyx.org>
Date:   Mon Sep 30 11:50:39 2024 +0800

    > run NEMU
    ysyx_24080032 杨鹏城
    Linux ypc 6.5.0-44-generic #44~22.04.1-Ubuntu SMP PREEMPT_DYNAMIC Tue Jun 18 14:36:16 UTC 2 x86_64 x86_64 x86_64 GNU/Linux
     11:50:39 up 15:49,  1 user,  load average: 4.07, 2.34, 1.93

commit bfe03b0ccd203cdc47bfd6f44d5b78ad4fe0a31f
Author: tracer-ysyx <tracer@ysyx.org>
Date:   Mon Sep 30 11:50:39 2024 +0800

    > compile NEMU
    ysyx_24080032 杨鹏城
    Linux ypc 6.5.0-44-generic #44~22.04.1-Ubuntu SMP PREEMPT_DYNAMIC Tue Jun 18 14:36:16 UTC 2 x86_64 x86_64 x86_64 GNU/Linux
     11:50:39 up 15:49,  1 user,  load average: 4.07, 2.34, 1.93

commit dbb609ca4f0e575fc90a42f1575d66ced71aeb7b
Author: tracer-ysyx <tracer@ysyx.org>
Date:   Mon Sep 30 11:50:38 2024 +0800

    > run NEMU
    ysyx_24080032 杨鹏城
    Linux ypc 6.5.0-44-generic #44~22.04.1-Ubuntu SMP PREEMPT_DYNAMIC Tue Jun 18 14:36:16 UTC 2 x86_64 x86_64 x86_64 GNU/Linux
     11:50:38 up 15:49,  1 user,  load average: 4.07, 2.34, 1.93

commit b6622ea1faa65ba56713ddadf8ad401ae6e1968b
Author: tracer-ysyx <tracer@ysyx.org>
Date:   Mon Sep 30 11:50:38 2024 +0800

    > compile NEMU
    ysyx_24080032 杨鹏城
    Linux ypc 6.5.0-44-generic #44~22.04.1-Ubuntu SMP PREEMPT_DYNAMIC Tue Jun 18 14:36:16 UTC 2 x86_64 x86_64 x86_64 GNU/Linux
     11:50:38 up 15:49,  1 user,  load average: 4.07, 2.34, 1.93

commit d3b17edc99c0a520ced2c83dd1078ac95091e068
Author: tracer-ysyx <tracer@ysyx.org>
Date:   Mon Sep 30 11:50:38 2024 +0800

    > run NEMU
    ysyx_24080032 杨鹏城
    Linux ypc 6.5.0-44-generic #44~22.04.1-Ubuntu SMP PREEMPT_DYNAMIC Tue Jun 18 14:36:16 UTC 2 x86_64 x86_64 x86_64 GNU/Linux
     11:50:38 up 15:49,  1 user,  load average: 4.07, 2.34, 1.93

commit 9b4f777677512c992a1de5ca1215efc3b37aa510
Author: tracer-ysyx <tracer@ysyx.org>
Date:   Mon Sep 30 11:50:38 2024 +0800

    > compile NEMU
    ysyx_24080032 杨鹏城
    Linux ypc 6.5.0-44-generic #44~22.04.1-Ubuntu SMP PREEMPT_DYNAMIC Tue Jun 18 14:36:16 UTC 2 x86_64 x86_64 x86_64 GNU/Linux
     11:50:38 up 15:49,  1 user,  load average: 4.07, 2.34, 1.93

commit ea8a887c4d1f70b1304b025e7281d80557e26220
Author: tracer-ysyx <tracer@ysyx.org>
Date:   Mon Sep 30 11:50:37 2024 +0800

    > run NEMU
    ysyx_24080032 杨鹏城
    Linux ypc 6.5.0-44-generic #44~22.04.1-Ubuntu SMP PREEMPT_DYNAMIC Tue Jun 18 14:36:16 UTC 2 x86_64 x86_64 x86_64 GNU/Linux
     11:50:37 up 15:49,  1 user,  load average: 4.07, 2.34, 1.93

commit b82a2f0bd6d22e08b6b7f6a942f39c0815651cbd
Author: tracer-ysyx <tracer@ysyx.org>
Date:   Mon Sep 30 11:50:37 2024 +0800

    > compile NEMU
    ysyx_24080032 杨鹏城
    Linux ypc 6.5.0-44-generic #44~22.04.1-Ubuntu SMP PREEMPT_DYNAMIC Tue Jun 18 14:36:16 UTC 2 x86_64 x86_64 x86_64 GNU/Linux
     11:50:37 up 15:49,  1 user,  load average: 4.07, 2.34, 1.93

commit 42379545fc2f221c86dbb1d33cfbd8d2f718ca93
Author: tracer-ysyx <tracer@ysyx.org>
Date:   Mon Sep 30 11:50:37 2024 +0800

    > run NEMU
    ysyx_24080032 杨鹏城
    Linux ypc 6.5.0-44-generic #44~22.04.1-Ubuntu SMP PREEMPT_DYNAMIC Tue Jun 18 14:36:16 UTC 2 x86_64 x86_64 x86_64 GNU/Linux
     11:50:37 up 15:49,  1 user,  load average: 4.07, 2.34, 1.93

commit 28151e507e53032b3736df6d7fc3fde51f3a65b4
Author: tracer-ysyx <tracer@ysyx.org>
Date:   Mon Sep 30 11:50:37 2024 +0800

    > compile NEMU
    ysyx_24080032 杨鹏城
    Linux ypc 6.5.0-44-generic #44~22.04.1-Ubuntu SMP PREEMPT_DYNAMIC Tue Jun 18 14:36:16 UTC 2 x86_64 x86_64 x86_64 GNU/Linux
     11:50:37 up 15:49,  1 user,  load average: 4.07, 2.34, 1.93

commit 631b7c5512ab63f54c087f8bdff9d69ef4999264
Author: tracer-ysyx <tracer@ysyx.org>
Date:   Mon Sep 30 11:50:36 2024 +0800

    > run NEMU
    ysyx_24080032 杨鹏城
    Linux ypc 6.5.0-44-generic #44~22.04.1-Ubuntu SMP PREEMPT_DYNAMIC Tue Jun 18 14:36:16 UTC 2 x86_64 x86_64 x86_64 GNU/Linux
     11:50:36 up 15:49,  1 user,  load average: 4.07, 2.34, 1.93

commit eae20dad0059b9447934cb74b2ffbb80c0bf2131
Author: tracer-ysyx <tracer@ysyx.org>
Date:   Mon Sep 30 11:50:36 2024 +0800

    > compile NEMU
    ysyx_24080032 杨鹏城
    Linux ypc 6.5.0-44-generic #44~22.04.1-Ubuntu SMP PREEMPT_DYNAMIC Tue Jun 18 14:36:16 UTC 2 x86_64 x86_64 x86_64 GNU/Linux
     11:50:36 up 15:49,  1 user,  load average: 4.07, 2.34, 1.93

commit d1d96f7979170d270166d38c301bc85ad3709edf
Author: tracer-ysyx <tracer@ysyx.org>
Date:   Mon Sep 30 11:50:36 2024 +0800

    > run NEMU
    ysyx_24080032 杨鹏城
    Linux ypc 6.5.0-44-generic #44~22.04.1-Ubuntu SMP PREEMPT_DYNAMIC Tue Jun 18 14:36:16 UTC 2 x86_64 x86_64 x86_64 GNU/Linux
     11:50:36 up 15:49,  1 user,  load average: 4.07, 2.34, 1.93

commit bb2636c8cf855edfbeb5eca292eac5362bc38e87
Author: tracer-ysyx <tracer@ysyx.org>
Date:   Mon Sep 30 11:50:35 2024 +0800

    > compile NEMU
    ysyx_24080032 杨鹏城
    Linux ypc 6.5.0-44-generic #44~22.04.1-Ubuntu SMP PREEMPT_DYNAMIC Tue Jun 18 14:36:16 UTC 2 x86_64 x86_64 x86_64 GNU/Linux
     11:50:35 up 15:49,  1 user,  load average: 4.07, 2.34, 1.93

commit 57c332581d96e060655cfb27238b023d9e52d278
Author: tracer-ysyx <tracer@ysyx.org>
Date:   Mon Sep 30 11:50:35 2024 +0800

    > run NEMU
    ysyx_24080032 杨鹏城
    Linux ypc 6.5.0-44-generic #44~22.04.1-Ubuntu SMP PREEMPT_DYNAMIC Tue Jun 18 14:36:16 UTC 2 x86_64 x86_64 x86_64 GNU/Linux
     11:50:35 up 15:49,  1 user,  load average: 3.99, 2.30, 1.91

commit 9b107ef62d720048f3ca9483d22000f93b49de79
Author: tracer-ysyx <tracer@ysyx.org>
Date:   Mon Sep 30 11:50:35 2024 +0800

    > compile NEMU
    ysyx_24080032 杨鹏城
    Linux ypc 6.5.0-44-generic #44~22.04.1-Ubuntu SMP PREEMPT_DYNAMIC Tue Jun 18 14:36:16 UTC 2 x86_64 x86_64 x86_64 GNU/Linux
     11:50:35 up 15:49,  1 user,  load average: 3.99, 2.30, 1.91

commit e27227fbccd936a31fcb8b16548ff8e81bed922c
Author: tracer-ysyx <tracer@ysyx.org>
Date:   Mon Sep 30 11:50:34 2024 +0800

    > run NEMU
    ysyx_24080032 杨鹏城
    Linux ypc 6.5.0-44-generic #44~22.04.1-Ubuntu SMP PREEMPT_DYNAMIC Tue Jun 18 14:36:16 UTC 2 x86_64 x86_64 x86_64 GNU/Linux
     11:50:34 up 15:49,  1 user,  load average: 3.99, 2.30, 1.91

commit 28f540fe580a324e5d07913373bf8a866d43da83
Author: tracer-ysyx <tracer@ysyx.org>
Date:   Mon Sep 30 11:50:34 2024 +0800

    > compile NEMU
    ysyx_24080032 杨鹏城
    Linux ypc 6.5.0-44-generic #44~22.04.1-Ubuntu SMP PREEMPT_DYNAMIC Tue Jun 18 14:36:16 UTC 2 x86_64 x86_64 x86_64 GNU/Linux
     11:50:34 up 15:49,  1 user,  load average: 3.99, 2.30, 1.91

commit 69ba0ceadcb120cef0a61a4125685b92cd1aa23d
Author: tracer-ysyx <tracer@ysyx.org>
Date:   Mon Sep 30 11:50:34 2024 +0800

    > run NEMU
    ysyx_24080032 杨鹏城
    Linux ypc 6.5.0-44-generic #44~22.04.1-Ubuntu SMP PREEMPT_DYNAMIC Tue Jun 18 14:36:16 UTC 2 x86_64 x86_64 x86_64 GNU/Linux
     11:50:34 up 15:49,  1 user,  load average: 3.99, 2.30, 1.91

commit 55ad576e616c1751606de0d0c5663cb1cb8cfd27
Author: tracer-ysyx <tracer@ysyx.org>
Date:   Mon Sep 30 11:50:34 2024 +0800

    > compile NEMU
    ysyx_24080032 杨鹏城
    Linux ypc 6.5.0-44-generic #44~22.04.1-Ubuntu SMP PREEMPT_DYNAMIC Tue Jun 18 14:36:16 UTC 2 x86_64 x86_64 x86_64 GNU/Linux
     11:50:34 up 15:49,  1 user,  load average: 3.99, 2.30, 1.91

commit a774f18fa1e8f4cc117251808f7f64d2c12e981e
Author: tracer-ysyx <tracer@ysyx.org>
Date:   Mon Sep 30 11:50:33 2024 +0800

    > run NEMU
    ysyx_24080032 杨鹏城
    Linux ypc 6.5.0-44-generic #44~22.04.1-Ubuntu SMP PREEMPT_DYNAMIC Tue Jun 18 14:36:16 UTC 2 x86_64 x86_64 x86_64 GNU/Linux
     11:50:33 up 15:49,  1 user,  load average: 3.99, 2.30, 1.91

commit dd71db3fd9ddffa26bb5358f5cf19807e70cd5ca
Author: tracer-ysyx <tracer@ysyx.org>
Date:   Mon Sep 30 11:50:33 2024 +0800

    > compile NEMU
    ysyx_24080032 杨鹏城
    Linux ypc 6.5.0-44-generic #44~22.04.1-Ubuntu SMP PREEMPT_DYNAMIC Tue Jun 18 14:36:16 UTC 2 x86_64 x86_64 x86_64 GNU/Linux
     11:50:33 up 15:49,  1 user,  load average: 3.99, 2.30, 1.91

commit 4671d2acd614feb9fcf678168cd360ec3864387f
Author: tracer-ysyx <tracer@ysyx.org>
Date:   Mon Sep 30 11:50:33 2024 +0800

    > run NEMU
    ysyx_24080032 杨鹏城
    Linux ypc 6.5.0-44-generic #44~22.04.1-Ubuntu SMP PREEMPT_DYNAMIC Tue Jun 18 14:36:16 UTC 2 x86_64 x86_64 x86_64 GNU/Linux
     11:50:33 up 15:49,  1 user,  load average: 3.99, 2.30, 1.91

commit 903fc8ca6cc3585770870e95a3e158381a8d0ab9
Author: tracer-ysyx <tracer@ysyx.org>
Date:   Mon Sep 30 11:50:32 2024 +0800

    > compile NEMU
    ysyx_24080032 杨鹏城
    Linux ypc 6.5.0-44-generic #44~22.04.1-Ubuntu SMP PREEMPT_DYNAMIC Tue Jun 18 14:36:16 UTC 2 x86_64 x86_64 x86_64 GNU/Linux
     11:50:32 up 15:49,  1 user,  load average: 3.99, 2.30, 1.91

commit f2096960e91e937cfc2542ed7df39fc9fd2ac3a3
Author: tracer-ysyx <tracer@ysyx.org>
Date:   Mon Sep 30 11:50:32 2024 +0800

    > run NEMU
    ysyx_24080032 杨鹏城
    Linux ypc 6.5.0-44-generic #44~22.04.1-Ubuntu SMP PREEMPT_DYNAMIC Tue Jun 18 14:36:16 UTC 2 x86_64 x86_64 x86_64 GNU/Linux
     11:50:32 up 15:49,  1 user,  load average: 3.99, 2.30, 1.91

commit 85db254fc3e6d73c6bcbaa18be050c1607d000b9
Author: tracer-ysyx <tracer@ysyx.org>
Date:   Mon Sep 30 11:50:32 2024 +0800

    > compile NEMU
    ysyx_24080032 杨鹏城
    Linux ypc 6.5.0-44-generic #44~22.04.1-Ubuntu SMP PREEMPT_DYNAMIC Tue Jun 18 14:36:16 UTC 2 x86_64 x86_64 x86_64 GNU/Linux
     11:50:32 up 15:49,  1 user,  load average: 3.99, 2.30, 1.91

commit d8a0f8dbb5e9c904ddc0064274a18fc1f65627f7
Author: tracer-ysyx <tracer@ysyx.org>
Date:   Mon Sep 30 11:50:31 2024 +0800

    > run NEMU
    ysyx_24080032 杨鹏城
    Linux ypc 6.5.0-44-generic #44~22.04.1-Ubuntu SMP PREEMPT_DYNAMIC Tue Jun 18 14:36:16 UTC 2 x86_64 x86_64 x86_64 GNU/Linux
     11:50:31 up 15:49,  1 user,  load average: 3.99, 2.30, 1.91

commit 8a5d006296304ca735ab1cb35afaa6502942a1a0
Author: tracer-ysyx <tracer@ysyx.org>
Date:   Mon Sep 30 11:50:31 2024 +0800

    > compile NEMU
    ysyx_24080032 杨鹏城
    Linux ypc 6.5.0-44-generic #44~22.04.1-Ubuntu SMP PREEMPT_DYNAMIC Tue Jun 18 14:36:16 UTC 2 x86_64 x86_64 x86_64 GNU/Linux
     11:50:31 up 15:49,  1 user,  load average: 3.99, 2.30, 1.91

commit 2d58b06007ea25db1203d72aacbdb1eeaa6f5619
Author: tracer-ysyx <tracer@ysyx.org>
Date:   Mon Sep 30 11:50:31 2024 +0800

    > run NEMU
    ysyx_24080032 杨鹏城
    Linux ypc 6.5.0-44-generic #44~22.04.1-Ubuntu SMP PREEMPT_DYNAMIC Tue Jun 18 14:36:16 UTC 2 x86_64 x86_64 x86_64 GNU/Linux
     11:50:31 up 15:49,  1 user,  load average: 3.99, 2.30, 1.91

commit 3f9d4d39825eecfa9b4af378136a1eb086dad2b1
Author: tracer-ysyx <tracer@ysyx.org>
Date:   Mon Sep 30 11:50:31 2024 +0800

    > compile NEMU
    ysyx_24080032 杨鹏城
    Linux ypc 6.5.0-44-generic #44~22.04.1-Ubuntu SMP PREEMPT_DYNAMIC Tue Jun 18 14:36:16 UTC 2 x86_64 x86_64 x86_64 GNU/Linux
     11:50:31 up 15:49,  1 user,  load average: 3.99, 2.30, 1.91

commit dac9cdde599f7a1ea42a41340f96f746016ce691
Author: tracer-ysyx <tracer@ysyx.org>
Date:   Mon Sep 30 11:50:30 2024 +0800

    > run NEMU
    ysyx_24080032 杨鹏城
    Linux ypc 6.5.0-44-generic #44~22.04.1-Ubuntu SMP PREEMPT_DYNAMIC Tue Jun 18 14:36:16 UTC 2 x86_64 x86_64 x86_64 GNU/Linux
     11:50:30 up 15:49,  1 user,  load average: 3.38, 2.15, 1.86

commit 927c6e3cd8614791801861c42246a37747a08240
Author: tracer-ysyx <tracer@ysyx.org>
Date:   Mon Sep 30 11:50:30 2024 +0800

    > compile NEMU
    ysyx_24080032 杨鹏城
    Linux ypc 6.5.0-44-generic #44~22.04.1-Ubuntu SMP PREEMPT_DYNAMIC Tue Jun 18 14:36:16 UTC 2 x86_64 x86_64 x86_64 GNU/Linux
     11:50:30 up 15:49,  1 user,  load average: 3.38, 2.15, 1.86

commit 33365ddd9715d30aa83bfaf2f14562e4d3a3a1d9
Author: tracer-ysyx <tracer@ysyx.org>
Date:   Mon Sep 30 11:50:29 2024 +0800

    > run NEMU
    ysyx_24080032 杨鹏城
    Linux ypc 6.5.0-44-generic #44~22.04.1-Ubuntu SMP PREEMPT_DYNAMIC Tue Jun 18 14:36:16 UTC 2 x86_64 x86_64 x86_64 GNU/Linux
     11:50:29 up 15:49,  1 user,  load average: 3.38, 2.15, 1.86

commit 72d688fd187f20b8624347770253bb57a3693b9a
Author: tracer-ysyx <tracer@ysyx.org>
Date:   Mon Sep 30 11:50:29 2024 +0800

    > compile NEMU
    ysyx_24080032 杨鹏城
    Linux ypc 6.5.0-44-generic #44~22.04.1-Ubuntu SMP PREEMPT_DYNAMIC Tue Jun 18 14:36:16 UTC 2 x86_64 x86_64 x86_64 GNU/Linux
     11:50:29 up 15:49,  1 user,  load average: 3.38, 2.15, 1.86

commit 90941c99769e86b2ae55c004fc9f709d1d1fe009
Author: tracer-ysyx <tracer@ysyx.org>
Date:   Mon Sep 30 11:50:29 2024 +0800

    > run NEMU
    ysyx_24080032 杨鹏城
    Linux ypc 6.5.0-44-generic #44~22.04.1-Ubuntu SMP PREEMPT_DYNAMIC Tue Jun 18 14:36:16 UTC 2 x86_64 x86_64 x86_64 GNU/Linux
     11:50:29 up 15:49,  1 user,  load average: 3.38, 2.15, 1.86

commit 30260a29378c452259c778f9534ebc7e4f714ad3
Author: tracer-ysyx <tracer@ysyx.org>
Date:   Mon Sep 30 11:50:28 2024 +0800

    > compile NEMU
    ysyx_24080032 杨鹏城
    Linux ypc 6.5.0-44-generic #44~22.04.1-Ubuntu SMP PREEMPT_DYNAMIC Tue Jun 18 14:36:16 UTC 2 x86_64 x86_64 x86_64 GNU/Linux
     11:50:28 up 15:49,  1 user,  load average: 3.38, 2.15, 1.86

commit da9c364beb93d02afb160befeeb3f3bf5f1e50c2
Author: tracer-ysyx <tracer@ysyx.org>
Date:   Mon Sep 30 11:50:28 2024 +0800

    > run NEMU
    ysyx_24080032 杨鹏城
    Linux ypc 6.5.0-44-generic #44~22.04.1-Ubuntu SMP PREEMPT_DYNAMIC Tue Jun 18 14:36:16 UTC 2 x86_64 x86_64 x86_64 GNU/Linux
     11:50:28 up 15:49,  1 user,  load average: 3.38, 2.15, 1.86

commit bef6ca27ed25081265973a9f3d59690f20c9ea8c
Author: tracer-ysyx <tracer@ysyx.org>
Date:   Mon Sep 30 11:50:28 2024 +0800

    > compile NEMU
    ysyx_24080032 杨鹏城
    Linux ypc 6.5.0-44-generic #44~22.04.1-Ubuntu SMP PREEMPT_DYNAMIC Tue Jun 18 14:36:16 UTC 2 x86_64 x86_64 x86_64 GNU/Linux
     11:50:28 up 15:49,  1 user,  load average: 3.38, 2.15, 1.86

commit ee946e80a2d8e9a3f6c1100aa3c05cb1197d2382
Author: tracer-ysyx <tracer@ysyx.org>
Date:   Mon Sep 30 11:50:27 2024 +0800

    > run NEMU
    ysyx_24080032 杨鹏城
    Linux ypc 6.5.0-44-generic #44~22.04.1-Ubuntu SMP PREEMPT_DYNAMIC Tue Jun 18 14:36:16 UTC 2 x86_64 x86_64 x86_64 GNU/Linux
     11:50:27 up 15:49,  1 user,  load average: 3.38, 2.15, 1.86

commit a2d5a5c27d7ec84600b3e08ec980cae1196ba3d1
Author: tracer-ysyx <tracer@ysyx.org>
Date:   Mon Sep 30 11:50:27 2024 +0800

    > compile NEMU
    ysyx_24080032 杨鹏城
    Linux ypc 6.5.0-44-generic #44~22.04.1-Ubuntu SMP PREEMPT_DYNAMIC Tue Jun 18 14:36:16 UTC 2 x86_64 x86_64 x86_64 GNU/Linux
     11:50:27 up 15:49,  1 user,  load average: 3.38, 2.15, 1.86

commit b19f67f7b6824c51d3a74b38189ffc98e6f1e777
Author: tracer-ysyx <tracer@ysyx.org>
Date:   Mon Sep 30 11:50:27 2024 +0800

    > run NEMU
    ysyx_24080032 杨鹏城
    Linux ypc 6.5.0-44-generic #44~22.04.1-Ubuntu SMP PREEMPT_DYNAMIC Tue Jun 18 14:36:16 UTC 2 x86_64 x86_64 x86_64 GNU/Linux
     11:50:27 up 15:49,  1 user,  load average: 3.38, 2.15, 1.86

commit 1f480e991d8632ad6db4990bf66690c182687ebb
Author: tracer-ysyx <tracer@ysyx.org>
Date:   Mon Sep 30 11:50:27 2024 +0800

    > compile NEMU
    ysyx_24080032 杨鹏城
    Linux ypc 6.5.0-44-generic #44~22.04.1-Ubuntu SMP PREEMPT_DYNAMIC Tue Jun 18 14:36:16 UTC 2 x86_64 x86_64 x86_64 GNU/Linux
     11:50:27 up 15:49,  1 user,  load average: 3.38, 2.15, 1.86

commit f1885dbfa51f8162af6a1913d11301f70e72a02c
Author: tracer-ysyx <tracer@ysyx.org>
Date:   Mon Sep 30 11:50:26 2024 +0800

    > run NEMU
    ysyx_24080032 杨鹏城
    Linux ypc 6.5.0-44-generic #44~22.04.1-Ubuntu SMP PREEMPT_DYNAMIC Tue Jun 18 14:36:16 UTC 2 x86_64 x86_64 x86_64 GNU/Linux
     11:50:26 up 15:49,  1 user,  load average: 3.38, 2.15, 1.86

commit 8a5902ad0125ee4078f066124140b802840853c8
Author: tracer-ysyx <tracer@ysyx.org>
Date:   Mon Sep 30 11:50:26 2024 +0800

    > compile NEMU
    ysyx_24080032 杨鹏城
    Linux ypc 6.5.0-44-generic #44~22.04.1-Ubuntu SMP PREEMPT_DYNAMIC Tue Jun 18 14:36:16 UTC 2 x86_64 x86_64 x86_64 GNU/Linux
     11:50:26 up 15:49,  1 user,  load average: 3.38, 2.15, 1.86

commit bd834fff64b7baa45b808e4d2317f8f3392a06bc
Author: tracer-ysyx <tracer@ysyx.org>
Date:   Mon Sep 30 11:50:25 2024 +0800

    > run NEMU
    ysyx_24080032 杨鹏城
    Linux ypc 6.5.0-44-generic #44~22.04.1-Ubuntu SMP PREEMPT_DYNAMIC Tue Jun 18 14:36:16 UTC 2 x86_64 x86_64 x86_64 GNU/Linux
     11:50:25 up 15:49,  1 user,  load average: 2.19, 1.90, 1.78

commit d38207ad7ea7df9b7872455e242b85e069c8be04
Author: tracer-ysyx <tracer@ysyx.org>
Date:   Mon Sep 30 11:50:25 2024 +0800

    > compile NEMU
    ysyx_24080032 杨鹏城
    Linux ypc 6.5.0-44-generic #44~22.04.1-Ubuntu SMP PREEMPT_DYNAMIC Tue Jun 18 14:36:16 UTC 2 x86_64 x86_64 x86_64 GNU/Linux
     11:50:25 up 15:49,  1 user,  load average: 2.19, 1.90, 1.78

commit 85c4690977e8ffe471745c4218d7a57d9b6faab5
Author: tracer-ysyx <tracer@ysyx.org>
Date:   Mon Sep 30 11:50:24 2024 +0800

    > run NEMU
    ysyx_24080032 杨鹏城
    Linux ypc 6.5.0-44-generic #44~22.04.1-Ubuntu SMP PREEMPT_DYNAMIC Tue Jun 18 14:36:16 UTC 2 x86_64 x86_64 x86_64 GNU/Linux
     11:50:24 up 15:49,  1 user,  load average: 2.19, 1.90, 1.78

commit d8ed76f29edca89191d0812c533aeafd01dc52b8
Author: tracer-ysyx <tracer@ysyx.org>
Date:   Mon Sep 30 11:50:24 2024 +0800

    > compile NEMU
    ysyx_24080032 杨鹏城
    Linux ypc 6.5.0-44-generic #44~22.04.1-Ubuntu SMP PREEMPT_DYNAMIC Tue Jun 18 14:36:16 UTC 2 x86_64 x86_64 x86_64 GNU/Linux
     11:50:24 up 15:49,  1 user,  load average: 2.19, 1.90, 1.78

commit d44cd7bf85c0b4a47a511f149732693f3f4f5e7a
Author: tracer-ysyx <tracer@ysyx.org>
Date:   Mon Sep 30 11:50:24 2024 +0800

    > run NEMU
    ysyx_24080032 杨鹏城
    Linux ypc 6.5.0-44-generic #44~22.04.1-Ubuntu SMP PREEMPT_DYNAMIC Tue Jun 18 14:36:16 UTC 2 x86_64 x86_64 x86_64 GNU/Linux
     11:50:24 up 15:49,  1 user,  load average: 2.19, 1.90, 1.78

commit c4ea634b1eb3152420a5b26999a20035da1fcfec
Author: tracer-ysyx <tracer@ysyx.org>
Date:   Mon Sep 30 11:50:24 2024 +0800

    > compile NEMU
    ysyx_24080032 杨鹏城
    Linux ypc 6.5.0-44-generic #44~22.04.1-Ubuntu SMP PREEMPT_DYNAMIC Tue Jun 18 14:36:16 UTC 2 x86_64 x86_64 x86_64 GNU/Linux
     11:50:24 up 15:49,  1 user,  load average: 2.19, 1.90, 1.78

commit 8dda15d5b6912321f72f0cce9092b36d0ee1853f
Author: tracer-ysyx <tracer@ysyx.org>
Date:   Mon Sep 30 11:50:23 2024 +0800

    > run NEMU
    ysyx_24080032 杨鹏城
    Linux ypc 6.5.0-44-generic #44~22.04.1-Ubuntu SMP PREEMPT_DYNAMIC Tue Jun 18 14:36:16 UTC 2 x86_64 x86_64 x86_64 GNU/Linux
     11:50:23 up 15:49,  1 user,  load average: 2.19, 1.90, 1.78

commit a316f66967bc305b853b56cb8c671ace3b8d3a00
Author: tracer-ysyx <tracer@ysyx.org>
Date:   Mon Sep 30 11:50:23 2024 +0800

    > compile NEMU
    ysyx_24080032 杨鹏城
    Linux ypc 6.5.0-44-generic #44~22.04.1-Ubuntu SMP PREEMPT_DYNAMIC Tue Jun 18 14:36:16 UTC 2 x86_64 x86_64 x86_64 GNU/Linux
     11:50:23 up 15:49,  1 user,  load average: 2.19, 1.90, 1.78

commit 7d7fcb7f57dbfce0be48606728205c5ea90f84ef
Author: tracer-ysyx <tracer@ysyx.org>
Date:   Mon Sep 30 11:50:23 2024 +0800

    > run NEMU
    ysyx_24080032 杨鹏城
    Linux ypc 6.5.0-44-generic #44~22.04.1-Ubuntu SMP PREEMPT_DYNAMIC Tue Jun 18 14:36:16 UTC 2 x86_64 x86_64 x86_64 GNU/Linux
     11:50:23 up 15:49,  1 user,  load average: 2.19, 1.90, 1.78

commit 1adfeb5f9b5668bc99e02f7911001c946c80227a
Author: tracer-ysyx <tracer@ysyx.org>
Date:   Mon Sep 30 11:50:23 2024 +0800

    > compile NEMU
    ysyx_24080032 杨鹏城
    Linux ypc 6.5.0-44-generic #44~22.04.1-Ubuntu SMP PREEMPT_DYNAMIC Tue Jun 18 14:36:16 UTC 2 x86_64 x86_64 x86_64 GNU/Linux
     11:50:23 up 15:49,  1 user,  load average: 2.19, 1.90, 1.78

commit 5b0a8e48db6e0b2364d24ac18ec5fd543bf529bd
Author: tracer-ysyx <tracer@ysyx.org>
Date:   Mon Sep 30 11:50:22 2024 +0800

    > run NEMU
    ysyx_24080032 杨鹏城
    Linux ypc 6.5.0-44-generic #44~22.04.1-Ubuntu SMP PREEMPT_DYNAMIC Tue Jun 18 14:36:16 UTC 2 x86_64 x86_64 x86_64 GNU/Linux
     11:50:22 up 15:49,  1 user,  load average: 2.19, 1.90, 1.78

commit 4c2ac8ef87b9845edd2ea741d341498fa5cb2add
Author: tracer-ysyx <tracer@ysyx.org>
Date:   Mon Sep 30 11:50:22 2024 +0800

    > compile NEMU
    ysyx_24080032 杨鹏城
    Linux ypc 6.5.0-44-generic #44~22.04.1-Ubuntu SMP PREEMPT_DYNAMIC Tue Jun 18 14:36:16 UTC 2 x86_64 x86_64 x86_64 GNU/Linux
     11:50:22 up 15:49,  1 user,  load average: 2.19, 1.90, 1.78

commit a55f77fb3e732d8685d69bbc8a704b4808e7444f
Author: tracer-ysyx <tracer@ysyx.org>
Date:   Mon Sep 30 11:50:22 2024 +0800

    > run NEMU
    ysyx_24080032 杨鹏城
    Linux ypc 6.5.0-44-generic #44~22.04.1-Ubuntu SMP PREEMPT_DYNAMIC Tue Jun 18 14:36:16 UTC 2 x86_64 x86_64 x86_64 GNU/Linux
     11:50:22 up 15:49,  1 user,  load average: 2.19, 1.90, 1.78

commit 78fcd1ac30eaa82fc9bf6a09ec3f37d17555d5d5
Author: tracer-ysyx <tracer@ysyx.org>
Date:   Mon Sep 30 11:50:22 2024 +0800

    > compile NEMU
    ysyx_24080032 杨鹏城
    Linux ypc 6.5.0-44-generic #44~22.04.1-Ubuntu SMP PREEMPT_DYNAMIC Tue Jun 18 14:36:16 UTC 2 x86_64 x86_64 x86_64 GNU/Linux
     11:50:22 up 15:49,  1 user,  load average: 2.19, 1.90, 1.78

commit 084511a1e21973ac76278b7a74e1707b7b5c14c4
Author: tracer-ysyx <tracer@ysyx.org>
Date:   Mon Sep 30 11:50:21 2024 +0800

    > run NEMU
    ysyx_24080032 杨鹏城
    Linux ypc 6.5.0-44-generic #44~22.04.1-Ubuntu SMP PREEMPT_DYNAMIC Tue Jun 18 14:36:16 UTC 2 x86_64 x86_64 x86_64 GNU/Linux
     11:50:21 up 15:49,  1 user,  load average: 2.19, 1.90, 1.78

commit 8945c4269fb760780eba9be11ae3804e0515f2bb
Author: tracer-ysyx <tracer@ysyx.org>
Date:   Mon Sep 30 11:50:21 2024 +0800

    > compile NEMU
    ysyx_24080032 杨鹏城
    Linux ypc 6.5.0-44-generic #44~22.04.1-Ubuntu SMP PREEMPT_DYNAMIC Tue Jun 18 14:36:16 UTC 2 x86_64 x86_64 x86_64 GNU/Linux
     11:50:21 up 15:49,  1 user,  load average: 2.19, 1.90, 1.78

commit 15c08be20002d233224314c67363223519f286dd
Author: tracer-ysyx <tracer@ysyx.org>
Date:   Mon Sep 30 11:50:20 2024 +0800

    > run NEMU
    ysyx_24080032 杨鹏城
    Linux ypc 6.5.0-44-generic #44~22.04.1-Ubuntu SMP PREEMPT_DYNAMIC Tue Jun 18 14:36:16 UTC 2 x86_64 x86_64 x86_64 GNU/Linux
     11:50:20 up 15:49,  1 user,  load average: 2.21, 1.90, 1.78

commit 5458169ae5f8d9987244087eaa83a6e69d463251
Author: tracer-ysyx <tracer@ysyx.org>
Date:   Mon Sep 30 11:50:20 2024 +0800

    > compile NEMU
    ysyx_24080032 杨鹏城
    Linux ypc 6.5.0-44-generic #44~22.04.1-Ubuntu SMP PREEMPT_DYNAMIC Tue Jun 18 14:36:16 UTC 2 x86_64 x86_64 x86_64 GNU/Linux
     11:50:20 up 15:49,  1 user,  load average: 2.21, 1.90, 1.78

commit 59e0266a0b775053b16b78a40d93d9e44db47888
Author: tracer-ysyx <tracer@ysyx.org>
Date:   Mon Sep 30 11:50:20 2024 +0800

    > run NEMU
    ysyx_24080032 杨鹏城
    Linux ypc 6.5.0-44-generic #44~22.04.1-Ubuntu SMP PREEMPT_DYNAMIC Tue Jun 18 14:36:16 UTC 2 x86_64 x86_64 x86_64 GNU/Linux
     11:50:20 up 15:49,  1 user,  load average: 2.21, 1.90, 1.78

commit 2be88bd81e45b724cd0ca68b53ebe087a3f34326
Author: tracer-ysyx <tracer@ysyx.org>
Date:   Mon Sep 30 11:50:20 2024 +0800

    > compile NEMU
    ysyx_24080032 杨鹏城
    Linux ypc 6.5.0-44-generic #44~22.04.1-Ubuntu SMP PREEMPT_DYNAMIC Tue Jun 18 14:36:16 UTC 2 x86_64 x86_64 x86_64 GNU/Linux
     11:50:20 up 15:49,  1 user,  load average: 2.21, 1.90, 1.78

commit 1acda04e3ee17ba2e420641c148e4ffcee058cc1
Author: tracer-ysyx <tracer@ysyx.org>
Date:   Mon Sep 30 11:08:00 2024 +0800

    > run NEMU
    ysyx_24080032 杨鹏城
    Linux ypc 6.5.0-44-generic #44~22.04.1-Ubuntu SMP PREEMPT_DYNAMIC Tue Jun 18 14:36:16 UTC 2 x86_64 x86_64 x86_64 GNU/Linux
     11:08:00 up 15:06,  1 user,  load average: 1.86, 1.77, 1.57

commit 4b3818a90c8f82cf10a2354fdd2847623fdf7718
Author: tracer-ysyx <tracer@ysyx.org>
Date:   Mon Sep 30 11:08:00 2024 +0800

    > compile NEMU
    ysyx_24080032 杨鹏城
    Linux ypc 6.5.0-44-generic #44~22.04.1-Ubuntu SMP PREEMPT_DYNAMIC Tue Jun 18 14:36:16 UTC 2 x86_64 x86_64 x86_64 GNU/Linux
     11:08:00 up 15:06,  1 user,  load average: 1.86, 1.77, 1.57

commit 80995de6c7c9db9dfd7095cbafc52dfee34e51f3
Author: tracer-ysyx <tracer@ysyx.org>
Date:   Mon Sep 30 11:07:17 2024 +0800

    > run NEMU
    ysyx_24080032 杨鹏城
    Linux ypc 6.5.0-44-generic #44~22.04.1-Ubuntu SMP PREEMPT_DYNAMIC Tue Jun 18 14:36:16 UTC 2 x86_64 x86_64 x86_64 GNU/Linux
     11:07:17 up 15:05,  1 user,  load average: 1.96, 1.79, 1.57

commit d523341ab6b95f5cb941b886400ef347e7d9aa71
Author: tracer-ysyx <tracer@ysyx.org>
Date:   Mon Sep 30 11:07:17 2024 +0800

    > compile NEMU
    ysyx_24080032 杨鹏城
    Linux ypc 6.5.0-44-generic #44~22.04.1-Ubuntu SMP PREEMPT_DYNAMIC Tue Jun 18 14:36:16 UTC 2 x86_64 x86_64 x86_64 GNU/Linux
     11:07:17 up 15:05,  1 user,  load average: 1.96, 1.79, 1.57

commit 005b779552d1ba3af67fd4efb5e1ac3da7df65d6
Author: tracer-ysyx <tracer@ysyx.org>
Date:   Mon Sep 30 11:06:07 2024 +0800

    > run NEMU
    ysyx_24080032 杨鹏城
    Linux ypc 6.5.0-44-generic #44~22.04.1-Ubuntu SMP PREEMPT_DYNAMIC Tue Jun 18 14:36:16 UTC 2 x86_64 x86_64 x86_64 GNU/Linux
     11:06:07 up 15:04,  1 user,  load average: 1.82, 1.76, 1.55

commit 3ca6b253a07ab882c42755212326d4217edb8543
Author: tracer-ysyx <tracer@ysyx.org>
Date:   Mon Sep 30 11:06:07 2024 +0800

    > compile NEMU
    ysyx_24080032 杨鹏城
    Linux ypc 6.5.0-44-generic #44~22.04.1-Ubuntu SMP PREEMPT_DYNAMIC Tue Jun 18 14:36:16 UTC 2 x86_64 x86_64 x86_64 GNU/Linux
     11:06:07 up 15:04,  1 user,  load average: 1.82, 1.76, 1.55

commit dda4767cfbee0fddcfb5821c02b6d2fca86ecd3e
Author: tracer-ysyx <tracer@ysyx.org>
Date:   Mon Sep 30 11:05:40 2024 +0800

    > run NEMU
    ysyx_24080032 杨鹏城
    Linux ypc 6.5.0-44-generic #44~22.04.1-Ubuntu SMP PREEMPT_DYNAMIC Tue Jun 18 14:36:16 UTC 2 x86_64 x86_64 x86_64 GNU/Linux
     11:05:40 up 15:04,  1 user,  load average: 1.61, 1.72, 1.53

commit af71e71aaf44acaf57f483f64966418fe4631eed
Author: tracer-ysyx <tracer@ysyx.org>
Date:   Mon Sep 30 11:05:40 2024 +0800

    > compile NEMU
    ysyx_24080032 杨鹏城
    Linux ypc 6.5.0-44-generic #44~22.04.1-Ubuntu SMP PREEMPT_DYNAMIC Tue Jun 18 14:36:16 UTC 2 x86_64 x86_64 x86_64 GNU/Linux
     11:05:40 up 15:04,  1 user,  load average: 1.61, 1.72, 1.53

commit 9e4c2c5fad53c11ca7cf87697362abc4928576ba
Author: tracer-ysyx <tracer@ysyx.org>
Date:   Mon Sep 30 11:04:02 2024 +0800

    > run NEMU
    ysyx_24080032 杨鹏城
    Linux ypc 6.5.0-44-generic #44~22.04.1-Ubuntu SMP PREEMPT_DYNAMIC Tue Jun 18 14:36:16 UTC 2 x86_64 x86_64 x86_64 GNU/Linux
     11:04:02 up 15:02,  1 user,  load average: 1.47, 1.66, 1.48

commit 3465983fe78beb9c0b00008a7444f6cc7d451cc1
Author: tracer-ysyx <tracer@ysyx.org>
Date:   Mon Sep 30 11:04:02 2024 +0800

    > compile NEMU
    ysyx_24080032 杨鹏城
    Linux ypc 6.5.0-44-generic #44~22.04.1-Ubuntu SMP PREEMPT_DYNAMIC Tue Jun 18 14:36:16 UTC 2 x86_64 x86_64 x86_64 GNU/Linux
     11:04:02 up 15:02,  1 user,  load average: 1.47, 1.66, 1.48

commit abfc8d528bcb47dad07e8a408b4592ce60e62bbb
Author: tracer-ysyx <tracer@ysyx.org>
Date:   Mon Sep 30 11:01:35 2024 +0800

    > run NEMU
    ysyx_24080032 杨鹏城
    Linux ypc 6.5.0-44-generic #44~22.04.1-Ubuntu SMP PREEMPT_DYNAMIC Tue Jun 18 14:36:16 UTC 2 x86_64 x86_64 x86_64 GNU/Linux
     11:01:35 up 15:00,  1 user,  load average: 1.61, 1.50, 1.39

commit 2c6e5839ff1db43de2d9fd9a32f1bb3af3305ebc
Author: tracer-ysyx <tracer@ysyx.org>
Date:   Mon Sep 30 11:01:35 2024 +0800

    > compile NEMU
    ysyx_24080032 杨鹏城
    Linux ypc 6.5.0-44-generic #44~22.04.1-Ubuntu SMP PREEMPT_DYNAMIC Tue Jun 18 14:36:16 UTC 2 x86_64 x86_64 x86_64 GNU/Linux
     11:01:35 up 15:00,  1 user,  load average: 1.61, 1.50, 1.39

commit fd48ad949604291bee30afe0fb52a45a3f51e14e
Author: tracer-ysyx <tracer@ysyx.org>
Date:   Mon Sep 30 10:48:26 2024 +0800

    > run NEMU
    ysyx_24080032 杨鹏城
    Linux ypc 6.5.0-44-generic #44~22.04.1-Ubuntu SMP PREEMPT_DYNAMIC Tue Jun 18 14:36:16 UTC 2 x86_64 x86_64 x86_64 GNU/Linux
     10:48:26 up 14:47,  1 user,  load average: 1.52, 1.30, 1.22

commit be64d46da8a764c81d1b59a3a468b4161baac98f
Author: tracer-ysyx <tracer@ysyx.org>
Date:   Mon Sep 30 10:48:26 2024 +0800

    > compile NEMU
    ysyx_24080032 杨鹏城
    Linux ypc 6.5.0-44-generic #44~22.04.1-Ubuntu SMP PREEMPT_DYNAMIC Tue Jun 18 14:36:16 UTC 2 x86_64 x86_64 x86_64 GNU/Linux
     10:48:26 up 14:47,  1 user,  load average: 1.52, 1.30, 1.22

commit 273bc34f6b84a186854cbf1ca48199f111a92983
Author: tracer-ysyx <tracer@ysyx.org>
Date:   Mon Sep 30 00:10:15 2024 +0800

    > run NEMU
    ysyx_24080032 杨鹏城
    Linux ypc 6.5.0-44-generic #44~22.04.1-Ubuntu SMP PREEMPT_DYNAMIC Tue Jun 18 14:36:16 UTC 2 x86_64 x86_64 x86_64 GNU/Linux
     00:10:15 up  4:08,  1 user,  load average: 1.46, 1.56, 1.37

commit 585ba58c302ac8630ab8cabe276ecbb97e2f1527
Author: tracer-ysyx <tracer@ysyx.org>
Date:   Mon Sep 30 00:10:15 2024 +0800

    > compile NEMU
    ysyx_24080032 杨鹏城
    Linux ypc 6.5.0-44-generic #44~22.04.1-Ubuntu SMP PREEMPT_DYNAMIC Tue Jun 18 14:36:16 UTC 2 x86_64 x86_64 x86_64 GNU/Linux
     00:10:15 up  4:08,  1 user,  load average: 1.46, 1.56, 1.37

commit 1669903ec8fccabb27f4cd623899e959404621b5
Author: tracer-ysyx <tracer@ysyx.org>
Date:   Mon Sep 30 00:06:23 2024 +0800

    > run NEMU
    ysyx_24080032 杨鹏城
    Linux ypc 6.5.0-44-generic #44~22.04.1-Ubuntu SMP PREEMPT_DYNAMIC Tue Jun 18 14:36:16 UTC 2 x86_64 x86_64 x86_64 GNU/Linux
     00:06:23 up  4:05,  1 user,  load average: 1.68, 1.48, 1.30

commit fd65bb42f7e3f5b6e327a7e0e0f2f2b8eea1d4ee
Author: tracer-ysyx <tracer@ysyx.org>
Date:   Mon Sep 30 00:06:23 2024 +0800

    > compile NEMU
    ysyx_24080032 杨鹏城
    Linux ypc 6.5.0-44-generic #44~22.04.1-Ubuntu SMP PREEMPT_DYNAMIC Tue Jun 18 14:36:16 UTC 2 x86_64 x86_64 x86_64 GNU/Linux
     00:06:23 up  4:05,  1 user,  load average: 1.68, 1.48, 1.30

commit aec253a9af115dcbc9309f887411dd34a1e5553c
Author: tracer-ysyx <tracer@ysyx.org>
Date:   Mon Sep 30 00:03:20 2024 +0800

    > run NEMU
    ysyx_24080032 杨鹏城
    Linux ypc 6.5.0-44-generic #44~22.04.1-Ubuntu SMP PREEMPT_DYNAMIC Tue Jun 18 14:36:16 UTC 2 x86_64 x86_64 x86_64 GNU/Linux
     00:03:20 up  4:02,  1 user,  load average: 1.19, 1.18, 1.18

commit ffd3b55454c7a5ac12c8bf6476903adfb5fa6e93
Author: tracer-ysyx <tracer@ysyx.org>
Date:   Mon Sep 30 00:03:19 2024 +0800

    > compile NEMU
    ysyx_24080032 杨鹏城
    Linux ypc 6.5.0-44-generic #44~22.04.1-Ubuntu SMP PREEMPT_DYNAMIC Tue Jun 18 14:36:16 UTC 2 x86_64 x86_64 x86_64 GNU/Linux
     00:03:19 up  4:02,  1 user,  load average: 1.19, 1.18, 1.18

commit 59701fd6fac4b80c6e8c0ead755f2a84a920d108
Author: tracer-ysyx <tracer@ysyx.org>
Date:   Sun Sep 29 23:10:27 2024 +0800

    > run NEMU
    ysyx_24080032 杨鹏城
    Linux ypc 6.5.0-44-generic #44~22.04.1-Ubuntu SMP PREEMPT_DYNAMIC Tue Jun 18 14:36:16 UTC 2 x86_64 x86_64 x86_64 GNU/Linux
     23:10:27 up  3:09,  1 user,  load average: 1.60, 1.39, 1.26

commit 48e47d0ad4ccf7e5cbe43555cfa29ad8ed4490bb
Author: tracer-ysyx <tracer@ysyx.org>
Date:   Sun Sep 29 23:10:27 2024 +0800

    > compile NEMU
    ysyx_24080032 杨鹏城
    Linux ypc 6.5.0-44-generic #44~22.04.1-Ubuntu SMP PREEMPT_DYNAMIC Tue Jun 18 14:36:16 UTC 2 x86_64 x86_64 x86_64 GNU/Linux
     23:10:27 up  3:09,  1 user,  load average: 1.60, 1.39, 1.26

commit ba786d661b0aa06709d1d29316fe7f9c06a4765d
Author: tracer-ysyx <tracer@ysyx.org>
Date:   Sun Sep 29 22:41:09 2024 +0800

    > run NEMU
    ysyx_24080032 杨鹏城
    Linux ypc 6.5.0-44-generic #44~22.04.1-Ubuntu SMP PREEMPT_DYNAMIC Tue Jun 18 14:36:16 UTC 2 x86_64 x86_64 x86_64 GNU/Linux
     22:41:09 up  2:39,  1 user,  load average: 1.14, 1.18, 1.19

commit ba59f30afe499f579ff01756c6bc220625b958c6
Author: tracer-ysyx <tracer@ysyx.org>
Date:   Sun Sep 29 22:41:09 2024 +0800

    > compile NEMU
    ysyx_24080032 杨鹏城
    Linux ypc 6.5.0-44-generic #44~22.04.1-Ubuntu SMP PREEMPT_DYNAMIC Tue Jun 18 14:36:16 UTC 2 x86_64 x86_64 x86_64 GNU/Linux
     22:41:09 up  2:39,  1 user,  load average: 1.14, 1.18, 1.19

commit 1d2296869e80965adf4bf1aa19a5e74a380bf250
Author: tracer-ysyx <tracer@ysyx.org>
Date:   Sun Sep 29 21:32:59 2024 +0800

    > run NEMU
    ysyx_24080032 杨鹏城
    Linux ypc 6.5.0-44-generic #44~22.04.1-Ubuntu SMP PREEMPT_DYNAMIC Tue Jun 18 14:36:16 UTC 2 x86_64 x86_64 x86_64 GNU/Linux
     21:32:59 up  1:31,  1 user,  load average: 2.17, 2.12, 2.09

commit f8ab9bb6e740de11119f8bb3c9de24968f2a83ea
Author: tracer-ysyx <tracer@ysyx.org>
Date:   Sun Sep 29 21:32:59 2024 +0800

    > compile NEMU
    ysyx_24080032 杨鹏城
    Linux ypc 6.5.0-44-generic #44~22.04.1-Ubuntu SMP PREEMPT_DYNAMIC Tue Jun 18 14:36:16 UTC 2 x86_64 x86_64 x86_64 GNU/Linux
     21:32:59 up  1:31,  1 user,  load average: 2.17, 2.12, 2.09

commit de2e51ba3e4eef7d984ed547b3a8f2c4eb88708a
Author: tracer-ysyx <tracer@ysyx.org>
Date:   Sun Sep 29 21:16:00 2024 +0800

    > run NEMU
    ysyx_24080032 杨鹏城
    Linux ypc 6.5.0-44-generic #44~22.04.1-Ubuntu SMP PREEMPT_DYNAMIC Tue Jun 18 14:36:16 UTC 2 x86_64 x86_64 x86_64 GNU/Linux
     21:16:00 up  1:14,  1 user,  load average: 2.17, 1.95, 1.93

commit deabe8c7f78fd30cfcd1b8cd91a59aaa34f22cb7
Author: tracer-ysyx <tracer@ysyx.org>
Date:   Sun Sep 29 21:16:00 2024 +0800

    > compile NEMU
    ysyx_24080032 杨鹏城
    Linux ypc 6.5.0-44-generic #44~22.04.1-Ubuntu SMP PREEMPT_DYNAMIC Tue Jun 18 14:36:16 UTC 2 x86_64 x86_64 x86_64 GNU/Linux
     21:16:00 up  1:14,  1 user,  load average: 2.17, 1.95, 1.93

commit a57de6623f65236c4623062cb739b8c9b3435cf4
Author: tracer-ysyx <tracer@ysyx.org>
Date:   Sun Sep 29 21:11:28 2024 +0800

    > run NEMU
    ysyx_24080032 杨鹏城
    Linux ypc 6.5.0-44-generic #44~22.04.1-Ubuntu SMP PREEMPT_DYNAMIC Tue Jun 18 14:36:16 UTC 2 x86_64 x86_64 x86_64 GNU/Linux
     21:11:28 up  1:10,  1 user,  load average: 1.78, 1.83, 1.91

commit 940872016fa2f355ac58314ee81441d967663c73
Author: tracer-ysyx <tracer@ysyx.org>
Date:   Sun Sep 29 21:11:28 2024 +0800

    > compile NEMU
    ysyx_24080032 杨鹏城
    Linux ypc 6.5.0-44-generic #44~22.04.1-Ubuntu SMP PREEMPT_DYNAMIC Tue Jun 18 14:36:16 UTC 2 x86_64 x86_64 x86_64 GNU/Linux
     21:11:28 up  1:10,  1 user,  load average: 1.78, 1.83, 1.91

commit e549d9a21836b38f757248be5dd1868b5534013b
Author: tracer-ysyx <tracer@ysyx.org>
Date:   Sun Sep 29 21:06:54 2024 +0800

    > run NEMU
    ysyx_24080032 杨鹏城
    Linux ypc 6.5.0-44-generic #44~22.04.1-Ubuntu SMP PREEMPT_DYNAMIC Tue Jun 18 14:36:16 UTC 2 x86_64 x86_64 x86_64 GNU/Linux
     21:06:54 up  1:05,  1 user,  load average: 2.07, 1.93, 1.96

commit b01e955fd3d1a5ed607a4277a73b1dcb5ff12b01
Author: tracer-ysyx <tracer@ysyx.org>
Date:   Sun Sep 29 21:06:54 2024 +0800

    > compile NEMU
    ysyx_24080032 杨鹏城
    Linux ypc 6.5.0-44-generic #44~22.04.1-Ubuntu SMP PREEMPT_DYNAMIC Tue Jun 18 14:36:16 UTC 2 x86_64 x86_64 x86_64 GNU/Linux
     21:06:54 up  1:05,  1 user,  load average: 2.07, 1.93, 1.96

commit f7a604cf86b58fc309a69ec1d6bdbf186e3bee38
Author: tracer-ysyx <tracer@ysyx.org>
Date:   Sun Sep 29 21:06:08 2024 +0800

    > run NEMU
    ysyx_24080032 杨鹏城
    Linux ypc 6.5.0-44-generic #44~22.04.1-Ubuntu SMP PREEMPT_DYNAMIC Tue Jun 18 14:36:16 UTC 2 x86_64 x86_64 x86_64 GNU/Linux
     21:06:08 up  1:04,  1 user,  load average: 2.15, 1.94, 1.96

commit 858aab6ff71429966c3a257775195a7dd22df5d5
Author: tracer-ysyx <tracer@ysyx.org>
Date:   Sun Sep 29 21:06:08 2024 +0800

    > compile NEMU
    ysyx_24080032 杨鹏城
    Linux ypc 6.5.0-44-generic #44~22.04.1-Ubuntu SMP PREEMPT_DYNAMIC Tue Jun 18 14:36:16 UTC 2 x86_64 x86_64 x86_64 GNU/Linux
     21:06:08 up  1:04,  1 user,  load average: 2.15, 1.94, 1.96

commit a32577f5ed8f7eab247328046926b8c12ee247ea
Author: tracer-ysyx <tracer@ysyx.org>
Date:   Sun Sep 29 21:03:58 2024 +0800

    > run NEMU
    ysyx_24080032 杨鹏城
    Linux ypc 6.5.0-44-generic #44~22.04.1-Ubuntu SMP PREEMPT_DYNAMIC Tue Jun 18 14:36:16 UTC 2 x86_64 x86_64 x86_64 GNU/Linux
     21:03:58 up  1:02,  1 user,  load average: 1.62, 1.87, 1.95

commit 09075149ce907aa405552310ea91b089c68e3875
Author: tracer-ysyx <tracer@ysyx.org>
Date:   Sun Sep 29 21:03:58 2024 +0800

    > compile NEMU
    ysyx_24080032 杨鹏城
    Linux ypc 6.5.0-44-generic #44~22.04.1-Ubuntu SMP PREEMPT_DYNAMIC Tue Jun 18 14:36:16 UTC 2 x86_64 x86_64 x86_64 GNU/Linux
     21:03:58 up  1:02,  1 user,  load average: 1.62, 1.87, 1.95

commit d1dd0af108d99f89b4a1049764b11689cf079064
Author: tracer-ysyx <tracer@ysyx.org>
Date:   Sun Sep 29 21:01:48 2024 +0800

    > run NEMU
    ysyx_24080032 杨鹏城
    Linux ypc 6.5.0-44-generic #44~22.04.1-Ubuntu SMP PREEMPT_DYNAMIC Tue Jun 18 14:36:16 UTC 2 x86_64 x86_64 x86_64 GNU/Linux
     21:01:48 up  1:00,  1 user,  load average: 1.60, 1.96, 1.97

commit 7b6246f050c932ae5ff76e74d8eb7a2245cea527
Author: tracer-ysyx <tracer@ysyx.org>
Date:   Sun Sep 29 21:01:48 2024 +0800

    > compile NEMU
    ysyx_24080032 杨鹏城
    Linux ypc 6.5.0-44-generic #44~22.04.1-Ubuntu SMP PREEMPT_DYNAMIC Tue Jun 18 14:36:16 UTC 2 x86_64 x86_64 x86_64 GNU/Linux
     21:01:48 up  1:00,  1 user,  load average: 1.60, 1.96, 1.97

commit 4a095732e7a4bf5fcab9b719eda6beced0dcbf53
Author: tracer-ysyx <tracer@ysyx.org>
Date:   Sun Sep 29 21:01:23 2024 +0800

    > run NEMU
    ysyx_24080032 杨鹏城
    Linux ypc 6.5.0-44-generic #44~22.04.1-Ubuntu SMP PREEMPT_DYNAMIC Tue Jun 18 14:36:16 UTC 2 x86_64 x86_64 x86_64 GNU/Linux
     21:01:23 up  1:00,  1 user,  load average: 1.63, 1.99, 1.98

commit f205a9e7ac4ef96394b5c8fc407ce7e8a71a39a8
Author: tracer-ysyx <tracer@ysyx.org>
Date:   Sun Sep 29 21:01:23 2024 +0800

    > compile NEMU
    ysyx_24080032 杨鹏城
    Linux ypc 6.5.0-44-generic #44~22.04.1-Ubuntu SMP PREEMPT_DYNAMIC Tue Jun 18 14:36:16 UTC 2 x86_64 x86_64 x86_64 GNU/Linux
     21:01:23 up  1:00,  1 user,  load average: 1.63, 1.99, 1.98

commit d66416898e3f0fdcd16b9e4bc31db7896eb7584c
Author: tracer-ysyx <tracer@ysyx.org>
Date:   Sun Sep 29 21:00:08 2024 +0800

    > run NEMU
    ysyx_24080032 杨鹏城
    Linux ypc 6.5.0-44-generic #44~22.04.1-Ubuntu SMP PREEMPT_DYNAMIC Tue Jun 18 14:36:16 UTC 2 x86_64 x86_64 x86_64 GNU/Linux
     21:00:08 up 58 min,  1 user,  load average: 2.45, 2.18, 2.04

commit d7259f2f5085fcc28adeb57e3278df10d110f77a
Author: tracer-ysyx <tracer@ysyx.org>
Date:   Sun Sep 29 21:00:08 2024 +0800

    > compile NEMU
    ysyx_24080032 杨鹏城
    Linux ypc 6.5.0-44-generic #44~22.04.1-Ubuntu SMP PREEMPT_DYNAMIC Tue Jun 18 14:36:16 UTC 2 x86_64 x86_64 x86_64 GNU/Linux
     21:00:08 up 58 min,  1 user,  load average: 2.45, 2.18, 2.04

commit 4a328852819d3b9f7c3b2c1205cc8f62b1b5215b
Author: tracer-ysyx <tracer@ysyx.org>
Date:   Sun Sep 29 20:58:27 2024 +0800

    > run NEMU
    ysyx_24080032 杨鹏城
    Linux ypc 6.5.0-44-generic #44~22.04.1-Ubuntu SMP PREEMPT_DYNAMIC Tue Jun 18 14:36:16 UTC 2 x86_64 x86_64 x86_64 GNU/Linux
     20:58:27 up 57 min,  1 user,  load average: 2.05, 1.95, 1.95

commit ac282d3a7bea29d5a99e8faa044009047850ba40
Author: tracer-ysyx <tracer@ysyx.org>
Date:   Sun Sep 29 20:58:27 2024 +0800

    > compile NEMU
    ysyx_24080032 杨鹏城
    Linux ypc 6.5.0-44-generic #44~22.04.1-Ubuntu SMP PREEMPT_DYNAMIC Tue Jun 18 14:36:16 UTC 2 x86_64 x86_64 x86_64 GNU/Linux
     20:58:27 up 57 min,  1 user,  load average: 2.05, 1.95, 1.95

commit 76ba5d535cbde87d304bd0840dff9c69a64943be
Author: tracer-ysyx <tracer@ysyx.org>
Date:   Sun Sep 29 20:53:21 2024 +0800

    > run NEMU
    ysyx_24080032 杨鹏城
    Linux ypc 6.5.0-44-generic #44~22.04.1-Ubuntu SMP PREEMPT_DYNAMIC Tue Jun 18 14:36:16 UTC 2 x86_64 x86_64 x86_64 GNU/Linux
     20:53:21 up 52 min,  1 user,  load average: 1.54, 1.80, 1.93

commit 33f65562217a075b213bee7f79e8abda9b03c52d
Author: tracer-ysyx <tracer@ysyx.org>
Date:   Sun Sep 29 20:53:21 2024 +0800

    > compile NEMU
    ysyx_24080032 杨鹏城
    Linux ypc 6.5.0-44-generic #44~22.04.1-Ubuntu SMP PREEMPT_DYNAMIC Tue Jun 18 14:36:16 UTC 2 x86_64 x86_64 x86_64 GNU/Linux
     20:53:21 up 52 min,  1 user,  load average: 1.54, 1.80, 1.93

commit fc380be9c7134807d0c5432e15b47d7a921cc457
Author: tracer-ysyx <tracer@ysyx.org>
Date:   Sun Sep 29 20:53:00 2024 +0800

    > run NEMU
    ysyx_24080032 杨鹏城
    Linux ypc 6.5.0-44-generic #44~22.04.1-Ubuntu SMP PREEMPT_DYNAMIC Tue Jun 18 14:36:16 UTC 2 x86_64 x86_64 x86_64 GNU/Linux
     20:53:00 up 51 min,  1 user,  load average: 1.59, 1.82, 1.94

commit 31bd694a4a860b2c02a224b73a37548b7cc26d3a
Author: tracer-ysyx <tracer@ysyx.org>
Date:   Sun Sep 29 20:53:00 2024 +0800

    > compile NEMU
    ysyx_24080032 杨鹏城
    Linux ypc 6.5.0-44-generic #44~22.04.1-Ubuntu SMP PREEMPT_DYNAMIC Tue Jun 18 14:36:16 UTC 2 x86_64 x86_64 x86_64 GNU/Linux
     20:53:00 up 51 min,  1 user,  load average: 1.59, 1.82, 1.94

commit 6f507d907db13e21483daf9949b28ad02a31271b
Author: tracer-ysyx <tracer@ysyx.org>
Date:   Sun Sep 29 20:52:39 2024 +0800

    > run NEMU
    ysyx_24080032 杨鹏城
    Linux ypc 6.5.0-44-generic #44~22.04.1-Ubuntu SMP PREEMPT_DYNAMIC Tue Jun 18 14:36:16 UTC 2 x86_64 x86_64 x86_64 GNU/Linux
     20:52:39 up 51 min,  1 user,  load average: 1.49, 1.82, 1.94

commit 6859505cb8a746478d1072b959f1477cdf49e032
Author: tracer-ysyx <tracer@ysyx.org>
Date:   Sun Sep 29 20:52:39 2024 +0800

    > compile NEMU
    ysyx_24080032 杨鹏城
    Linux ypc 6.5.0-44-generic #44~22.04.1-Ubuntu SMP PREEMPT_DYNAMIC Tue Jun 18 14:36:16 UTC 2 x86_64 x86_64 x86_64 GNU/Linux
     20:52:39 up 51 min,  1 user,  load average: 1.49, 1.82, 1.94

commit 40aacee9814a750f36b86aa00784e38befaf0739
Author: tracer-ysyx <tracer@ysyx.org>
Date:   Sun Sep 29 20:49:12 2024 +0800

    > run NEMU
    ysyx_24080032 杨鹏城
    Linux ypc 6.5.0-44-generic #44~22.04.1-Ubuntu SMP PREEMPT_DYNAMIC Tue Jun 18 14:36:16 UTC 2 x86_64 x86_64 x86_64 GNU/Linux
     20:49:12 up 47 min,  1 user,  load average: 2.53, 2.09, 2.03

commit bcbd5554f194cad62196577a309a5ae68e8d9d83
Author: tracer-ysyx <tracer@ysyx.org>
Date:   Sun Sep 29 20:49:12 2024 +0800

    > compile NEMU
    ysyx_24080032 杨鹏城
    Linux ypc 6.5.0-44-generic #44~22.04.1-Ubuntu SMP PREEMPT_DYNAMIC Tue Jun 18 14:36:16 UTC 2 x86_64 x86_64 x86_64 GNU/Linux
     20:49:12 up 47 min,  1 user,  load average: 2.53, 2.09, 2.03

commit ffe5c8ea2607002729c20bce631bcad4c2f973c2
Author: tracer-ysyx <tracer@ysyx.org>
Date:   Sun Sep 29 20:47:33 2024 +0800

    > run NEMU
    ysyx_24080032 杨鹏城
    Linux ypc 6.5.0-44-generic #44~22.04.1-Ubuntu SMP PREEMPT_DYNAMIC Tue Jun 18 14:36:16 UTC 2 x86_64 x86_64 x86_64 GNU/Linux
     20:47:33 up 46 min,  1 user,  load average: 1.68, 2.01, 2.01

commit aae5348d26e2fd84a94dcccd1b54636789be51f9
Author: tracer-ysyx <tracer@ysyx.org>
Date:   Sun Sep 29 20:47:33 2024 +0800

    > compile NEMU
    ysyx_24080032 杨鹏城
    Linux ypc 6.5.0-44-generic #44~22.04.1-Ubuntu SMP PREEMPT_DYNAMIC Tue Jun 18 14:36:16 UTC 2 x86_64 x86_64 x86_64 GNU/Linux
     20:47:33 up 46 min,  1 user,  load average: 1.68, 2.01, 2.01

commit e7d1083b06c4753d63115ed5085f3dd1d6f15dec
Author: tracer-ysyx <tracer@ysyx.org>
Date:   Sun Sep 29 20:46:40 2024 +0800

    > run NEMU
    ysyx_24080032 杨鹏城
    Linux ypc 6.5.0-44-generic #44~22.04.1-Ubuntu SMP PREEMPT_DYNAMIC Tue Jun 18 14:36:16 UTC 2 x86_64 x86_64 x86_64 GNU/Linux
     20:46:40 up 45 min,  1 user,  load average: 1.52, 2.05, 2.03

commit 4ccbfcda10773f64a647899eab68985b374556c1
Author: tracer-ysyx <tracer@ysyx.org>
Date:   Sun Sep 29 20:46:40 2024 +0800

    > compile NEMU
    ysyx_24080032 杨鹏城
    Linux ypc 6.5.0-44-generic #44~22.04.1-Ubuntu SMP PREEMPT_DYNAMIC Tue Jun 18 14:36:16 UTC 2 x86_64 x86_64 x86_64 GNU/Linux
     20:46:40 up 45 min,  1 user,  load average: 1.52, 2.05, 2.03

commit e1e717e186100a34e1a094f3e3e09f56bdd316d3
Author: tracer-ysyx <tracer@ysyx.org>
Date:   Sun Sep 29 20:44:15 2024 +0800

    > run NEMU
    ysyx_24080032 杨鹏城
    Linux ypc 6.5.0-44-generic #44~22.04.1-Ubuntu SMP PREEMPT_DYNAMIC Tue Jun 18 14:36:16 UTC 2 x86_64 x86_64 x86_64 GNU/Linux
     20:44:15 up 42 min,  1 user,  load average: 1.56, 2.13, 2.03

commit 9af934ee812f095844bc4ce6aab8f64f70dbbe36
Author: tracer-ysyx <tracer@ysyx.org>
Date:   Sun Sep 29 20:44:15 2024 +0800

    > compile NEMU
    ysyx_24080032 杨鹏城
    Linux ypc 6.5.0-44-generic #44~22.04.1-Ubuntu SMP PREEMPT_DYNAMIC Tue Jun 18 14:36:16 UTC 2 x86_64 x86_64 x86_64 GNU/Linux
     20:44:15 up 42 min,  1 user,  load average: 1.56, 2.13, 2.03

commit 06b48eaedb38cff5143768056f4bc60231cbe0b6
Author: tracer-ysyx <tracer@ysyx.org>
Date:   Sun Sep 29 20:24:56 2024 +0800

    > run NEMU
    ysyx_24080032 杨鹏城
    Linux ypc 6.5.0-44-generic #44~22.04.1-Ubuntu SMP PREEMPT_DYNAMIC Tue Jun 18 14:36:16 UTC 2 x86_64 x86_64 x86_64 GNU/Linux
     20:24:56 up 23 min,  1 user,  load average: 1.75, 1.72, 1.47

commit 36ad1be68e9ddabe3ebdb7f8cb5236eecf84f966
Author: tracer-ysyx <tracer@ysyx.org>
Date:   Sun Sep 29 20:24:54 2024 +0800

    > compile NEMU
    ysyx_24080032 杨鹏城
    Linux ypc 6.5.0-44-generic #44~22.04.1-Ubuntu SMP PREEMPT_DYNAMIC Tue Jun 18 14:36:16 UTC 2 x86_64 x86_64 x86_64 GNU/Linux
     20:24:54 up 23 min,  1 user,  load average: 1.73, 1.71, 1.47

commit e655563c4600073a981fdd5faf74cb2bfce3dddf
Author: tracer-ysyx <tracer@ysyx.org>
Date:   Sun Sep 29 20:22:15 2024 +0800

    > run NEMU
    ysyx_24080032 杨鹏城
    Linux ypc 6.5.0-44-generic #44~22.04.1-Ubuntu SMP PREEMPT_DYNAMIC Tue Jun 18 14:36:16 UTC 2 x86_64 x86_64 x86_64 GNU/Linux
     20:22:15 up 20 min,  1 user,  load average: 1.38, 1.51, 1.36

commit dddfbb1f658f2971df8ba43119faa6da864ea62f
Author: tracer-ysyx <tracer@ysyx.org>
Date:   Sun Sep 29 20:22:15 2024 +0800

    > compile NEMU
    ysyx_24080032 杨鹏城
    Linux ypc 6.5.0-44-generic #44~22.04.1-Ubuntu SMP PREEMPT_DYNAMIC Tue Jun 18 14:36:16 UTC 2 x86_64 x86_64 x86_64 GNU/Linux
     20:22:15 up 20 min,  1 user,  load average: 1.38, 1.51, 1.36

commit 74c6bd57f4562ad50eaf36219a3c00a925ecb5e9
Author: tracer-ysyx <tracer@ysyx.org>
Date:   Sun Sep 29 20:21:43 2024 +0800

    > run NEMU
    ysyx_24080032 杨鹏城
    Linux ypc 6.5.0-44-generic #44~22.04.1-Ubuntu SMP PREEMPT_DYNAMIC Tue Jun 18 14:36:16 UTC 2 x86_64 x86_64 x86_64 GNU/Linux
     20:21:43 up 20 min,  1 user,  load average: 1.51, 1.55, 1.37

commit 41857c34a6416addd8d7f7850d025351884869b0
Author: tracer-ysyx <tracer@ysyx.org>
Date:   Sun Sep 29 20:21:43 2024 +0800

    > compile NEMU
    ysyx_24080032 杨鹏城
    Linux ypc 6.5.0-44-generic #44~22.04.1-Ubuntu SMP PREEMPT_DYNAMIC Tue Jun 18 14:36:16 UTC 2 x86_64 x86_64 x86_64 GNU/Linux
     20:21:43 up 20 min,  1 user,  load average: 1.51, 1.55, 1.37

commit a9c6d7362660fb74e2b89dcc9366c25463d47fca
Author: tracer-ysyx <tracer@ysyx.org>
Date:   Sun Sep 29 20:12:36 2024 +0800

    > run NEMU
    ysyx_24080032 杨鹏城
    Linux ypc 6.5.0-44-generic #44~22.04.1-Ubuntu SMP PREEMPT_DYNAMIC Tue Jun 18 14:36:16 UTC 2 x86_64 x86_64 x86_64 GNU/Linux
     20:12:36 up 11 min,  1 user,  load average: 2.70, 2.07, 1.30

commit b6f44822019275bf4e9bab77af6ebcf99c85b386
Author: tracer-ysyx <tracer@ysyx.org>
Date:   Sun Sep 29 20:12:36 2024 +0800

    > compile NEMU
    ysyx_24080032 杨鹏城
    Linux ypc 6.5.0-44-generic #44~22.04.1-Ubuntu SMP PREEMPT_DYNAMIC Tue Jun 18 14:36:16 UTC 2 x86_64 x86_64 x86_64 GNU/Linux
     20:12:36 up 11 min,  1 user,  load average: 2.70, 2.07, 1.30

commit 4d81cb099d653de9f5e0a0bac1c56b3a990af4a8
Author: tracer-ysyx <tracer@ysyx.org>
Date:   Sun Sep 29 20:12:21 2024 +0800

    > run NEMU
    ysyx_24080032 杨鹏城
    Linux ypc 6.5.0-44-generic #44~22.04.1-Ubuntu SMP PREEMPT_DYNAMIC Tue Jun 18 14:36:16 UTC 2 x86_64 x86_64 x86_64 GNU/Linux
     20:12:21 up 11 min,  1 user,  load average: 2.75, 2.04, 1.28

commit 1b246ae8b9ea23452eb66d26e842fd60bab4dadb
Author: tracer-ysyx <tracer@ysyx.org>
Date:   Sun Sep 29 20:12:21 2024 +0800

    > compile NEMU
    ysyx_24080032 杨鹏城
    Linux ypc 6.5.0-44-generic #44~22.04.1-Ubuntu SMP PREEMPT_DYNAMIC Tue Jun 18 14:36:16 UTC 2 x86_64 x86_64 x86_64 GNU/Linux
     20:12:21 up 11 min,  1 user,  load average: 2.75, 2.04, 1.28

commit 37b63dd452492def3797f0f7a238f66639c52f23
Author: tracer-ysyx <tracer@ysyx.org>
Date:   Sun Sep 29 20:11:08 2024 +0800

    > run NEMU
    ysyx_24080032 杨鹏城
    Linux ypc 6.5.0-44-generic #44~22.04.1-Ubuntu SMP PREEMPT_DYNAMIC Tue Jun 18 14:36:16 UTC 2 x86_64 x86_64 x86_64 GNU/Linux
     20:11:08 up 9 min,  1 user,  load average: 1.42, 1.73, 1.12

commit 27e79cd1a90dc8e7fc317cdc670cdb951244a0b9
Author: tracer-ysyx <tracer@ysyx.org>
Date:   Sun Sep 29 20:11:08 2024 +0800

    > compile NEMU
    ysyx_24080032 杨鹏城
    Linux ypc 6.5.0-44-generic #44~22.04.1-Ubuntu SMP PREEMPT_DYNAMIC Tue Jun 18 14:36:16 UTC 2 x86_64 x86_64 x86_64 GNU/Linux
     20:11:08 up 9 min,  1 user,  load average: 1.42, 1.73, 1.12

commit 43e2fd774c88731881b4b9dc27144522dd91e8d8
Author: tracer-ysyx <tracer@ysyx.org>
Date:   Sun Sep 29 20:09:12 2024 +0800

    > run NEMU
    ysyx_24080032 杨鹏城
    Linux ypc 6.5.0-44-generic #44~22.04.1-Ubuntu SMP PREEMPT_DYNAMIC Tue Jun 18 14:36:16 UTC 2 x86_64 x86_64 x86_64 GNU/Linux
     20:09:12 up 7 min,  1 user,  load average: 2.40, 1.93, 1.10

commit f8ea6e899c9ceeed4a57a3c245e8a62a4150bbdd
Author: tracer-ysyx <tracer@ysyx.org>
Date:   Sun Sep 29 20:09:12 2024 +0800

    > compile NEMU
    ysyx_24080032 杨鹏城
    Linux ypc 6.5.0-44-generic #44~22.04.1-Ubuntu SMP PREEMPT_DYNAMIC Tue Jun 18 14:36:16 UTC 2 x86_64 x86_64 x86_64 GNU/Linux
     20:09:12 up 7 min,  1 user,  load average: 2.40, 1.93, 1.10

commit ac71046a1eece7068d324e404d55219920d9aefb
Author: tracer-ysyx <tracer@ysyx.org>
Date:   Sun Sep 29 20:08:59 2024 +0800

    > run NEMU
    ysyx_24080032 杨鹏城
    Linux ypc 6.5.0-44-generic #44~22.04.1-Ubuntu SMP PREEMPT_DYNAMIC Tue Jun 18 14:36:16 UTC 2 x86_64 x86_64 x86_64 GNU/Linux
     20:08:59 up 7 min,  1 user,  load average: 2.52, 1.92, 1.08

commit 71ec77dadf3209f7b3383e5d45519b7a7c634525
Author: tracer-ysyx <tracer@ysyx.org>
Date:   Sun Sep 29 20:08:58 2024 +0800

    > compile NEMU
    ysyx_24080032 杨鹏城
    Linux ypc 6.5.0-44-generic #44~22.04.1-Ubuntu SMP PREEMPT_DYNAMIC Tue Jun 18 14:36:16 UTC 2 x86_64 x86_64 x86_64 GNU/Linux
     20:08:58 up 7 min,  1 user,  load average: 2.52, 1.92, 1.08

commit d9f95634b136642d3fcb7a8555574ca6b86a9b80
Author: tracer-ysyx <tracer@ysyx.org>
Date:   Sun Sep 29 20:07:56 2024 +0800

    > run NEMU
    ysyx_24080032 杨鹏城
    Linux ypc 6.5.0-44-generic #44~22.04.1-Ubuntu SMP PREEMPT_DYNAMIC Tue Jun 18 14:36:16 UTC 2 x86_64 x86_64 x86_64 GNU/Linux
     20:07:56 up 6 min,  1 user,  load average: 1.46, 1.72, 0.97

commit 3271d29ca982e0fc80c8ffc5dfa36faf97e7ba47
Author: tracer-ysyx <tracer@ysyx.org>
Date:   Sun Sep 29 20:07:56 2024 +0800

    > compile NEMU
    ysyx_24080032 杨鹏城
    Linux ypc 6.5.0-44-generic #44~22.04.1-Ubuntu SMP PREEMPT_DYNAMIC Tue Jun 18 14:36:16 UTC 2 x86_64 x86_64 x86_64 GNU/Linux
     20:07:56 up 6 min,  1 user,  load average: 1.46, 1.72, 0.97

commit 6002461cccf22028c6826270e16e7a9cab537a14
Author: tracer-ysyx <tracer@ysyx.org>
Date:   Sun Sep 29 20:07:07 2024 +0800

    > run NEMU
    ysyx_24080032 杨鹏城
    Linux ypc 6.5.0-44-generic #44~22.04.1-Ubuntu SMP PREEMPT_DYNAMIC Tue Jun 18 14:36:16 UTC 2 x86_64 x86_64 x86_64 GNU/Linux
     20:07:07 up 5 min,  1 user,  load average: 1.47, 1.76, 0.94

commit d3f064b6a3d3b22b1945a846eee197d2f5e0a708
Author: tracer-ysyx <tracer@ysyx.org>
Date:   Sun Sep 29 20:07:07 2024 +0800

    > compile NEMU
    ysyx_24080032 杨鹏城
    Linux ypc 6.5.0-44-generic #44~22.04.1-Ubuntu SMP PREEMPT_DYNAMIC Tue Jun 18 14:36:16 UTC 2 x86_64 x86_64 x86_64 GNU/Linux
     20:07:07 up 5 min,  1 user,  load average: 1.47, 1.76, 0.94

commit 85f587dfc402044bef1e709012fe6e012ae5bdde
Author: tracer-ysyx <tracer@ysyx.org>
Date:   Sun Sep 29 19:58:56 2024 +0800

    > run NEMU
    ysyx_24080032 杨鹏城
    Linux ypc 6.5.0-44-generic #44~22.04.1-Ubuntu SMP PREEMPT_DYNAMIC Tue Jun 18 14:36:16 UTC 2 x86_64 x86_64 x86_64 GNU/Linux
     19:58:56 up 5 days, 22:36,  1 user,  load average: 1.97, 2.18, 2.22

commit 7a4c54e724a75ec516c4666eaea96065274315d0
Author: tracer-ysyx <tracer@ysyx.org>
Date:   Sun Sep 29 19:58:56 2024 +0800

    > compile NEMU
    ysyx_24080032 杨鹏城
    Linux ypc 6.5.0-44-generic #44~22.04.1-Ubuntu SMP PREEMPT_DYNAMIC Tue Jun 18 14:36:16 UTC 2 x86_64 x86_64 x86_64 GNU/Linux
     19:58:56 up 5 days, 22:36,  1 user,  load average: 1.97, 2.18, 2.22

commit 6b5503e9d5ddce8f933759d2c5ba912dccc2e39a
Author: tracer-ysyx <tracer@ysyx.org>
Date:   Sun Sep 29 19:58:35 2024 +0800

    > run NEMU
    ysyx_24080032 杨鹏城
    Linux ypc 6.5.0-44-generic #44~22.04.1-Ubuntu SMP PREEMPT_DYNAMIC Tue Jun 18 14:36:16 UTC 2 x86_64 x86_64 x86_64 GNU/Linux
     19:58:35 up 5 days, 22:36,  1 user,  load average: 1.88, 2.18, 2.22

commit 703d4c27b193f7d9614a989cf95887c6e81e6f10
Author: tracer-ysyx <tracer@ysyx.org>
Date:   Sun Sep 29 19:58:35 2024 +0800

    > compile NEMU
    ysyx_24080032 杨鹏城
    Linux ypc 6.5.0-44-generic #44~22.04.1-Ubuntu SMP PREEMPT_DYNAMIC Tue Jun 18 14:36:16 UTC 2 x86_64 x86_64 x86_64 GNU/Linux
     19:58:35 up 5 days, 22:36,  1 user,  load average: 1.88, 2.18, 2.22

commit 4202b480770b335a3481d7d58680f5221122b3b7
Author: tracer-ysyx <tracer@ysyx.org>
Date:   Sun Sep 29 19:56:32 2024 +0800

    > run NEMU
    ysyx_24080032 杨鹏城
    Linux ypc 6.5.0-44-generic #44~22.04.1-Ubuntu SMP PREEMPT_DYNAMIC Tue Jun 18 14:36:16 UTC 2 x86_64 x86_64 x86_64 GNU/Linux
     19:56:32 up 5 days, 22:34,  1 user,  load average: 2.71, 2.40, 2.29

commit feb3e1fe87a59d9e55b6024b841c7207652236ff
Author: tracer-ysyx <tracer@ysyx.org>
Date:   Sun Sep 29 19:56:32 2024 +0800

    > compile NEMU
    ysyx_24080032 杨鹏城
    Linux ypc 6.5.0-44-generic #44~22.04.1-Ubuntu SMP PREEMPT_DYNAMIC Tue Jun 18 14:36:16 UTC 2 x86_64 x86_64 x86_64 GNU/Linux
     19:56:32 up 5 days, 22:34,  1 user,  load average: 2.71, 2.40, 2.29

commit c64e781387909e7bdaa8337c3cf18c3ba8f66169
Author: tracer-ysyx <tracer@ysyx.org>
Date:   Sun Sep 29 19:54:07 2024 +0800

    > run NEMU
    ysyx_24080032 杨鹏城
    Linux ypc 6.5.0-44-generic #44~22.04.1-Ubuntu SMP PREEMPT_DYNAMIC Tue Jun 18 14:36:16 UTC 2 x86_64 x86_64 x86_64 GNU/Linux
     19:54:07 up 5 days, 22:31,  1 user,  load average: 3.14, 2.42, 2.28

commit b6d9b2ab568dd11358148082e941aa3a63d676ad
Author: tracer-ysyx <tracer@ysyx.org>
Date:   Sun Sep 29 19:54:07 2024 +0800

    > compile NEMU
    ysyx_24080032 杨鹏城
    Linux ypc 6.5.0-44-generic #44~22.04.1-Ubuntu SMP PREEMPT_DYNAMIC Tue Jun 18 14:36:16 UTC 2 x86_64 x86_64 x86_64 GNU/Linux
     19:54:07 up 5 days, 22:31,  1 user,  load average: 3.15, 2.41, 2.28

commit a1d2e869576e56214c7f81ab0b4d47d9ee866626
Author: tracer-ysyx <tracer@ysyx.org>
Date:   Sun Sep 29 19:51:38 2024 +0800

    > run NEMU
    ysyx_24080032 杨鹏城
    Linux ypc 6.5.0-44-generic #44~22.04.1-Ubuntu SMP PREEMPT_DYNAMIC Tue Jun 18 14:36:16 UTC 2 x86_64 x86_64 x86_64 GNU/Linux
     19:51:38 up 5 days, 22:29,  1 user,  load average: 2.26, 2.32, 2.25

commit ce43065c051f076856ae7b0eddf0f27d53e29d73
Author: tracer-ysyx <tracer@ysyx.org>
Date:   Sun Sep 29 19:51:38 2024 +0800

    > compile NEMU
    ysyx_24080032 杨鹏城
    Linux ypc 6.5.0-44-generic #44~22.04.1-Ubuntu SMP PREEMPT_DYNAMIC Tue Jun 18 14:36:16 UTC 2 x86_64 x86_64 x86_64 GNU/Linux
     19:51:38 up 5 days, 22:29,  1 user,  load average: 2.26, 2.32, 2.25

commit b7e52979ab4549ce21139d4bec79f1bc68c1fcc4
Author: tracer-ysyx <tracer@ysyx.org>
Date:   Sun Sep 29 19:51:20 2024 +0800

    > run NEMU
    ysyx_24080032 杨鹏城
    Linux ypc 6.5.0-44-generic #44~22.04.1-Ubuntu SMP PREEMPT_DYNAMIC Tue Jun 18 14:36:16 UTC 2 x86_64 x86_64 x86_64 GNU/Linux
     19:51:20 up 5 days, 22:28,  1 user,  load average: 2.38, 2.34, 2.25

commit 2224ae3b9e17043633bb6519d02162508d50afc8
Author: tracer-ysyx <tracer@ysyx.org>
Date:   Sun Sep 29 19:51:20 2024 +0800

    > compile NEMU
    ysyx_24080032 杨鹏城
    Linux ypc 6.5.0-44-generic #44~22.04.1-Ubuntu SMP PREEMPT_DYNAMIC Tue Jun 18 14:36:16 UTC 2 x86_64 x86_64 x86_64 GNU/Linux
     19:51:20 up 5 days, 22:28,  1 user,  load average: 2.38, 2.34, 2.25

commit 2434881686b7f37ad9476ded6c0be8ab66157b5d
Author: tracer-ysyx <tracer@ysyx.org>
Date:   Sun Sep 29 19:50:52 2024 +0800

    > run NEMU
    ysyx_24080032 杨鹏城
    Linux ypc 6.5.0-44-generic #44~22.04.1-Ubuntu SMP PREEMPT_DYNAMIC Tue Jun 18 14:36:16 UTC 2 x86_64 x86_64 x86_64 GNU/Linux
     19:50:52 up 5 days, 22:28,  1 user,  load average: 2.64, 2.38, 2.26

commit 8e18d68d628787345f6432dcd17881ea6ef2e614
Author: tracer-ysyx <tracer@ysyx.org>
Date:   Sun Sep 29 19:50:52 2024 +0800

    > compile NEMU
    ysyx_24080032 杨鹏城
    Linux ypc 6.5.0-44-generic #44~22.04.1-Ubuntu SMP PREEMPT_DYNAMIC Tue Jun 18 14:36:16 UTC 2 x86_64 x86_64 x86_64 GNU/Linux
     19:50:52 up 5 days, 22:28,  1 user,  load average: 2.64, 2.38, 2.26

commit 2acf24eb7ade6e9e2afd9926dbfceb24e3c88625
Author: tracer-ysyx <tracer@ysyx.org>
Date:   Sun Sep 29 19:46:22 2024 +0800

    > run NEMU
    ysyx_24080032 杨鹏城
    Linux ypc 6.5.0-44-generic #44~22.04.1-Ubuntu SMP PREEMPT_DYNAMIC Tue Jun 18 14:36:16 UTC 2 x86_64 x86_64 x86_64 GNU/Linux
     19:46:22 up 5 days, 22:23,  1 user,  load average: 1.92, 2.19, 2.19

commit 45ac33416f63f76a88cae4639aa414707ef9531e
Author: tracer-ysyx <tracer@ysyx.org>
Date:   Sun Sep 29 19:46:22 2024 +0800

    > compile NEMU
    ysyx_24080032 杨鹏城
    Linux ypc 6.5.0-44-generic #44~22.04.1-Ubuntu SMP PREEMPT_DYNAMIC Tue Jun 18 14:36:16 UTC 2 x86_64 x86_64 x86_64 GNU/Linux
     19:46:22 up 5 days, 22:23,  1 user,  load average: 1.92, 2.19, 2.19

commit 7d29f2209a9f7f77c30177588bcaf70f80480b35
Author: tracer-ysyx <tracer@ysyx.org>
Date:   Sun Sep 29 19:43:16 2024 +0800

    > run NEMU
    ysyx_24080032 杨鹏城
    Linux ypc 6.5.0-44-generic #44~22.04.1-Ubuntu SMP PREEMPT_DYNAMIC Tue Jun 18 14:36:16 UTC 2 x86_64 x86_64 x86_64 GNU/Linux
     19:43:16 up 5 days, 22:20,  1 user,  load average: 2.03, 2.18, 2.18

commit 8b080df550deda6408ae19e2ce7f581b7b4d6923
Author: tracer-ysyx <tracer@ysyx.org>
Date:   Sun Sep 29 19:43:16 2024 +0800

    > compile NEMU
    ysyx_24080032 杨鹏城
    Linux ypc 6.5.0-44-generic #44~22.04.1-Ubuntu SMP PREEMPT_DYNAMIC Tue Jun 18 14:36:16 UTC 2 x86_64 x86_64 x86_64 GNU/Linux
     19:43:16 up 5 days, 22:20,  1 user,  load average: 2.03, 2.18, 2.18

commit 5e87fdf981904b78ce5ed3a90576646f3e02e2ab
Author: tracer-ysyx <tracer@ysyx.org>
Date:   Sun Sep 29 19:42:41 2024 +0800

    > run NEMU
    ysyx_24080032 杨鹏城
    Linux ypc 6.5.0-44-generic #44~22.04.1-Ubuntu SMP PREEMPT_DYNAMIC Tue Jun 18 14:36:16 UTC 2 x86_64 x86_64 x86_64 GNU/Linux
     19:42:41 up 5 days, 22:20,  1 user,  load average: 1.89, 2.17, 2.18

commit 52697434fc38869d0d95ca11189ee786e072e0a7
Author: tracer-ysyx <tracer@ysyx.org>
Date:   Sun Sep 29 19:42:40 2024 +0800

    > compile NEMU
    ysyx_24080032 杨鹏城
    Linux ypc 6.5.0-44-generic #44~22.04.1-Ubuntu SMP PREEMPT_DYNAMIC Tue Jun 18 14:36:16 UTC 2 x86_64 x86_64 x86_64 GNU/Linux
     19:42:40 up 5 days, 22:20,  1 user,  load average: 1.89, 2.17, 2.18

commit 16e57d2a8a97d19e7fedbb475b23ab54e633f9c6
Author: tracer-ysyx <tracer@ysyx.org>
Date:   Sun Sep 29 19:40:55 2024 +0800

    > run NEMU
    ysyx_24080032 杨鹏城
    Linux ypc 6.5.0-44-generic #44~22.04.1-Ubuntu SMP PREEMPT_DYNAMIC Tue Jun 18 14:36:16 UTC 2 x86_64 x86_64 x86_64 GNU/Linux
     19:40:55 up 5 days, 22:18,  1 user,  load average: 2.51, 2.25, 2.19

commit a7ace28cf82e11e6e7422ee6ae18689f626ef8be
Author: tracer-ysyx <tracer@ysyx.org>
Date:   Sun Sep 29 19:40:55 2024 +0800

    > compile NEMU
    ysyx_24080032 杨鹏城
    Linux ypc 6.5.0-44-generic #44~22.04.1-Ubuntu SMP PREEMPT_DYNAMIC Tue Jun 18 14:36:16 UTC 2 x86_64 x86_64 x86_64 GNU/Linux
     19:40:55 up 5 days, 22:18,  1 user,  load average: 2.51, 2.25, 2.19

commit d5eba0c3719d33d268039b3d43ee6108f0c6316d
Author: tracer-ysyx <tracer@ysyx.org>
Date:   Sun Sep 29 19:40:21 2024 +0800

    > run NEMU
    ysyx_24080032 杨鹏城
    Linux ypc 6.5.0-44-generic #44~22.04.1-Ubuntu SMP PREEMPT_DYNAMIC Tue Jun 18 14:36:16 UTC 2 x86_64 x86_64 x86_64 GNU/Linux
     19:40:21 up 5 days, 22:17,  1 user,  load average: 2.22, 2.19, 2.17

commit e12844f0201a83bf42cd673c1b1349e791cfe52f
Author: tracer-ysyx <tracer@ysyx.org>
Date:   Sun Sep 29 19:40:21 2024 +0800

    > compile NEMU
    ysyx_24080032 杨鹏城
    Linux ypc 6.5.0-44-generic #44~22.04.1-Ubuntu SMP PREEMPT_DYNAMIC Tue Jun 18 14:36:16 UTC 2 x86_64 x86_64 x86_64 GNU/Linux
     19:40:21 up 5 days, 22:17,  1 user,  load average: 2.22, 2.19, 2.17

commit 5417382af0d801e7ad50b0670289ec0982f0ae12
Author: tracer-ysyx <tracer@ysyx.org>
Date:   Sun Sep 29 19:38:05 2024 +0800

    > run NEMU
    ysyx_24080032 杨鹏城
    Linux ypc 6.5.0-44-generic #44~22.04.1-Ubuntu SMP PREEMPT_DYNAMIC Tue Jun 18 14:36:16 UTC 2 x86_64 x86_64 x86_64 GNU/Linux
     19:38:05 up 5 days, 22:15,  1 user,  load average: 2.20, 2.16, 2.17

commit 119320cbc16fd02bf0729606e8d75409b27c0319
Author: tracer-ysyx <tracer@ysyx.org>
Date:   Sun Sep 29 19:38:05 2024 +0800

    > compile NEMU
    ysyx_24080032 杨鹏城
    Linux ypc 6.5.0-44-generic #44~22.04.1-Ubuntu SMP PREEMPT_DYNAMIC Tue Jun 18 14:36:16 UTC 2 x86_64 x86_64 x86_64 GNU/Linux
     19:38:05 up 5 days, 22:15,  1 user,  load average: 2.20, 2.16, 2.17

commit ebe0ff350ecef28ce6a4acf20376f728eaac97ce
Author: tracer-ysyx <tracer@ysyx.org>
Date:   Sun Sep 29 19:37:08 2024 +0800

    > run NEMU
    ysyx_24080032 杨鹏城
    Linux ypc 6.5.0-44-generic #44~22.04.1-Ubuntu SMP PREEMPT_DYNAMIC Tue Jun 18 14:36:16 UTC 2 x86_64 x86_64 x86_64 GNU/Linux
     19:37:08 up 5 days, 22:14,  1 user,  load average: 2.55, 2.18, 2.17

commit 4c55179b224fad2e47488fc099b0c046a531ef2e
Author: tracer-ysyx <tracer@ysyx.org>
Date:   Sun Sep 29 19:37:08 2024 +0800

    > compile NEMU
    ysyx_24080032 杨鹏城
    Linux ypc 6.5.0-44-generic #44~22.04.1-Ubuntu SMP PREEMPT_DYNAMIC Tue Jun 18 14:36:16 UTC 2 x86_64 x86_64 x86_64 GNU/Linux
     19:37:08 up 5 days, 22:14,  1 user,  load average: 2.55, 2.18, 2.17

commit 6a702ce8952af0a839b858b01b1114e3fcae43b1
Author: tracer-ysyx <tracer@ysyx.org>
Date:   Sun Sep 29 19:36:25 2024 +0800

    > run NEMU
    ysyx_24080032 杨鹏城
    Linux ypc 6.5.0-44-generic #44~22.04.1-Ubuntu SMP PREEMPT_DYNAMIC Tue Jun 18 14:36:16 UTC 2 x86_64 x86_64 x86_64 GNU/Linux
     19:36:25 up 5 days, 22:13,  1 user,  load average: 2.34, 2.09, 2.14

commit 4d2cb30c9c7bf9a50345550fc043b03abdfe0afc
Author: tracer-ysyx <tracer@ysyx.org>
Date:   Sun Sep 29 19:36:25 2024 +0800

    > compile NEMU
    ysyx_24080032 杨鹏城
    Linux ypc 6.5.0-44-generic #44~22.04.1-Ubuntu SMP PREEMPT_DYNAMIC Tue Jun 18 14:36:16 UTC 2 x86_64 x86_64 x86_64 GNU/Linux
     19:36:25 up 5 days, 22:13,  1 user,  load average: 2.34, 2.09, 2.14

commit f3512949858ead65671663989215eb63eaef6189
Author: tracer-ysyx <tracer@ysyx.org>
Date:   Sun Sep 29 19:32:41 2024 +0800

    > run NEMU
    ysyx_24080032 杨鹏城
    Linux ypc 6.5.0-44-generic #44~22.04.1-Ubuntu SMP PREEMPT_DYNAMIC Tue Jun 18 14:36:16 UTC 2 x86_64 x86_64 x86_64 GNU/Linux
     19:32:41 up 5 days, 22:10,  1 user,  load average: 2.16, 2.08, 2.18

commit 8eec40a2edf2b37e76c475c9fcf7a71774d13910
Author: tracer-ysyx <tracer@ysyx.org>
Date:   Sun Sep 29 19:32:41 2024 +0800

    > compile NEMU
    ysyx_24080032 杨鹏城
    Linux ypc 6.5.0-44-generic #44~22.04.1-Ubuntu SMP PREEMPT_DYNAMIC Tue Jun 18 14:36:16 UTC 2 x86_64 x86_64 x86_64 GNU/Linux
     19:32:41 up 5 days, 22:10,  1 user,  load average: 2.16, 2.08, 2.18

commit 01e80676df19211bd7fd0e9f6ceca903a303cdbc
Author: tracer-ysyx <tracer@ysyx.org>
Date:   Sun Sep 29 19:32:01 2024 +0800

    > run NEMU
    ysyx_24080032 杨鹏城
    Linux ypc 6.5.0-44-generic #44~22.04.1-Ubuntu SMP PREEMPT_DYNAMIC Tue Jun 18 14:36:16 UTC 2 x86_64 x86_64 x86_64 GNU/Linux
     19:32:01 up 5 days, 22:09,  1 user,  load average: 1.63, 1.94, 2.14

commit 5720c844cb532ab53e05333ac23f69a2ddd1866a
Author: tracer-ysyx <tracer@ysyx.org>
Date:   Sun Sep 29 19:32:01 2024 +0800

    > compile NEMU
    ysyx_24080032 杨鹏城
    Linux ypc 6.5.0-44-generic #44~22.04.1-Ubuntu SMP PREEMPT_DYNAMIC Tue Jun 18 14:36:16 UTC 2 x86_64 x86_64 x86_64 GNU/Linux
     19:32:01 up 5 days, 22:09,  1 user,  load average: 1.63, 1.94, 2.14

commit 0b38a0cc4fd69dc2495b6205c5379402613c5f27
Author: tracer-ysyx <tracer@ysyx.org>
Date:   Sun Sep 29 19:28:29 2024 +0800

    > compile NEMU
    ysyx_24080032 杨鹏城
    Linux ypc 6.5.0-44-generic #44~22.04.1-Ubuntu SMP PREEMPT_DYNAMIC Tue Jun 18 14:36:16 UTC 2 x86_64 x86_64 x86_64 GNU/Linux
     19:28:29 up 5 days, 22:05,  1 user,  load average: 2.00, 2.08, 2.22

commit a3e7906e81086d06bab1f4f438d3342988269ef5
Author: tracer-ysyx <tracer@ysyx.org>
Date:   Sun Sep 29 19:25:53 2024 +0800

    > run NEMU
    ysyx_24080032 杨鹏城
    Linux ypc 6.5.0-44-generic #44~22.04.1-Ubuntu SMP PREEMPT_DYNAMIC Tue Jun 18 14:36:16 UTC 2 x86_64 x86_64 x86_64 GNU/Linux
     19:25:53 up 5 days, 22:03,  1 user,  load average: 2.04, 2.16, 2.27

commit 118cdc2a34f0d3ac39e8e424d506cbdd09386446
Author: tracer-ysyx <tracer@ysyx.org>
Date:   Sun Sep 29 19:25:53 2024 +0800

    > compile NEMU
    ysyx_24080032 杨鹏城
    Linux ypc 6.5.0-44-generic #44~22.04.1-Ubuntu SMP PREEMPT_DYNAMIC Tue Jun 18 14:36:16 UTC 2 x86_64 x86_64 x86_64 GNU/Linux
     19:25:53 up 5 days, 22:03,  1 user,  load average: 2.04, 2.16, 2.27

commit 69532a8406242ff4ad278da508e6799bc30bf5a1
Author: tracer-ysyx <tracer@ysyx.org>
Date:   Sun Sep 29 19:23:19 2024 +0800

    > run NEMU
    ysyx_24080032 杨鹏城
    Linux ypc 6.5.0-44-generic #44~22.04.1-Ubuntu SMP PREEMPT_DYNAMIC Tue Jun 18 14:36:16 UTC 2 x86_64 x86_64 x86_64 GNU/Linux
     19:23:19 up 5 days, 22:00,  1 user,  load average: 2.44, 2.36, 2.34

commit 55317413ed7ccdf9cd6d029d5b24f6081b8e8222
Author: tracer-ysyx <tracer@ysyx.org>
Date:   Sun Sep 29 19:23:19 2024 +0800

    > compile NEMU
    ysyx_24080032 杨鹏城
    Linux ypc 6.5.0-44-generic #44~22.04.1-Ubuntu SMP PREEMPT_DYNAMIC Tue Jun 18 14:36:16 UTC 2 x86_64 x86_64 x86_64 GNU/Linux
     19:23:19 up 5 days, 22:00,  1 user,  load average: 2.44, 2.36, 2.34

commit 8c3002d1dd138a28aa8bd34968dd80a5b840c885
Author: tracer-ysyx <tracer@ysyx.org>
Date:   Sun Sep 29 19:21:14 2024 +0800

    > run NEMU
    ysyx_24080032 杨鹏城
    Linux ypc 6.5.0-44-generic #44~22.04.1-Ubuntu SMP PREEMPT_DYNAMIC Tue Jun 18 14:36:16 UTC 2 x86_64 x86_64 x86_64 GNU/Linux
     19:21:14 up 5 days, 21:58,  1 user,  load average: 2.56, 2.22, 2.30

commit 882af326b61ee74fe9c873f67bf3d3a7c9c79698
Author: tracer-ysyx <tracer@ysyx.org>
Date:   Sun Sep 29 19:21:13 2024 +0800

    > compile NEMU
    ysyx_24080032 杨鹏城
    Linux ypc 6.5.0-44-generic #44~22.04.1-Ubuntu SMP PREEMPT_DYNAMIC Tue Jun 18 14:36:16 UTC 2 x86_64 x86_64 x86_64 GNU/Linux
     19:21:13 up 5 days, 21:58,  1 user,  load average: 2.56, 2.22, 2.30

commit 25abc1688a6b80a436a5b92046b612621986c6e6
Author: tracer-ysyx <tracer@ysyx.org>
Date:   Sun Sep 29 19:17:07 2024 +0800

    > run NEMU
    ysyx_24080032 杨鹏城
    Linux ypc 6.5.0-44-generic #44~22.04.1-Ubuntu SMP PREEMPT_DYNAMIC Tue Jun 18 14:36:16 UTC 2 x86_64 x86_64 x86_64 GNU/Linux
     19:17:07 up 5 days, 21:54,  1 user,  load average: 1.94, 2.24, 2.35

commit 84b0a5481fc165e12d72e675ad70d545eb8151dd
Author: tracer-ysyx <tracer@ysyx.org>
Date:   Sun Sep 29 19:17:07 2024 +0800

    > compile NEMU
    ysyx_24080032 杨鹏城
    Linux ypc 6.5.0-44-generic #44~22.04.1-Ubuntu SMP PREEMPT_DYNAMIC Tue Jun 18 14:36:16 UTC 2 x86_64 x86_64 x86_64 GNU/Linux
     19:17:07 up 5 days, 21:54,  1 user,  load average: 1.94, 2.24, 2.35

commit 091dfd0c1b47fa180d33c7d7ff54d5d01ab31796
Author: tracer-ysyx <tracer@ysyx.org>
Date:   Sun Sep 29 19:14:55 2024 +0800

    > run NEMU
    ysyx_24080032 杨鹏城
    Linux ypc 6.5.0-44-generic #44~22.04.1-Ubuntu SMP PREEMPT_DYNAMIC Tue Jun 18 14:36:16 UTC 2 x86_64 x86_64 x86_64 GNU/Linux
     19:14:55 up 5 days, 21:52,  1 user,  load average: 1.62, 2.40, 2.41

commit 454891c2831b23b7f97567e27a0a2634a7549127
Author: tracer-ysyx <tracer@ysyx.org>
Date:   Sun Sep 29 19:14:55 2024 +0800

    > compile NEMU
    ysyx_24080032 杨鹏城
    Linux ypc 6.5.0-44-generic #44~22.04.1-Ubuntu SMP PREEMPT_DYNAMIC Tue Jun 18 14:36:16 UTC 2 x86_64 x86_64 x86_64 GNU/Linux
     19:14:55 up 5 days, 21:52,  1 user,  load average: 1.62, 2.40, 2.41

commit 49bfa3469004882b04b2dbf50a37bd375d0ac8ea
Author: tracer-ysyx <tracer@ysyx.org>
Date:   Sun Sep 29 19:14:11 2024 +0800

    > compile NEMU
    ysyx_24080032 杨鹏城
    Linux ypc 6.5.0-44-generic #44~22.04.1-Ubuntu SMP PREEMPT_DYNAMIC Tue Jun 18 14:36:16 UTC 2 x86_64 x86_64 x86_64 GNU/Linux
     19:14:11 up 5 days, 21:51,  1 user,  load average: 1.97, 2.57, 2.47

commit 2ec45dd7de2a91232d48c71896c55bd06abb05e2
Author: tracer-ysyx <tracer@ysyx.org>
Date:   Sun Sep 29 19:10:48 2024 +0800

    > compile NEMU
    ysyx_24080032 杨鹏城
    Linux ypc 6.5.0-44-generic #44~22.04.1-Ubuntu SMP PREEMPT_DYNAMIC Tue Jun 18 14:36:16 UTC 2 x86_64 x86_64 x86_64 GNU/Linux
     19:10:48 up 5 days, 21:48,  1 user,  load average: 2.50, 3.18, 2.60

commit d8bfccbc57f14f3c50c6a8d8317c20a97ef1216e
Author: tracer-ysyx <tracer@ysyx.org>
Date:   Sun Sep 29 19:10:48 2024 +0800

    > run NEMU
    ysyx_24080032 杨鹏城
    Linux ypc 6.5.0-44-generic #44~22.04.1-Ubuntu SMP PREEMPT_DYNAMIC Tue Jun 18 14:36:16 UTC 2 x86_64 x86_64 x86_64 GNU/Linux
     19:10:48 up 5 days, 21:48,  1 user,  load average: 2.50, 3.18, 2.60

commit 58327b6afc3063766a89efaed2f60dc61a13dcc1
Author: tracer-ysyx <tracer@ysyx.org>
Date:   Sun Sep 29 19:10:46 2024 +0800

    > compile NEMU
    ysyx_24080032 杨鹏城
    Linux ypc 6.5.0-44-generic #44~22.04.1-Ubuntu SMP PREEMPT_DYNAMIC Tue Jun 18 14:36:16 UTC 2 x86_64 x86_64 x86_64 GNU/Linux
     19:10:46 up 5 days, 21:48,  1 user,  load average: 2.50, 3.18, 2.60

commit e6cb00829dbc4805056e6c3dfe51a9964cd8e581
Author: tracer-ysyx <tracer@ysyx.org>
Date:   Sun Sep 29 19:09:45 2024 +0800

    > run NEMU
    ysyx_24080032 杨鹏城
    Linux ypc 6.5.0-44-generic #44~22.04.1-Ubuntu SMP PREEMPT_DYNAMIC Tue Jun 18 14:36:16 UTC 2 x86_64 x86_64 x86_64 GNU/Linux
     19:09:45 up 5 days, 21:47,  1 user,  load average: 3.30, 3.44, 2.64

commit 548a7c240741374504eaaaba0fb0b2225dca16e7
Author: tracer-ysyx <tracer@ysyx.org>
Date:   Sun Sep 29 19:09:43 2024 +0800

    > compile NEMU
    ysyx_24080032 杨鹏城
    Linux ypc 6.5.0-44-generic #44~22.04.1-Ubuntu SMP PREEMPT_DYNAMIC Tue Jun 18 14:36:16 UTC 2 x86_64 x86_64 x86_64 GNU/Linux
     19:09:43 up 5 days, 21:47,  1 user,  load average: 3.30, 3.44, 2.64

commit 40063b8853345de7027dba25efd8a447ff1e7fb3
Author: tracer-ysyx <tracer@ysyx.org>
Date:   Sun Sep 29 19:09:42 2024 +0800

    > run NEMU
    ysyx_24080032 杨鹏城
    Linux ypc 6.5.0-44-generic #44~22.04.1-Ubuntu SMP PREEMPT_DYNAMIC Tue Jun 18 14:36:16 UTC 2 x86_64 x86_64 x86_64 GNU/Linux
     19:09:42 up 5 days, 21:47,  1 user,  load average: 3.30, 3.44, 2.64

commit bbc35bbfec29a77f7bf710f1006f98abdbc55b6a
Author: tracer-ysyx <tracer@ysyx.org>
Date:   Sun Sep 29 19:09:40 2024 +0800

    > compile NEMU
    ysyx_24080032 杨鹏城
    Linux ypc 6.5.0-44-generic #44~22.04.1-Ubuntu SMP PREEMPT_DYNAMIC Tue Jun 18 14:36:16 UTC 2 x86_64 x86_64 x86_64 GNU/Linux
     19:09:40 up 5 days, 21:47,  1 user,  load average: 3.15, 3.41, 2.62

commit d764fc1d91d2e1b6a9ef173d9d06ce5923742a98
Author: tracer-ysyx <tracer@ysyx.org>
Date:   Sun Sep 29 19:09:39 2024 +0800

    > run NEMU
    ysyx_24080032 杨鹏城
    Linux ypc 6.5.0-44-generic #44~22.04.1-Ubuntu SMP PREEMPT_DYNAMIC Tue Jun 18 14:36:16 UTC 2 x86_64 x86_64 x86_64 GNU/Linux
     19:09:39 up 5 days, 21:47,  1 user,  load average: 3.15, 3.41, 2.62

commit 313c8c549b6b1812496e707d5ac4f4fc911ec85e
Author: tracer-ysyx <tracer@ysyx.org>
Date:   Sun Sep 29 19:09:37 2024 +0800

    > compile NEMU
    ysyx_24080032 杨鹏城
    Linux ypc 6.5.0-44-generic #44~22.04.1-Ubuntu SMP PREEMPT_DYNAMIC Tue Jun 18 14:36:16 UTC 2 x86_64 x86_64 x86_64 GNU/Linux
     19:09:37 up 5 days, 21:47,  1 user,  load average: 3.15, 3.41, 2.62

commit 68c7602fde2082a133c20671412408e31fcbd497
Author: tracer-ysyx <tracer@ysyx.org>
Date:   Sun Sep 29 19:09:36 2024 +0800

    > run NEMU
    ysyx_24080032 杨鹏城
    Linux ypc 6.5.0-44-generic #44~22.04.1-Ubuntu SMP PREEMPT_DYNAMIC Tue Jun 18 14:36:16 UTC 2 x86_64 x86_64 x86_64 GNU/Linux
     19:09:36 up 5 days, 21:47,  1 user,  load average: 3.15, 3.41, 2.62

commit acbca3d704fd57b17c7d4006f914a013d2dfe480
Author: tracer-ysyx <tracer@ysyx.org>
Date:   Sun Sep 29 19:09:34 2024 +0800

    > compile NEMU
    ysyx_24080032 杨鹏城
    Linux ypc 6.5.0-44-generic #44~22.04.1-Ubuntu SMP PREEMPT_DYNAMIC Tue Jun 18 14:36:16 UTC 2 x86_64 x86_64 x86_64 GNU/Linux
     19:09:34 up 5 days, 21:47,  1 user,  load average: 3.25, 3.43, 2.63

commit 416b19de830a35cc69c7554b792eda38adb30d30
Author: tracer-ysyx <tracer@ysyx.org>
Date:   Sun Sep 29 19:09:34 2024 +0800

    > run NEMU
    ysyx_24080032 杨鹏城
    Linux ypc 6.5.0-44-generic #44~22.04.1-Ubuntu SMP PREEMPT_DYNAMIC Tue Jun 18 14:36:16 UTC 2 x86_64 x86_64 x86_64 GNU/Linux
     19:09:34 up 5 days, 21:47,  1 user,  load average: 3.25, 3.43, 2.63

commit f01e059ae3e45280d3f01b01f34476b8501a792f
Author: tracer-ysyx <tracer@ysyx.org>
Date:   Sun Sep 29 19:09:31 2024 +0800

    > compile NEMU
    ysyx_24080032 杨鹏城
    Linux ypc 6.5.0-44-generic #44~22.04.1-Ubuntu SMP PREEMPT_DYNAMIC Tue Jun 18 14:36:16 UTC 2 x86_64 x86_64 x86_64 GNU/Linux
     19:09:31 up 5 days, 21:47,  1 user,  load average: 3.25, 3.43, 2.63

commit 7e34e94fd7851d5c792ff5471416c5834a1fe637
Author: tracer-ysyx <tracer@ysyx.org>
Date:   Sun Sep 29 19:09:31 2024 +0800

    > run NEMU
    ysyx_24080032 杨鹏城
    Linux ypc 6.5.0-44-generic #44~22.04.1-Ubuntu SMP PREEMPT_DYNAMIC Tue Jun 18 14:36:16 UTC 2 x86_64 x86_64 x86_64 GNU/Linux
     19:09:31 up 5 days, 21:46,  1 user,  load average: 3.25, 3.43, 2.63

commit 28fbc96024e39316de02d7de3d9db768c1f8f25b
Author: tracer-ysyx <tracer@ysyx.org>
Date:   Sun Sep 29 19:09:28 2024 +0800

    > compile NEMU
    ysyx_24080032 杨鹏城
    Linux ypc 6.5.0-44-generic #44~22.04.1-Ubuntu SMP PREEMPT_DYNAMIC Tue Jun 18 14:36:16 UTC 2 x86_64 x86_64 x86_64 GNU/Linux
     19:09:28 up 5 days, 21:46,  1 user,  load average: 3.28, 3.44, 2.62

commit a1a3e6f2ead92700cb168dd1476d3a3616446c48
Author: tracer-ysyx <tracer@ysyx.org>
Date:   Sun Sep 29 19:09:28 2024 +0800

    > run NEMU
    ysyx_24080032 杨鹏城
    Linux ypc 6.5.0-44-generic #44~22.04.1-Ubuntu SMP PREEMPT_DYNAMIC Tue Jun 18 14:36:16 UTC 2 x86_64 x86_64 x86_64 GNU/Linux
     19:09:28 up 5 days, 21:46,  1 user,  load average: 3.28, 3.44, 2.62

commit 256227bc9b1fd063fc88ef09d395413dd8feab2f
Author: tracer-ysyx <tracer@ysyx.org>
Date:   Sun Sep 29 19:09:26 2024 +0800

    > compile NEMU
    ysyx_24080032 杨鹏城
    Linux ypc 6.5.0-44-generic #44~22.04.1-Ubuntu SMP PREEMPT_DYNAMIC Tue Jun 18 14:36:16 UTC 2 x86_64 x86_64 x86_64 GNU/Linux
     19:09:26 up 5 days, 21:46,  1 user,  load average: 3.28, 3.44, 2.62

commit 0c7bc9f328214252867dcef51e2299c9f30810c5
Author: tracer-ysyx <tracer@ysyx.org>
Date:   Sun Sep 29 19:09:25 2024 +0800

    > run NEMU
    ysyx_24080032 杨鹏城
    Linux ypc 6.5.0-44-generic #44~22.04.1-Ubuntu SMP PREEMPT_DYNAMIC Tue Jun 18 14:36:16 UTC 2 x86_64 x86_64 x86_64 GNU/Linux
     19:09:25 up 5 days, 21:46,  1 user,  load average: 3.28, 3.44, 2.62

commit 61f9da0e39ed8c975c1aeb545e688cd3a45d7a1d
Author: tracer-ysyx <tracer@ysyx.org>
Date:   Sun Sep 29 19:09:23 2024 +0800

    > compile NEMU
    ysyx_24080032 杨鹏城
    Linux ypc 6.5.0-44-generic #44~22.04.1-Ubuntu SMP PREEMPT_DYNAMIC Tue Jun 18 14:36:16 UTC 2 x86_64 x86_64 x86_64 GNU/Linux
     19:09:23 up 5 days, 21:46,  1 user,  load average: 3.39, 3.47, 2.63

commit c14f89bbcdbad7f2ad4a99f96fafc22349245fcd
Author: tracer-ysyx <tracer@ysyx.org>
Date:   Sun Sep 29 19:09:23 2024 +0800

    > run NEMU
    ysyx_24080032 杨鹏城
    Linux ypc 6.5.0-44-generic #44~22.04.1-Ubuntu SMP PREEMPT_DYNAMIC Tue Jun 18 14:36:16 UTC 2 x86_64 x86_64 x86_64 GNU/Linux
     19:09:23 up 5 days, 21:46,  1 user,  load average: 3.39, 3.47, 2.63

commit b1dc012ad00825a66bd9de91f27481b4f5084b14
Author: tracer-ysyx <tracer@ysyx.org>
Date:   Sun Sep 29 19:09:20 2024 +0800

    > compile NEMU
    ysyx_24080032 杨鹏城
    Linux ypc 6.5.0-44-generic #44~22.04.1-Ubuntu SMP PREEMPT_DYNAMIC Tue Jun 18 14:36:16 UTC 2 x86_64 x86_64 x86_64 GNU/Linux
     19:09:20 up 5 days, 21:46,  1 user,  load average: 3.39, 3.47, 2.63

commit 6dad06dbf0280987e2cbcdfb0a64607b1d8379a1
Author: tracer-ysyx <tracer@ysyx.org>
Date:   Sun Sep 29 19:09:20 2024 +0800

    > run NEMU
    ysyx_24080032 杨鹏城
    Linux ypc 6.5.0-44-generic #44~22.04.1-Ubuntu SMP PREEMPT_DYNAMIC Tue Jun 18 14:36:16 UTC 2 x86_64 x86_64 x86_64 GNU/Linux
     19:09:20 up 5 days, 21:46,  1 user,  load average: 3.59, 3.51, 2.64

commit 1bd40c5c4c5f5d0cdc4a3d0e26d6343f138f90e2
Author: tracer-ysyx <tracer@ysyx.org>
Date:   Sun Sep 29 19:09:18 2024 +0800

    > compile NEMU
    ysyx_24080032 杨鹏城
    Linux ypc 6.5.0-44-generic #44~22.04.1-Ubuntu SMP PREEMPT_DYNAMIC Tue Jun 18 14:36:16 UTC 2 x86_64 x86_64 x86_64 GNU/Linux
     19:09:18 up 5 days, 21:46,  1 user,  load average: 3.59, 3.51, 2.64

commit 514f5a4dbb6c96b5c8625c52c3423a5919021f99
Author: tracer-ysyx <tracer@ysyx.org>
Date:   Sun Sep 29 19:09:17 2024 +0800

    > run NEMU
    ysyx_24080032 杨鹏城
    Linux ypc 6.5.0-44-generic #44~22.04.1-Ubuntu SMP PREEMPT_DYNAMIC Tue Jun 18 14:36:16 UTC 2 x86_64 x86_64 x86_64 GNU/Linux
     19:09:17 up 5 days, 21:46,  1 user,  load average: 3.59, 3.51, 2.64

commit 9004a5aa183c0c3d4bc7ab69b308615614ea122f
Author: tracer-ysyx <tracer@ysyx.org>
Date:   Sun Sep 29 19:09:15 2024 +0800

    > compile NEMU
    ysyx_24080032 杨鹏城
    Linux ypc 6.5.0-44-generic #44~22.04.1-Ubuntu SMP PREEMPT_DYNAMIC Tue Jun 18 14:36:16 UTC 2 x86_64 x86_64 x86_64 GNU/Linux
     19:09:15 up 5 days, 21:46,  1 user,  load average: 3.56, 3.50, 2.63

commit cee27cbf65b7baeabe505ca3d2ee1ca9dda174cc
Author: tracer-ysyx <tracer@ysyx.org>
Date:   Sun Sep 29 19:09:15 2024 +0800

    > run NEMU
    ysyx_24080032 杨鹏城
    Linux ypc 6.5.0-44-generic #44~22.04.1-Ubuntu SMP PREEMPT_DYNAMIC Tue Jun 18 14:36:16 UTC 2 x86_64 x86_64 x86_64 GNU/Linux
     19:09:15 up 5 days, 21:46,  1 user,  load average: 3.56, 3.50, 2.63

commit cf7ea64e341a1a83688c33b7cb5ee6eca0c93690
Author: tracer-ysyx <tracer@ysyx.org>
Date:   Sun Sep 29 19:09:12 2024 +0800

    > compile NEMU
    ysyx_24080032 杨鹏城
    Linux ypc 6.5.0-44-generic #44~22.04.1-Ubuntu SMP PREEMPT_DYNAMIC Tue Jun 18 14:36:16 UTC 2 x86_64 x86_64 x86_64 GNU/Linux
     19:09:12 up 5 days, 21:46,  1 user,  load average: 3.56, 3.50, 2.63

commit cbafd344aa4f5a84bf8327b0889b0795af42b922
Author: tracer-ysyx <tracer@ysyx.org>
Date:   Sun Sep 29 19:09:12 2024 +0800

    > run NEMU
    ysyx_24080032 杨鹏城
    Linux ypc 6.5.0-44-generic #44~22.04.1-Ubuntu SMP PREEMPT_DYNAMIC Tue Jun 18 14:36:16 UTC 2 x86_64 x86_64 x86_64 GNU/Linux
     19:09:12 up 5 days, 21:46,  1 user,  load average: 3.56, 3.50, 2.63

commit 75530651499ae1f7f5b9fe3dafbb4806b18b65f6
Author: tracer-ysyx <tracer@ysyx.org>
Date:   Sun Sep 29 19:09:10 2024 +0800

    > compile NEMU
    ysyx_24080032 杨鹏城
    Linux ypc 6.5.0-44-generic #44~22.04.1-Ubuntu SMP PREEMPT_DYNAMIC Tue Jun 18 14:36:16 UTC 2 x86_64 x86_64 x86_64 GNU/Linux
     19:09:10 up 5 days, 21:46,  1 user,  load average: 3.70, 3.52, 2.63

commit 464c02ea228eacf64bfa1f6ea381bd02b4adea31
Author: tracer-ysyx <tracer@ysyx.org>
Date:   Sun Sep 29 19:09:09 2024 +0800

    > run NEMU
    ysyx_24080032 杨鹏城
    Linux ypc 6.5.0-44-generic #44~22.04.1-Ubuntu SMP PREEMPT_DYNAMIC Tue Jun 18 14:36:16 UTC 2 x86_64 x86_64 x86_64 GNU/Linux
     19:09:09 up 5 days, 21:46,  1 user,  load average: 3.70, 3.52, 2.63

commit b95a7dfb89ef94c3b27daffef48c1c00e33bbd91
Author: tracer-ysyx <tracer@ysyx.org>
Date:   Sun Sep 29 19:09:08 2024 +0800

    > compile NEMU
    ysyx_24080032 杨鹏城
    Linux ypc 6.5.0-44-generic #44~22.04.1-Ubuntu SMP PREEMPT_DYNAMIC Tue Jun 18 14:36:16 UTC 2 x86_64 x86_64 x86_64 GNU/Linux
     19:09:08 up 5 days, 21:46,  1 user,  load average: 3.70, 3.52, 2.63

commit 2c86aed0391431c90c5733c31b1a8dab625145ec
Author: tracer-ysyx <tracer@ysyx.org>
Date:   Sun Sep 29 19:09:07 2024 +0800

    > run NEMU
    ysyx_24080032 杨鹏城
    Linux ypc 6.5.0-44-generic #44~22.04.1-Ubuntu SMP PREEMPT_DYNAMIC Tue Jun 18 14:36:16 UTC 2 x86_64 x86_64 x86_64 GNU/Linux
     19:09:07 up 5 days, 21:46,  1 user,  load average: 3.70, 3.52, 2.63

commit ac8a1038596f3bca0f7de5a28bf17bf41fbe9e40
Author: tracer-ysyx <tracer@ysyx.org>
Date:   Sun Sep 29 19:09:05 2024 +0800

    > compile NEMU
    ysyx_24080032 杨鹏城
    Linux ypc 6.5.0-44-generic #44~22.04.1-Ubuntu SMP PREEMPT_DYNAMIC Tue Jun 18 14:36:16 UTC 2 x86_64 x86_64 x86_64 GNU/Linux
     19:09:05 up 5 days, 21:46,  1 user,  load average: 3.76, 3.53, 2.63

commit ef42c33b77980cb4e422ccd6d9212c7b6fa5cefb
Author: tracer-ysyx <tracer@ysyx.org>
Date:   Sun Sep 29 19:09:04 2024 +0800

    > run NEMU
    ysyx_24080032 杨鹏城
    Linux ypc 6.5.0-44-generic #44~22.04.1-Ubuntu SMP PREEMPT_DYNAMIC Tue Jun 18 14:36:16 UTC 2 x86_64 x86_64 x86_64 GNU/Linux
     19:09:04 up 5 days, 21:46,  1 user,  load average: 3.76, 3.53, 2.63

commit 0e1d7c8f36d9618f7568f9de23ea70fd614dc789
Author: tracer-ysyx <tracer@ysyx.org>
Date:   Sun Sep 29 19:09:02 2024 +0800

    > compile NEMU
    ysyx_24080032 杨鹏城
    Linux ypc 6.5.0-44-generic #44~22.04.1-Ubuntu SMP PREEMPT_DYNAMIC Tue Jun 18 14:36:16 UTC 2 x86_64 x86_64 x86_64 GNU/Linux
     19:09:02 up 5 days, 21:46,  1 user,  load average: 3.76, 3.53, 2.63

commit 0dbcbc7d8add61107521a3112465438f44c19409
Author: tracer-ysyx <tracer@ysyx.org>
Date:   Sun Sep 29 19:09:02 2024 +0800

    > run NEMU
    ysyx_24080032 杨鹏城
    Linux ypc 6.5.0-44-generic #44~22.04.1-Ubuntu SMP PREEMPT_DYNAMIC Tue Jun 18 14:36:16 UTC 2 x86_64 x86_64 x86_64 GNU/Linux
     19:09:02 up 5 days, 21:46,  1 user,  load average: 3.76, 3.53, 2.63

commit 945ca007f2e7fdfc9bd370f16323f77a5a4f92b3
Author: tracer-ysyx <tracer@ysyx.org>
Date:   Sun Sep 29 19:09:00 2024 +0800

    > compile NEMU
    ysyx_24080032 杨鹏城
    Linux ypc 6.5.0-44-generic #44~22.04.1-Ubuntu SMP PREEMPT_DYNAMIC Tue Jun 18 14:36:16 UTC 2 x86_64 x86_64 x86_64 GNU/Linux
     19:09:00 up 5 days, 21:46,  1 user,  load average: 3.91, 3.56, 2.63

commit 07f31601f61f2e41ab7ef1f706daed3224c1c963
Author: tracer-ysyx <tracer@ysyx.org>
Date:   Sun Sep 29 19:08:59 2024 +0800

    > run NEMU
    ysyx_24080032 杨鹏城
    Linux ypc 6.5.0-44-generic #44~22.04.1-Ubuntu SMP PREEMPT_DYNAMIC Tue Jun 18 14:36:16 UTC 2 x86_64 x86_64 x86_64 GNU/Linux
     19:08:59 up 5 days, 21:46,  1 user,  load average: 3.91, 3.56, 2.63

commit 8eb86c9b577bc25965c9b195253dcbab1d8d82e9
Author: tracer-ysyx <tracer@ysyx.org>
Date:   Sun Sep 29 19:08:57 2024 +0800

    > compile NEMU
    ysyx_24080032 杨鹏城
    Linux ypc 6.5.0-44-generic #44~22.04.1-Ubuntu SMP PREEMPT_DYNAMIC Tue Jun 18 14:36:16 UTC 2 x86_64 x86_64 x86_64 GNU/Linux
     19:08:57 up 5 days, 21:46,  1 user,  load average: 3.91, 3.56, 2.63

commit f953e6ef980cdde8d50f17f14a3c31fa4957b7cb
Author: tracer-ysyx <tracer@ysyx.org>
Date:   Sun Sep 29 19:08:57 2024 +0800

    > run NEMU
    ysyx_24080032 杨鹏城
    Linux ypc 6.5.0-44-generic #44~22.04.1-Ubuntu SMP PREEMPT_DYNAMIC Tue Jun 18 14:36:16 UTC 2 x86_64 x86_64 x86_64 GNU/Linux
     19:08:57 up 5 days, 21:46,  1 user,  load average: 3.91, 3.56, 2.63

commit 35870fd004b610df377c2f49337e1cbc41e437dd
Author: tracer-ysyx <tracer@ysyx.org>
Date:   Sun Sep 29 19:08:55 2024 +0800

    > compile NEMU
    ysyx_24080032 杨鹏城
    Linux ypc 6.5.0-44-generic #44~22.04.1-Ubuntu SMP PREEMPT_DYNAMIC Tue Jun 18 14:36:16 UTC 2 x86_64 x86_64 x86_64 GNU/Linux
     19:08:55 up 5 days, 21:46,  1 user,  load average: 3.90, 3.55, 2.63

commit 23e137c30931efc8ec7165c4cf691e6da4bdb291
Author: tracer-ysyx <tracer@ysyx.org>
Date:   Sun Sep 29 19:08:54 2024 +0800

    > run NEMU
    ysyx_24080032 杨鹏城
    Linux ypc 6.5.0-44-generic #44~22.04.1-Ubuntu SMP PREEMPT_DYNAMIC Tue Jun 18 14:36:16 UTC 2 x86_64 x86_64 x86_64 GNU/Linux
     19:08:54 up 5 days, 21:46,  1 user,  load average: 3.90, 3.55, 2.63

commit d103f6fe6ecad2c2201aa70287dd61281ecd1278
Author: tracer-ysyx <tracer@ysyx.org>
Date:   Sun Sep 29 19:08:52 2024 +0800

    > compile NEMU
    ysyx_24080032 杨鹏城
    Linux ypc 6.5.0-44-generic #44~22.04.1-Ubuntu SMP PREEMPT_DYNAMIC Tue Jun 18 14:36:16 UTC 2 x86_64 x86_64 x86_64 GNU/Linux
     19:08:52 up 5 days, 21:46,  1 user,  load average: 3.90, 3.55, 2.63

commit 3a327b160531c4b5376b4dc765efec246927a357
Author: tracer-ysyx <tracer@ysyx.org>
Date:   Sun Sep 29 19:08:52 2024 +0800

    > run NEMU
    ysyx_24080032 杨鹏城
    Linux ypc 6.5.0-44-generic #44~22.04.1-Ubuntu SMP PREEMPT_DYNAMIC Tue Jun 18 14:36:16 UTC 2 x86_64 x86_64 x86_64 GNU/Linux
     19:08:52 up 5 days, 21:46,  1 user,  load average: 3.90, 3.55, 2.63

commit 7d64eaa552a08e2a2e8b8f698ffb8aeffae98dac
Author: tracer-ysyx <tracer@ysyx.org>
Date:   Sun Sep 29 19:08:50 2024 +0800

    > compile NEMU
    ysyx_24080032 杨鹏城
    Linux ypc 6.5.0-44-generic #44~22.04.1-Ubuntu SMP PREEMPT_DYNAMIC Tue Jun 18 14:36:16 UTC 2 x86_64 x86_64 x86_64 GNU/Linux
     19:08:50 up 5 days, 21:46,  1 user,  load average: 3.80, 3.53, 2.61

commit bc617f24b6b71d7b8783c2466a93224ceb79ed64
Author: tracer-ysyx <tracer@ysyx.org>
Date:   Sun Sep 29 19:08:49 2024 +0800

    > run NEMU
    ysyx_24080032 杨鹏城
    Linux ypc 6.5.0-44-generic #44~22.04.1-Ubuntu SMP PREEMPT_DYNAMIC Tue Jun 18 14:36:16 UTC 2 x86_64 x86_64 x86_64 GNU/Linux
     19:08:49 up 5 days, 21:46,  1 user,  load average: 3.80, 3.53, 2.61

commit 0d0438570a8ff3badf13b926b91cf787cdcef7a5
Author: tracer-ysyx <tracer@ysyx.org>
Date:   Sun Sep 29 19:08:47 2024 +0800

    > compile NEMU
    ysyx_24080032 杨鹏城
    Linux ypc 6.5.0-44-generic #44~22.04.1-Ubuntu SMP PREEMPT_DYNAMIC Tue Jun 18 14:36:16 UTC 2 x86_64 x86_64 x86_64 GNU/Linux
     19:08:47 up 5 days, 21:46,  1 user,  load average: 3.80, 3.53, 2.61

commit f53f21e2ca4629fdb9859047541e456afe5203c7
Author: tracer-ysyx <tracer@ysyx.org>
Date:   Sun Sep 29 19:08:46 2024 +0800

    > run NEMU
    ysyx_24080032 杨鹏城
    Linux ypc 6.5.0-44-generic #44~22.04.1-Ubuntu SMP PREEMPT_DYNAMIC Tue Jun 18 14:36:16 UTC 2 x86_64 x86_64 x86_64 GNU/Linux
     19:08:46 up 5 days, 21:46,  1 user,  load average: 3.80, 3.53, 2.61

commit a6d227b2a8f6eb084941aee0f96aff63a634e3b6
Author: tracer-ysyx <tracer@ysyx.org>
Date:   Sun Sep 29 19:08:44 2024 +0800

    > compile NEMU
    ysyx_24080032 杨鹏城
    Linux ypc 6.5.0-44-generic #44~22.04.1-Ubuntu SMP PREEMPT_DYNAMIC Tue Jun 18 14:36:16 UTC 2 x86_64 x86_64 x86_64 GNU/Linux
     19:08:44 up 5 days, 21:46,  1 user,  load average: 3.96, 3.55, 2.62

commit 4591f0299027263dd0064d5223e53d42f73721e9
Author: tracer-ysyx <tracer@ysyx.org>
Date:   Sun Sep 29 19:08:44 2024 +0800

    > run NEMU
    ysyx_24080032 杨鹏城
    Linux ypc 6.5.0-44-generic #44~22.04.1-Ubuntu SMP PREEMPT_DYNAMIC Tue Jun 18 14:36:16 UTC 2 x86_64 x86_64 x86_64 GNU/Linux
     19:08:44 up 5 days, 21:46,  1 user,  load average: 3.96, 3.55, 2.62

commit 5e8a0c8ed32dccf639fdb5cb87af59b6bf47bd52
Author: tracer-ysyx <tracer@ysyx.org>
Date:   Sun Sep 29 19:08:41 2024 +0800

    > compile NEMU
    ysyx_24080032 杨鹏城
    Linux ypc 6.5.0-44-generic #44~22.04.1-Ubuntu SMP PREEMPT_DYNAMIC Tue Jun 18 14:36:16 UTC 2 x86_64 x86_64 x86_64 GNU/Linux
     19:08:41 up 5 days, 21:46,  1 user,  load average: 3.96, 3.55, 2.62

commit e32d116e84833e602ccaa32843f7c820f7f988be
Author: tracer-ysyx <tracer@ysyx.org>
Date:   Sun Sep 29 19:08:40 2024 +0800

    > run NEMU
    ysyx_24080032 杨鹏城
    Linux ypc 6.5.0-44-generic #44~22.04.1-Ubuntu SMP PREEMPT_DYNAMIC Tue Jun 18 14:36:16 UTC 2 x86_64 x86_64 x86_64 GNU/Linux
     19:08:40 up 5 days, 21:46,  1 user,  load average: 4.05, 3.56, 2.61

commit aab55e4f5c7e6c901640ca8c573917562f58c18c
Author: tracer-ysyx <tracer@ysyx.org>
Date:   Sun Sep 29 19:08:38 2024 +0800

    > compile NEMU
    ysyx_24080032 杨鹏城
    Linux ypc 6.5.0-44-generic #44~22.04.1-Ubuntu SMP PREEMPT_DYNAMIC Tue Jun 18 14:36:16 UTC 2 x86_64 x86_64 x86_64 GNU/Linux
     19:08:38 up 5 days, 21:46,  1 user,  load average: 4.05, 3.56, 2.61

commit 3ee481c3f1529807158a93d5ae3326ac10b30d94
Author: tracer-ysyx <tracer@ysyx.org>
Date:   Sun Sep 29 19:08:37 2024 +0800

    > run NEMU
    ysyx_24080032 杨鹏城
    Linux ypc 6.5.0-44-generic #44~22.04.1-Ubuntu SMP PREEMPT_DYNAMIC Tue Jun 18 14:36:16 UTC 2 x86_64 x86_64 x86_64 GNU/Linux
     19:08:37 up 5 days, 21:46,  1 user,  load average: 4.05, 3.56, 2.61

commit 8011e587e4bc41de3d8ebd493ccd4c245a80f311
Author: tracer-ysyx <tracer@ysyx.org>
Date:   Sun Sep 29 19:08:35 2024 +0800

    > compile NEMU
    ysyx_24080032 杨鹏城
    Linux ypc 6.5.0-44-generic #44~22.04.1-Ubuntu SMP PREEMPT_DYNAMIC Tue Jun 18 14:36:16 UTC 2 x86_64 x86_64 x86_64 GNU/Linux
     19:08:35 up 5 days, 21:46,  1 user,  load average: 4.05, 3.55, 2.61

commit 31cb011323f2b0d9d42f0456cde45a5b656668a2
Author: tracer-ysyx <tracer@ysyx.org>
Date:   Sun Sep 29 19:08:34 2024 +0800

    > run NEMU
    ysyx_24080032 杨鹏城
    Linux ypc 6.5.0-44-generic #44~22.04.1-Ubuntu SMP PREEMPT_DYNAMIC Tue Jun 18 14:36:16 UTC 2 x86_64 x86_64 x86_64 GNU/Linux
     19:08:34 up 5 days, 21:46,  1 user,  load average: 4.05, 3.55, 2.61

commit 8a7d1780e3da95b844723386f5fcabc485111885
Author: tracer-ysyx <tracer@ysyx.org>
Date:   Sun Sep 29 19:08:32 2024 +0800

    > compile NEMU
    ysyx_24080032 杨鹏城
    Linux ypc 6.5.0-44-generic #44~22.04.1-Ubuntu SMP PREEMPT_DYNAMIC Tue Jun 18 14:36:16 UTC 2 x86_64 x86_64 x86_64 GNU/Linux
     19:08:32 up 5 days, 21:46,  1 user,  load average: 4.05, 3.55, 2.61

commit 40c4b12b85efbb64c564fc2f43a1cd7c5e29bc53
Author: tracer-ysyx <tracer@ysyx.org>
Date:   Sun Sep 29 19:08:31 2024 +0800

    > run NEMU
    ysyx_24080032 杨鹏城
    Linux ypc 6.5.0-44-generic #44~22.04.1-Ubuntu SMP PREEMPT_DYNAMIC Tue Jun 18 14:36:16 UTC 2 x86_64 x86_64 x86_64 GNU/Linux
     19:08:31 up 5 days, 21:46,  1 user,  load average: 4.05, 3.55, 2.61

commit 14e9dc4fee29a452530e5ed3b4b450801c156af1
Author: tracer-ysyx <tracer@ysyx.org>
Date:   Sun Sep 29 19:08:29 2024 +0800

    > compile NEMU
    ysyx_24080032 杨鹏城
    Linux ypc 6.5.0-44-generic #44~22.04.1-Ubuntu SMP PREEMPT_DYNAMIC Tue Jun 18 14:36:16 UTC 2 x86_64 x86_64 x86_64 GNU/Linux
     19:08:29 up 5 days, 21:45,  1 user,  load average: 4.05, 3.55, 2.60

commit 5ba616f4ff26a2fdbed50d098061efe6d2448394
Author: tracer-ysyx <tracer@ysyx.org>
Date:   Sun Sep 29 19:08:28 2024 +0800

    > run NEMU
    ysyx_24080032 杨鹏城
    Linux ypc 6.5.0-44-generic #44~22.04.1-Ubuntu SMP PREEMPT_DYNAMIC Tue Jun 18 14:36:16 UTC 2 x86_64 x86_64 x86_64 GNU/Linux
     19:08:28 up 5 days, 21:45,  1 user,  load average: 4.05, 3.55, 2.60

commit d41d969aa498c8430f60fe4cb6bd280b07d2e247
Author: tracer-ysyx <tracer@ysyx.org>
Date:   Sun Sep 29 19:08:25 2024 +0800

    > compile NEMU
    ysyx_24080032 杨鹏城
    Linux ypc 6.5.0-44-generic #44~22.04.1-Ubuntu SMP PREEMPT_DYNAMIC Tue Jun 18 14:36:16 UTC 2 x86_64 x86_64 x86_64 GNU/Linux
     19:08:25 up 5 days, 21:45,  1 user,  load average: 4.05, 3.55, 2.60

commit 05cfd6437aaf20fb4257d8909d66bf518196aae7
Author: tracer-ysyx <tracer@ysyx.org>
Date:   Sun Sep 29 19:08:25 2024 +0800

    > run NEMU
    ysyx_24080032 杨鹏城
    Linux ypc 6.5.0-44-generic #44~22.04.1-Ubuntu SMP PREEMPT_DYNAMIC Tue Jun 18 14:36:16 UTC 2 x86_64 x86_64 x86_64 GNU/Linux
     19:08:25 up 5 days, 21:45,  1 user,  load average: 4.23, 3.57, 2.60

commit 16b5484c0534f29ccb1e92bb49d207a0b252114e
Author: tracer-ysyx <tracer@ysyx.org>
Date:   Sun Sep 29 19:08:23 2024 +0800

    > compile NEMU
    ysyx_24080032 杨鹏城
    Linux ypc 6.5.0-44-generic #44~22.04.1-Ubuntu SMP PREEMPT_DYNAMIC Tue Jun 18 14:36:16 UTC 2 x86_64 x86_64 x86_64 GNU/Linux
     19:08:23 up 5 days, 21:45,  1 user,  load average: 4.23, 3.57, 2.60

commit a17306758e47643745a1e0b353fe677f94c22451
Author: tracer-ysyx <tracer@ysyx.org>
Date:   Sun Sep 29 19:08:22 2024 +0800

    > run NEMU
    ysyx_24080032 杨鹏城
    Linux ypc 6.5.0-44-generic #44~22.04.1-Ubuntu SMP PREEMPT_DYNAMIC Tue Jun 18 14:36:16 UTC 2 x86_64 x86_64 x86_64 GNU/Linux
     19:08:22 up 5 days, 21:45,  1 user,  load average: 4.23, 3.57, 2.60

commit 559891c2ca6bf6779243b491e9cf605cad83c90e
Author: tracer-ysyx <tracer@ysyx.org>
Date:   Sun Sep 29 19:08:20 2024 +0800

    > compile NEMU
    ysyx_24080032 杨鹏城
    Linux ypc 6.5.0-44-generic #44~22.04.1-Ubuntu SMP PREEMPT_DYNAMIC Tue Jun 18 14:36:16 UTC 2 x86_64 x86_64 x86_64 GNU/Linux
     19:08:20 up 5 days, 21:45,  1 user,  load average: 4.17, 3.55, 2.59

commit 05d418e4745d3b8d62a2723b485b6272e9272de2
Author: tracer-ysyx <tracer@ysyx.org>
Date:   Sun Sep 29 19:08:20 2024 +0800

    > run NEMU
    ysyx_24080032 杨鹏城
    Linux ypc 6.5.0-44-generic #44~22.04.1-Ubuntu SMP PREEMPT_DYNAMIC Tue Jun 18 14:36:16 UTC 2 x86_64 x86_64 x86_64 GNU/Linux
     19:08:20 up 5 days, 21:45,  1 user,  load average: 4.17, 3.55, 2.59

commit 1426608fd38926c5da7694bcaf481aae57544eb4
Author: tracer-ysyx <tracer@ysyx.org>
Date:   Sun Sep 29 19:08:17 2024 +0800

    > compile NEMU
    ysyx_24080032 杨鹏城
    Linux ypc 6.5.0-44-generic #44~22.04.1-Ubuntu SMP PREEMPT_DYNAMIC Tue Jun 18 14:36:16 UTC 2 x86_64 x86_64 x86_64 GNU/Linux
     19:08:17 up 5 days, 21:45,  1 user,  load average: 4.17, 3.55, 2.59

commit fd7e299918d036294c5321ff3ca379c33ed5d189
Author: tracer-ysyx <tracer@ysyx.org>
Date:   Sun Sep 29 19:08:17 2024 +0800

    > run NEMU
    ysyx_24080032 杨鹏城
    Linux ypc 6.5.0-44-generic #44~22.04.1-Ubuntu SMP PREEMPT_DYNAMIC Tue Jun 18 14:36:16 UTC 2 x86_64 x86_64 x86_64 GNU/Linux
     19:08:17 up 5 days, 21:45,  1 user,  load average: 4.17, 3.55, 2.59

commit 0bf8d3dfdf28825f658595b7a3d3f5736a0a7195
Author: tracer-ysyx <tracer@ysyx.org>
Date:   Sun Sep 29 19:08:15 2024 +0800

    > compile NEMU
    ysyx_24080032 杨鹏城
    Linux ypc 6.5.0-44-generic #44~22.04.1-Ubuntu SMP PREEMPT_DYNAMIC Tue Jun 18 14:36:16 UTC 2 x86_64 x86_64 x86_64 GNU/Linux
     19:08:15 up 5 days, 21:45,  1 user,  load average: 4.27, 3.56, 2.59

commit eba76587110a5db0083851c700101fbee92adee0
Author: tracer-ysyx <tracer@ysyx.org>
Date:   Sun Sep 29 19:08:14 2024 +0800

    > run NEMU
    ysyx_24080032 杨鹏城
    Linux ypc 6.5.0-44-generic #44~22.04.1-Ubuntu SMP PREEMPT_DYNAMIC Tue Jun 18 14:36:16 UTC 2 x86_64 x86_64 x86_64 GNU/Linux
     19:08:14 up 5 days, 21:45,  1 user,  load average: 4.27, 3.56, 2.59

commit 0287f1580b7db7c16ce0dcf2f6fe28ac4ec3aabd
Author: tracer-ysyx <tracer@ysyx.org>
Date:   Sun Sep 29 19:08:12 2024 +0800

    > compile NEMU
    ysyx_24080032 杨鹏城
    Linux ypc 6.5.0-44-generic #44~22.04.1-Ubuntu SMP PREEMPT_DYNAMIC Tue Jun 18 14:36:16 UTC 2 x86_64 x86_64 x86_64 GNU/Linux
     19:08:12 up 5 days, 21:45,  1 user,  load average: 4.27, 3.56, 2.59

commit 9a7e9d440a1f9d0a802a03e3ad700499e4232e8a
Author: tracer-ysyx <tracer@ysyx.org>
Date:   Sun Sep 29 19:08:12 2024 +0800

    > run NEMU
    ysyx_24080032 杨鹏城
    Linux ypc 6.5.0-44-generic #44~22.04.1-Ubuntu SMP PREEMPT_DYNAMIC Tue Jun 18 14:36:16 UTC 2 x86_64 x86_64 x86_64 GNU/Linux
     19:08:12 up 5 days, 21:45,  1 user,  load average: 4.27, 3.56, 2.59

commit fe8857ecfa23208b6387a9b740eed1df32c8079e
Author: tracer-ysyx <tracer@ysyx.org>
Date:   Sun Sep 29 19:08:10 2024 +0800

    > compile NEMU
    ysyx_24080032 杨鹏城
    Linux ypc 6.5.0-44-generic #44~22.04.1-Ubuntu SMP PREEMPT_DYNAMIC Tue Jun 18 14:36:16 UTC 2 x86_64 x86_64 x86_64 GNU/Linux
     19:08:10 up 5 days, 21:45,  1 user,  load average: 4.20, 3.53, 2.57

commit ce8d9283b0dace6694753c91a389218b6db09274
Author: tracer-ysyx <tracer@ysyx.org>
Date:   Sun Sep 29 19:07:36 2024 +0800

    > run NEMU
    ysyx_24080032 杨鹏城
    Linux ypc 6.5.0-44-generic #44~22.04.1-Ubuntu SMP PREEMPT_DYNAMIC Tue Jun 18 14:36:16 UTC 2 x86_64 x86_64 x86_64 GNU/Linux
     19:07:36 up 5 days, 21:45,  1 user,  load average: 5.79, 3.73, 2.60

commit 098c05702b96741b9403b3b5ad11ab0aebb8cd31
Author: tracer-ysyx <tracer@ysyx.org>
Date:   Sun Sep 29 19:07:34 2024 +0800

    > compile NEMU
    ysyx_24080032 杨鹏城
    Linux ypc 6.5.0-44-generic #44~22.04.1-Ubuntu SMP PREEMPT_DYNAMIC Tue Jun 18 14:36:16 UTC 2 x86_64 x86_64 x86_64 GNU/Linux
     19:07:34 up 5 days, 21:45,  1 user,  load average: 5.95, 3.73, 2.60

commit 18e6f269e76a991de842de413aac13c084bd278c
Author: tracer-ysyx <tracer@ysyx.org>
Date:   Sun Sep 29 19:07:33 2024 +0800

    > run NEMU
    ysyx_24080032 杨鹏城
    Linux ypc 6.5.0-44-generic #44~22.04.1-Ubuntu SMP PREEMPT_DYNAMIC Tue Jun 18 14:36:16 UTC 2 x86_64 x86_64 x86_64 GNU/Linux
     19:07:33 up 5 days, 21:45,  1 user,  load average: 5.95, 3.73, 2.60

commit f73b2310ff5fe2e5cce8ff93e6882ce11c8eb6ff
Author: tracer-ysyx <tracer@ysyx.org>
Date:   Sun Sep 29 19:07:31 2024 +0800

    > compile NEMU
    ysyx_24080032 杨鹏城
    Linux ypc 6.5.0-44-generic #44~22.04.1-Ubuntu SMP PREEMPT_DYNAMIC Tue Jun 18 14:36:16 UTC 2 x86_64 x86_64 x86_64 GNU/Linux
     19:07:31 up 5 days, 21:45,  1 user,  load average: 5.95, 3.73, 2.60

commit 2b49720d8921b3385561d4d958f3461f22d84c1b
Author: tracer-ysyx <tracer@ysyx.org>
Date:   Sun Sep 29 19:07:31 2024 +0800

    > run NEMU
    ysyx_24080032 杨鹏城
    Linux ypc 6.5.0-44-generic #44~22.04.1-Ubuntu SMP PREEMPT_DYNAMIC Tue Jun 18 14:36:16 UTC 2 x86_64 x86_64 x86_64 GNU/Linux
     19:07:31 up 5 days, 21:44,  1 user,  load average: 5.95, 3.73, 2.60

commit 664ffda163ac8f85bd0cdcf8c248c0e52f071abb
Author: tracer-ysyx <tracer@ysyx.org>
Date:   Sun Sep 29 19:07:29 2024 +0800

    > compile NEMU
    ysyx_24080032 杨鹏城
    Linux ypc 6.5.0-44-generic #44~22.04.1-Ubuntu SMP PREEMPT_DYNAMIC Tue Jun 18 14:36:16 UTC 2 x86_64 x86_64 x86_64 GNU/Linux
     19:07:29 up 5 days, 21:44,  1 user,  load average: 6.03, 3.70, 2.58

commit 96dcef58921434cd973991f4b47571e12bd19a7b
Author: tracer-ysyx <tracer@ysyx.org>
Date:   Sun Sep 29 19:07:28 2024 +0800

    > run NEMU
    ysyx_24080032 杨鹏城
    Linux ypc 6.5.0-44-generic #44~22.04.1-Ubuntu SMP PREEMPT_DYNAMIC Tue Jun 18 14:36:16 UTC 2 x86_64 x86_64 x86_64 GNU/Linux
     19:07:28 up 5 days, 21:44,  1 user,  load average: 6.03, 3.70, 2.58

commit b1c61aba4437cd91206ecd289c7c49bb07415db0
Author: tracer-ysyx <tracer@ysyx.org>
Date:   Sun Sep 29 19:07:26 2024 +0800

    > compile NEMU
    ysyx_24080032 杨鹏城
    Linux ypc 6.5.0-44-generic #44~22.04.1-Ubuntu SMP PREEMPT_DYNAMIC Tue Jun 18 14:36:16 UTC 2 x86_64 x86_64 x86_64 GNU/Linux
     19:07:26 up 5 days, 21:44,  1 user,  load average: 6.03, 3.70, 2.58

commit eb179846c5ec3cd60c035020b691963d4f65c3d6
Author: tracer-ysyx <tracer@ysyx.org>
Date:   Sun Sep 29 19:07:25 2024 +0800

    > run NEMU
    ysyx_24080032 杨鹏城
    Linux ypc 6.5.0-44-generic #44~22.04.1-Ubuntu SMP PREEMPT_DYNAMIC Tue Jun 18 14:36:16 UTC 2 x86_64 x86_64 x86_64 GNU/Linux
     19:07:25 up 5 days, 21:44,  1 user,  load average: 5.86, 3.63, 2.55

commit 6bb8e57f02718fba405440597d56c0c2ef593f2c
Author: tracer-ysyx <tracer@ysyx.org>
Date:   Sun Sep 29 19:07:22 2024 +0800

    > compile NEMU
    ysyx_24080032 杨鹏城
    Linux ypc 6.5.0-44-generic #44~22.04.1-Ubuntu SMP PREEMPT_DYNAMIC Tue Jun 18 14:36:16 UTC 2 x86_64 x86_64 x86_64 GNU/Linux
     19:07:22 up 5 days, 21:44,  1 user,  load average: 5.86, 3.63, 2.55

commit cfb69170284d85db578042231232ffc524b70779
Author: tracer-ysyx <tracer@ysyx.org>
Date:   Sun Sep 29 19:07:22 2024 +0800

    > run NEMU
    ysyx_24080032 杨鹏城
    Linux ypc 6.5.0-44-generic #44~22.04.1-Ubuntu SMP PREEMPT_DYNAMIC Tue Jun 18 14:36:16 UTC 2 x86_64 x86_64 x86_64 GNU/Linux
     19:07:22 up 5 days, 21:44,  1 user,  load average: 5.86, 3.63, 2.55

commit e8234891093e22a020c173ddb5973481c7ddef21
Author: tracer-ysyx <tracer@ysyx.org>
Date:   Sun Sep 29 19:07:20 2024 +0800

    > compile NEMU
    ysyx_24080032 杨鹏城
    Linux ypc 6.5.0-44-generic #44~22.04.1-Ubuntu SMP PREEMPT_DYNAMIC Tue Jun 18 14:36:16 UTC 2 x86_64 x86_64 x86_64 GNU/Linux
     19:07:20 up 5 days, 21:44,  1 user,  load average: 5.93, 3.61, 2.54

commit 20d264f3062cb61c9f000038873f94fe14655060
Author: tracer-ysyx <tracer@ysyx.org>
Date:   Sun Sep 29 19:07:19 2024 +0800

    > run NEMU
    ysyx_24080032 杨鹏城
    Linux ypc 6.5.0-44-generic #44~22.04.1-Ubuntu SMP PREEMPT_DYNAMIC Tue Jun 18 14:36:16 UTC 2 x86_64 x86_64 x86_64 GNU/Linux
     19:07:19 up 5 days, 21:44,  1 user,  load average: 5.93, 3.61, 2.54

commit 5cf424562296c1c8c7fd8444b5a127b0863b0461
Author: tracer-ysyx <tracer@ysyx.org>
Date:   Sun Sep 29 19:07:17 2024 +0800

    > compile NEMU
    ysyx_24080032 杨鹏城
    Linux ypc 6.5.0-44-generic #44~22.04.1-Ubuntu SMP PREEMPT_DYNAMIC Tue Jun 18 14:36:16 UTC 2 x86_64 x86_64 x86_64 GNU/Linux
     19:07:17 up 5 days, 21:44,  1 user,  load average: 5.93, 3.61, 2.54

commit dfded095aab06eb37153a2eb2f352b7d6f1ffc9e
Author: tracer-ysyx <tracer@ysyx.org>
Date:   Sun Sep 29 19:07:17 2024 +0800

    > run NEMU
    ysyx_24080032 杨鹏城
    Linux ypc 6.5.0-44-generic #44~22.04.1-Ubuntu SMP PREEMPT_DYNAMIC Tue Jun 18 14:36:16 UTC 2 x86_64 x86_64 x86_64 GNU/Linux
     19:07:17 up 5 days, 21:44,  1 user,  load average: 5.93, 3.61, 2.54

commit ab3e67035907df3310ba53bb22aae4ccabadc0b4
Author: tracer-ysyx <tracer@ysyx.org>
Date:   Sun Sep 29 19:07:15 2024 +0800

    > compile NEMU
    ysyx_24080032 杨鹏城
    Linux ypc 6.5.0-44-generic #44~22.04.1-Ubuntu SMP PREEMPT_DYNAMIC Tue Jun 18 14:36:16 UTC 2 x86_64 x86_64 x86_64 GNU/Linux
     19:07:15 up 5 days, 21:44,  1 user,  load average: 6.02, 3.58, 2.53

commit 4d67cdafd55a2574b64f4295166c0a1d9baaf78c
Author: tracer-ysyx <tracer@ysyx.org>
Date:   Sun Sep 29 19:07:14 2024 +0800

    > run NEMU
    ysyx_24080032 杨鹏城
    Linux ypc 6.5.0-44-generic #44~22.04.1-Ubuntu SMP PREEMPT_DYNAMIC Tue Jun 18 14:36:16 UTC 2 x86_64 x86_64 x86_64 GNU/Linux
     19:07:14 up 5 days, 21:44,  1 user,  load average: 6.02, 3.58, 2.53

commit 9b9894fd3c5ca8c986702290bf28cb6fda4f2ad5
Author: tracer-ysyx <tracer@ysyx.org>
Date:   Sun Sep 29 19:07:12 2024 +0800

    > compile NEMU
    ysyx_24080032 杨鹏城
    Linux ypc 6.5.0-44-generic #44~22.04.1-Ubuntu SMP PREEMPT_DYNAMIC Tue Jun 18 14:36:16 UTC 2 x86_64 x86_64 x86_64 GNU/Linux
     19:07:12 up 5 days, 21:44,  1 user,  load average: 6.02, 3.58, 2.53

commit 732fa0171489e13a59c4c4d76fb1998a6a59e465
Author: tracer-ysyx <tracer@ysyx.org>
Date:   Sun Sep 29 19:07:12 2024 +0800

    > run NEMU
    ysyx_24080032 杨鹏城
    Linux ypc 6.5.0-44-generic #44~22.04.1-Ubuntu SMP PREEMPT_DYNAMIC Tue Jun 18 14:36:16 UTC 2 x86_64 x86_64 x86_64 GNU/Linux
     19:07:12 up 5 days, 21:44,  1 user,  load average: 6.02, 3.58, 2.53

commit 9e931f9a7c88f40f849421ffc9ec1edb8f7067c2
Author: tracer-ysyx <tracer@ysyx.org>
Date:   Sun Sep 29 19:07:10 2024 +0800

    > compile NEMU
    ysyx_24080032 杨鹏城
    Linux ypc 6.5.0-44-generic #44~22.04.1-Ubuntu SMP PREEMPT_DYNAMIC Tue Jun 18 14:36:16 UTC 2 x86_64 x86_64 x86_64 GNU/Linux
     19:07:10 up 5 days, 21:44,  1 user,  load average: 5.67, 3.47, 2.49

commit c554ec6bf46f7a882387eb7b5df8d0ed3b3b4272
Author: tracer-ysyx <tracer@ysyx.org>
Date:   Sun Sep 29 19:07:09 2024 +0800

    > run NEMU
    ysyx_24080032 杨鹏城
    Linux ypc 6.5.0-44-generic #44~22.04.1-Ubuntu SMP PREEMPT_DYNAMIC Tue Jun 18 14:36:16 UTC 2 x86_64 x86_64 x86_64 GNU/Linux
     19:07:09 up 5 days, 21:44,  1 user,  load average: 5.67, 3.47, 2.49

commit 080c4a0003fbe483e270c2f6bed349a4db5a3943
Author: tracer-ysyx <tracer@ysyx.org>
Date:   Sun Sep 29 19:07:07 2024 +0800

    > compile NEMU
    ysyx_24080032 杨鹏城
    Linux ypc 6.5.0-44-generic #44~22.04.1-Ubuntu SMP PREEMPT_DYNAMIC Tue Jun 18 14:36:16 UTC 2 x86_64 x86_64 x86_64 GNU/Linux
     19:07:07 up 5 days, 21:44,  1 user,  load average: 5.67, 3.47, 2.49

commit d66e09384b813505787d61146d520980b7411872
Author: tracer-ysyx <tracer@ysyx.org>
Date:   Sun Sep 29 19:07:07 2024 +0800

    > run NEMU
    ysyx_24080032 杨鹏城
    Linux ypc 6.5.0-44-generic #44~22.04.1-Ubuntu SMP PREEMPT_DYNAMIC Tue Jun 18 14:36:16 UTC 2 x86_64 x86_64 x86_64 GNU/Linux
     19:07:07 up 5 days, 21:44,  1 user,  load average: 5.67, 3.47, 2.49

commit 598904866b361d3fbacd04904abcab89abc17602
Author: tracer-ysyx <tracer@ysyx.org>
Date:   Sun Sep 29 19:07:04 2024 +0800

    > compile NEMU
    ysyx_24080032 杨鹏城
    Linux ypc 6.5.0-44-generic #44~22.04.1-Ubuntu SMP PREEMPT_DYNAMIC Tue Jun 18 14:36:16 UTC 2 x86_64 x86_64 x86_64 GNU/Linux
     19:07:04 up 5 days, 21:44,  1 user,  load average: 5.99, 3.50, 2.49

commit 088d4b55137d93b01668c9437ecea86c13754e0b
Author: tracer-ysyx <tracer@ysyx.org>
Date:   Sun Sep 29 19:07:04 2024 +0800

    > run NEMU
    ysyx_24080032 杨鹏城
    Linux ypc 6.5.0-44-generic #44~22.04.1-Ubuntu SMP PREEMPT_DYNAMIC Tue Jun 18 14:36:16 UTC 2 x86_64 x86_64 x86_64 GNU/Linux
     19:07:04 up 5 days, 21:44,  1 user,  load average: 5.99, 3.50, 2.49

commit bfbea284f258646e4cbfe9d14fa7e625685ca8b0
Author: tracer-ysyx <tracer@ysyx.org>
Date:   Sun Sep 29 19:07:01 2024 +0800

    > compile NEMU
    ysyx_24080032 杨鹏城
    Linux ypc 6.5.0-44-generic #44~22.04.1-Ubuntu SMP PREEMPT_DYNAMIC Tue Jun 18 14:36:16 UTC 2 x86_64 x86_64 x86_64 GNU/Linux
     19:07:01 up 5 days, 21:44,  1 user,  load average: 5.99, 3.50, 2.49

commit a8d75040bce0b2c7ec3cfaf5ba29c78a1511a542
Author: tracer-ysyx <tracer@ysyx.org>
Date:   Sun Sep 29 19:07:01 2024 +0800

    > run NEMU
    ysyx_24080032 杨鹏城
    Linux ypc 6.5.0-44-generic #44~22.04.1-Ubuntu SMP PREEMPT_DYNAMIC Tue Jun 18 14:36:16 UTC 2 x86_64 x86_64 x86_64 GNU/Linux
     19:07:01 up 5 days, 21:44,  1 user,  load average: 5.99, 3.50, 2.49

commit 64a2f54f605d042bbe1921612a757446feeacac0
Author: tracer-ysyx <tracer@ysyx.org>
Date:   Sun Sep 29 19:06:58 2024 +0800

    > compile NEMU
    ysyx_24080032 杨鹏城
    Linux ypc 6.5.0-44-generic #44~22.04.1-Ubuntu SMP PREEMPT_DYNAMIC Tue Jun 18 14:36:16 UTC 2 x86_64 x86_64 x86_64 GNU/Linux
     19:06:58 up 5 days, 21:44,  1 user,  load average: 6.25, 3.51, 2.49

commit 54e5028b50bf2caa253a3ae8ecb6253e2a5f246e
Author: tracer-ysyx <tracer@ysyx.org>
Date:   Sun Sep 29 19:06:57 2024 +0800

    > run NEMU
    ysyx_24080032 杨鹏城
    Linux ypc 6.5.0-44-generic #44~22.04.1-Ubuntu SMP PREEMPT_DYNAMIC Tue Jun 18 14:36:16 UTC 2 x86_64 x86_64 x86_64 GNU/Linux
     19:06:57 up 5 days, 21:44,  1 user,  load average: 6.25, 3.51, 2.49

commit 6497be78e0b98ae41ca9f21ac8dc3b60341fc2fa
Author: tracer-ysyx <tracer@ysyx.org>
Date:   Sun Sep 29 19:06:55 2024 +0800

    > compile NEMU
    ysyx_24080032 杨鹏城
    Linux ypc 6.5.0-44-generic #44~22.04.1-Ubuntu SMP PREEMPT_DYNAMIC Tue Jun 18 14:36:16 UTC 2 x86_64 x86_64 x86_64 GNU/Linux
     19:06:55 up 5 days, 21:44,  1 user,  load average: 6.25, 3.51, 2.49

commit 5c0e522c06e0f568ebe2d4d3e1cb2315a4acbcef
Author: tracer-ysyx <tracer@ysyx.org>
Date:   Sun Sep 29 19:06:55 2024 +0800

    > run NEMU
    ysyx_24080032 杨鹏城
    Linux ypc 6.5.0-44-generic #44~22.04.1-Ubuntu SMP PREEMPT_DYNAMIC Tue Jun 18 14:36:16 UTC 2 x86_64 x86_64 x86_64 GNU/Linux
     19:06:55 up 5 days, 21:44,  1 user,  load average: 6.18, 3.45, 2.46

commit 38311ae930d7191955f81792f4f47b91a9e556f2
Author: tracer-ysyx <tracer@ysyx.org>
Date:   Sun Sep 29 19:06:53 2024 +0800

    > compile NEMU
    ysyx_24080032 杨鹏城
    Linux ypc 6.5.0-44-generic #44~22.04.1-Ubuntu SMP PREEMPT_DYNAMIC Tue Jun 18 14:36:16 UTC 2 x86_64 x86_64 x86_64 GNU/Linux
     19:06:53 up 5 days, 21:44,  1 user,  load average: 6.18, 3.45, 2.46

commit ab88c287445c008753978cbe93639e15a19c37dc
Author: tracer-ysyx <tracer@ysyx.org>
Date:   Sun Sep 29 19:06:52 2024 +0800

    > run NEMU
    ysyx_24080032 杨鹏城
    Linux ypc 6.5.0-44-generic #44~22.04.1-Ubuntu SMP PREEMPT_DYNAMIC Tue Jun 18 14:36:16 UTC 2 x86_64 x86_64 x86_64 GNU/Linux
     19:06:52 up 5 days, 21:44,  1 user,  load average: 6.18, 3.45, 2.46

commit 524daf85659adccff4a31a879b758004f080dbdd
Author: tracer-ysyx <tracer@ysyx.org>
Date:   Sun Sep 29 19:06:50 2024 +0800

    > compile NEMU
    ysyx_24080032 杨鹏城
    Linux ypc 6.5.0-44-generic #44~22.04.1-Ubuntu SMP PREEMPT_DYNAMIC Tue Jun 18 14:36:16 UTC 2 x86_64 x86_64 x86_64 GNU/Linux
     19:06:50 up 5 days, 21:44,  1 user,  load average: 5.68, 3.31, 2.41

commit f59b2b1521a1ff1622e36911fb94232d447b3ee3
Author: tracer-ysyx <tracer@ysyx.org>
Date:   Sun Sep 29 19:06:49 2024 +0800

    > run NEMU
    ysyx_24080032 杨鹏城
    Linux ypc 6.5.0-44-generic #44~22.04.1-Ubuntu SMP PREEMPT_DYNAMIC Tue Jun 18 14:36:16 UTC 2 x86_64 x86_64 x86_64 GNU/Linux
     19:06:49 up 5 days, 21:44,  1 user,  load average: 5.68, 3.31, 2.41

commit 775fe9ca74770816c57ee442c872d7305d5ae261
Author: tracer-ysyx <tracer@ysyx.org>
Date:   Sun Sep 29 19:06:47 2024 +0800

    > compile NEMU
    ysyx_24080032 杨鹏城
    Linux ypc 6.5.0-44-generic #44~22.04.1-Ubuntu SMP PREEMPT_DYNAMIC Tue Jun 18 14:36:16 UTC 2 x86_64 x86_64 x86_64 GNU/Linux
     19:06:47 up 5 days, 21:44,  1 user,  load average: 5.68, 3.31, 2.41

commit 3082581282bf6e11cdb8dd0b359be47f24aad29c
Author: tracer-ysyx <tracer@ysyx.org>
Date:   Sun Sep 29 19:06:47 2024 +0800

    > run NEMU
    ysyx_24080032 杨鹏城
    Linux ypc 6.5.0-44-generic #44~22.04.1-Ubuntu SMP PREEMPT_DYNAMIC Tue Jun 18 14:36:16 UTC 2 x86_64 x86_64 x86_64 GNU/Linux
     19:06:47 up 5 days, 21:44,  1 user,  load average: 5.68, 3.31, 2.41

commit 7a8607dffcf569e018f2949472a9975ac5d28d2b
Author: tracer-ysyx <tracer@ysyx.org>
Date:   Sun Sep 29 19:06:44 2024 +0800

    > compile NEMU
    ysyx_24080032 杨鹏城
    Linux ypc 6.5.0-44-generic #44~22.04.1-Ubuntu SMP PREEMPT_DYNAMIC Tue Jun 18 14:36:16 UTC 2 x86_64 x86_64 x86_64 GNU/Linux
     19:06:44 up 5 days, 21:44,  1 user,  load average: 4.95, 3.12, 2.35

commit ea0d2e663048f23cf4dc717f3c70a418f98e4137
Author: tracer-ysyx <tracer@ysyx.org>
Date:   Sun Sep 29 19:06:44 2024 +0800

    > run NEMU
    ysyx_24080032 杨鹏城
    Linux ypc 6.5.0-44-generic #44~22.04.1-Ubuntu SMP PREEMPT_DYNAMIC Tue Jun 18 14:36:16 UTC 2 x86_64 x86_64 x86_64 GNU/Linux
     19:06:44 up 5 days, 21:44,  1 user,  load average: 4.95, 3.12, 2.35

commit 53c1228c60a433f3f430bd76bea6873211f2dbec
Author: tracer-ysyx <tracer@ysyx.org>
Date:   Sun Sep 29 19:06:40 2024 +0800

    > compile NEMU
    ysyx_24080032 杨鹏城
    Linux ypc 6.5.0-44-generic #44~22.04.1-Ubuntu SMP PREEMPT_DYNAMIC Tue Jun 18 14:36:16 UTC 2 x86_64 x86_64 x86_64 GNU/Linux
     19:06:40 up 5 days, 21:44,  1 user,  load average: 4.95, 3.12, 2.35

commit 37bb23ffa87c712d606c4fd1f3c57aa59c2e1057
Author: tracer-ysyx <tracer@ysyx.org>
Date:   Sun Sep 29 19:06:40 2024 +0800

    > run NEMU
    ysyx_24080032 杨鹏城
    Linux ypc 6.5.0-44-generic #44~22.04.1-Ubuntu SMP PREEMPT_DYNAMIC Tue Jun 18 14:36:16 UTC 2 x86_64 x86_64 x86_64 GNU/Linux
     19:06:40 up 5 days, 21:44,  1 user,  load average: 4.77, 3.06, 2.32

commit 184f105d61438147294825ab8ed6fdae3749216e
Author: tracer-ysyx <tracer@ysyx.org>
Date:   Sun Sep 29 19:06:38 2024 +0800

    > compile NEMU
    ysyx_24080032 杨鹏城
    Linux ypc 6.5.0-44-generic #44~22.04.1-Ubuntu SMP PREEMPT_DYNAMIC Tue Jun 18 14:36:16 UTC 2 x86_64 x86_64 x86_64 GNU/Linux
     19:06:38 up 5 days, 21:44,  1 user,  load average: 4.77, 3.06, 2.32

commit 039c7140a765dd46d7699fc0f0733a8db67dfe86
Author: tracer-ysyx <tracer@ysyx.org>
Date:   Sun Sep 29 19:06:37 2024 +0800

    > run NEMU
    ysyx_24080032 杨鹏城
    Linux ypc 6.5.0-44-generic #44~22.04.1-Ubuntu SMP PREEMPT_DYNAMIC Tue Jun 18 14:36:16 UTC 2 x86_64 x86_64 x86_64 GNU/Linux
     19:06:37 up 5 days, 21:44,  1 user,  load average: 4.77, 3.06, 2.32

commit 7b37fe61c9461d5761fbf1dc5aa38168905303fa
Author: tracer-ysyx <tracer@ysyx.org>
Date:   Sun Sep 29 19:06:35 2024 +0800

    > compile NEMU
    ysyx_24080032 杨鹏城
    Linux ypc 6.5.0-44-generic #44~22.04.1-Ubuntu SMP PREEMPT_DYNAMIC Tue Jun 18 14:36:16 UTC 2 x86_64 x86_64 x86_64 GNU/Linux
     19:06:35 up 5 days, 21:44,  1 user,  load average: 4.84, 3.04, 2.31

commit dc40983e3e8f501328ebf4eac453abf5bfb1adb0
Author: tracer-ysyx <tracer@ysyx.org>
Date:   Sun Sep 29 19:06:34 2024 +0800

    > run NEMU
    ysyx_24080032 杨鹏城
    Linux ypc 6.5.0-44-generic #44~22.04.1-Ubuntu SMP PREEMPT_DYNAMIC Tue Jun 18 14:36:16 UTC 2 x86_64 x86_64 x86_64 GNU/Linux
     19:06:34 up 5 days, 21:44,  1 user,  load average: 4.84, 3.04, 2.31

commit 1197118bcf0e81e584efda5f077e3e648e9e711e
Author: tracer-ysyx <tracer@ysyx.org>
Date:   Sun Sep 29 19:06:32 2024 +0800

    > compile NEMU
    ysyx_24080032 杨鹏城
    Linux ypc 6.5.0-44-generic #44~22.04.1-Ubuntu SMP PREEMPT_DYNAMIC Tue Jun 18 14:36:16 UTC 2 x86_64 x86_64 x86_64 GNU/Linux
     19:06:32 up 5 days, 21:44,  1 user,  load average: 4.84, 3.04, 2.31

commit 7b64d9acf3086e86a376a8296a48a0a92be8464e
Author: tracer-ysyx <tracer@ysyx.org>
Date:   Sun Sep 29 19:06:32 2024 +0800

    > run NEMU
    ysyx_24080032 杨鹏城
    Linux ypc 6.5.0-44-generic #44~22.04.1-Ubuntu SMP PREEMPT_DYNAMIC Tue Jun 18 14:36:16 UTC 2 x86_64 x86_64 x86_64 GNU/Linux
     19:06:32 up 5 days, 21:44,  1 user,  load average: 4.84, 3.04, 2.31

commit 8a08d7347f4426b303eed967ac5da30c0afd64b1
Author: tracer-ysyx <tracer@ysyx.org>
Date:   Sun Sep 29 19:06:29 2024 +0800

    > compile NEMU
    ysyx_24080032 杨鹏城
    Linux ypc 6.5.0-44-generic #44~22.04.1-Ubuntu SMP PREEMPT_DYNAMIC Tue Jun 18 14:36:16 UTC 2 x86_64 x86_64 x86_64 GNU/Linux
     19:06:29 up 5 days, 21:43,  1 user,  load average: 4.22, 2.89, 2.26

commit b2945e028d7c673b461453ed695466ef051e5d10
Author: tracer-ysyx <tracer@ysyx.org>
Date:   Sun Sep 29 19:06:29 2024 +0800

    > run NEMU
    ysyx_24080032 杨鹏城
    Linux ypc 6.5.0-44-generic #44~22.04.1-Ubuntu SMP PREEMPT_DYNAMIC Tue Jun 18 14:36:16 UTC 2 x86_64 x86_64 x86_64 GNU/Linux
     19:06:29 up 5 days, 21:43,  1 user,  load average: 4.22, 2.89, 2.26

commit d143c9abec96076063cd3f4d341bd1519aafef60
Author: tracer-ysyx <tracer@ysyx.org>
Date:   Sun Sep 29 19:06:26 2024 +0800

    > compile NEMU
    ysyx_24080032 杨鹏城
    Linux ypc 6.5.0-44-generic #44~22.04.1-Ubuntu SMP PREEMPT_DYNAMIC Tue Jun 18 14:36:16 UTC 2 x86_64 x86_64 x86_64 GNU/Linux
     19:06:26 up 5 days, 21:43,  1 user,  load average: 4.22, 2.89, 2.26

commit dbb93dbed661a694819920f500b716a8458e7420
Author: tracer-ysyx <tracer@ysyx.org>
Date:   Sun Sep 29 19:06:25 2024 +0800

    > run NEMU
    ysyx_24080032 杨鹏城
    Linux ypc 6.5.0-44-generic #44~22.04.1-Ubuntu SMP PREEMPT_DYNAMIC Tue Jun 18 14:36:16 UTC 2 x86_64 x86_64 x86_64 GNU/Linux
     19:06:25 up 5 days, 21:43,  1 user,  load average: 4.22, 2.89, 2.26

commit 513f00838d61d7d99dc8046ad350f271ded61ae2
Author: tracer-ysyx <tracer@ysyx.org>
Date:   Sun Sep 29 19:06:23 2024 +0800

    > compile NEMU
    ysyx_24080032 杨鹏城
    Linux ypc 6.5.0-44-generic #44~22.04.1-Ubuntu SMP PREEMPT_DYNAMIC Tue Jun 18 14:36:16 UTC 2 x86_64 x86_64 x86_64 GNU/Linux
     19:06:23 up 5 days, 21:43,  1 user,  load average: 4.41, 2.91, 2.26

commit de9ccb46d94243597e692b7811db9d78e909cf34
Author: tracer-ysyx <tracer@ysyx.org>
Date:   Sun Sep 29 19:06:22 2024 +0800

    > run NEMU
    ysyx_24080032 杨鹏城
    Linux ypc 6.5.0-44-generic #44~22.04.1-Ubuntu SMP PREEMPT_DYNAMIC Tue Jun 18 14:36:16 UTC 2 x86_64 x86_64 x86_64 GNU/Linux
     19:06:22 up 5 days, 21:43,  1 user,  load average: 4.41, 2.91, 2.26

commit 1bbfedf383d74dd6bc87b20e2d5f45a830882a95
Author: tracer-ysyx <tracer@ysyx.org>
Date:   Sun Sep 29 19:06:20 2024 +0800

    > compile NEMU
    ysyx_24080032 杨鹏城
    Linux ypc 6.5.0-44-generic #44~22.04.1-Ubuntu SMP PREEMPT_DYNAMIC Tue Jun 18 14:36:16 UTC 2 x86_64 x86_64 x86_64 GNU/Linux
     19:06:20 up 5 days, 21:43,  1 user,  load average: 4.41, 2.91, 2.26

commit b1ed9be99c4a814cb55bb754ce3ef75436602c74
Author: tracer-ysyx <tracer@ysyx.org>
Date:   Sun Sep 29 19:06:20 2024 +0800

    > run NEMU
    ysyx_24080032 杨鹏城
    Linux ypc 6.5.0-44-generic #44~22.04.1-Ubuntu SMP PREEMPT_DYNAMIC Tue Jun 18 14:36:16 UTC 2 x86_64 x86_64 x86_64 GNU/Linux
     19:06:20 up 5 days, 21:43,  1 user,  load average: 4.18, 2.84, 2.23

commit 32832b4d9fdfa17b110231f1c1665ebd9af50eb6
Author: tracer-ysyx <tracer@ysyx.org>
Date:   Sun Sep 29 19:06:18 2024 +0800

    > compile NEMU
    ysyx_24080032 杨鹏城
    Linux ypc 6.5.0-44-generic #44~22.04.1-Ubuntu SMP PREEMPT_DYNAMIC Tue Jun 18 14:36:16 UTC 2 x86_64 x86_64 x86_64 GNU/Linux
     19:06:18 up 5 days, 21:43,  1 user,  load average: 4.18, 2.84, 2.23

commit 88bfea511a073993eadf98aba0c9e0e83f6efb35
Author: tracer-ysyx <tracer@ysyx.org>
Date:   Sun Sep 29 19:06:17 2024 +0800

    > run NEMU
    ysyx_24080032 杨鹏城
    Linux ypc 6.5.0-44-generic #44~22.04.1-Ubuntu SMP PREEMPT_DYNAMIC Tue Jun 18 14:36:16 UTC 2 x86_64 x86_64 x86_64 GNU/Linux
     19:06:17 up 5 days, 21:43,  1 user,  load average: 4.18, 2.84, 2.23

commit 8bdf800e493633226143fa3f4c2fccd3c7781b02
Author: tracer-ysyx <tracer@ysyx.org>
Date:   Sun Sep 29 19:06:15 2024 +0800

    > compile NEMU
    ysyx_24080032 杨鹏城
    Linux ypc 6.5.0-44-generic #44~22.04.1-Ubuntu SMP PREEMPT_DYNAMIC Tue Jun 18 14:36:16 UTC 2 x86_64 x86_64 x86_64 GNU/Linux
     19:06:15 up 5 days, 21:43,  1 user,  load average: 4.18, 2.84, 2.23

commit 113af89df5231e0ba3d9d0a93394e676ec7201d4
Author: tracer-ysyx <tracer@ysyx.org>
Date:   Sun Sep 29 19:06:15 2024 +0800

    > run NEMU
    ysyx_24080032 杨鹏城
    Linux ypc 6.5.0-44-generic #44~22.04.1-Ubuntu SMP PREEMPT_DYNAMIC Tue Jun 18 14:36:16 UTC 2 x86_64 x86_64 x86_64 GNU/Linux
     19:06:15 up 5 days, 21:43,  1 user,  load average: 3.33, 2.65, 2.17

commit 5dcfc0a55a1b808c4f2b43a6817f998a840243dc
Author: tracer-ysyx <tracer@ysyx.org>
Date:   Sun Sep 29 19:06:13 2024 +0800

    > compile NEMU
    ysyx_24080032 杨鹏城
    Linux ypc 6.5.0-44-generic #44~22.04.1-Ubuntu SMP PREEMPT_DYNAMIC Tue Jun 18 14:36:16 UTC 2 x86_64 x86_64 x86_64 GNU/Linux
     19:06:13 up 5 days, 21:43,  1 user,  load average: 3.33, 2.65, 2.17

commit 3754dc1f248e1cac74d5ff97971c34ba70b86832
Author: tracer-ysyx <tracer@ysyx.org>
Date:   Sun Sep 29 19:06:12 2024 +0800

    > run NEMU
    ysyx_24080032 杨鹏城
    Linux ypc 6.5.0-44-generic #44~22.04.1-Ubuntu SMP PREEMPT_DYNAMIC Tue Jun 18 14:36:16 UTC 2 x86_64 x86_64 x86_64 GNU/Linux
     19:06:12 up 5 days, 21:43,  1 user,  load average: 3.33, 2.65, 2.17

commit f6a667f807330f3f9f59592b36b2cd2eb7b89009
Author: tracer-ysyx <tracer@ysyx.org>
Date:   Sun Sep 29 19:06:10 2024 +0800

    > compile NEMU
    ysyx_24080032 杨鹏城
    Linux ypc 6.5.0-44-generic #44~22.04.1-Ubuntu SMP PREEMPT_DYNAMIC Tue Jun 18 14:36:16 UTC 2 x86_64 x86_64 x86_64 GNU/Linux
     19:06:10 up 5 days, 21:43,  1 user,  load average: 3.33, 2.65, 2.17

commit ba3f3630a50f291289539270d371c95045411769
Author: tracer-ysyx <tracer@ysyx.org>
Date:   Sun Sep 29 19:06:10 2024 +0800

    > run NEMU
    ysyx_24080032 杨鹏城
    Linux ypc 6.5.0-44-generic #44~22.04.1-Ubuntu SMP PREEMPT_DYNAMIC Tue Jun 18 14:36:16 UTC 2 x86_64 x86_64 x86_64 GNU/Linux
     19:06:10 up 5 days, 21:43,  1 user,  load average: 2.92, 2.56, 2.14

commit d622bdddf8b435ca0cc6fba15de4353e402fb5bd
Author: tracer-ysyx <tracer@ysyx.org>
Date:   Sun Sep 29 19:06:08 2024 +0800

    > compile NEMU
    ysyx_24080032 杨鹏城
    Linux ypc 6.5.0-44-generic #44~22.04.1-Ubuntu SMP PREEMPT_DYNAMIC Tue Jun 18 14:36:16 UTC 2 x86_64 x86_64 x86_64 GNU/Linux
     19:06:08 up 5 days, 21:43,  1 user,  load average: 2.92, 2.56, 2.14

commit 9a26823e746fb49bb36ad4f868b0e59ce5c20095
Author: tracer-ysyx <tracer@ysyx.org>
Date:   Sun Sep 29 19:06:08 2024 +0800

    > run NEMU
    ysyx_24080032 杨鹏城
    Linux ypc 6.5.0-44-generic #44~22.04.1-Ubuntu SMP PREEMPT_DYNAMIC Tue Jun 18 14:36:16 UTC 2 x86_64 x86_64 x86_64 GNU/Linux
     19:06:08 up 5 days, 21:43,  1 user,  load average: 2.92, 2.56, 2.14

commit db7185f017f11d9f8922f25edfdeebaec666be05
Author: tracer-ysyx <tracer@ysyx.org>
Date:   Sun Sep 29 19:06:06 2024 +0800

    > compile NEMU
    ysyx_24080032 杨鹏城
    Linux ypc 6.5.0-44-generic #44~22.04.1-Ubuntu SMP PREEMPT_DYNAMIC Tue Jun 18 14:36:16 UTC 2 x86_64 x86_64 x86_64 GNU/Linux
     19:06:06 up 5 days, 21:43,  1 user,  load average: 2.92, 2.56, 2.14

commit 87f128600631ad86023caf9ed41976e091b537ad
Author: tracer-ysyx <tracer@ysyx.org>
Date:   Sun Sep 29 19:06:05 2024 +0800

    > run NEMU
    ysyx_24080032 杨鹏城
    Linux ypc 6.5.0-44-generic #44~22.04.1-Ubuntu SMP PREEMPT_DYNAMIC Tue Jun 18 14:36:16 UTC 2 x86_64 x86_64 x86_64 GNU/Linux
     19:06:05 up 5 days, 21:43,  1 user,  load average: 2.92, 2.56, 2.14

commit 1bf2fc29f83ee6bd5c459c11910ef3120f9d4c36
Author: tracer-ysyx <tracer@ysyx.org>
Date:   Sun Sep 29 19:06:03 2024 +0800

    > compile NEMU
    ysyx_24080032 杨鹏城
    Linux ypc 6.5.0-44-generic #44~22.04.1-Ubuntu SMP PREEMPT_DYNAMIC Tue Jun 18 14:36:16 UTC 2 x86_64 x86_64 x86_64 GNU/Linux
     19:06:03 up 5 days, 21:43,  1 user,  load average: 2.83, 2.53, 2.13

commit 1b49fd3840d6bf63d8def5e01e37100f2cd7bf89
Author: tracer-ysyx <tracer@ysyx.org>
Date:   Sun Sep 29 19:06:03 2024 +0800

    > run NEMU
    ysyx_24080032 杨鹏城
    Linux ypc 6.5.0-44-generic #44~22.04.1-Ubuntu SMP PREEMPT_DYNAMIC Tue Jun 18 14:36:16 UTC 2 x86_64 x86_64 x86_64 GNU/Linux
     19:06:03 up 5 days, 21:43,  1 user,  load average: 2.83, 2.53, 2.13

commit 19e06ad749a8921bfcfb4e58cbf4d4d6f6c964f4
Author: tracer-ysyx <tracer@ysyx.org>
Date:   Sun Sep 29 19:06:01 2024 +0800

    > compile NEMU
    ysyx_24080032 杨鹏城
    Linux ypc 6.5.0-44-generic #44~22.04.1-Ubuntu SMP PREEMPT_DYNAMIC Tue Jun 18 14:36:16 UTC 2 x86_64 x86_64 x86_64 GNU/Linux
     19:06:01 up 5 days, 21:43,  1 user,  load average: 2.83, 2.53, 2.13

commit 390d6ad644b3d2a47eedbceb5641fd29aeb4ebed
Author: tracer-ysyx <tracer@ysyx.org>
Date:   Sun Sep 29 19:03:09 2024 +0800

    > run NEMU
    ysyx_24080032 杨鹏城
    Linux ypc 6.5.0-44-generic #44~22.04.1-Ubuntu SMP PREEMPT_DYNAMIC Tue Jun 18 14:36:16 UTC 2 x86_64 x86_64 x86_64 GNU/Linux
     19:03:09 up 5 days, 21:40,  1 user,  load average: 3.75, 2.55, 2.06

commit 2f2483bbc714cd19c67c6478ab7d3af979aa83c5
Author: tracer-ysyx <tracer@ysyx.org>
Date:   Sun Sep 29 19:03:07 2024 +0800

    > compile NEMU
    ysyx_24080032 杨鹏城
    Linux ypc 6.5.0-44-generic #44~22.04.1-Ubuntu SMP PREEMPT_DYNAMIC Tue Jun 18 14:36:16 UTC 2 x86_64 x86_64 x86_64 GNU/Linux
     19:03:07 up 5 days, 21:40,  1 user,  load average: 3.75, 2.55, 2.06

commit 6a22187e9919cb8f515084eea2f0aa0413b1cfc3
Author: tracer-ysyx <tracer@ysyx.org>
Date:   Sun Sep 29 19:03:07 2024 +0800

    > run NEMU
    ysyx_24080032 杨鹏城
    Linux ypc 6.5.0-44-generic #44~22.04.1-Ubuntu SMP PREEMPT_DYNAMIC Tue Jun 18 14:36:16 UTC 2 x86_64 x86_64 x86_64 GNU/Linux
     19:03:07 up 5 days, 21:40,  1 user,  load average: 3.75, 2.55, 2.06

commit f7f3ee79e1f8647121c221e5047532f16b483dce
Author: tracer-ysyx <tracer@ysyx.org>
Date:   Sun Sep 29 19:03:05 2024 +0800

    > compile NEMU
    ysyx_24080032 杨鹏城
    Linux ypc 6.5.0-44-generic #44~22.04.1-Ubuntu SMP PREEMPT_DYNAMIC Tue Jun 18 14:36:16 UTC 2 x86_64 x86_64 x86_64 GNU/Linux
     19:03:05 up 5 days, 21:40,  1 user,  load average: 3.75, 2.55, 2.06

commit ff05b38269041dc03091d53a4400f2504f93a7a5
Author: tracer-ysyx <tracer@ysyx.org>
Date:   Sun Sep 29 19:03:05 2024 +0800

    > run NEMU
    ysyx_24080032 杨鹏城
    Linux ypc 6.5.0-44-generic #44~22.04.1-Ubuntu SMP PREEMPT_DYNAMIC Tue Jun 18 14:36:16 UTC 2 x86_64 x86_64 x86_64 GNU/Linux
     19:03:05 up 5 days, 21:40,  1 user,  load average: 3.82, 2.54, 2.05

commit 9474278f520e9c35180bfde4ec24679fe53459da
Author: tracer-ysyx <tracer@ysyx.org>
Date:   Sun Sep 29 19:03:03 2024 +0800

    > compile NEMU
    ysyx_24080032 杨鹏城
    Linux ypc 6.5.0-44-generic #44~22.04.1-Ubuntu SMP PREEMPT_DYNAMIC Tue Jun 18 14:36:16 UTC 2 x86_64 x86_64 x86_64 GNU/Linux
     19:03:03 up 5 days, 21:40,  1 user,  load average: 3.82, 2.54, 2.05

commit 5d35c04894bf23c2e1efcb1755f3b7d4803aad9b
Author: tracer-ysyx <tracer@ysyx.org>
Date:   Sun Sep 29 19:03:03 2024 +0800

    > run NEMU
    ysyx_24080032 杨鹏城
    Linux ypc 6.5.0-44-generic #44~22.04.1-Ubuntu SMP PREEMPT_DYNAMIC Tue Jun 18 14:36:16 UTC 2 x86_64 x86_64 x86_64 GNU/Linux
     19:03:03 up 5 days, 21:40,  1 user,  load average: 3.82, 2.54, 2.05

commit a81d85ce7eb4dc09e824accea2ef98e230c929bb
Author: tracer-ysyx <tracer@ysyx.org>
Date:   Sun Sep 29 19:03:01 2024 +0800

    > compile NEMU
    ysyx_24080032 杨鹏城
    Linux ypc 6.5.0-44-generic #44~22.04.1-Ubuntu SMP PREEMPT_DYNAMIC Tue Jun 18 14:36:16 UTC 2 x86_64 x86_64 x86_64 GNU/Linux
     19:03:01 up 5 days, 21:40,  1 user,  load average: 3.82, 2.54, 2.05

commit 56a749633f3c2822659fd59e8bc50be4837cd43d
Author: tracer-ysyx <tracer@ysyx.org>
Date:   Sun Sep 29 19:03:01 2024 +0800

    > run NEMU
    ysyx_24080032 杨鹏城
    Linux ypc 6.5.0-44-generic #44~22.04.1-Ubuntu SMP PREEMPT_DYNAMIC Tue Jun 18 14:36:16 UTC 2 x86_64 x86_64 x86_64 GNU/Linux
     19:03:01 up 5 days, 21:40,  1 user,  load average: 3.82, 2.54, 2.05

commit 35b63e42f2673a73dbc17e51dc25b2b88eb11cb3
Author: tracer-ysyx <tracer@ysyx.org>
Date:   Sun Sep 29 19:02:59 2024 +0800

    > compile NEMU
    ysyx_24080032 杨鹏城
    Linux ypc 6.5.0-44-generic #44~22.04.1-Ubuntu SMP PREEMPT_DYNAMIC Tue Jun 18 14:36:16 UTC 2 x86_64 x86_64 x86_64 GNU/Linux
     19:02:59 up 5 days, 21:40,  1 user,  load average: 3.89, 2.53, 2.04

commit ea62f8605631e1ed7ebeec3231691495efca7f00
Author: tracer-ysyx <tracer@ysyx.org>
Date:   Sun Sep 29 19:02:59 2024 +0800

    > run NEMU
    ysyx_24080032 杨鹏城
    Linux ypc 6.5.0-44-generic #44~22.04.1-Ubuntu SMP PREEMPT_DYNAMIC Tue Jun 18 14:36:16 UTC 2 x86_64 x86_64 x86_64 GNU/Linux
     19:02:59 up 5 days, 21:40,  1 user,  load average: 3.89, 2.53, 2.04

commit 6948c7a380e76b690d9718615068a878c80b89b4
Author: tracer-ysyx <tracer@ysyx.org>
Date:   Sun Sep 29 19:02:57 2024 +0800

    > compile NEMU
    ysyx_24080032 杨鹏城
    Linux ypc 6.5.0-44-generic #44~22.04.1-Ubuntu SMP PREEMPT_DYNAMIC Tue Jun 18 14:36:16 UTC 2 x86_64 x86_64 x86_64 GNU/Linux
     19:02:57 up 5 days, 21:40,  1 user,  load average: 3.89, 2.53, 2.04

commit b53e94a4957f867197295438b96654bf1353e81c
Author: tracer-ysyx <tracer@ysyx.org>
Date:   Sun Sep 29 19:02:57 2024 +0800

    > run NEMU
    ysyx_24080032 杨鹏城
    Linux ypc 6.5.0-44-generic #44~22.04.1-Ubuntu SMP PREEMPT_DYNAMIC Tue Jun 18 14:36:16 UTC 2 x86_64 x86_64 x86_64 GNU/Linux
     19:02:57 up 5 days, 21:40,  1 user,  load average: 3.89, 2.53, 2.04

commit 7e50499ffddd900ba3ee478bb8c1364ce0a26bea
Author: tracer-ysyx <tracer@ysyx.org>
Date:   Sun Sep 29 19:02:55 2024 +0800

    > compile NEMU
    ysyx_24080032 杨鹏城
    Linux ypc 6.5.0-44-generic #44~22.04.1-Ubuntu SMP PREEMPT_DYNAMIC Tue Jun 18 14:36:16 UTC 2 x86_64 x86_64 x86_64 GNU/Linux
     19:02:55 up 5 days, 21:40,  1 user,  load average: 3.89, 2.53, 2.04

commit fc9a8febe3866f2955d100adb8875ba74303f3d9
Author: tracer-ysyx <tracer@ysyx.org>
Date:   Sun Sep 29 19:02:55 2024 +0800

    > run NEMU
    ysyx_24080032 杨鹏城
    Linux ypc 6.5.0-44-generic #44~22.04.1-Ubuntu SMP PREEMPT_DYNAMIC Tue Jun 18 14:36:16 UTC 2 x86_64 x86_64 x86_64 GNU/Linux
     19:02:55 up 5 days, 21:40,  1 user,  load average: 4.06, 2.54, 2.04

commit 71ba214967eac3fbfa09bfe92c460aea1d7e3b0d
Author: tracer-ysyx <tracer@ysyx.org>
Date:   Sun Sep 29 19:02:53 2024 +0800

    > compile NEMU
    ysyx_24080032 杨鹏城
    Linux ypc 6.5.0-44-generic #44~22.04.1-Ubuntu SMP PREEMPT_DYNAMIC Tue Jun 18 14:36:16 UTC 2 x86_64 x86_64 x86_64 GNU/Linux
     19:02:53 up 5 days, 21:40,  1 user,  load average: 4.06, 2.54, 2.04

commit 7980d82a5d882ccf61beacaaa5f8f744dc0b10cd
Author: tracer-ysyx <tracer@ysyx.org>
Date:   Sun Sep 29 19:02:53 2024 +0800

    > run NEMU
    ysyx_24080032 杨鹏城
    Linux ypc 6.5.0-44-generic #44~22.04.1-Ubuntu SMP PREEMPT_DYNAMIC Tue Jun 18 14:36:16 UTC 2 x86_64 x86_64 x86_64 GNU/Linux
     19:02:53 up 5 days, 21:40,  1 user,  load average: 4.06, 2.54, 2.04

commit 22ce134ec707e1c1345ee8b0c97a0876aa250b4a
Author: tracer-ysyx <tracer@ysyx.org>
Date:   Sun Sep 29 19:02:51 2024 +0800

    > compile NEMU
    ysyx_24080032 杨鹏城
    Linux ypc 6.5.0-44-generic #44~22.04.1-Ubuntu SMP PREEMPT_DYNAMIC Tue Jun 18 14:36:16 UTC 2 x86_64 x86_64 x86_64 GNU/Linux
     19:02:51 up 5 days, 21:40,  1 user,  load average: 4.06, 2.54, 2.04

commit 7f627416cdbbdb4920aee6680e58f75573e8ccdb
Author: tracer-ysyx <tracer@ysyx.org>
Date:   Sun Sep 29 19:02:51 2024 +0800

    > run NEMU
    ysyx_24080032 杨鹏城
    Linux ypc 6.5.0-44-generic #44~22.04.1-Ubuntu SMP PREEMPT_DYNAMIC Tue Jun 18 14:36:16 UTC 2 x86_64 x86_64 x86_64 GNU/Linux
     19:02:51 up 5 days, 21:40,  1 user,  load average: 4.06, 2.54, 2.04

commit 929592ad2bcbf19ef0d18664188874b6df3165d7
Author: tracer-ysyx <tracer@ysyx.org>
Date:   Sun Sep 29 19:02:49 2024 +0800

    > compile NEMU
    ysyx_24080032 杨鹏城
    Linux ypc 6.5.0-44-generic #44~22.04.1-Ubuntu SMP PREEMPT_DYNAMIC Tue Jun 18 14:36:16 UTC 2 x86_64 x86_64 x86_64 GNU/Linux
     19:02:49 up 5 days, 21:40,  1 user,  load average: 4.24, 2.55, 2.05

commit 9d24f19e07780628c3fd863f9fce34d71588c0a0
Author: tracer-ysyx <tracer@ysyx.org>
Date:   Sun Sep 29 19:02:49 2024 +0800

    > run NEMU
    ysyx_24080032 杨鹏城
    Linux ypc 6.5.0-44-generic #44~22.04.1-Ubuntu SMP PREEMPT_DYNAMIC Tue Jun 18 14:36:16 UTC 2 x86_64 x86_64 x86_64 GNU/Linux
     19:02:49 up 5 days, 21:40,  1 user,  load average: 4.24, 2.55, 2.05

commit 8e43e320355b1082b09cdeca2a36ae60e9f386e3
Author: tracer-ysyx <tracer@ysyx.org>
Date:   Sun Sep 29 19:02:47 2024 +0800

    > compile NEMU
    ysyx_24080032 杨鹏城
    Linux ypc 6.5.0-44-generic #44~22.04.1-Ubuntu SMP PREEMPT_DYNAMIC Tue Jun 18 14:36:16 UTC 2 x86_64 x86_64 x86_64 GNU/Linux
     19:02:47 up 5 days, 21:40,  1 user,  load average: 4.24, 2.55, 2.05

commit 367f853c790d44ac239bc5f66a0e68ec7205b713
Author: tracer-ysyx <tracer@ysyx.org>
Date:   Sun Sep 29 19:02:47 2024 +0800

    > run NEMU
    ysyx_24080032 杨鹏城
    Linux ypc 6.5.0-44-generic #44~22.04.1-Ubuntu SMP PREEMPT_DYNAMIC Tue Jun 18 14:36:16 UTC 2 x86_64 x86_64 x86_64 GNU/Linux
     19:02:47 up 5 days, 21:40,  1 user,  load average: 4.24, 2.55, 2.05

commit 877edea306bba9df7970563ffaec4256eb69814f
Author: tracer-ysyx <tracer@ysyx.org>
Date:   Sun Sep 29 19:02:45 2024 +0800

    > compile NEMU
    ysyx_24080032 杨鹏城
    Linux ypc 6.5.0-44-generic #44~22.04.1-Ubuntu SMP PREEMPT_DYNAMIC Tue Jun 18 14:36:16 UTC 2 x86_64 x86_64 x86_64 GNU/Linux
     19:02:45 up 5 days, 21:40,  1 user,  load average: 4.24, 2.55, 2.05

commit 36871254617f7204cdd4b5ae5731488a91cfa83f
Author: tracer-ysyx <tracer@ysyx.org>
Date:   Sun Sep 29 19:02:45 2024 +0800

    > run NEMU
    ysyx_24080032 杨鹏城
    Linux ypc 6.5.0-44-generic #44~22.04.1-Ubuntu SMP PREEMPT_DYNAMIC Tue Jun 18 14:36:16 UTC 2 x86_64 x86_64 x86_64 GNU/Linux
     19:02:45 up 5 days, 21:40,  1 user,  load average: 4.24, 2.55, 2.05

commit 298264eef36e44f44051e246629dc93ebec37620
Author: tracer-ysyx <tracer@ysyx.org>
Date:   Sun Sep 29 19:02:44 2024 +0800

    > compile NEMU
    ysyx_24080032 杨鹏城
    Linux ypc 6.5.0-44-generic #44~22.04.1-Ubuntu SMP PREEMPT_DYNAMIC Tue Jun 18 14:36:16 UTC 2 x86_64 x86_64 x86_64 GNU/Linux
     19:02:44 up 5 days, 21:40,  1 user,  load average: 4.43, 2.56, 2.05

commit 1aaf0f84de9c53f793d4263bc5b9fd354271964d
Author: tracer-ysyx <tracer@ysyx.org>
Date:   Sun Sep 29 19:02:43 2024 +0800

    > run NEMU
    ysyx_24080032 杨鹏城
    Linux ypc 6.5.0-44-generic #44~22.04.1-Ubuntu SMP PREEMPT_DYNAMIC Tue Jun 18 14:36:16 UTC 2 x86_64 x86_64 x86_64 GNU/Linux
     19:02:43 up 5 days, 21:40,  1 user,  load average: 4.43, 2.56, 2.05

commit 8cd77a06240dbbc88eed474700ccef2bc0a3db15
Author: tracer-ysyx <tracer@ysyx.org>
Date:   Sun Sep 29 19:02:42 2024 +0800

    > compile NEMU
    ysyx_24080032 杨鹏城
    Linux ypc 6.5.0-44-generic #44~22.04.1-Ubuntu SMP PREEMPT_DYNAMIC Tue Jun 18 14:36:16 UTC 2 x86_64 x86_64 x86_64 GNU/Linux
     19:02:42 up 5 days, 21:40,  1 user,  load average: 4.43, 2.56, 2.05

commit ad45f8454a1fcb215b75afea1dbdbede305e7baa
Author: tracer-ysyx <tracer@ysyx.org>
Date:   Sun Sep 29 19:02:41 2024 +0800

    > run NEMU
    ysyx_24080032 杨鹏城
    Linux ypc 6.5.0-44-generic #44~22.04.1-Ubuntu SMP PREEMPT_DYNAMIC Tue Jun 18 14:36:16 UTC 2 x86_64 x86_64 x86_64 GNU/Linux
     19:02:41 up 5 days, 21:40,  1 user,  load average: 4.43, 2.56, 2.05

commit b26473441292bbd1f50f31748de29d9bc0e5ccd9
Author: tracer-ysyx <tracer@ysyx.org>
Date:   Sun Sep 29 19:02:39 2024 +0800

    > compile NEMU
    ysyx_24080032 杨鹏城
    Linux ypc 6.5.0-44-generic #44~22.04.1-Ubuntu SMP PREEMPT_DYNAMIC Tue Jun 18 14:36:16 UTC 2 x86_64 x86_64 x86_64 GNU/Linux
     19:02:39 up 5 days, 21:40,  1 user,  load average: 4.64, 2.57, 2.05

commit c5670766708cba5924c1e95cfdc737a4b3b4c7d3
Author: tracer-ysyx <tracer@ysyx.org>
Date:   Sun Sep 29 19:02:39 2024 +0800

    > run NEMU
    ysyx_24080032 杨鹏城
    Linux ypc 6.5.0-44-generic #44~22.04.1-Ubuntu SMP PREEMPT_DYNAMIC Tue Jun 18 14:36:16 UTC 2 x86_64 x86_64 x86_64 GNU/Linux
     19:02:39 up 5 days, 21:40,  1 user,  load average: 4.64, 2.57, 2.05

commit ca310fd8f61e6e5230f4005e857f7773aa4e6560
Author: tracer-ysyx <tracer@ysyx.org>
Date:   Sun Sep 29 19:02:36 2024 +0800

    > compile NEMU
    ysyx_24080032 杨鹏城
    Linux ypc 6.5.0-44-generic #44~22.04.1-Ubuntu SMP PREEMPT_DYNAMIC Tue Jun 18 14:36:16 UTC 2 x86_64 x86_64 x86_64 GNU/Linux
     19:02:36 up 5 days, 21:40,  1 user,  load average: 4.64, 2.57, 2.05

commit 614394cf21e87ffcbcf1e3c5adf3b29f771101ab
Author: tracer-ysyx <tracer@ysyx.org>
Date:   Sun Sep 29 19:02:36 2024 +0800

    > run NEMU
    ysyx_24080032 杨鹏城
    Linux ypc 6.5.0-44-generic #44~22.04.1-Ubuntu SMP PREEMPT_DYNAMIC Tue Jun 18 14:36:16 UTC 2 x86_64 x86_64 x86_64 GNU/Linux
     19:02:36 up 5 days, 21:40,  1 user,  load average: 4.64, 2.57, 2.05

commit e1bb7fe28834da43552ce966c57fdb486132df1e
Author: tracer-ysyx <tracer@ysyx.org>
Date:   Sun Sep 29 19:02:33 2024 +0800

    > compile NEMU
    ysyx_24080032 杨鹏城
    Linux ypc 6.5.0-44-generic #44~22.04.1-Ubuntu SMP PREEMPT_DYNAMIC Tue Jun 18 14:36:16 UTC 2 x86_64 x86_64 x86_64 GNU/Linux
     19:02:33 up 5 days, 21:40,  1 user,  load average: 3.57, 2.32, 1.97

commit e425e9b692368e908140cf0a212826f90af9f689
Author: tracer-ysyx <tracer@ysyx.org>
Date:   Sun Sep 29 19:02:32 2024 +0800

    > run NEMU
    ysyx_24080032 杨鹏城
    Linux ypc 6.5.0-44-generic #44~22.04.1-Ubuntu SMP PREEMPT_DYNAMIC Tue Jun 18 14:36:16 UTC 2 x86_64 x86_64 x86_64 GNU/Linux
     19:02:32 up 5 days, 21:40,  1 user,  load average: 3.57, 2.32, 1.97

commit 4bcdda8a4ff71c344f1f86d6c50bc9d4957a9d1b
Author: tracer-ysyx <tracer@ysyx.org>
Date:   Sun Sep 29 19:02:29 2024 +0800

    > compile NEMU
    ysyx_24080032 杨鹏城
    Linux ypc 6.5.0-44-generic #44~22.04.1-Ubuntu SMP PREEMPT_DYNAMIC Tue Jun 18 14:36:16 UTC 2 x86_64 x86_64 x86_64 GNU/Linux
     19:02:29 up 5 days, 21:39,  1 user,  load average: 2.92, 2.18, 1.92

commit 9fc691d48bc6ea1f801ae74d1c42bcf8ea0287a2
Author: tracer-ysyx <tracer@ysyx.org>
Date:   Sun Sep 29 19:02:29 2024 +0800

    > run NEMU
    ysyx_24080032 杨鹏城
    Linux ypc 6.5.0-44-generic #44~22.04.1-Ubuntu SMP PREEMPT_DYNAMIC Tue Jun 18 14:36:16 UTC 2 x86_64 x86_64 x86_64 GNU/Linux
     19:02:29 up 5 days, 21:39,  1 user,  load average: 2.92, 2.18, 1.92

commit c5ea6ace61757a1ec05dd0ed4b3198f4313a402b
Author: tracer-ysyx <tracer@ysyx.org>
Date:   Sun Sep 29 19:02:26 2024 +0800

    > compile NEMU
    ysyx_24080032 杨鹏城
    Linux ypc 6.5.0-44-generic #44~22.04.1-Ubuntu SMP PREEMPT_DYNAMIC Tue Jun 18 14:36:16 UTC 2 x86_64 x86_64 x86_64 GNU/Linux
     19:02:26 up 5 days, 21:39,  1 user,  load average: 2.92, 2.18, 1.92

commit 68d301f00a5b750642502992d58f210878852a88
Author: tracer-ysyx <tracer@ysyx.org>
Date:   Sun Sep 29 19:02:26 2024 +0800

    > run NEMU
    ysyx_24080032 杨鹏城
    Linux ypc 6.5.0-44-generic #44~22.04.1-Ubuntu SMP PREEMPT_DYNAMIC Tue Jun 18 14:36:16 UTC 2 x86_64 x86_64 x86_64 GNU/Linux
     19:02:26 up 5 days, 21:39,  1 user,  load average: 2.92, 2.18, 1.92

commit 6aa1190ee8ac5672a48eb1f87304c55c817d2b6e
Author: tracer-ysyx <tracer@ysyx.org>
Date:   Sun Sep 29 19:02:23 2024 +0800

    > compile NEMU
    ysyx_24080032 杨鹏城
    Linux ypc 6.5.0-44-generic #44~22.04.1-Ubuntu SMP PREEMPT_DYNAMIC Tue Jun 18 14:36:16 UTC 2 x86_64 x86_64 x86_64 GNU/Linux
     19:02:23 up 5 days, 21:39,  1 user,  load average: 2.65, 2.11, 1.89

commit fda845d402460221150527a536b6a34a751b0c78
Author: tracer-ysyx <tracer@ysyx.org>
Date:   Sun Sep 29 19:02:22 2024 +0800

    > run NEMU
    ysyx_24080032 杨鹏城
    Linux ypc 6.5.0-44-generic #44~22.04.1-Ubuntu SMP PREEMPT_DYNAMIC Tue Jun 18 14:36:16 UTC 2 x86_64 x86_64 x86_64 GNU/Linux
     19:02:22 up 5 days, 21:39,  1 user,  load average: 2.65, 2.11, 1.89

commit 4faf437cccf86267e8afaf4d9423ae97556b2855
Author: tracer-ysyx <tracer@ysyx.org>
Date:   Sun Sep 29 19:02:20 2024 +0800

    > compile NEMU
    ysyx_24080032 杨鹏城
    Linux ypc 6.5.0-44-generic #44~22.04.1-Ubuntu SMP PREEMPT_DYNAMIC Tue Jun 18 14:36:16 UTC 2 x86_64 x86_64 x86_64 GNU/Linux
     19:02:20 up 5 days, 21:39,  1 user,  load average: 2.62, 2.10, 1.89

commit b8c9107b25e290cd90c399c113a35d03694d81db
Author: tracer-ysyx <tracer@ysyx.org>
Date:   Sun Sep 29 19:02:19 2024 +0800

    > run NEMU
    ysyx_24080032 杨鹏城
    Linux ypc 6.5.0-44-generic #44~22.04.1-Ubuntu SMP PREEMPT_DYNAMIC Tue Jun 18 14:36:16 UTC 2 x86_64 x86_64 x86_64 GNU/Linux
     19:02:19 up 5 days, 21:39,  1 user,  load average: 2.62, 2.10, 1.89

commit b0f264248b6efb6ac466228ec45a2d5fd9818464
Author: tracer-ysyx <tracer@ysyx.org>
Date:   Sun Sep 29 19:02:17 2024 +0800

    > compile NEMU
    ysyx_24080032 杨鹏城
    Linux ypc 6.5.0-44-generic #44~22.04.1-Ubuntu SMP PREEMPT_DYNAMIC Tue Jun 18 14:36:16 UTC 2 x86_64 x86_64 x86_64 GNU/Linux
     19:02:17 up 5 days, 21:39,  1 user,  load average: 2.62, 2.10, 1.89

commit 1928c0dd5533ecd3625e912b8bb76574433cdc0f
Author: tracer-ysyx <tracer@ysyx.org>
Date:   Sun Sep 29 19:02:17 2024 +0800

    > run NEMU
    ysyx_24080032 杨鹏城
    Linux ypc 6.5.0-44-generic #44~22.04.1-Ubuntu SMP PREEMPT_DYNAMIC Tue Jun 18 14:36:16 UTC 2 x86_64 x86_64 x86_64 GNU/Linux
     19:02:17 up 5 days, 21:39,  1 user,  load average: 2.62, 2.10, 1.89

commit 345426d028218ecd54998b401ec3654cb98b13e2
Author: tracer-ysyx <tracer@ysyx.org>
Date:   Sun Sep 29 19:02:15 2024 +0800

    > compile NEMU
    ysyx_24080032 杨鹏城
    Linux ypc 6.5.0-44-generic #44~22.04.1-Ubuntu SMP PREEMPT_DYNAMIC Tue Jun 18 14:36:16 UTC 2 x86_64 x86_64 x86_64 GNU/Linux
     19:02:15 up 5 days, 21:39,  1 user,  load average: 2.62, 2.10, 1.89

commit 1f50e490e704a85524694e6150eb6553438b2747
Author: tracer-ysyx <tracer@ysyx.org>
Date:   Sun Sep 29 19:02:15 2024 +0800

    > run NEMU
    ysyx_24080032 杨鹏城
    Linux ypc 6.5.0-44-generic #44~22.04.1-Ubuntu SMP PREEMPT_DYNAMIC Tue Jun 18 14:36:16 UTC 2 x86_64 x86_64 x86_64 GNU/Linux
     19:02:15 up 5 days, 21:39,  1 user,  load average: 2.15, 2.00, 1.85

commit 21a3cc8efc4c3bfdcb30c56f55e748a870e02706
Author: tracer-ysyx <tracer@ysyx.org>
Date:   Sun Sep 29 19:02:13 2024 +0800

    > compile NEMU
    ysyx_24080032 杨鹏城
    Linux ypc 6.5.0-44-generic #44~22.04.1-Ubuntu SMP PREEMPT_DYNAMIC Tue Jun 18 14:36:16 UTC 2 x86_64 x86_64 x86_64 GNU/Linux
     19:02:13 up 5 days, 21:39,  1 user,  load average: 2.15, 2.00, 1.85

commit 6453fdba802aad49bec54f5db0acd8a2aaf7c5eb
Author: tracer-ysyx <tracer@ysyx.org>
Date:   Sun Sep 29 19:02:13 2024 +0800

    > run NEMU
    ysyx_24080032 杨鹏城
    Linux ypc 6.5.0-44-generic #44~22.04.1-Ubuntu SMP PREEMPT_DYNAMIC Tue Jun 18 14:36:16 UTC 2 x86_64 x86_64 x86_64 GNU/Linux
     19:02:13 up 5 days, 21:39,  1 user,  load average: 2.15, 2.00, 1.85

commit f5fd7aaa1d4b7de57076684dcf626d779fb3c259
Author: tracer-ysyx <tracer@ysyx.org>
Date:   Sun Sep 29 19:02:11 2024 +0800

    > compile NEMU
    ysyx_24080032 杨鹏城
    Linux ypc 6.5.0-44-generic #44~22.04.1-Ubuntu SMP PREEMPT_DYNAMIC Tue Jun 18 14:36:16 UTC 2 x86_64 x86_64 x86_64 GNU/Linux
     19:02:11 up 5 days, 21:39,  1 user,  load average: 2.15, 2.00, 1.85

commit f283ceee2b9c44c5a1314c3a628871d81e314880
Author: tracer-ysyx <tracer@ysyx.org>
Date:   Sun Sep 29 19:02:11 2024 +0800

    > run NEMU
    ysyx_24080032 杨鹏城
    Linux ypc 6.5.0-44-generic #44~22.04.1-Ubuntu SMP PREEMPT_DYNAMIC Tue Jun 18 14:36:16 UTC 2 x86_64 x86_64 x86_64 GNU/Linux
     19:02:11 up 5 days, 21:39,  1 user,  load average: 2.15, 2.00, 1.85

commit a1865789f9b62b773fdd67121cba892e7accbabe
Author: tracer-ysyx <tracer@ysyx.org>
Date:   Sun Sep 29 19:02:10 2024 +0800

    > compile NEMU
    ysyx_24080032 杨鹏城
    Linux ypc 6.5.0-44-generic #44~22.04.1-Ubuntu SMP PREEMPT_DYNAMIC Tue Jun 18 14:36:16 UTC 2 x86_64 x86_64 x86_64 GNU/Linux
     19:02:10 up 5 days, 21:39,  1 user,  load average: 2.17, 2.00, 1.85

commit 85dd7df43262aff87de4be5550d66162bab92816
Author: tracer-ysyx <tracer@ysyx.org>
Date:   Sun Sep 29 19:02:09 2024 +0800

    > run NEMU
    ysyx_24080032 杨鹏城
    Linux ypc 6.5.0-44-generic #44~22.04.1-Ubuntu SMP PREEMPT_DYNAMIC Tue Jun 18 14:36:16 UTC 2 x86_64 x86_64 x86_64 GNU/Linux
     19:02:09 up 5 days, 21:39,  1 user,  load average: 2.17, 2.00, 1.85

commit 6dc3935c00676b531248f04f54ea9ebdb1a7ae63
Author: tracer-ysyx <tracer@ysyx.org>
Date:   Sun Sep 29 19:02:08 2024 +0800

    > compile NEMU
    ysyx_24080032 杨鹏城
    Linux ypc 6.5.0-44-generic #44~22.04.1-Ubuntu SMP PREEMPT_DYNAMIC Tue Jun 18 14:36:16 UTC 2 x86_64 x86_64 x86_64 GNU/Linux
     19:02:08 up 5 days, 21:39,  1 user,  load average: 2.17, 2.00, 1.85

commit e7fb07994b30d23edd81d6ec3253d2673f581248
Author: tracer-ysyx <tracer@ysyx.org>
Date:   Sun Sep 29 19:02:07 2024 +0800

    > run NEMU
    ysyx_24080032 杨鹏城
    Linux ypc 6.5.0-44-generic #44~22.04.1-Ubuntu SMP PREEMPT_DYNAMIC Tue Jun 18 14:36:16 UTC 2 x86_64 x86_64 x86_64 GNU/Linux
     19:02:07 up 5 days, 21:39,  1 user,  load average: 2.17, 2.00, 1.85

commit a62b4736c7900e7b76a5cba1227167588adf21f0
Author: tracer-ysyx <tracer@ysyx.org>
Date:   Sun Sep 29 19:02:06 2024 +0800

    > compile NEMU
    ysyx_24080032 杨鹏城
    Linux ypc 6.5.0-44-generic #44~22.04.1-Ubuntu SMP PREEMPT_DYNAMIC Tue Jun 18 14:36:16 UTC 2 x86_64 x86_64 x86_64 GNU/Linux
     19:02:06 up 5 days, 21:39,  1 user,  load average: 2.17, 2.00, 1.85

commit bd57914231f11c9ed13720a7d399e99e63620195
Author: tracer-ysyx <tracer@ysyx.org>
Date:   Sun Sep 29 19:02:05 2024 +0800

    > run NEMU
    ysyx_24080032 杨鹏城
    Linux ypc 6.5.0-44-generic #44~22.04.1-Ubuntu SMP PREEMPT_DYNAMIC Tue Jun 18 14:36:16 UTC 2 x86_64 x86_64 x86_64 GNU/Linux
     19:02:05 up 5 days, 21:39,  1 user,  load average: 2.17, 2.00, 1.85

commit d137cbc313234dca1fe5de7b7c6b4dccd85a36ec
Author: tracer-ysyx <tracer@ysyx.org>
Date:   Sun Sep 29 19:02:04 2024 +0800

    > compile NEMU
    ysyx_24080032 杨鹏城
    Linux ypc 6.5.0-44-generic #44~22.04.1-Ubuntu SMP PREEMPT_DYNAMIC Tue Jun 18 14:36:16 UTC 2 x86_64 x86_64 x86_64 GNU/Linux
     19:02:04 up 5 days, 21:39,  1 user,  load average: 2.18, 2.00, 1.85

commit 3eaee9b68cd36ee5b8a62f5dc2d6a45599d2250b
Author: tracer-ysyx <tracer@ysyx.org>
Date:   Sun Sep 29 19:02:03 2024 +0800

    > run NEMU
    ysyx_24080032 杨鹏城
    Linux ypc 6.5.0-44-generic #44~22.04.1-Ubuntu SMP PREEMPT_DYNAMIC Tue Jun 18 14:36:16 UTC 2 x86_64 x86_64 x86_64 GNU/Linux
     19:02:03 up 5 days, 21:39,  1 user,  load average: 2.18, 2.00, 1.85

commit 60e99f66f7151b2b12dcaff8347bbdeee40e8396
Author: tracer-ysyx <tracer@ysyx.org>
Date:   Sun Sep 29 19:02:02 2024 +0800

    > compile NEMU
    ysyx_24080032 杨鹏城
    Linux ypc 6.5.0-44-generic #44~22.04.1-Ubuntu SMP PREEMPT_DYNAMIC Tue Jun 18 14:36:16 UTC 2 x86_64 x86_64 x86_64 GNU/Linux
     19:02:02 up 5 days, 21:39,  1 user,  load average: 2.18, 2.00, 1.85

commit e73f31e87121e2f1452fd6456471e562d0fe807d
Author: tracer-ysyx <tracer@ysyx.org>
Date:   Sun Sep 29 19:02:01 2024 +0800

    > run NEMU
    ysyx_24080032 杨鹏城
    Linux ypc 6.5.0-44-generic #44~22.04.1-Ubuntu SMP PREEMPT_DYNAMIC Tue Jun 18 14:36:16 UTC 2 x86_64 x86_64 x86_64 GNU/Linux
     19:02:01 up 5 days, 21:39,  1 user,  load average: 2.18, 2.00, 1.85

commit 305c24bf6bb0dabc5283bd5ceba2fc74ffc0bc2f
Author: tracer-ysyx <tracer@ysyx.org>
Date:   Sun Sep 29 19:02:00 2024 +0800

    > compile NEMU
    ysyx_24080032 杨鹏城
    Linux ypc 6.5.0-44-generic #44~22.04.1-Ubuntu SMP PREEMPT_DYNAMIC Tue Jun 18 14:36:16 UTC 2 x86_64 x86_64 x86_64 GNU/Linux
     19:02:00 up 5 days, 21:39,  1 user,  load average: 1.94, 1.94, 1.84

commit 83b3d314b0fc982a9ee4c4a2f86a54f8a0370ae3
Author: tracer-ysyx <tracer@ysyx.org>
Date:   Sun Sep 29 19:01:59 2024 +0800

    > run NEMU
    ysyx_24080032 杨鹏城
    Linux ypc 6.5.0-44-generic #44~22.04.1-Ubuntu SMP PREEMPT_DYNAMIC Tue Jun 18 14:36:16 UTC 2 x86_64 x86_64 x86_64 GNU/Linux
     19:01:59 up 5 days, 21:39,  1 user,  load average: 1.94, 1.94, 1.84

commit a2af432d3b1ee2a4a603e705a756fd7de65d72fc
Author: tracer-ysyx <tracer@ysyx.org>
Date:   Sun Sep 29 19:01:58 2024 +0800

    > compile NEMU
    ysyx_24080032 杨鹏城
    Linux ypc 6.5.0-44-generic #44~22.04.1-Ubuntu SMP PREEMPT_DYNAMIC Tue Jun 18 14:36:16 UTC 2 x86_64 x86_64 x86_64 GNU/Linux
     19:01:58 up 5 days, 21:39,  1 user,  load average: 1.94, 1.94, 1.84

commit 3788f5da102cf2f77ace386371a497e5dd776baa
Author: tracer-ysyx <tracer@ysyx.org>
Date:   Sun Sep 29 19:01:58 2024 +0800

    > run NEMU
    ysyx_24080032 杨鹏城
    Linux ypc 6.5.0-44-generic #44~22.04.1-Ubuntu SMP PREEMPT_DYNAMIC Tue Jun 18 14:36:16 UTC 2 x86_64 x86_64 x86_64 GNU/Linux
     19:01:58 up 5 days, 21:39,  1 user,  load average: 1.94, 1.94, 1.84

commit cad6421ff9605531e8a35a4252c23210eba486cf
Author: tracer-ysyx <tracer@ysyx.org>
Date:   Sun Sep 29 19:01:56 2024 +0800

    > compile NEMU
    ysyx_24080032 杨鹏城
    Linux ypc 6.5.0-44-generic #44~22.04.1-Ubuntu SMP PREEMPT_DYNAMIC Tue Jun 18 14:36:16 UTC 2 x86_64 x86_64 x86_64 GNU/Linux
     19:01:56 up 5 days, 21:39,  1 user,  load average: 1.94, 1.94, 1.84

commit fb3fead40e63faa8adbd75b88a26cc170dbcc59b
Author: tracer-ysyx <tracer@ysyx.org>
Date:   Sun Sep 29 19:01:56 2024 +0800

    > run NEMU
    ysyx_24080032 杨鹏城
    Linux ypc 6.5.0-44-generic #44~22.04.1-Ubuntu SMP PREEMPT_DYNAMIC Tue Jun 18 14:36:16 UTC 2 x86_64 x86_64 x86_64 GNU/Linux
     19:01:56 up 5 days, 21:39,  1 user,  load average: 1.94, 1.94, 1.84

commit 58654b076bc54efdfa153e1eedf636aad2327ca3
Author: tracer-ysyx <tracer@ysyx.org>
Date:   Sun Sep 29 19:01:54 2024 +0800

    > compile NEMU
    ysyx_24080032 杨鹏城
    Linux ypc 6.5.0-44-generic #44~22.04.1-Ubuntu SMP PREEMPT_DYNAMIC Tue Jun 18 14:36:16 UTC 2 x86_64 x86_64 x86_64 GNU/Linux
     19:01:54 up 5 days, 21:39,  1 user,  load average: 1.93, 1.94, 1.83

commit f2a71378d80d12941e5d969103f29fb3ab1337fe
Author: tracer-ysyx <tracer@ysyx.org>
Date:   Sun Sep 29 19:01:54 2024 +0800

    > run NEMU
    ysyx_24080032 杨鹏城
    Linux ypc 6.5.0-44-generic #44~22.04.1-Ubuntu SMP PREEMPT_DYNAMIC Tue Jun 18 14:36:16 UTC 2 x86_64 x86_64 x86_64 GNU/Linux
     19:01:54 up 5 days, 21:39,  1 user,  load average: 1.93, 1.94, 1.83

commit 5f2813df82c2767d6055cca104a9103509a70731
Author: tracer-ysyx <tracer@ysyx.org>
Date:   Sun Sep 29 19:01:52 2024 +0800

    > compile NEMU
    ysyx_24080032 杨鹏城
    Linux ypc 6.5.0-44-generic #44~22.04.1-Ubuntu SMP PREEMPT_DYNAMIC Tue Jun 18 14:36:16 UTC 2 x86_64 x86_64 x86_64 GNU/Linux
     19:01:52 up 5 days, 21:39,  1 user,  load average: 1.93, 1.94, 1.83

commit 6fb941732d1f70fe6be64d432d2f5afa6c021aeb
Author: tracer-ysyx <tracer@ysyx.org>
Date:   Sun Sep 29 18:53:19 2024 +0800

    > run NEMU
    ysyx_24080032 杨鹏城
    Linux ypc 6.5.0-44-generic #44~22.04.1-Ubuntu SMP PREEMPT_DYNAMIC Tue Jun 18 14:36:16 UTC 2 x86_64 x86_64 x86_64 GNU/Linux
     18:53:19 up 5 days, 21:30,  1 user,  load average: 2.06, 1.82, 1.75

commit 7a3b1eb3bed6220c0b1efe08fd8069e8be16ae23
Author: tracer-ysyx <tracer@ysyx.org>
Date:   Sun Sep 29 18:53:19 2024 +0800

    > compile NEMU
    ysyx_24080032 杨鹏城
    Linux ypc 6.5.0-44-generic #44~22.04.1-Ubuntu SMP PREEMPT_DYNAMIC Tue Jun 18 14:36:16 UTC 2 x86_64 x86_64 x86_64 GNU/Linux
     18:53:19 up 5 days, 21:30,  1 user,  load average: 2.06, 1.82, 1.75

commit e64ce013209d59150eb0d950b2575943e707e775
Author: tracer-ysyx <tracer@ysyx.org>
Date:   Sun Sep 29 18:53:08 2024 +0800

    > run NEMU
    ysyx_24080032 杨鹏城
    Linux ypc 6.5.0-44-generic #44~22.04.1-Ubuntu SMP PREEMPT_DYNAMIC Tue Jun 18 14:36:16 UTC 2 x86_64 x86_64 x86_64 GNU/Linux
     18:53:08 up 5 days, 21:30,  1 user,  load average: 2.07, 1.81, 1.75

commit 3d20f475330fafbe92114654f9a0762e03e7da59
Author: tracer-ysyx <tracer@ysyx.org>
Date:   Sun Sep 29 18:53:08 2024 +0800

    > compile NEMU
    ysyx_24080032 杨鹏城
    Linux ypc 6.5.0-44-generic #44~22.04.1-Ubuntu SMP PREEMPT_DYNAMIC Tue Jun 18 14:36:16 UTC 2 x86_64 x86_64 x86_64 GNU/Linux
     18:53:08 up 5 days, 21:30,  1 user,  load average: 2.07, 1.81, 1.75

commit ae98581edbab7298566fefbaa27b10e253f6b44b
Author: tracer-ysyx <tracer@ysyx.org>
Date:   Sun Sep 29 18:52:07 2024 +0800

    > run NEMU
    ysyx_24080032 杨鹏城
    Linux ypc 6.5.0-44-generic #44~22.04.1-Ubuntu SMP PREEMPT_DYNAMIC Tue Jun 18 14:36:16 UTC 2 x86_64 x86_64 x86_64 GNU/Linux
     18:52:07 up 5 days, 21:29,  1 user,  load average: 1.85, 1.76, 1.73

commit 5ba823f642f1ba6161cd8ceb693bbb790ee22c28
Author: tracer-ysyx <tracer@ysyx.org>
Date:   Sun Sep 29 18:52:07 2024 +0800

    > compile NEMU
    ysyx_24080032 杨鹏城
    Linux ypc 6.5.0-44-generic #44~22.04.1-Ubuntu SMP PREEMPT_DYNAMIC Tue Jun 18 14:36:16 UTC 2 x86_64 x86_64 x86_64 GNU/Linux
     18:52:07 up 5 days, 21:29,  1 user,  load average: 1.85, 1.76, 1.73

commit 9ca02cde0100a34d993ea3d8a358affd9c646fd9
Author: tracer-ysyx <tracer@ysyx.org>
Date:   Sun Sep 29 18:51:03 2024 +0800

    > run NEMU
    ysyx_24080032 杨鹏城
    Linux ypc 6.5.0-44-generic #44~22.04.1-Ubuntu SMP PREEMPT_DYNAMIC Tue Jun 18 14:36:16 UTC 2 x86_64 x86_64 x86_64 GNU/Linux
     18:51:03 up 5 days, 21:28,  1 user,  load average: 1.89, 1.74, 1.73

commit 6e45f3aa36ed50b593815cab365356cb753d4f94
Author: tracer-ysyx <tracer@ysyx.org>
Date:   Sun Sep 29 18:51:03 2024 +0800

    > compile NEMU
    ysyx_24080032 杨鹏城
    Linux ypc 6.5.0-44-generic #44~22.04.1-Ubuntu SMP PREEMPT_DYNAMIC Tue Jun 18 14:36:16 UTC 2 x86_64 x86_64 x86_64 GNU/Linux
     18:51:03 up 5 days, 21:28,  1 user,  load average: 1.89, 1.74, 1.73

commit 6388244f2bba4b9d8b21af970a06fad0094711e7
Author: tracer-ysyx <tracer@ysyx.org>
Date:   Sun Sep 29 18:50:04 2024 +0800

    > run NEMU
    ysyx_24080032 杨鹏城
    Linux ypc 6.5.0-44-generic #44~22.04.1-Ubuntu SMP PREEMPT_DYNAMIC Tue Jun 18 14:36:16 UTC 2 x86_64 x86_64 x86_64 GNU/Linux
     18:50:04 up 5 days, 21:27,  1 user,  load average: 1.81, 1.70, 1.72

commit 6becd24a543b8eed0b44f24f9c07a55dffa79e50
Author: tracer-ysyx <tracer@ysyx.org>
Date:   Sun Sep 29 18:50:03 2024 +0800

    > compile NEMU
    ysyx_24080032 杨鹏城
    Linux ypc 6.5.0-44-generic #44~22.04.1-Ubuntu SMP PREEMPT_DYNAMIC Tue Jun 18 14:36:16 UTC 2 x86_64 x86_64 x86_64 GNU/Linux
     18:50:03 up 5 days, 21:27,  1 user,  load average: 1.81, 1.70, 1.72

commit bc6f70b6ba1835874e612fdfda87a7fcd3676d1d
Author: tracer-ysyx <tracer@ysyx.org>
Date:   Sun Sep 29 18:49:43 2024 +0800

    > run NEMU
    ysyx_24080032 杨鹏城
    Linux ypc 6.5.0-44-generic #44~22.04.1-Ubuntu SMP PREEMPT_DYNAMIC Tue Jun 18 14:36:16 UTC 2 x86_64 x86_64 x86_64 GNU/Linux
     18:49:43 up 5 days, 21:27,  1 user,  load average: 1.54, 1.65, 1.70

commit 48fa67ba6478de121e7693ec7c72a04cfc8c32e7
Author: tracer-ysyx <tracer@ysyx.org>
Date:   Sun Sep 29 18:49:43 2024 +0800

    > compile NEMU
    ysyx_24080032 杨鹏城
    Linux ypc 6.5.0-44-generic #44~22.04.1-Ubuntu SMP PREEMPT_DYNAMIC Tue Jun 18 14:36:16 UTC 2 x86_64 x86_64 x86_64 GNU/Linux
     18:49:43 up 5 days, 21:27,  1 user,  load average: 1.54, 1.65, 1.70

commit fad8ec2f5a8339bc7a8b83ca41c77b8b5162072d
Author: tracer-ysyx <tracer@ysyx.org>
Date:   Sun Sep 29 18:47:50 2024 +0800

    > run NEMU
    ysyx_24080032 杨鹏城
    Linux ypc 6.5.0-44-generic #44~22.04.1-Ubuntu SMP PREEMPT_DYNAMIC Tue Jun 18 14:36:16 UTC 2 x86_64 x86_64 x86_64 GNU/Linux
     18:47:50 up 5 days, 21:25,  1 user,  load average: 1.52, 1.66, 1.70

commit 8126864ef88806d35c001fa5153f3b6aae5ee928
Author: tracer-ysyx <tracer@ysyx.org>
Date:   Sun Sep 29 18:47:50 2024 +0800

    > compile NEMU
    ysyx_24080032 杨鹏城
    Linux ypc 6.5.0-44-generic #44~22.04.1-Ubuntu SMP PREEMPT_DYNAMIC Tue Jun 18 14:36:16 UTC 2 x86_64 x86_64 x86_64 GNU/Linux
     18:47:50 up 5 days, 21:25,  1 user,  load average: 1.52, 1.66, 1.70

commit 5a51c2defd98699b383386e7511678ec37e4c087
Author: tracer-ysyx <tracer@ysyx.org>
Date:   Sun Sep 29 18:35:20 2024 +0800

    > run NEMU
    ysyx_24080032 杨鹏城
    Linux ypc 6.5.0-44-generic #44~22.04.1-Ubuntu SMP PREEMPT_DYNAMIC Tue Jun 18 14:36:16 UTC 2 x86_64 x86_64 x86_64 GNU/Linux
     18:35:20 up 5 days, 21:12,  1 user,  load average: 4.45, 2.74, 1.94

commit 5d1896e6b7d0f6be9bf668b76678f192a48c7b7d
Author: tracer-ysyx <tracer@ysyx.org>
Date:   Sun Sep 29 18:35:20 2024 +0800

    > compile NEMU
    ysyx_24080032 杨鹏城
    Linux ypc 6.5.0-44-generic #44~22.04.1-Ubuntu SMP PREEMPT_DYNAMIC Tue Jun 18 14:36:16 UTC 2 x86_64 x86_64 x86_64 GNU/Linux
     18:35:20 up 5 days, 21:12,  1 user,  load average: 4.45, 2.74, 1.94

commit c1cf2c9a659f9a5434c2950b2803e46a5f68db81
Author: tracer-ysyx <tracer@ysyx.org>
Date:   Sun Sep 29 18:34:59 2024 +0800

    > run NEMU
    ysyx_24080032 杨鹏城
    Linux ypc 6.5.0-44-generic #44~22.04.1-Ubuntu SMP PREEMPT_DYNAMIC Tue Jun 18 14:36:16 UTC 2 x86_64 x86_64 x86_64 GNU/Linux
     18:34:59 up 5 days, 21:12,  1 user,  load average: 5.45, 2.79, 1.94

commit 38855661ab9572fcf56f765df610633a3a056b03
Author: tracer-ysyx <tracer@ysyx.org>
Date:   Sun Sep 29 18:34:59 2024 +0800

    > compile NEMU
    ysyx_24080032 杨鹏城
    Linux ypc 6.5.0-44-generic #44~22.04.1-Ubuntu SMP PREEMPT_DYNAMIC Tue Jun 18 14:36:16 UTC 2 x86_64 x86_64 x86_64 GNU/Linux
     18:34:59 up 5 days, 21:12,  1 user,  load average: 5.45, 2.79, 1.94

commit fe3853b6ea2c079778ad59ebe6bd08b8e41ba37c
Author: tracer-ysyx <tracer@ysyx.org>
Date:   Sun Sep 29 18:34:58 2024 +0800

    > run NEMU
    ysyx_24080032 杨鹏城
    Linux ypc 6.5.0-44-generic #44~22.04.1-Ubuntu SMP PREEMPT_DYNAMIC Tue Jun 18 14:36:16 UTC 2 x86_64 x86_64 x86_64 GNU/Linux
     18:34:58 up 5 days, 21:12,  1 user,  load average: 5.40, 2.74, 1.91

commit b0766ff5695ebd8a71600be660897e9f1168e219
Author: tracer-ysyx <tracer@ysyx.org>
Date:   Sun Sep 29 18:34:58 2024 +0800

    > compile NEMU
    ysyx_24080032 杨鹏城
    Linux ypc 6.5.0-44-generic #44~22.04.1-Ubuntu SMP PREEMPT_DYNAMIC Tue Jun 18 14:36:16 UTC 2 x86_64 x86_64 x86_64 GNU/Linux
     18:34:58 up 5 days, 21:12,  1 user,  load average: 5.40, 2.74, 1.91

commit 995cb2557ac7bab8c982ef0115f8987be9bf598b
Author: tracer-ysyx <tracer@ysyx.org>
Date:   Sun Sep 29 18:34:57 2024 +0800

    > run NEMU
    ysyx_24080032 杨鹏城
    Linux ypc 6.5.0-44-generic #44~22.04.1-Ubuntu SMP PREEMPT_DYNAMIC Tue Jun 18 14:36:16 UTC 2 x86_64 x86_64 x86_64 GNU/Linux
     18:34:57 up 5 days, 21:12,  1 user,  load average: 5.40, 2.74, 1.91

commit 0b8ff1dd5dbccc6fa8d36dc1f70628a211d1dc43
Author: tracer-ysyx <tracer@ysyx.org>
Date:   Sun Sep 29 18:34:57 2024 +0800

    > compile NEMU
    ysyx_24080032 杨鹏城
    Linux ypc 6.5.0-44-generic #44~22.04.1-Ubuntu SMP PREEMPT_DYNAMIC Tue Jun 18 14:36:16 UTC 2 x86_64 x86_64 x86_64 GNU/Linux
     18:34:57 up 5 days, 21:12,  1 user,  load average: 5.40, 2.74, 1.91

commit 82c18d0f9878991595867114c4e0014b03362baf
Author: tracer-ysyx <tracer@ysyx.org>
Date:   Sun Sep 29 18:34:56 2024 +0800

    > run NEMU
    ysyx_24080032 杨鹏城
    Linux ypc 6.5.0-44-generic #44~22.04.1-Ubuntu SMP PREEMPT_DYNAMIC Tue Jun 18 14:36:16 UTC 2 x86_64 x86_64 x86_64 GNU/Linux
     18:34:56 up 5 days, 21:12,  1 user,  load average: 5.40, 2.74, 1.91

commit 3b2f0398986a81cac7e2f13d31b36bf06fe6e6a9
Author: tracer-ysyx <tracer@ysyx.org>
Date:   Sun Sep 29 18:34:56 2024 +0800

    > compile NEMU
    ysyx_24080032 杨鹏城
    Linux ypc 6.5.0-44-generic #44~22.04.1-Ubuntu SMP PREEMPT_DYNAMIC Tue Jun 18 14:36:16 UTC 2 x86_64 x86_64 x86_64 GNU/Linux
     18:34:56 up 5 days, 21:12,  1 user,  load average: 5.40, 2.74, 1.91

commit ade325c5fa87fb25c7a7ea5b85cdb40c22c0a73b
Author: tracer-ysyx <tracer@ysyx.org>
Date:   Sun Sep 29 18:34:55 2024 +0800

    > run NEMU
    ysyx_24080032 杨鹏城
    Linux ypc 6.5.0-44-generic #44~22.04.1-Ubuntu SMP PREEMPT_DYNAMIC Tue Jun 18 14:36:16 UTC 2 x86_64 x86_64 x86_64 GNU/Linux
     18:34:55 up 5 days, 21:12,  1 user,  load average: 5.40, 2.74, 1.91

commit e5da2d745e011c20720d618544d87a9c43982ccd
Author: tracer-ysyx <tracer@ysyx.org>
Date:   Sun Sep 29 18:34:55 2024 +0800

    > compile NEMU
    ysyx_24080032 杨鹏城
    Linux ypc 6.5.0-44-generic #44~22.04.1-Ubuntu SMP PREEMPT_DYNAMIC Tue Jun 18 14:36:16 UTC 2 x86_64 x86_64 x86_64 GNU/Linux
     18:34:55 up 5 days, 21:12,  1 user,  load average: 5.40, 2.74, 1.91

commit 6fecfdf04eb34010b864c9d8c579f77dcf4ece36
Author: tracer-ysyx <tracer@ysyx.org>
Date:   Sun Sep 29 18:34:54 2024 +0800

    > run NEMU
    ysyx_24080032 杨鹏城
    Linux ypc 6.5.0-44-generic #44~22.04.1-Ubuntu SMP PREEMPT_DYNAMIC Tue Jun 18 14:36:16 UTC 2 x86_64 x86_64 x86_64 GNU/Linux
     18:34:54 up 5 days, 21:12,  1 user,  load average: 5.40, 2.74, 1.91

commit 788ad72359a8fbe12b666f3f8d314d25c54c75bf
Author: tracer-ysyx <tracer@ysyx.org>
Date:   Sun Sep 29 18:34:54 2024 +0800

    > compile NEMU
    ysyx_24080032 杨鹏城
    Linux ypc 6.5.0-44-generic #44~22.04.1-Ubuntu SMP PREEMPT_DYNAMIC Tue Jun 18 14:36:16 UTC 2 x86_64 x86_64 x86_64 GNU/Linux
     18:34:54 up 5 days, 21:12,  1 user,  load average: 5.40, 2.74, 1.91

commit 0899baea2996c8af33c2388ea368b86922697c77
Author: tracer-ysyx <tracer@ysyx.org>
Date:   Sun Sep 29 18:34:53 2024 +0800

    > run NEMU
    ysyx_24080032 杨鹏城
    Linux ypc 6.5.0-44-generic #44~22.04.1-Ubuntu SMP PREEMPT_DYNAMIC Tue Jun 18 14:36:16 UTC 2 x86_64 x86_64 x86_64 GNU/Linux
     18:34:53 up 5 days, 21:12,  1 user,  load average: 5.61, 2.73, 1.91

commit 5539f7e6a75713687137c70e7d78721e3b6d7177
Author: tracer-ysyx <tracer@ysyx.org>
Date:   Sun Sep 29 18:34:53 2024 +0800

    > compile NEMU
    ysyx_24080032 杨鹏城
    Linux ypc 6.5.0-44-generic #44~22.04.1-Ubuntu SMP PREEMPT_DYNAMIC Tue Jun 18 14:36:16 UTC 2 x86_64 x86_64 x86_64 GNU/Linux
     18:34:53 up 5 days, 21:12,  1 user,  load average: 5.61, 2.73, 1.91

commit ebb3d0c6d26ca206971fbaa05a054b9d317d040c
Author: tracer-ysyx <tracer@ysyx.org>
Date:   Sun Sep 29 18:34:52 2024 +0800

    > run NEMU
    ysyx_24080032 杨鹏城
    Linux ypc 6.5.0-44-generic #44~22.04.1-Ubuntu SMP PREEMPT_DYNAMIC Tue Jun 18 14:36:16 UTC 2 x86_64 x86_64 x86_64 GNU/Linux
     18:34:52 up 5 days, 21:12,  1 user,  load average: 5.61, 2.73, 1.91

commit e57d7aa645cde11ceb2ee70384c57a912281670d
Author: tracer-ysyx <tracer@ysyx.org>
Date:   Sun Sep 29 18:34:52 2024 +0800

    > compile NEMU
    ysyx_24080032 杨鹏城
    Linux ypc 6.5.0-44-generic #44~22.04.1-Ubuntu SMP PREEMPT_DYNAMIC Tue Jun 18 14:36:16 UTC 2 x86_64 x86_64 x86_64 GNU/Linux
     18:34:52 up 5 days, 21:12,  1 user,  load average: 5.61, 2.73, 1.91

commit c908b5088f26ad7beccda0000f607a0e9ef4abbb
Author: tracer-ysyx <tracer@ysyx.org>
Date:   Sun Sep 29 18:34:51 2024 +0800

    > run NEMU
    ysyx_24080032 杨鹏城
    Linux ypc 6.5.0-44-generic #44~22.04.1-Ubuntu SMP PREEMPT_DYNAMIC Tue Jun 18 14:36:16 UTC 2 x86_64 x86_64 x86_64 GNU/Linux
     18:34:51 up 5 days, 21:12,  1 user,  load average: 5.61, 2.73, 1.91

commit 0b80535c0671588bf5dc3e060bd284af2656e805
Author: tracer-ysyx <tracer@ysyx.org>
Date:   Sun Sep 29 18:34:51 2024 +0800

    > compile NEMU
    ysyx_24080032 杨鹏城
    Linux ypc 6.5.0-44-generic #44~22.04.1-Ubuntu SMP PREEMPT_DYNAMIC Tue Jun 18 14:36:16 UTC 2 x86_64 x86_64 x86_64 GNU/Linux
     18:34:51 up 5 days, 21:12,  1 user,  load average: 5.61, 2.73, 1.91

commit 88b8b8f3da315aacbc4c95ebd50c4878cf2022e7
Author: tracer-ysyx <tracer@ysyx.org>
Date:   Sun Sep 29 18:34:50 2024 +0800

    > run NEMU
    ysyx_24080032 杨鹏城
    Linux ypc 6.5.0-44-generic #44~22.04.1-Ubuntu SMP PREEMPT_DYNAMIC Tue Jun 18 14:36:16 UTC 2 x86_64 x86_64 x86_64 GNU/Linux
     18:34:50 up 5 days, 21:12,  1 user,  load average: 5.61, 2.73, 1.91

commit d0652cb5dcabaea4b9e9c85c689f6dca232128e8
Author: tracer-ysyx <tracer@ysyx.org>
Date:   Sun Sep 29 18:34:50 2024 +0800

    > compile NEMU
    ysyx_24080032 杨鹏城
    Linux ypc 6.5.0-44-generic #44~22.04.1-Ubuntu SMP PREEMPT_DYNAMIC Tue Jun 18 14:36:16 UTC 2 x86_64 x86_64 x86_64 GNU/Linux
     18:34:50 up 5 days, 21:12,  1 user,  load average: 5.61, 2.73, 1.91

commit f4b5aa4e159e4c721f7ed8b3c02d5dec027566af
Author: tracer-ysyx <tracer@ysyx.org>
Date:   Sun Sep 29 18:34:49 2024 +0800

    > run NEMU
    ysyx_24080032 杨鹏城
    Linux ypc 6.5.0-44-generic #44~22.04.1-Ubuntu SMP PREEMPT_DYNAMIC Tue Jun 18 14:36:16 UTC 2 x86_64 x86_64 x86_64 GNU/Linux
     18:34:49 up 5 days, 21:12,  1 user,  load average: 5.61, 2.73, 1.91

commit 84722427219ad52996c233ca8337fbf60df86cfb
Author: tracer-ysyx <tracer@ysyx.org>
Date:   Sun Sep 29 18:34:49 2024 +0800

    > compile NEMU
    ysyx_24080032 杨鹏城
    Linux ypc 6.5.0-44-generic #44~22.04.1-Ubuntu SMP PREEMPT_DYNAMIC Tue Jun 18 14:36:16 UTC 2 x86_64 x86_64 x86_64 GNU/Linux
     18:34:49 up 5 days, 21:12,  1 user,  load average: 5.61, 2.73, 1.91

commit 1098a6331abdd588900f342846adb051e8a4fad6
Author: tracer-ysyx <tracer@ysyx.org>
Date:   Sun Sep 29 18:34:48 2024 +0800

    > run NEMU
    ysyx_24080032 杨鹏城
    Linux ypc 6.5.0-44-generic #44~22.04.1-Ubuntu SMP PREEMPT_DYNAMIC Tue Jun 18 14:36:16 UTC 2 x86_64 x86_64 x86_64 GNU/Linux
     18:34:48 up 5 days, 21:12,  1 user,  load average: 5.49, 2.66, 1.88

commit 10586e4380bd50809fc4c600a35e672e1a55483f
Author: tracer-ysyx <tracer@ysyx.org>
Date:   Sun Sep 29 18:34:48 2024 +0800

    > compile NEMU
    ysyx_24080032 杨鹏城
    Linux ypc 6.5.0-44-generic #44~22.04.1-Ubuntu SMP PREEMPT_DYNAMIC Tue Jun 18 14:36:16 UTC 2 x86_64 x86_64 x86_64 GNU/Linux
     18:34:48 up 5 days, 21:12,  1 user,  load average: 5.49, 2.66, 1.88

commit 747c8bf63ab07d11cce2dc3744f0f3672def5672
Author: tracer-ysyx <tracer@ysyx.org>
Date:   Sun Sep 29 18:34:47 2024 +0800

    > run NEMU
    ysyx_24080032 杨鹏城
    Linux ypc 6.5.0-44-generic #44~22.04.1-Ubuntu SMP PREEMPT_DYNAMIC Tue Jun 18 14:36:16 UTC 2 x86_64 x86_64 x86_64 GNU/Linux
     18:34:47 up 5 days, 21:12,  1 user,  load average: 5.49, 2.66, 1.88

commit fad3496c17664200825ad63f4d6183630812f4f1
Author: tracer-ysyx <tracer@ysyx.org>
Date:   Sun Sep 29 18:34:47 2024 +0800

    > compile NEMU
    ysyx_24080032 杨鹏城
    Linux ypc 6.5.0-44-generic #44~22.04.1-Ubuntu SMP PREEMPT_DYNAMIC Tue Jun 18 14:36:16 UTC 2 x86_64 x86_64 x86_64 GNU/Linux
     18:34:47 up 5 days, 21:12,  1 user,  load average: 5.49, 2.66, 1.88

commit 19d9e0cf2280b18be8503646118b6f8e77169ea8
Author: tracer-ysyx <tracer@ysyx.org>
Date:   Sun Sep 29 18:34:46 2024 +0800

    > run NEMU
    ysyx_24080032 杨鹏城
    Linux ypc 6.5.0-44-generic #44~22.04.1-Ubuntu SMP PREEMPT_DYNAMIC Tue Jun 18 14:36:16 UTC 2 x86_64 x86_64 x86_64 GNU/Linux
     18:34:46 up 5 days, 21:12,  1 user,  load average: 5.49, 2.66, 1.88

commit 7db1f4a0ce2731cd66b83179a171a18ae966619e
Author: tracer-ysyx <tracer@ysyx.org>
Date:   Sun Sep 29 18:34:46 2024 +0800

    > compile NEMU
    ysyx_24080032 杨鹏城
    Linux ypc 6.5.0-44-generic #44~22.04.1-Ubuntu SMP PREEMPT_DYNAMIC Tue Jun 18 14:36:16 UTC 2 x86_64 x86_64 x86_64 GNU/Linux
     18:34:46 up 5 days, 21:12,  1 user,  load average: 5.49, 2.66, 1.88

commit 3ac950b4d4d2d72957c57b2af38914c1ba5cd99d
Author: tracer-ysyx <tracer@ysyx.org>
Date:   Sun Sep 29 18:34:45 2024 +0800

    > run NEMU
    ysyx_24080032 杨鹏城
    Linux ypc 6.5.0-44-generic #44~22.04.1-Ubuntu SMP PREEMPT_DYNAMIC Tue Jun 18 14:36:16 UTC 2 x86_64 x86_64 x86_64 GNU/Linux
     18:34:45 up 5 days, 21:12,  1 user,  load average: 5.49, 2.66, 1.88

commit 5a3e74659b596e3f7ae691b6148989e3f2d2429b
Author: tracer-ysyx <tracer@ysyx.org>
Date:   Sun Sep 29 18:34:45 2024 +0800

    > compile NEMU
    ysyx_24080032 杨鹏城
    Linux ypc 6.5.0-44-generic #44~22.04.1-Ubuntu SMP PREEMPT_DYNAMIC Tue Jun 18 14:36:16 UTC 2 x86_64 x86_64 x86_64 GNU/Linux
     18:34:45 up 5 days, 21:12,  1 user,  load average: 5.49, 2.66, 1.88

commit 97b6175cae12e2326c6668bd43d7f262759b2b8f
Author: tracer-ysyx <tracer@ysyx.org>
Date:   Sun Sep 29 18:34:44 2024 +0800

    > run NEMU
    ysyx_24080032 杨鹏城
    Linux ypc 6.5.0-44-generic #44~22.04.1-Ubuntu SMP PREEMPT_DYNAMIC Tue Jun 18 14:36:16 UTC 2 x86_64 x86_64 x86_64 GNU/Linux
     18:34:44 up 5 days, 21:12,  1 user,  load average: 5.49, 2.66, 1.88

commit e739dfdcd2f2cca9b84011e6d3fea01030ddefda
Author: tracer-ysyx <tracer@ysyx.org>
Date:   Sun Sep 29 18:34:44 2024 +0800

    > compile NEMU
    ysyx_24080032 杨鹏城
    Linux ypc 6.5.0-44-generic #44~22.04.1-Ubuntu SMP PREEMPT_DYNAMIC Tue Jun 18 14:36:16 UTC 2 x86_64 x86_64 x86_64 GNU/Linux
     18:34:44 up 5 days, 21:12,  1 user,  load average: 5.49, 2.66, 1.88

commit dd538c471db3d31ae42f08ef3e60102d7b0e62a6
Author: tracer-ysyx <tracer@ysyx.org>
Date:   Sun Sep 29 18:34:43 2024 +0800

    > run NEMU
    ysyx_24080032 杨鹏城
    Linux ypc 6.5.0-44-generic #44~22.04.1-Ubuntu SMP PREEMPT_DYNAMIC Tue Jun 18 14:36:16 UTC 2 x86_64 x86_64 x86_64 GNU/Linux
     18:34:43 up 5 days, 21:12,  1 user,  load average: 4.74, 2.47, 1.81

commit 891cb1f6564ec847fc5d86ee655ab7cc7369824b
Author: tracer-ysyx <tracer@ysyx.org>
Date:   Sun Sep 29 18:34:43 2024 +0800

    > compile NEMU
    ysyx_24080032 杨鹏城
    Linux ypc 6.5.0-44-generic #44~22.04.1-Ubuntu SMP PREEMPT_DYNAMIC Tue Jun 18 14:36:16 UTC 2 x86_64 x86_64 x86_64 GNU/Linux
     18:34:43 up 5 days, 21:12,  1 user,  load average: 4.74, 2.47, 1.81

commit 3d0b6c2a8cd5952beb00d29a4a79f3f127c42b6a
Author: tracer-ysyx <tracer@ysyx.org>
Date:   Sun Sep 29 18:34:42 2024 +0800

    > run NEMU
    ysyx_24080032 杨鹏城
    Linux ypc 6.5.0-44-generic #44~22.04.1-Ubuntu SMP PREEMPT_DYNAMIC Tue Jun 18 14:36:16 UTC 2 x86_64 x86_64 x86_64 GNU/Linux
     18:34:42 up 5 days, 21:12,  1 user,  load average: 4.74, 2.47, 1.81

commit 1b688787964df46675392db8cd295aed3a85e4b2
Author: tracer-ysyx <tracer@ysyx.org>
Date:   Sun Sep 29 18:34:42 2024 +0800

    > compile NEMU
    ysyx_24080032 杨鹏城
    Linux ypc 6.5.0-44-generic #44~22.04.1-Ubuntu SMP PREEMPT_DYNAMIC Tue Jun 18 14:36:16 UTC 2 x86_64 x86_64 x86_64 GNU/Linux
     18:34:42 up 5 days, 21:12,  1 user,  load average: 4.74, 2.47, 1.81

commit 2e24a27b998cae00d9c63e96cecd49ed1e6e49d1
Author: tracer-ysyx <tracer@ysyx.org>
Date:   Sun Sep 29 18:34:41 2024 +0800

    > run NEMU
    ysyx_24080032 杨鹏城
    Linux ypc 6.5.0-44-generic #44~22.04.1-Ubuntu SMP PREEMPT_DYNAMIC Tue Jun 18 14:36:16 UTC 2 x86_64 x86_64 x86_64 GNU/Linux
     18:34:41 up 5 days, 21:12,  1 user,  load average: 4.74, 2.47, 1.81

commit f44f1b482635cdcb74a3d4b5ada1a3b137de40fd
Author: tracer-ysyx <tracer@ysyx.org>
Date:   Sun Sep 29 18:34:41 2024 +0800

    > compile NEMU
    ysyx_24080032 杨鹏城
    Linux ypc 6.5.0-44-generic #44~22.04.1-Ubuntu SMP PREEMPT_DYNAMIC Tue Jun 18 14:36:16 UTC 2 x86_64 x86_64 x86_64 GNU/Linux
     18:34:41 up 5 days, 21:12,  1 user,  load average: 4.74, 2.47, 1.81

commit 28356a90f2678ea1e27770ba5ab4fafa0d9ca22e
Author: tracer-ysyx <tracer@ysyx.org>
Date:   Sun Sep 29 18:34:40 2024 +0800

    > run NEMU
    ysyx_24080032 杨鹏城
    Linux ypc 6.5.0-44-generic #44~22.04.1-Ubuntu SMP PREEMPT_DYNAMIC Tue Jun 18 14:36:16 UTC 2 x86_64 x86_64 x86_64 GNU/Linux
     18:34:40 up 5 days, 21:12,  1 user,  load average: 4.74, 2.47, 1.81

commit d9ae1d439a2c1e178f636f5ab5711df9cb06c203
Author: tracer-ysyx <tracer@ysyx.org>
Date:   Sun Sep 29 18:34:40 2024 +0800

    > compile NEMU
    ysyx_24080032 杨鹏城
    Linux ypc 6.5.0-44-generic #44~22.04.1-Ubuntu SMP PREEMPT_DYNAMIC Tue Jun 18 14:36:16 UTC 2 x86_64 x86_64 x86_64 GNU/Linux
     18:34:40 up 5 days, 21:12,  1 user,  load average: 4.74, 2.47, 1.81

commit 7f78e18d4401edfcf072fb1daf4cc67d8ff38d10
Author: tracer-ysyx <tracer@ysyx.org>
Date:   Sun Sep 29 18:34:39 2024 +0800

    > run NEMU
    ysyx_24080032 杨鹏城
    Linux ypc 6.5.0-44-generic #44~22.04.1-Ubuntu SMP PREEMPT_DYNAMIC Tue Jun 18 14:36:16 UTC 2 x86_64 x86_64 x86_64 GNU/Linux
     18:34:39 up 5 days, 21:12,  1 user,  load average: 4.74, 2.47, 1.81

commit eae998e28a7ea7b0a7d66c94b8455f1cef0d998f
Author: tracer-ysyx <tracer@ysyx.org>
Date:   Sun Sep 29 18:34:39 2024 +0800

    > compile NEMU
    ysyx_24080032 杨鹏城
    Linux ypc 6.5.0-44-generic #44~22.04.1-Ubuntu SMP PREEMPT_DYNAMIC Tue Jun 18 14:36:16 UTC 2 x86_64 x86_64 x86_64 GNU/Linux
     18:34:39 up 5 days, 21:12,  1 user,  load average: 4.74, 2.47, 1.81

commit c973bdaeecfa6c9c855768d0db57e551b9ec94f1
Author: tracer-ysyx <tracer@ysyx.org>
Date:   Sun Sep 29 18:34:38 2024 +0800

    > run NEMU
    ysyx_24080032 杨鹏城
    Linux ypc 6.5.0-44-generic #44~22.04.1-Ubuntu SMP PREEMPT_DYNAMIC Tue Jun 18 14:36:16 UTC 2 x86_64 x86_64 x86_64 GNU/Linux
     18:34:38 up 5 days, 21:12,  1 user,  load average: 4.20, 2.33, 1.77

commit 6ac87e07de86765411e1ba0de017c296a3ff9798
Author: tracer-ysyx <tracer@ysyx.org>
Date:   Sun Sep 29 18:34:38 2024 +0800

    > compile NEMU
    ysyx_24080032 杨鹏城
    Linux ypc 6.5.0-44-generic #44~22.04.1-Ubuntu SMP PREEMPT_DYNAMIC Tue Jun 18 14:36:16 UTC 2 x86_64 x86_64 x86_64 GNU/Linux
     18:34:38 up 5 days, 21:12,  1 user,  load average: 4.20, 2.33, 1.77

commit 15c7bc3d321fc141a023d4aff81adb2a80ca0fd0
Author: tracer-ysyx <tracer@ysyx.org>
Date:   Sun Sep 29 18:34:37 2024 +0800

    > run NEMU
    ysyx_24080032 杨鹏城
    Linux ypc 6.5.0-44-generic #44~22.04.1-Ubuntu SMP PREEMPT_DYNAMIC Tue Jun 18 14:36:16 UTC 2 x86_64 x86_64 x86_64 GNU/Linux
     18:34:37 up 5 days, 21:12,  1 user,  load average: 4.20, 2.33, 1.77

commit 23aea20db516748bffa07fbcbcacd40b36c7f35c
Author: tracer-ysyx <tracer@ysyx.org>
Date:   Sun Sep 29 18:34:37 2024 +0800

    > compile NEMU
    ysyx_24080032 杨鹏城
    Linux ypc 6.5.0-44-generic #44~22.04.1-Ubuntu SMP PREEMPT_DYNAMIC Tue Jun 18 14:36:16 UTC 2 x86_64 x86_64 x86_64 GNU/Linux
     18:34:37 up 5 days, 21:12,  1 user,  load average: 4.20, 2.33, 1.77

commit 712b330a8fa5934c454a30ce86ce838d76eceae0
Author: tracer-ysyx <tracer@ysyx.org>
Date:   Sun Sep 29 18:34:37 2024 +0800

    > run NEMU
    ysyx_24080032 杨鹏城
    Linux ypc 6.5.0-44-generic #44~22.04.1-Ubuntu SMP PREEMPT_DYNAMIC Tue Jun 18 14:36:16 UTC 2 x86_64 x86_64 x86_64 GNU/Linux
     18:34:37 up 5 days, 21:12,  1 user,  load average: 4.20, 2.33, 1.77

commit 35dff8d12f26a5e104c27d8244ec293c5e53f17d
Author: tracer-ysyx <tracer@ysyx.org>
Date:   Sun Sep 29 18:34:36 2024 +0800

    > compile NEMU
    ysyx_24080032 杨鹏城
    Linux ypc 6.5.0-44-generic #44~22.04.1-Ubuntu SMP PREEMPT_DYNAMIC Tue Jun 18 14:36:16 UTC 2 x86_64 x86_64 x86_64 GNU/Linux
     18:34:36 up 5 days, 21:12,  1 user,  load average: 4.20, 2.33, 1.77

commit 10789dd1669de84a13d8c5b63416bea18999b5c1
Author: tracer-ysyx <tracer@ysyx.org>
Date:   Sun Sep 29 18:34:35 2024 +0800

    > run NEMU
    ysyx_24080032 杨鹏城
    Linux ypc 6.5.0-44-generic #44~22.04.1-Ubuntu SMP PREEMPT_DYNAMIC Tue Jun 18 14:36:16 UTC 2 x86_64 x86_64 x86_64 GNU/Linux
     18:34:35 up 5 days, 21:12,  1 user,  load average: 4.20, 2.33, 1.77

commit 3d0bea53f8b91479b3877412042d171791b4361f
Author: tracer-ysyx <tracer@ysyx.org>
Date:   Sun Sep 29 18:34:35 2024 +0800

    > compile NEMU
    ysyx_24080032 杨鹏城
    Linux ypc 6.5.0-44-generic #44~22.04.1-Ubuntu SMP PREEMPT_DYNAMIC Tue Jun 18 14:36:16 UTC 2 x86_64 x86_64 x86_64 GNU/Linux
     18:34:35 up 5 days, 21:12,  1 user,  load average: 4.20, 2.33, 1.77

commit 6b2bc37be9d9b61b6d236aa5e959fd5340f35b77
Author: tracer-ysyx <tracer@ysyx.org>
Date:   Sun Sep 29 18:34:34 2024 +0800

    > run NEMU
    ysyx_24080032 杨鹏城
    Linux ypc 6.5.0-44-generic #44~22.04.1-Ubuntu SMP PREEMPT_DYNAMIC Tue Jun 18 14:36:16 UTC 2 x86_64 x86_64 x86_64 GNU/Linux
     18:34:34 up 5 days, 21:12,  1 user,  load average: 4.20, 2.33, 1.77

commit 2383462fb2dc82fc9c39fcf690c0673229af7f8f
Author: tracer-ysyx <tracer@ysyx.org>
Date:   Sun Sep 29 18:34:34 2024 +0800

    > compile NEMU
    ysyx_24080032 杨鹏城
    Linux ypc 6.5.0-44-generic #44~22.04.1-Ubuntu SMP PREEMPT_DYNAMIC Tue Jun 18 14:36:16 UTC 2 x86_64 x86_64 x86_64 GNU/Linux
     18:34:34 up 5 days, 21:12,  1 user,  load average: 4.20, 2.33, 1.77

commit 336dc540b548754e21af119966e3a0d6c615cc85
Author: tracer-ysyx <tracer@ysyx.org>
Date:   Sun Sep 29 18:34:33 2024 +0800

    > run NEMU
    ysyx_24080032 杨鹏城
    Linux ypc 6.5.0-44-generic #44~22.04.1-Ubuntu SMP PREEMPT_DYNAMIC Tue Jun 18 14:36:16 UTC 2 x86_64 x86_64 x86_64 GNU/Linux
     18:34:33 up 5 days, 21:12,  1 user,  load average: 3.17, 2.09, 1.69

commit 0c6a18a0c3662488734f85eb81565bb66b50a0a0
Author: tracer-ysyx <tracer@ysyx.org>
Date:   Sun Sep 29 18:34:33 2024 +0800

    > compile NEMU
    ysyx_24080032 杨鹏城
    Linux ypc 6.5.0-44-generic #44~22.04.1-Ubuntu SMP PREEMPT_DYNAMIC Tue Jun 18 14:36:16 UTC 2 x86_64 x86_64 x86_64 GNU/Linux
     18:34:33 up 5 days, 21:12,  1 user,  load average: 3.17, 2.09, 1.69

commit 4364c466dad7dcbe7d2379ec2b319fa771764db0
Author: tracer-ysyx <tracer@ysyx.org>
Date:   Sun Sep 29 18:34:32 2024 +0800

    > run NEMU
    ysyx_24080032 杨鹏城
    Linux ypc 6.5.0-44-generic #44~22.04.1-Ubuntu SMP PREEMPT_DYNAMIC Tue Jun 18 14:36:16 UTC 2 x86_64 x86_64 x86_64 GNU/Linux
     18:34:32 up 5 days, 21:12,  1 user,  load average: 3.17, 2.09, 1.69

commit 6aaa1461c63f6e038136befa2a98ff7ed38c1b35
Author: tracer-ysyx <tracer@ysyx.org>
Date:   Sun Sep 29 18:34:32 2024 +0800

    > compile NEMU
    ysyx_24080032 杨鹏城
    Linux ypc 6.5.0-44-generic #44~22.04.1-Ubuntu SMP PREEMPT_DYNAMIC Tue Jun 18 14:36:16 UTC 2 x86_64 x86_64 x86_64 GNU/Linux
     18:34:32 up 5 days, 21:12,  1 user,  load average: 3.17, 2.09, 1.69

commit c0e33e1d885ae9ad9cec42b3a707bbd4d099a934
Author: tracer-ysyx <tracer@ysyx.org>
Date:   Sun Sep 29 18:34:30 2024 +0800

    > run NEMU
    ysyx_24080032 杨鹏城
    Linux ypc 6.5.0-44-generic #44~22.04.1-Ubuntu SMP PREEMPT_DYNAMIC Tue Jun 18 14:36:16 UTC 2 x86_64 x86_64 x86_64 GNU/Linux
     18:34:30 up 5 days, 21:11,  1 user,  load average: 3.17, 2.09, 1.69

commit 74b663d687225abe887f9ec08021f92d5117bceb
Author: tracer-ysyx <tracer@ysyx.org>
Date:   Sun Sep 29 18:34:30 2024 +0800

    > compile NEMU
    ysyx_24080032 杨鹏城
    Linux ypc 6.5.0-44-generic #44~22.04.1-Ubuntu SMP PREEMPT_DYNAMIC Tue Jun 18 14:36:16 UTC 2 x86_64 x86_64 x86_64 GNU/Linux
     18:34:30 up 5 days, 21:11,  1 user,  load average: 3.17, 2.09, 1.69

commit b01635952cbe5bbb4c569ed43cea0dd02bc2e836
Author: tracer-ysyx <tracer@ysyx.org>
Date:   Sun Sep 29 18:34:29 2024 +0800

    > run NEMU
    ysyx_24080032 杨鹏城
    Linux ypc 6.5.0-44-generic #44~22.04.1-Ubuntu SMP PREEMPT_DYNAMIC Tue Jun 18 14:36:16 UTC 2 x86_64 x86_64 x86_64 GNU/Linux
     18:34:29 up 5 days, 21:11,  1 user,  load average: 3.17, 2.09, 1.69

commit 78753c22334f56ddb9bf01f9fbb357d43755886d
Author: tracer-ysyx <tracer@ysyx.org>
Date:   Sun Sep 29 18:34:29 2024 +0800

    > compile NEMU
    ysyx_24080032 杨鹏城
    Linux ypc 6.5.0-44-generic #44~22.04.1-Ubuntu SMP PREEMPT_DYNAMIC Tue Jun 18 14:36:16 UTC 2 x86_64 x86_64 x86_64 GNU/Linux
     18:34:29 up 5 days, 21:11,  1 user,  load average: 3.17, 2.09, 1.69

commit 448900656dd4de6bf04d7d3dc4a6ab49b7b4aadc
Author: tracer-ysyx <tracer@ysyx.org>
Date:   Sun Sep 29 18:34:27 2024 +0800

    > run NEMU
    ysyx_24080032 杨鹏城
    Linux ypc 6.5.0-44-generic #44~22.04.1-Ubuntu SMP PREEMPT_DYNAMIC Tue Jun 18 14:36:16 UTC 2 x86_64 x86_64 x86_64 GNU/Linux
     18:34:27 up 5 days, 21:11,  1 user,  load average: 3.01, 2.05, 1.67

commit a0806a5db6d8f07ec1bb63c5a0311d2059168562
Author: tracer-ysyx <tracer@ysyx.org>
Date:   Sun Sep 29 18:34:27 2024 +0800

    > compile NEMU
    ysyx_24080032 杨鹏城
    Linux ypc 6.5.0-44-generic #44~22.04.1-Ubuntu SMP PREEMPT_DYNAMIC Tue Jun 18 14:36:16 UTC 2 x86_64 x86_64 x86_64 GNU/Linux
     18:34:27 up 5 days, 21:11,  1 user,  load average: 3.01, 2.05, 1.67

commit c8c73554f851ec811ab242d53e4059fa57bd213f
Author: tracer-ysyx <tracer@ysyx.org>
Date:   Sun Sep 29 18:34:26 2024 +0800

    > run NEMU
    ysyx_24080032 杨鹏城
    Linux ypc 6.5.0-44-generic #44~22.04.1-Ubuntu SMP PREEMPT_DYNAMIC Tue Jun 18 14:36:16 UTC 2 x86_64 x86_64 x86_64 GNU/Linux
     18:34:26 up 5 days, 21:11,  1 user,  load average: 3.01, 2.05, 1.67

commit 21e1a537a413ac1e61555ba58ce02f0237f56687
Author: tracer-ysyx <tracer@ysyx.org>
Date:   Sun Sep 29 18:34:26 2024 +0800

    > compile NEMU
    ysyx_24080032 杨鹏城
    Linux ypc 6.5.0-44-generic #44~22.04.1-Ubuntu SMP PREEMPT_DYNAMIC Tue Jun 18 14:36:16 UTC 2 x86_64 x86_64 x86_64 GNU/Linux
     18:34:26 up 5 days, 21:11,  1 user,  load average: 3.01, 2.05, 1.67

commit 7251bd438b449efdb5b66ff9407325ba43b6d2fd
Author: tracer-ysyx <tracer@ysyx.org>
Date:   Sun Sep 29 18:34:24 2024 +0800

    > run NEMU
    ysyx_24080032 杨鹏城
    Linux ypc 6.5.0-44-generic #44~22.04.1-Ubuntu SMP PREEMPT_DYNAMIC Tue Jun 18 14:36:16 UTC 2 x86_64 x86_64 x86_64 GNU/Linux
     18:34:24 up 5 days, 21:11,  1 user,  load average: 3.01, 2.05, 1.67

commit 40657f32dc09a50b4388cf2da77976d73a814b12
Author: tracer-ysyx <tracer@ysyx.org>
Date:   Sun Sep 29 18:34:24 2024 +0800

    > compile NEMU
    ysyx_24080032 杨鹏城
    Linux ypc 6.5.0-44-generic #44~22.04.1-Ubuntu SMP PREEMPT_DYNAMIC Tue Jun 18 14:36:16 UTC 2 x86_64 x86_64 x86_64 GNU/Linux
     18:34:24 up 5 days, 21:11,  1 user,  load average: 3.01, 2.05, 1.67

commit 6654c2d20f876124a253e677f8f86806aca2633c
Author: tracer-ysyx <tracer@ysyx.org>
Date:   Sun Sep 29 18:34:23 2024 +0800

    > run NEMU
    ysyx_24080032 杨鹏城
    Linux ypc 6.5.0-44-generic #44~22.04.1-Ubuntu SMP PREEMPT_DYNAMIC Tue Jun 18 14:36:16 UTC 2 x86_64 x86_64 x86_64 GNU/Linux
     18:34:23 up 5 days, 21:11,  1 user,  load average: 2.58, 1.94, 1.64

commit 6e47807e815e1f03e533f0f14aa3cef50cc7a996
Author: tracer-ysyx <tracer@ysyx.org>
Date:   Sun Sep 29 18:34:23 2024 +0800

    > compile NEMU
    ysyx_24080032 杨鹏城
    Linux ypc 6.5.0-44-generic #44~22.04.1-Ubuntu SMP PREEMPT_DYNAMIC Tue Jun 18 14:36:16 UTC 2 x86_64 x86_64 x86_64 GNU/Linux
     18:34:23 up 5 days, 21:11,  1 user,  load average: 2.58, 1.94, 1.64

commit 60fa01feb623e6d2f05dea1ee2a7bbb48eb07e58
Author: tracer-ysyx <tracer@ysyx.org>
Date:   Sun Sep 29 18:34:21 2024 +0800

    > run NEMU
    ysyx_24080032 杨鹏城
    Linux ypc 6.5.0-44-generic #44~22.04.1-Ubuntu SMP PREEMPT_DYNAMIC Tue Jun 18 14:36:16 UTC 2 x86_64 x86_64 x86_64 GNU/Linux
     18:34:21 up 5 days, 21:11,  1 user,  load average: 2.58, 1.94, 1.64

commit 20041fcf03cc08fb9431d7b0f6977556d7dfc32c
Author: tracer-ysyx <tracer@ysyx.org>
Date:   Sun Sep 29 18:34:21 2024 +0800

    > compile NEMU
    ysyx_24080032 杨鹏城
    Linux ypc 6.5.0-44-generic #44~22.04.1-Ubuntu SMP PREEMPT_DYNAMIC Tue Jun 18 14:36:16 UTC 2 x86_64 x86_64 x86_64 GNU/Linux
     18:34:21 up 5 days, 21:11,  1 user,  load average: 2.58, 1.94, 1.64

commit e6beae5076a788c35928787fc3f04a6a045621d0
Author: tracer-ysyx <tracer@ysyx.org>
Date:   Sun Sep 29 18:33:46 2024 +0800

    > compile NEMU
    ysyx_24080032 杨鹏城
    Linux ypc 6.5.0-44-generic #44~22.04.1-Ubuntu SMP PREEMPT_DYNAMIC Tue Jun 18 14:36:16 UTC 2 x86_64 x86_64 x86_64 GNU/Linux
     18:33:46 up 5 days, 21:11,  1 user,  load average: 3.31, 1.99, 1.64

commit 09aeb84487f987df4c6989ad4b838c584e21f7af
Author: tracer-ysyx <tracer@ysyx.org>
Date:   Sun Sep 29 18:33:45 2024 +0800

    > run NEMU
    ysyx_24080032 杨鹏城
    Linux ypc 6.5.0-44-generic #44~22.04.1-Ubuntu SMP PREEMPT_DYNAMIC Tue Jun 18 14:36:16 UTC 2 x86_64 x86_64 x86_64 GNU/Linux
     18:33:45 up 5 days, 21:11,  1 user,  load average: 3.31, 1.99, 1.64

commit 4de531ec9e7e9503aeb31de0502bef8137bea2f0
Author: tracer-ysyx <tracer@ysyx.org>
Date:   Sun Sep 29 18:33:45 2024 +0800

    > compile NEMU
    ysyx_24080032 杨鹏城
    Linux ypc 6.5.0-44-generic #44~22.04.1-Ubuntu SMP PREEMPT_DYNAMIC Tue Jun 18 14:36:16 UTC 2 x86_64 x86_64 x86_64 GNU/Linux
     18:33:45 up 5 days, 21:11,  1 user,  load average: 3.31, 1.99, 1.64

commit b687be89bb1e2a989d8c405299a3a71ef343f57d
Author: tracer-ysyx <tracer@ysyx.org>
Date:   Sun Sep 29 18:33:44 2024 +0800

    > run NEMU
    ysyx_24080032 杨鹏城
    Linux ypc 6.5.0-44-generic #44~22.04.1-Ubuntu SMP PREEMPT_DYNAMIC Tue Jun 18 14:36:16 UTC 2 x86_64 x86_64 x86_64 GNU/Linux
     18:33:44 up 5 days, 21:11,  1 user,  load average: 3.31, 1.99, 1.64

commit 112ca38be1027c5bdafa625684c5b5c206074bde
Author: tracer-ysyx <tracer@ysyx.org>
Date:   Sun Sep 29 18:33:44 2024 +0800

    > compile NEMU
    ysyx_24080032 杨鹏城
    Linux ypc 6.5.0-44-generic #44~22.04.1-Ubuntu SMP PREEMPT_DYNAMIC Tue Jun 18 14:36:16 UTC 2 x86_64 x86_64 x86_64 GNU/Linux
     18:33:44 up 5 days, 21:11,  1 user,  load average: 3.31, 1.99, 1.64

commit 60f80cd879c61daf966ad359bd03a87174efdac2
Author: tracer-ysyx <tracer@ysyx.org>
Date:   Sun Sep 29 18:33:44 2024 +0800

    > run NEMU
    ysyx_24080032 杨鹏城
    Linux ypc 6.5.0-44-generic #44~22.04.1-Ubuntu SMP PREEMPT_DYNAMIC Tue Jun 18 14:36:16 UTC 2 x86_64 x86_64 x86_64 GNU/Linux
     18:33:44 up 5 days, 21:11,  1 user,  load average: 3.31, 1.99, 1.64

commit a900fa98cf764de4c65c91e35732d53a9b80f8ca
Author: tracer-ysyx <tracer@ysyx.org>
Date:   Sun Sep 29 18:33:44 2024 +0800

    > compile NEMU
    ysyx_24080032 杨鹏城
    Linux ypc 6.5.0-44-generic #44~22.04.1-Ubuntu SMP PREEMPT_DYNAMIC Tue Jun 18 14:36:16 UTC 2 x86_64 x86_64 x86_64 GNU/Linux
     18:33:44 up 5 days, 21:11,  1 user,  load average: 3.31, 1.99, 1.64

commit dd2416485f9c96e81c263d12bf573b63e7d56e80
Author: tracer-ysyx <tracer@ysyx.org>
Date:   Sun Sep 29 18:33:43 2024 +0800

    > run NEMU
    ysyx_24080032 杨鹏城
    Linux ypc 6.5.0-44-generic #44~22.04.1-Ubuntu SMP PREEMPT_DYNAMIC Tue Jun 18 14:36:16 UTC 2 x86_64 x86_64 x86_64 GNU/Linux
     18:33:43 up 5 days, 21:11,  1 user,  load average: 2.99, 1.90, 1.61

commit 1ecc1918fb5b10db5c9de909540b58998afbdd29
Author: tracer-ysyx <tracer@ysyx.org>
Date:   Sun Sep 29 18:33:43 2024 +0800

    > compile NEMU
    ysyx_24080032 杨鹏城
    Linux ypc 6.5.0-44-generic #44~22.04.1-Ubuntu SMP PREEMPT_DYNAMIC Tue Jun 18 14:36:16 UTC 2 x86_64 x86_64 x86_64 GNU/Linux
     18:33:43 up 5 days, 21:11,  1 user,  load average: 2.99, 1.90, 1.61

commit e3fe10c2b8fa017b920dd0eb901066a05e646b3f
Author: tracer-ysyx <tracer@ysyx.org>
Date:   Sun Sep 29 18:33:42 2024 +0800

    > run NEMU
    ysyx_24080032 杨鹏城
    Linux ypc 6.5.0-44-generic #44~22.04.1-Ubuntu SMP PREEMPT_DYNAMIC Tue Jun 18 14:36:16 UTC 2 x86_64 x86_64 x86_64 GNU/Linux
     18:33:42 up 5 days, 21:11,  1 user,  load average: 2.99, 1.90, 1.61

commit 5b6fa509b4da8c32ce1b0696e1354f6e0e7ef590
Author: tracer-ysyx <tracer@ysyx.org>
Date:   Sun Sep 29 18:33:42 2024 +0800

    > compile NEMU
    ysyx_24080032 杨鹏城
    Linux ypc 6.5.0-44-generic #44~22.04.1-Ubuntu SMP PREEMPT_DYNAMIC Tue Jun 18 14:36:16 UTC 2 x86_64 x86_64 x86_64 GNU/Linux
     18:33:42 up 5 days, 21:11,  1 user,  load average: 2.99, 1.90, 1.61

commit e17f95689d028c055a932cf305dd25c6f87c57c2
Author: tracer-ysyx <tracer@ysyx.org>
Date:   Sun Sep 29 18:33:41 2024 +0800

    > run NEMU
    ysyx_24080032 杨鹏城
    Linux ypc 6.5.0-44-generic #44~22.04.1-Ubuntu SMP PREEMPT_DYNAMIC Tue Jun 18 14:36:16 UTC 2 x86_64 x86_64 x86_64 GNU/Linux
     18:33:41 up 5 days, 21:11,  1 user,  load average: 2.99, 1.90, 1.61

commit 06009813fd6b19b55bace0c857dace4d001ab159
Author: tracer-ysyx <tracer@ysyx.org>
Date:   Sun Sep 29 18:33:41 2024 +0800

    > compile NEMU
    ysyx_24080032 杨鹏城
    Linux ypc 6.5.0-44-generic #44~22.04.1-Ubuntu SMP PREEMPT_DYNAMIC Tue Jun 18 14:36:16 UTC 2 x86_64 x86_64 x86_64 GNU/Linux
     18:33:41 up 5 days, 21:11,  1 user,  load average: 2.99, 1.90, 1.61

commit 914de20b3cc6bf8d32fa5b786941eec15433dc61
Author: tracer-ysyx <tracer@ysyx.org>
Date:   Sun Sep 29 18:33:41 2024 +0800

    > run NEMU
    ysyx_24080032 杨鹏城
    Linux ypc 6.5.0-44-generic #44~22.04.1-Ubuntu SMP PREEMPT_DYNAMIC Tue Jun 18 14:36:16 UTC 2 x86_64 x86_64 x86_64 GNU/Linux
     18:33:41 up 5 days, 21:11,  1 user,  load average: 2.99, 1.90, 1.61

commit f981896a17d62cece1d939bd852c06fdf1a9770d
Author: tracer-ysyx <tracer@ysyx.org>
Date:   Sun Sep 29 18:33:41 2024 +0800

    > compile NEMU
    ysyx_24080032 杨鹏城
    Linux ypc 6.5.0-44-generic #44~22.04.1-Ubuntu SMP PREEMPT_DYNAMIC Tue Jun 18 14:36:16 UTC 2 x86_64 x86_64 x86_64 GNU/Linux
     18:33:41 up 5 days, 21:11,  1 user,  load average: 2.99, 1.90, 1.61

commit 5d82f9861ca31db94f7ccf67c6c3e5b3dab24c15
Author: tracer-ysyx <tracer@ysyx.org>
Date:   Sun Sep 29 18:33:40 2024 +0800

    > run NEMU
    ysyx_24080032 杨鹏城
    Linux ypc 6.5.0-44-generic #44~22.04.1-Ubuntu SMP PREEMPT_DYNAMIC Tue Jun 18 14:36:16 UTC 2 x86_64 x86_64 x86_64 GNU/Linux
     18:33:40 up 5 days, 21:11,  1 user,  load average: 2.99, 1.90, 1.61

commit 67261ac690db2bd01f7caf2adab3646ec2a3270c
Author: tracer-ysyx <tracer@ysyx.org>
Date:   Sun Sep 29 18:33:40 2024 +0800

    > compile NEMU
    ysyx_24080032 杨鹏城
    Linux ypc 6.5.0-44-generic #44~22.04.1-Ubuntu SMP PREEMPT_DYNAMIC Tue Jun 18 14:36:16 UTC 2 x86_64 x86_64 x86_64 GNU/Linux
     18:33:40 up 5 days, 21:11,  1 user,  load average: 2.99, 1.90, 1.61

commit 4a3e8dd6770164aabc80479295aba91dafdfb52e
Author: tracer-ysyx <tracer@ysyx.org>
Date:   Sun Sep 29 18:33:39 2024 +0800

    > run NEMU
    ysyx_24080032 杨鹏城
    Linux ypc 6.5.0-44-generic #44~22.04.1-Ubuntu SMP PREEMPT_DYNAMIC Tue Jun 18 14:36:16 UTC 2 x86_64 x86_64 x86_64 GNU/Linux
     18:33:39 up 5 days, 21:11,  1 user,  load average: 2.99, 1.90, 1.61

commit 79f6a34790f1c4de5bcc207af5eb420e1d22e0d1
Author: tracer-ysyx <tracer@ysyx.org>
Date:   Sun Sep 29 18:33:39 2024 +0800

    > compile NEMU
    ysyx_24080032 杨鹏城
    Linux ypc 6.5.0-44-generic #44~22.04.1-Ubuntu SMP PREEMPT_DYNAMIC Tue Jun 18 14:36:16 UTC 2 x86_64 x86_64 x86_64 GNU/Linux
     18:33:39 up 5 days, 21:11,  1 user,  load average: 2.99, 1.90, 1.61

commit 49106dfe9e9e84c6908c50e0809635e5f6c0a98f
Author: tracer-ysyx <tracer@ysyx.org>
Date:   Sun Sep 29 18:33:39 2024 +0800

    > run NEMU
    ysyx_24080032 杨鹏城
    Linux ypc 6.5.0-44-generic #44~22.04.1-Ubuntu SMP PREEMPT_DYNAMIC Tue Jun 18 14:36:16 UTC 2 x86_64 x86_64 x86_64 GNU/Linux
     18:33:39 up 5 days, 21:11,  1 user,  load average: 2.99, 1.90, 1.61

commit 8e0bc1c05d8e48ec0214ca92efd5a9fb17ed6432
Author: tracer-ysyx <tracer@ysyx.org>
Date:   Sun Sep 29 18:33:39 2024 +0800

    > compile NEMU
    ysyx_24080032 杨鹏城
    Linux ypc 6.5.0-44-generic #44~22.04.1-Ubuntu SMP PREEMPT_DYNAMIC Tue Jun 18 14:36:16 UTC 2 x86_64 x86_64 x86_64 GNU/Linux
     18:33:39 up 5 days, 21:11,  1 user,  load average: 2.99, 1.90, 1.61

commit e576648c6b05df6d8c1b5cac74965ddaa742d8c8
Author: tracer-ysyx <tracer@ysyx.org>
Date:   Sun Sep 29 18:33:38 2024 +0800

    > run NEMU
    ysyx_24080032 杨鹏城
    Linux ypc 6.5.0-44-generic #44~22.04.1-Ubuntu SMP PREEMPT_DYNAMIC Tue Jun 18 14:36:16 UTC 2 x86_64 x86_64 x86_64 GNU/Linux
     18:33:38 up 5 days, 21:11,  1 user,  load average: 2.99, 1.89, 1.60

commit c0dd7c6ef666daa43cb0751aa5763b4d0739946d
Author: tracer-ysyx <tracer@ysyx.org>
Date:   Sun Sep 29 18:33:38 2024 +0800

    > compile NEMU
    ysyx_24080032 杨鹏城
    Linux ypc 6.5.0-44-generic #44~22.04.1-Ubuntu SMP PREEMPT_DYNAMIC Tue Jun 18 14:36:16 UTC 2 x86_64 x86_64 x86_64 GNU/Linux
     18:33:38 up 5 days, 21:11,  1 user,  load average: 2.99, 1.89, 1.60

commit e28588a8cc0094d1670ce105ad7d1aca20fa1bf2
Author: tracer-ysyx <tracer@ysyx.org>
Date:   Sun Sep 29 18:33:37 2024 +0800

    > run NEMU
    ysyx_24080032 杨鹏城
    Linux ypc 6.5.0-44-generic #44~22.04.1-Ubuntu SMP PREEMPT_DYNAMIC Tue Jun 18 14:36:16 UTC 2 x86_64 x86_64 x86_64 GNU/Linux
     18:33:37 up 5 days, 21:11,  1 user,  load average: 2.99, 1.89, 1.60

commit 409d61eeb409d80dd5ccc0fe12973b9abecacc1d
Author: tracer-ysyx <tracer@ysyx.org>
Date:   Sun Sep 29 18:33:37 2024 +0800

    > compile NEMU
    ysyx_24080032 杨鹏城
    Linux ypc 6.5.0-44-generic #44~22.04.1-Ubuntu SMP PREEMPT_DYNAMIC Tue Jun 18 14:36:16 UTC 2 x86_64 x86_64 x86_64 GNU/Linux
     18:33:37 up 5 days, 21:11,  1 user,  load average: 2.99, 1.89, 1.60

commit 016a42462e4883347743364953c016a15dcc0d25
Author: tracer-ysyx <tracer@ysyx.org>
Date:   Sun Sep 29 18:33:37 2024 +0800

    > run NEMU
    ysyx_24080032 杨鹏城
    Linux ypc 6.5.0-44-generic #44~22.04.1-Ubuntu SMP PREEMPT_DYNAMIC Tue Jun 18 14:36:16 UTC 2 x86_64 x86_64 x86_64 GNU/Linux
     18:33:37 up 5 days, 21:11,  1 user,  load average: 2.99, 1.89, 1.60

commit e9cf3b54517a3095edb845d0b37573920bf4d831
Author: tracer-ysyx <tracer@ysyx.org>
Date:   Sun Sep 29 18:33:37 2024 +0800

    > compile NEMU
    ysyx_24080032 杨鹏城
    Linux ypc 6.5.0-44-generic #44~22.04.1-Ubuntu SMP PREEMPT_DYNAMIC Tue Jun 18 14:36:16 UTC 2 x86_64 x86_64 x86_64 GNU/Linux
     18:33:37 up 5 days, 21:11,  1 user,  load average: 2.99, 1.89, 1.60

commit 15fdf600cd09ef43f0bdf770ad5a919ba6dbb930
Author: tracer-ysyx <tracer@ysyx.org>
Date:   Sun Sep 29 18:33:36 2024 +0800

    > run NEMU
    ysyx_24080032 杨鹏城
    Linux ypc 6.5.0-44-generic #44~22.04.1-Ubuntu SMP PREEMPT_DYNAMIC Tue Jun 18 14:36:16 UTC 2 x86_64 x86_64 x86_64 GNU/Linux
     18:33:36 up 5 days, 21:11,  1 user,  load average: 2.99, 1.89, 1.60

commit 39565ef0aa2306ee429a5f84febf5ad58f126973
Author: tracer-ysyx <tracer@ysyx.org>
Date:   Sun Sep 29 18:33:36 2024 +0800

    > compile NEMU
    ysyx_24080032 杨鹏城
    Linux ypc 6.5.0-44-generic #44~22.04.1-Ubuntu SMP PREEMPT_DYNAMIC Tue Jun 18 14:36:16 UTC 2 x86_64 x86_64 x86_64 GNU/Linux
     18:33:36 up 5 days, 21:11,  1 user,  load average: 2.99, 1.89, 1.60

commit 61fc1881169cacfcd583390b99860e269ee797f7
Author: tracer-ysyx <tracer@ysyx.org>
Date:   Sun Sep 29 18:33:35 2024 +0800

    > run NEMU
    ysyx_24080032 杨鹏城
    Linux ypc 6.5.0-44-generic #44~22.04.1-Ubuntu SMP PREEMPT_DYNAMIC Tue Jun 18 14:36:16 UTC 2 x86_64 x86_64 x86_64 GNU/Linux
     18:33:35 up 5 days, 21:11,  1 user,  load average: 2.99, 1.89, 1.60

commit f7a6686313059eb11c8bcdc3db330959c4f01d83
Author: tracer-ysyx <tracer@ysyx.org>
Date:   Sun Sep 29 18:33:35 2024 +0800

    > compile NEMU
    ysyx_24080032 杨鹏城
    Linux ypc 6.5.0-44-generic #44~22.04.1-Ubuntu SMP PREEMPT_DYNAMIC Tue Jun 18 14:36:16 UTC 2 x86_64 x86_64 x86_64 GNU/Linux
     18:33:35 up 5 days, 21:11,  1 user,  load average: 2.99, 1.89, 1.60

commit c19f5a9c13cd4df2608c6622b420c64a31d6a5c4
Author: tracer-ysyx <tracer@ysyx.org>
Date:   Sun Sep 29 18:33:35 2024 +0800

    > run NEMU
    ysyx_24080032 杨鹏城
    Linux ypc 6.5.0-44-generic #44~22.04.1-Ubuntu SMP PREEMPT_DYNAMIC Tue Jun 18 14:36:16 UTC 2 x86_64 x86_64 x86_64 GNU/Linux
     18:33:35 up 5 days, 21:11,  1 user,  load average: 2.99, 1.89, 1.60

commit 5090a318f0d10f3ff178bca7b549027e0c6b9696
Author: tracer-ysyx <tracer@ysyx.org>
Date:   Sun Sep 29 18:33:35 2024 +0800

    > compile NEMU
    ysyx_24080032 杨鹏城
    Linux ypc 6.5.0-44-generic #44~22.04.1-Ubuntu SMP PREEMPT_DYNAMIC Tue Jun 18 14:36:16 UTC 2 x86_64 x86_64 x86_64 GNU/Linux
     18:33:35 up 5 days, 21:11,  1 user,  load average: 2.99, 1.89, 1.60

commit 776333f5111a360c1d0fa92396710a8c9a7637d7
Author: tracer-ysyx <tracer@ysyx.org>
Date:   Sun Sep 29 18:33:34 2024 +0800

    > run NEMU
    ysyx_24080032 杨鹏城
    Linux ypc 6.5.0-44-generic #44~22.04.1-Ubuntu SMP PREEMPT_DYNAMIC Tue Jun 18 14:36:16 UTC 2 x86_64 x86_64 x86_64 GNU/Linux
     18:33:34 up 5 days, 21:11,  1 user,  load average: 2.99, 1.89, 1.60

commit 10845000d605a5f2fea5310faee5ab60a1352cfb
Author: tracer-ysyx <tracer@ysyx.org>
Date:   Sun Sep 29 18:33:34 2024 +0800

    > compile NEMU
    ysyx_24080032 杨鹏城
    Linux ypc 6.5.0-44-generic #44~22.04.1-Ubuntu SMP PREEMPT_DYNAMIC Tue Jun 18 14:36:16 UTC 2 x86_64 x86_64 x86_64 GNU/Linux
     18:33:34 up 5 days, 21:11,  1 user,  load average: 2.99, 1.89, 1.60

commit e7791cd9f892dbf46512d7c7d49288e91071296f
Author: tracer-ysyx <tracer@ysyx.org>
Date:   Sun Sep 29 18:33:33 2024 +0800

    > run NEMU
    ysyx_24080032 杨鹏城
    Linux ypc 6.5.0-44-generic #44~22.04.1-Ubuntu SMP PREEMPT_DYNAMIC Tue Jun 18 14:36:16 UTC 2 x86_64 x86_64 x86_64 GNU/Linux
     18:33:33 up 5 days, 21:11,  1 user,  load average: 2.99, 1.87, 1.59

commit 797e78bc81cfa690e82eee6042a5a14a4d2baf96
Author: tracer-ysyx <tracer@ysyx.org>
Date:   Sun Sep 29 18:33:33 2024 +0800

    > compile NEMU
    ysyx_24080032 杨鹏城
    Linux ypc 6.5.0-44-generic #44~22.04.1-Ubuntu SMP PREEMPT_DYNAMIC Tue Jun 18 14:36:16 UTC 2 x86_64 x86_64 x86_64 GNU/Linux
     18:33:33 up 5 days, 21:11,  1 user,  load average: 2.99, 1.87, 1.59

commit 351eb8d278d44893bec32a31bf5d1a3d99438192
Author: tracer-ysyx <tracer@ysyx.org>
Date:   Sun Sep 29 18:33:32 2024 +0800

    > run NEMU
    ysyx_24080032 杨鹏城
    Linux ypc 6.5.0-44-generic #44~22.04.1-Ubuntu SMP PREEMPT_DYNAMIC Tue Jun 18 14:36:16 UTC 2 x86_64 x86_64 x86_64 GNU/Linux
     18:33:32 up 5 days, 21:11,  1 user,  load average: 2.99, 1.87, 1.59

commit 22540ea845afe1d09da7379696427bedf20de8ad
Author: tracer-ysyx <tracer@ysyx.org>
Date:   Sun Sep 29 18:33:32 2024 +0800

    > compile NEMU
    ysyx_24080032 杨鹏城
    Linux ypc 6.5.0-44-generic #44~22.04.1-Ubuntu SMP PREEMPT_DYNAMIC Tue Jun 18 14:36:16 UTC 2 x86_64 x86_64 x86_64 GNU/Linux
     18:33:32 up 5 days, 21:11,  1 user,  load average: 2.99, 1.87, 1.59

commit 1ad50dbb75ca9b29921bc616763b102c78ece6ab
Author: tracer-ysyx <tracer@ysyx.org>
Date:   Sun Sep 29 18:32:43 2024 +0800

    > compile NEMU
    ysyx_24080032 杨鹏城
    Linux ypc 6.5.0-44-generic #44~22.04.1-Ubuntu SMP PREEMPT_DYNAMIC Tue Jun 18 14:36:16 UTC 2 x86_64 x86_64 x86_64 GNU/Linux
     18:32:43 up 5 days, 21:10,  1 user,  load average: 1.77, 1.58, 1.49

commit b3061563645f0a110fa9529a684e4f3e21473c55
Author: tracer-ysyx <tracer@ysyx.org>
Date:   Sun Sep 29 18:32:28 2024 +0800

    > compile NEMU
    ysyx_24080032 杨鹏城
    Linux ypc 6.5.0-44-generic #44~22.04.1-Ubuntu SMP PREEMPT_DYNAMIC Tue Jun 18 14:36:16 UTC 2 x86_64 x86_64 x86_64 GNU/Linux
     18:32:28 up 5 days, 21:09,  1 user,  load average: 1.80, 1.58, 1.49

commit 7d0cfce8a6b5d50f073230ad685c0d56ca4daf37
Author: tracer-ysyx <tracer@ysyx.org>
Date:   Sun Sep 29 18:32:00 2024 +0800

    > compile NEMU
    ysyx_24080032 杨鹏城
    Linux ypc 6.5.0-44-generic #44~22.04.1-Ubuntu SMP PREEMPT_DYNAMIC Tue Jun 18 14:36:16 UTC 2 x86_64 x86_64 x86_64 GNU/Linux
     18:32:00 up 5 days, 21:09,  1 user,  load average: 1.70, 1.54, 1.48

commit c0dc75027ad5641132acd36706e6a30ac3675289
Author: tracer-ysyx <tracer@ysyx.org>
Date:   Sun Sep 29 17:31:18 2024 +0800

    > run NEMU
    ysyx_24080032 杨鹏城
    Linux ypc 6.5.0-44-generic #44~22.04.1-Ubuntu SMP PREEMPT_DYNAMIC Tue Jun 18 14:36:16 UTC 2 x86_64 x86_64 x86_64 GNU/Linux
     17:31:18 up 5 days, 20:08,  1 user,  load average: 2.72, 3.42, 2.91

commit 4935d1d0862824d7f3190fe38667af1377d8062e
Author: tracer-ysyx <tracer@ysyx.org>
Date:   Sun Sep 29 17:31:14 2024 +0800

    > compile NEMU
    ysyx_24080032 杨鹏城
    Linux ypc 6.5.0-44-generic #44~22.04.1-Ubuntu SMP PREEMPT_DYNAMIC Tue Jun 18 14:36:16 UTC 2 x86_64 x86_64 x86_64 GNU/Linux
     17:31:14 up 5 days, 20:08,  1 user,  load average: 2.60, 3.41, 2.90

commit 9533c6ba985490febaa42601c84a3cee0f284813
Author: tracer-ysyx <tracer@ysyx.org>
Date:   Sun Sep 29 17:29:47 2024 +0800

    > compile NEMU
    ysyx_24080032 杨鹏城
    Linux ypc 6.5.0-44-generic #44~22.04.1-Ubuntu SMP PREEMPT_DYNAMIC Tue Jun 18 14:36:16 UTC 2 x86_64 x86_64 x86_64 GNU/Linux
     17:29:47 up 5 days, 20:07,  1 user,  load average: 4.86, 3.89, 2.99

commit 459cd9fdaf3467f4c55282e4cfffdfe9f50eabff
Author: tracer-ysyx <tracer@ysyx.org>
Date:   Sun Sep 29 17:29:46 2024 +0800

    > run NEMU
    ysyx_24080032 杨鹏城
    Linux ypc 6.5.0-44-generic #44~22.04.1-Ubuntu SMP PREEMPT_DYNAMIC Tue Jun 18 14:36:16 UTC 2 x86_64 x86_64 x86_64 GNU/Linux
     17:29:46 up 5 days, 20:07,  1 user,  load average: 4.86, 3.89, 2.99

commit 6398e4e3293ccf04abc057cdd10d7b8ada8ce134
Author: tracer-ysyx <tracer@ysyx.org>
Date:   Sun Sep 29 17:29:43 2024 +0800

    > compile NEMU
    ysyx_24080032 杨鹏城
    Linux ypc 6.5.0-44-generic #44~22.04.1-Ubuntu SMP PREEMPT_DYNAMIC Tue Jun 18 14:36:16 UTC 2 x86_64 x86_64 x86_64 GNU/Linux
     17:29:43 up 5 days, 20:07,  1 user,  load average: 4.33, 3.77, 2.95

commit 7f13403b9a0098cd1ae0869edc88af9cee5b21a0
Author: tracer-ysyx <tracer@ysyx.org>
Date:   Sun Sep 29 17:29:42 2024 +0800

    > run NEMU
    ysyx_24080032 杨鹏城
    Linux ypc 6.5.0-44-generic #44~22.04.1-Ubuntu SMP PREEMPT_DYNAMIC Tue Jun 18 14:36:16 UTC 2 x86_64 x86_64 x86_64 GNU/Linux
     17:29:42 up 5 days, 20:07,  1 user,  load average: 4.33, 3.77, 2.95

commit cab6c8aa3944c599b9c1046f3ce5d7c605c21dbb
Author: tracer-ysyx <tracer@ysyx.org>
Date:   Sun Sep 29 17:29:39 2024 +0800

    > compile NEMU
    ysyx_24080032 杨鹏城
    Linux ypc 6.5.0-44-generic #44~22.04.1-Ubuntu SMP PREEMPT_DYNAMIC Tue Jun 18 14:36:16 UTC 2 x86_64 x86_64 x86_64 GNU/Linux
     17:29:39 up 5 days, 20:07,  1 user,  load average: 4.44, 3.79, 2.95

commit 9a6468cfff1672a0475d77c7574418656923a708
Author: tracer-ysyx <tracer@ysyx.org>
Date:   Sun Sep 29 17:29:39 2024 +0800

    > run NEMU
    ysyx_24080032 杨鹏城
    Linux ypc 6.5.0-44-generic #44~22.04.1-Ubuntu SMP PREEMPT_DYNAMIC Tue Jun 18 14:36:16 UTC 2 x86_64 x86_64 x86_64 GNU/Linux
     17:29:39 up 5 days, 20:07,  1 user,  load average: 4.44, 3.79, 2.95

commit 398fa4d5d941313ef06e0c1cae97b0cf9ccfa04e
Author: tracer-ysyx <tracer@ysyx.org>
Date:   Sun Sep 29 17:29:36 2024 +0800

    > compile NEMU
    ysyx_24080032 杨鹏城
    Linux ypc 6.5.0-44-generic #44~22.04.1-Ubuntu SMP PREEMPT_DYNAMIC Tue Jun 18 14:36:16 UTC 2 x86_64 x86_64 x86_64 GNU/Linux
     17:29:36 up 5 days, 20:07,  1 user,  load average: 4.44, 3.79, 2.95

commit 5cc496f6ad520ab5d0e32fdf5f11dc5652054196
Author: tracer-ysyx <tracer@ysyx.org>
Date:   Sun Sep 29 17:29:35 2024 +0800

    > run NEMU
    ysyx_24080032 杨鹏城
    Linux ypc 6.5.0-44-generic #44~22.04.1-Ubuntu SMP PREEMPT_DYNAMIC Tue Jun 18 14:36:16 UTC 2 x86_64 x86_64 x86_64 GNU/Linux
     17:29:35 up 5 days, 20:07,  1 user,  load average: 4.39, 3.76, 2.93

commit 7e1c459e1bbccfcd96df8c6ddb9bebe613c64f73
Author: tracer-ysyx <tracer@ysyx.org>
Date:   Sun Sep 29 17:29:32 2024 +0800

    > compile NEMU
    ysyx_24080032 杨鹏城
    Linux ypc 6.5.0-44-generic #44~22.04.1-Ubuntu SMP PREEMPT_DYNAMIC Tue Jun 18 14:36:16 UTC 2 x86_64 x86_64 x86_64 GNU/Linux
     17:29:32 up 5 days, 20:07,  1 user,  load average: 4.39, 3.76, 2.93

commit 29157328ca43256a65fa927760fed739ba2a033a
Author: tracer-ysyx <tracer@ysyx.org>
Date:   Sun Sep 29 17:29:31 2024 +0800

    > run NEMU
    ysyx_24080032 杨鹏城
    Linux ypc 6.5.0-44-generic #44~22.04.1-Ubuntu SMP PREEMPT_DYNAMIC Tue Jun 18 14:36:16 UTC 2 x86_64 x86_64 x86_64 GNU/Linux
     17:29:31 up 5 days, 20:06,  1 user,  load average: 4.39, 3.76, 2.93

commit f3dd91aaa04ea511990276234e4365aa87a84cca
Author: tracer-ysyx <tracer@ysyx.org>
Date:   Sun Sep 29 17:29:28 2024 +0800

    > compile NEMU
    ysyx_24080032 杨鹏城
    Linux ypc 6.5.0-44-generic #44~22.04.1-Ubuntu SMP PREEMPT_DYNAMIC Tue Jun 18 14:36:16 UTC 2 x86_64 x86_64 x86_64 GNU/Linux
     17:29:28 up 5 days, 20:06,  1 user,  load average: 4.60, 3.79, 2.94

commit 985db109fdbca4c1cce15fe8748253fd27d13847
Author: tracer-ysyx <tracer@ysyx.org>
Date:   Sun Sep 29 17:29:26 2024 +0800

    > run NEMU
    ysyx_24080032 杨鹏城
    Linux ypc 6.5.0-44-generic #44~22.04.1-Ubuntu SMP PREEMPT_DYNAMIC Tue Jun 18 14:36:16 UTC 2 x86_64 x86_64 x86_64 GNU/Linux
     17:29:26 up 5 days, 20:06,  1 user,  load average: 4.60, 3.79, 2.94

commit 5de17bd13fc42593830e6940b784515e4c73bad3
Author: tracer-ysyx <tracer@ysyx.org>
Date:   Sun Sep 29 17:29:24 2024 +0800

    > compile NEMU
    ysyx_24080032 杨鹏城
    Linux ypc 6.5.0-44-generic #44~22.04.1-Ubuntu SMP PREEMPT_DYNAMIC Tue Jun 18 14:36:16 UTC 2 x86_64 x86_64 x86_64 GNU/Linux
     17:29:24 up 5 days, 20:06,  1 user,  load average: 4.83, 3.83, 2.95

commit 6acc456447bab26c550c3b8969b68d98bc1075f0
Author: tracer-ysyx <tracer@ysyx.org>
Date:   Sun Sep 29 17:29:23 2024 +0800

    > run NEMU
    ysyx_24080032 杨鹏城
    Linux ypc 6.5.0-44-generic #44~22.04.1-Ubuntu SMP PREEMPT_DYNAMIC Tue Jun 18 14:36:16 UTC 2 x86_64 x86_64 x86_64 GNU/Linux
     17:29:23 up 5 days, 20:06,  1 user,  load average: 4.83, 3.83, 2.95

commit 1fc11408baade69c247f4ec21b65de05df2b1a0b
Author: tracer-ysyx <tracer@ysyx.org>
Date:   Sun Sep 29 17:29:20 2024 +0800

    > compile NEMU
    ysyx_24080032 杨鹏城
    Linux ypc 6.5.0-44-generic #44~22.04.1-Ubuntu SMP PREEMPT_DYNAMIC Tue Jun 18 14:36:16 UTC 2 x86_64 x86_64 x86_64 GNU/Linux
     17:29:20 up 5 days, 20:06,  1 user,  load average: 4.73, 3.79, 2.93

commit a549f248b18d08036523047abefc77ca09a98442
Author: tracer-ysyx <tracer@ysyx.org>
Date:   Sun Sep 29 17:29:19 2024 +0800

    > run NEMU
    ysyx_24080032 杨鹏城
    Linux ypc 6.5.0-44-generic #44~22.04.1-Ubuntu SMP PREEMPT_DYNAMIC Tue Jun 18 14:36:16 UTC 2 x86_64 x86_64 x86_64 GNU/Linux
     17:29:19 up 5 days, 20:06,  1 user,  load average: 4.73, 3.79, 2.93

commit 705966263aefef258b440b3f715ac22519b68333
Author: tracer-ysyx <tracer@ysyx.org>
Date:   Sun Sep 29 17:29:16 2024 +0800

    > compile NEMU
    ysyx_24080032 杨鹏城
    Linux ypc 6.5.0-44-generic #44~22.04.1-Ubuntu SMP PREEMPT_DYNAMIC Tue Jun 18 14:36:16 UTC 2 x86_64 x86_64 x86_64 GNU/Linux
     17:29:16 up 5 days, 20:06,  1 user,  load average: 4.73, 3.79, 2.93

commit 29eaa266e7dc209b33fd2af530274ef5809c9492
Author: tracer-ysyx <tracer@ysyx.org>
Date:   Sun Sep 29 17:29:15 2024 +0800

    > run NEMU
    ysyx_24080032 杨鹏城
    Linux ypc 6.5.0-44-generic #44~22.04.1-Ubuntu SMP PREEMPT_DYNAMIC Tue Jun 18 14:36:16 UTC 2 x86_64 x86_64 x86_64 GNU/Linux
     17:29:15 up 5 days, 20:06,  1 user,  load average: 4.79, 3.78, 2.92

commit 5819dcd2ec88d50a2a8b073d41fa91d40f2e2022
Author: tracer-ysyx <tracer@ysyx.org>
Date:   Sun Sep 29 17:29:12 2024 +0800

    > compile NEMU
    ysyx_24080032 杨鹏城
    Linux ypc 6.5.0-44-generic #44~22.04.1-Ubuntu SMP PREEMPT_DYNAMIC Tue Jun 18 14:36:16 UTC 2 x86_64 x86_64 x86_64 GNU/Linux
     17:29:12 up 5 days, 20:06,  1 user,  load average: 4.79, 3.78, 2.92

commit 9dfa44170fd429689c14077aee0726e7c59024bd
Author: tracer-ysyx <tracer@ysyx.org>
Date:   Sun Sep 29 17:29:11 2024 +0800

    > run NEMU
    ysyx_24080032 杨鹏城
    Linux ypc 6.5.0-44-generic #44~22.04.1-Ubuntu SMP PREEMPT_DYNAMIC Tue Jun 18 14:36:16 UTC 2 x86_64 x86_64 x86_64 GNU/Linux
     17:29:11 up 5 days, 20:06,  1 user,  load average: 4.79, 3.78, 2.92

commit ae22d26397dfb5034002ed3b7e98abc5725ca7a7
Author: tracer-ysyx <tracer@ysyx.org>
Date:   Sun Sep 29 17:29:03 2024 +0800

    > compile NEMU
    ysyx_24080032 杨鹏城
    Linux ypc 6.5.0-44-generic #44~22.04.1-Ubuntu SMP PREEMPT_DYNAMIC Tue Jun 18 14:36:16 UTC 2 x86_64 x86_64 x86_64 GNU/Linux
     17:29:03 up 5 days, 20:06,  1 user,  load average: 4.38, 3.67, 2.88

commit 2692cc3dc4f0ebc119a334f17ea4f57e2bb0df8b
Author: tracer-ysyx <tracer@ysyx.org>
Date:   Sun Sep 29 17:29:01 2024 +0800

    > run NEMU
    ysyx_24080032 杨鹏城
    Linux ypc 6.5.0-44-generic #44~22.04.1-Ubuntu SMP PREEMPT_DYNAMIC Tue Jun 18 14:36:16 UTC 2 x86_64 x86_64 x86_64 GNU/Linux
     17:29:01 up 5 days, 20:06,  1 user,  load average: 4.38, 3.67, 2.88

commit 9c1e4b77797a392854a46e658505e8a353955e92
Author: tracer-ysyx <tracer@ysyx.org>
Date:   Sun Sep 29 17:28:54 2024 +0800

    > compile NEMU
    ysyx_24080032 杨鹏城
    Linux ypc 6.5.0-44-generic #44~22.04.1-Ubuntu SMP PREEMPT_DYNAMIC Tue Jun 18 14:36:16 UTC 2 x86_64 x86_64 x86_64 GNU/Linux
     17:28:54 up 5 days, 20:06,  1 user,  load average: 4.36, 3.65, 2.86

commit 4cfed4e26683ee7f1c3df9c50b4b1a537ba2f14e
Author: tracer-ysyx <tracer@ysyx.org>
Date:   Sun Sep 29 17:28:52 2024 +0800

    > run NEMU
    ysyx_24080032 杨鹏城
    Linux ypc 6.5.0-44-generic #44~22.04.1-Ubuntu SMP PREEMPT_DYNAMIC Tue Jun 18 14:36:16 UTC 2 x86_64 x86_64 x86_64 GNU/Linux
     17:28:52 up 5 days, 20:06,  1 user,  load average: 4.36, 3.65, 2.86

commit 7dfda067ac65e5e0699d7e479c43e13efa8151cc
Author: tracer-ysyx <tracer@ysyx.org>
Date:   Sun Sep 29 17:28:50 2024 +0800

    > compile NEMU
    ysyx_24080032 杨鹏城
    Linux ypc 6.5.0-44-generic #44~22.04.1-Ubuntu SMP PREEMPT_DYNAMIC Tue Jun 18 14:36:16 UTC 2 x86_64 x86_64 x86_64 GNU/Linux
     17:28:50 up 5 days, 20:06,  1 user,  load average: 4.48, 3.66, 2.86

commit b43088c10ea11a0de556dc7e128f807e0135b4c0
Author: tracer-ysyx <tracer@ysyx.org>
Date:   Sun Sep 29 17:28:30 2024 +0800

    > run NEMU
    ysyx_24080032 杨鹏城
    Linux ypc 6.5.0-44-generic #44~22.04.1-Ubuntu SMP PREEMPT_DYNAMIC Tue Jun 18 14:36:16 UTC 2 x86_64 x86_64 x86_64 GNU/Linux
     17:28:30 up 5 days, 20:05,  1 user,  load average: 5.77, 3.82, 2.89

commit 7ad8b54f211a82b8b5109694fe46dfd77740f3b5
Author: tracer-ysyx <tracer@ysyx.org>
Date:   Sun Sep 29 17:28:30 2024 +0800

    > compile NEMU
    ysyx_24080032 杨鹏城
    Linux ypc 6.5.0-44-generic #44~22.04.1-Ubuntu SMP PREEMPT_DYNAMIC Tue Jun 18 14:36:16 UTC 2 x86_64 x86_64 x86_64 GNU/Linux
     17:28:30 up 5 days, 20:05,  1 user,  load average: 5.77, 3.82, 2.89

commit ddca68f0992cb9687938f0c8f1a4e981d4209bc2
Author: tracer-ysyx <tracer@ysyx.org>
Date:   Sun Sep 29 17:28:29 2024 +0800

    > run NEMU
    ysyx_24080032 杨鹏城
    Linux ypc 6.5.0-44-generic #44~22.04.1-Ubuntu SMP PREEMPT_DYNAMIC Tue Jun 18 14:36:16 UTC 2 x86_64 x86_64 x86_64 GNU/Linux
     17:28:29 up 5 days, 20:05,  1 user,  load average: 5.77, 3.82, 2.89

commit e729b79e4e8ca416e8eff6bf8f8b30051211c57b
Author: tracer-ysyx <tracer@ysyx.org>
Date:   Sun Sep 29 17:28:29 2024 +0800

    > compile NEMU
    ysyx_24080032 杨鹏城
    Linux ypc 6.5.0-44-generic #44~22.04.1-Ubuntu SMP PREEMPT_DYNAMIC Tue Jun 18 14:36:16 UTC 2 x86_64 x86_64 x86_64 GNU/Linux
     17:28:29 up 5 days, 20:05,  1 user,  load average: 5.77, 3.82, 2.89

commit 224de2ad11f95fd09d3b94a401fa4403ee38782d
Author: tracer-ysyx <tracer@ysyx.org>
Date:   Sun Sep 29 17:28:28 2024 +0800

    > run NEMU
    ysyx_24080032 杨鹏城
    Linux ypc 6.5.0-44-generic #44~22.04.1-Ubuntu SMP PREEMPT_DYNAMIC Tue Jun 18 14:36:16 UTC 2 x86_64 x86_64 x86_64 GNU/Linux
     17:28:28 up 5 days, 20:05,  1 user,  load average: 5.77, 3.82, 2.89

commit cacd2ece840d02b860e736861a280f903bae4e61
Author: tracer-ysyx <tracer@ysyx.org>
Date:   Sun Sep 29 17:28:28 2024 +0800

    > compile NEMU
    ysyx_24080032 杨鹏城
    Linux ypc 6.5.0-44-generic #44~22.04.1-Ubuntu SMP PREEMPT_DYNAMIC Tue Jun 18 14:36:16 UTC 2 x86_64 x86_64 x86_64 GNU/Linux
     17:28:28 up 5 days, 20:05,  1 user,  load average: 5.77, 3.82, 2.89

commit cb2565679f1adae03081c9df764332f65c924a84
Author: tracer-ysyx <tracer@ysyx.org>
Date:   Sun Sep 29 17:28:27 2024 +0800

    > run NEMU
    ysyx_24080032 杨鹏城
    Linux ypc 6.5.0-44-generic #44~22.04.1-Ubuntu SMP PREEMPT_DYNAMIC Tue Jun 18 14:36:16 UTC 2 x86_64 x86_64 x86_64 GNU/Linux
     17:28:27 up 5 days, 20:05,  1 user,  load average: 5.77, 3.82, 2.89

commit bee33b43403107a74f0f0f4068ff7716e3da7857
Author: tracer-ysyx <tracer@ysyx.org>
Date:   Sun Sep 29 17:28:27 2024 +0800

    > compile NEMU
    ysyx_24080032 杨鹏城
    Linux ypc 6.5.0-44-generic #44~22.04.1-Ubuntu SMP PREEMPT_DYNAMIC Tue Jun 18 14:36:16 UTC 2 x86_64 x86_64 x86_64 GNU/Linux
     17:28:27 up 5 days, 20:05,  1 user,  load average: 5.77, 3.82, 2.89

commit bf7462dbbb9fe9086b69e8651896ea36d09f2cae
Author: tracer-ysyx <tracer@ysyx.org>
Date:   Sun Sep 29 17:28:26 2024 +0800

    > run NEMU
    ysyx_24080032 杨鹏城
    Linux ypc 6.5.0-44-generic #44~22.04.1-Ubuntu SMP PREEMPT_DYNAMIC Tue Jun 18 14:36:16 UTC 2 x86_64 x86_64 x86_64 GNU/Linux
     17:28:26 up 5 days, 20:05,  1 user,  load average: 5.77, 3.82, 2.89

commit 031aff3e21e89e97ee820c812190dc591356b282
Author: tracer-ysyx <tracer@ysyx.org>
Date:   Sun Sep 29 17:28:26 2024 +0800

    > compile NEMU
    ysyx_24080032 杨鹏城
    Linux ypc 6.5.0-44-generic #44~22.04.1-Ubuntu SMP PREEMPT_DYNAMIC Tue Jun 18 14:36:16 UTC 2 x86_64 x86_64 x86_64 GNU/Linux
     17:28:26 up 5 days, 20:05,  1 user,  load average: 5.77, 3.82, 2.89

commit 24a7577eac5b8d5f83195556b2ac6f32ccb8fc30
Author: tracer-ysyx <tracer@ysyx.org>
Date:   Sun Sep 29 17:28:25 2024 +0800

    > run NEMU
    ysyx_24080032 杨鹏城
    Linux ypc 6.5.0-44-generic #44~22.04.1-Ubuntu SMP PREEMPT_DYNAMIC Tue Jun 18 14:36:16 UTC 2 x86_64 x86_64 x86_64 GNU/Linux
     17:28:25 up 5 days, 20:05,  1 user,  load average: 4.88, 3.62, 2.82

commit f5e1bae9a37a9fb2e67385b500e5729aa33eb1e3
Author: tracer-ysyx <tracer@ysyx.org>
Date:   Sun Sep 29 17:28:25 2024 +0800

    > compile NEMU
    ysyx_24080032 杨鹏城
    Linux ypc 6.5.0-44-generic #44~22.04.1-Ubuntu SMP PREEMPT_DYNAMIC Tue Jun 18 14:36:16 UTC 2 x86_64 x86_64 x86_64 GNU/Linux
     17:28:25 up 5 days, 20:05,  1 user,  load average: 4.88, 3.62, 2.82

commit 0d329c18a36c3aa4ad5397e1523c2f6e757dcb3b
Author: tracer-ysyx <tracer@ysyx.org>
Date:   Sun Sep 29 17:28:24 2024 +0800

    > run NEMU
    ysyx_24080032 杨鹏城
    Linux ypc 6.5.0-44-generic #44~22.04.1-Ubuntu SMP PREEMPT_DYNAMIC Tue Jun 18 14:36:16 UTC 2 x86_64 x86_64 x86_64 GNU/Linux
     17:28:24 up 5 days, 20:05,  1 user,  load average: 4.88, 3.62, 2.82

commit 67be400628ff6693d8730213e9c1ea3f8652a597
Author: tracer-ysyx <tracer@ysyx.org>
Date:   Sun Sep 29 17:28:24 2024 +0800

    > compile NEMU
    ysyx_24080032 杨鹏城
    Linux ypc 6.5.0-44-generic #44~22.04.1-Ubuntu SMP PREEMPT_DYNAMIC Tue Jun 18 14:36:16 UTC 2 x86_64 x86_64 x86_64 GNU/Linux
     17:28:24 up 5 days, 20:05,  1 user,  load average: 4.88, 3.62, 2.82

commit cee7276393442c9b19c6c448ddc64e80c1b8e81f
Author: tracer-ysyx <tracer@ysyx.org>
Date:   Sun Sep 29 17:28:23 2024 +0800

    > run NEMU
    ysyx_24080032 杨鹏城
    Linux ypc 6.5.0-44-generic #44~22.04.1-Ubuntu SMP PREEMPT_DYNAMIC Tue Jun 18 14:36:16 UTC 2 x86_64 x86_64 x86_64 GNU/Linux
     17:28:23 up 5 days, 20:05,  1 user,  load average: 4.88, 3.62, 2.82

commit 20fc8350907446a312db72bb4f3a5eb4539adfbc
Author: tracer-ysyx <tracer@ysyx.org>
Date:   Sun Sep 29 17:28:23 2024 +0800

    > compile NEMU
    ysyx_24080032 杨鹏城
    Linux ypc 6.5.0-44-generic #44~22.04.1-Ubuntu SMP PREEMPT_DYNAMIC Tue Jun 18 14:36:16 UTC 2 x86_64 x86_64 x86_64 GNU/Linux
     17:28:23 up 5 days, 20:05,  1 user,  load average: 4.88, 3.62, 2.82

commit db9c8af62d0d610f92d92a52f522ccecebb9149f
Author: tracer-ysyx <tracer@ysyx.org>
Date:   Sun Sep 29 17:28:22 2024 +0800

    > run NEMU
    ysyx_24080032 杨鹏城
    Linux ypc 6.5.0-44-generic #44~22.04.1-Ubuntu SMP PREEMPT_DYNAMIC Tue Jun 18 14:36:16 UTC 2 x86_64 x86_64 x86_64 GNU/Linux
     17:28:22 up 5 days, 20:05,  1 user,  load average: 4.88, 3.62, 2.82

commit 87689b125c5a5b270074d6667fa94bff445bd4d6
Author: tracer-ysyx <tracer@ysyx.org>
Date:   Sun Sep 29 17:28:22 2024 +0800

    > compile NEMU
    ysyx_24080032 杨鹏城
    Linux ypc 6.5.0-44-generic #44~22.04.1-Ubuntu SMP PREEMPT_DYNAMIC Tue Jun 18 14:36:16 UTC 2 x86_64 x86_64 x86_64 GNU/Linux
     17:28:22 up 5 days, 20:05,  1 user,  load average: 4.88, 3.62, 2.82

commit 07085d98bbc7bbda9e6a9435157eb67349d1e238
Author: tracer-ysyx <tracer@ysyx.org>
Date:   Sun Sep 29 17:28:22 2024 +0800

    > run NEMU
    ysyx_24080032 杨鹏城
    Linux ypc 6.5.0-44-generic #44~22.04.1-Ubuntu SMP PREEMPT_DYNAMIC Tue Jun 18 14:36:16 UTC 2 x86_64 x86_64 x86_64 GNU/Linux
     17:28:22 up 5 days, 20:05,  1 user,  load average: 4.88, 3.62, 2.82

commit a433e63714b4ae2109221fe8fb699b84b1ef04f0
Author: tracer-ysyx <tracer@ysyx.org>
Date:   Sun Sep 29 17:28:22 2024 +0800

    > compile NEMU
    ysyx_24080032 杨鹏城
    Linux ypc 6.5.0-44-generic #44~22.04.1-Ubuntu SMP PREEMPT_DYNAMIC Tue Jun 18 14:36:16 UTC 2 x86_64 x86_64 x86_64 GNU/Linux
     17:28:22 up 5 days, 20:05,  1 user,  load average: 4.88, 3.62, 2.82

commit b22a56fe8a95080e5cce550d99f29251933c31c5
Author: tracer-ysyx <tracer@ysyx.org>
Date:   Sun Sep 29 17:28:21 2024 +0800

    > run NEMU
    ysyx_24080032 杨鹏城
    Linux ypc 6.5.0-44-generic #44~22.04.1-Ubuntu SMP PREEMPT_DYNAMIC Tue Jun 18 14:36:16 UTC 2 x86_64 x86_64 x86_64 GNU/Linux
     17:28:21 up 5 days, 20:05,  1 user,  load average: 4.88, 3.62, 2.82

commit 6acafa7d0d9deaa56b44c1f20923d402475a6845
Author: tracer-ysyx <tracer@ysyx.org>
Date:   Sun Sep 29 17:28:21 2024 +0800

    > compile NEMU
    ysyx_24080032 杨鹏城
    Linux ypc 6.5.0-44-generic #44~22.04.1-Ubuntu SMP PREEMPT_DYNAMIC Tue Jun 18 14:36:16 UTC 2 x86_64 x86_64 x86_64 GNU/Linux
     17:28:21 up 5 days, 20:05,  1 user,  load average: 4.88, 3.62, 2.82

commit e219d7bd1f188b1f1de54a177887526b78802325
Author: tracer-ysyx <tracer@ysyx.org>
Date:   Sun Sep 29 17:28:20 2024 +0800

    > run NEMU
    ysyx_24080032 杨鹏城
    Linux ypc 6.5.0-44-generic #44~22.04.1-Ubuntu SMP PREEMPT_DYNAMIC Tue Jun 18 14:36:16 UTC 2 x86_64 x86_64 x86_64 GNU/Linux
     17:28:20 up 5 days, 20:05,  1 user,  load average: 4.78, 3.58, 2.81

commit f65730535c8ad873dceb627b7a81da73548e606a
Author: tracer-ysyx <tracer@ysyx.org>
Date:   Sun Sep 29 17:28:20 2024 +0800

    > compile NEMU
    ysyx_24080032 杨鹏城
    Linux ypc 6.5.0-44-generic #44~22.04.1-Ubuntu SMP PREEMPT_DYNAMIC Tue Jun 18 14:36:16 UTC 2 x86_64 x86_64 x86_64 GNU/Linux
     17:28:20 up 5 days, 20:05,  1 user,  load average: 4.78, 3.58, 2.81

commit 8cdc1198706c6b4e545c3e3211e1e2d506145b77
Author: tracer-ysyx <tracer@ysyx.org>
Date:   Sun Sep 29 17:28:20 2024 +0800

    > run NEMU
    ysyx_24080032 杨鹏城
    Linux ypc 6.5.0-44-generic #44~22.04.1-Ubuntu SMP PREEMPT_DYNAMIC Tue Jun 18 14:36:16 UTC 2 x86_64 x86_64 x86_64 GNU/Linux
     17:28:20 up 5 days, 20:05,  1 user,  load average: 4.78, 3.58, 2.81

commit be425d37c349f6fe1c6b88aa75dbf8c2cc749076
Author: tracer-ysyx <tracer@ysyx.org>
Date:   Sun Sep 29 17:28:19 2024 +0800

    > compile NEMU
    ysyx_24080032 杨鹏城
    Linux ypc 6.5.0-44-generic #44~22.04.1-Ubuntu SMP PREEMPT_DYNAMIC Tue Jun 18 14:36:16 UTC 2 x86_64 x86_64 x86_64 GNU/Linux
     17:28:19 up 5 days, 20:05,  1 user,  load average: 4.78, 3.58, 2.81

commit d819291bd9bbf986535ac2238a41010af337fd0a
Author: tracer-ysyx <tracer@ysyx.org>
Date:   Sun Sep 29 17:28:19 2024 +0800

    > run NEMU
    ysyx_24080032 杨鹏城
    Linux ypc 6.5.0-44-generic #44~22.04.1-Ubuntu SMP PREEMPT_DYNAMIC Tue Jun 18 14:36:16 UTC 2 x86_64 x86_64 x86_64 GNU/Linux
     17:28:19 up 5 days, 20:05,  1 user,  load average: 4.78, 3.58, 2.81

commit 132b4cecae92a946169ddacb8470e598538e78af
Author: tracer-ysyx <tracer@ysyx.org>
Date:   Sun Sep 29 17:28:19 2024 +0800

    > compile NEMU
    ysyx_24080032 杨鹏城
    Linux ypc 6.5.0-44-generic #44~22.04.1-Ubuntu SMP PREEMPT_DYNAMIC Tue Jun 18 14:36:16 UTC 2 x86_64 x86_64 x86_64 GNU/Linux
     17:28:19 up 5 days, 20:05,  1 user,  load average: 4.78, 3.58, 2.81

commit 698f6a96479acb572ca0cc959c9ed2759e0f7536
Author: tracer-ysyx <tracer@ysyx.org>
Date:   Sun Sep 29 17:28:18 2024 +0800

    > run NEMU
    ysyx_24080032 杨鹏城
    Linux ypc 6.5.0-44-generic #44~22.04.1-Ubuntu SMP PREEMPT_DYNAMIC Tue Jun 18 14:36:16 UTC 2 x86_64 x86_64 x86_64 GNU/Linux
     17:28:18 up 5 days, 20:05,  1 user,  load average: 4.78, 3.58, 2.81

commit 4e481589b7dd29909f9ab9febe35f894e63dd6de
Author: tracer-ysyx <tracer@ysyx.org>
Date:   Sun Sep 29 17:28:18 2024 +0800

    > compile NEMU
    ysyx_24080032 杨鹏城
    Linux ypc 6.5.0-44-generic #44~22.04.1-Ubuntu SMP PREEMPT_DYNAMIC Tue Jun 18 14:36:16 UTC 2 x86_64 x86_64 x86_64 GNU/Linux
     17:28:18 up 5 days, 20:05,  1 user,  load average: 4.78, 3.58, 2.81

commit a6c142eefeadf7ad892149d525e7f57b203ca374
Author: tracer-ysyx <tracer@ysyx.org>
Date:   Sun Sep 29 17:28:17 2024 +0800

    > run NEMU
    ysyx_24080032 杨鹏城
    Linux ypc 6.5.0-44-generic #44~22.04.1-Ubuntu SMP PREEMPT_DYNAMIC Tue Jun 18 14:36:16 UTC 2 x86_64 x86_64 x86_64 GNU/Linux
     17:28:17 up 5 days, 20:05,  1 user,  load average: 4.78, 3.58, 2.81

commit 9b34bf1d35c76e5d2e4df33965139a7026801bf4
Author: tracer-ysyx <tracer@ysyx.org>
Date:   Sun Sep 29 17:28:17 2024 +0800

    > compile NEMU
    ysyx_24080032 杨鹏城
    Linux ypc 6.5.0-44-generic #44~22.04.1-Ubuntu SMP PREEMPT_DYNAMIC Tue Jun 18 14:36:16 UTC 2 x86_64 x86_64 x86_64 GNU/Linux
     17:28:17 up 5 days, 20:05,  1 user,  load average: 4.78, 3.58, 2.81

commit ba8ffa5ffdc36900a9e9ccd65576b6a37184d527
Author: tracer-ysyx <tracer@ysyx.org>
Date:   Sun Sep 29 17:28:17 2024 +0800

    > run NEMU
    ysyx_24080032 杨鹏城
    Linux ypc 6.5.0-44-generic #44~22.04.1-Ubuntu SMP PREEMPT_DYNAMIC Tue Jun 18 14:36:16 UTC 2 x86_64 x86_64 x86_64 GNU/Linux
     17:28:17 up 5 days, 20:05,  1 user,  load average: 4.78, 3.58, 2.81

commit c7233af9744eb31d4a20fabedf6ad5a45ad41885
Author: tracer-ysyx <tracer@ysyx.org>
Date:   Sun Sep 29 17:28:17 2024 +0800

    > compile NEMU
    ysyx_24080032 杨鹏城
    Linux ypc 6.5.0-44-generic #44~22.04.1-Ubuntu SMP PREEMPT_DYNAMIC Tue Jun 18 14:36:16 UTC 2 x86_64 x86_64 x86_64 GNU/Linux
     17:28:17 up 5 days, 20:05,  1 user,  load average: 4.78, 3.58, 2.81

commit b46058e96f93576101b98d08e3daee8a5e2a7954
Author: tracer-ysyx <tracer@ysyx.org>
Date:   Sun Sep 29 17:28:16 2024 +0800

    > run NEMU
    ysyx_24080032 杨鹏城
    Linux ypc 6.5.0-44-generic #44~22.04.1-Ubuntu SMP PREEMPT_DYNAMIC Tue Jun 18 14:36:16 UTC 2 x86_64 x86_64 x86_64 GNU/Linux
     17:28:16 up 5 days, 20:05,  1 user,  load average: 4.78, 3.58, 2.81

commit a7ba94e2358d1d79eda8ceec933b13e58017f53d
Author: tracer-ysyx <tracer@ysyx.org>
Date:   Sun Sep 29 17:28:16 2024 +0800

    > compile NEMU
    ysyx_24080032 杨鹏城
    Linux ypc 6.5.0-44-generic #44~22.04.1-Ubuntu SMP PREEMPT_DYNAMIC Tue Jun 18 14:36:16 UTC 2 x86_64 x86_64 x86_64 GNU/Linux
     17:28:16 up 5 days, 20:05,  1 user,  load average: 4.78, 3.58, 2.81

commit f2fbb4d1841781224cd6a7c1f08356e9d4be7b8e
Author: tracer-ysyx <tracer@ysyx.org>
Date:   Sun Sep 29 17:28:16 2024 +0800

    > run NEMU
    ysyx_24080032 杨鹏城
    Linux ypc 6.5.0-44-generic #44~22.04.1-Ubuntu SMP PREEMPT_DYNAMIC Tue Jun 18 14:36:16 UTC 2 x86_64 x86_64 x86_64 GNU/Linux
     17:28:16 up 5 days, 20:05,  1 user,  load average: 4.78, 3.58, 2.81

commit 9700e1925046c3a94cb89e0b48955db6278fcfa1
Author: tracer-ysyx <tracer@ysyx.org>
Date:   Sun Sep 29 17:28:15 2024 +0800

    > compile NEMU
    ysyx_24080032 杨鹏城
    Linux ypc 6.5.0-44-generic #44~22.04.1-Ubuntu SMP PREEMPT_DYNAMIC Tue Jun 18 14:36:16 UTC 2 x86_64 x86_64 x86_64 GNU/Linux
     17:28:15 up 5 days, 20:05,  1 user,  load average: 4.78, 3.58, 2.81

commit bda5dc367639a864ca3425223436a900dfb9e6a8
Author: tracer-ysyx <tracer@ysyx.org>
Date:   Sun Sep 29 17:28:15 2024 +0800

    > run NEMU
    ysyx_24080032 杨鹏城
    Linux ypc 6.5.0-44-generic #44~22.04.1-Ubuntu SMP PREEMPT_DYNAMIC Tue Jun 18 14:36:16 UTC 2 x86_64 x86_64 x86_64 GNU/Linux
     17:28:15 up 5 days, 20:05,  1 user,  load average: 4.50, 3.50, 2.78

commit 71c6ca61ec434019aaabdfc88c9dcf2fca6d6d46
Author: tracer-ysyx <tracer@ysyx.org>
Date:   Sun Sep 29 17:28:15 2024 +0800

    > compile NEMU
    ysyx_24080032 杨鹏城
    Linux ypc 6.5.0-44-generic #44~22.04.1-Ubuntu SMP PREEMPT_DYNAMIC Tue Jun 18 14:36:16 UTC 2 x86_64 x86_64 x86_64 GNU/Linux
     17:28:15 up 5 days, 20:05,  1 user,  load average: 4.50, 3.50, 2.78

commit a5b91c29280436433d9570b1f020771219f44dc2
Author: tracer-ysyx <tracer@ysyx.org>
Date:   Sun Sep 29 17:28:14 2024 +0800

    > run NEMU
    ysyx_24080032 杨鹏城
    Linux ypc 6.5.0-44-generic #44~22.04.1-Ubuntu SMP PREEMPT_DYNAMIC Tue Jun 18 14:36:16 UTC 2 x86_64 x86_64 x86_64 GNU/Linux
     17:28:14 up 5 days, 20:05,  1 user,  load average: 4.50, 3.50, 2.78

commit 7601bb9055089c89b34d0d0ad14c8a80b74d419f
Author: tracer-ysyx <tracer@ysyx.org>
Date:   Sun Sep 29 17:28:14 2024 +0800

    > compile NEMU
    ysyx_24080032 杨鹏城
    Linux ypc 6.5.0-44-generic #44~22.04.1-Ubuntu SMP PREEMPT_DYNAMIC Tue Jun 18 14:36:16 UTC 2 x86_64 x86_64 x86_64 GNU/Linux
     17:28:14 up 5 days, 20:05,  1 user,  load average: 4.50, 3.50, 2.78

commit 557d1b74267463adfcbd4216f545661a68779cdb
Author: tracer-ysyx <tracer@ysyx.org>
Date:   Sun Sep 29 17:28:13 2024 +0800

    > run NEMU
    ysyx_24080032 杨鹏城
    Linux ypc 6.5.0-44-generic #44~22.04.1-Ubuntu SMP PREEMPT_DYNAMIC Tue Jun 18 14:36:16 UTC 2 x86_64 x86_64 x86_64 GNU/Linux
     17:28:13 up 5 days, 20:05,  1 user,  load average: 4.50, 3.50, 2.78

commit 3af7397937ddaded1e071b591be7c57ac42b6c87
Author: tracer-ysyx <tracer@ysyx.org>
Date:   Sun Sep 29 17:28:13 2024 +0800

    > compile NEMU
    ysyx_24080032 杨鹏城
    Linux ypc 6.5.0-44-generic #44~22.04.1-Ubuntu SMP PREEMPT_DYNAMIC Tue Jun 18 14:36:16 UTC 2 x86_64 x86_64 x86_64 GNU/Linux
     17:28:13 up 5 days, 20:05,  1 user,  load average: 4.50, 3.50, 2.78

commit d7c6815265f1bae9b3a78e06dc48e25abf67006d
Author: tracer-ysyx <tracer@ysyx.org>
Date:   Sun Sep 29 17:28:13 2024 +0800

    > run NEMU
    ysyx_24080032 杨鹏城
    Linux ypc 6.5.0-44-generic #44~22.04.1-Ubuntu SMP PREEMPT_DYNAMIC Tue Jun 18 14:36:16 UTC 2 x86_64 x86_64 x86_64 GNU/Linux
     17:28:13 up 5 days, 20:05,  1 user,  load average: 4.50, 3.50, 2.78

commit c4aafcfc5afeaf1a81ce3ee223b4578dfa09de86
Author: tracer-ysyx <tracer@ysyx.org>
Date:   Sun Sep 29 17:28:13 2024 +0800

    > compile NEMU
    ysyx_24080032 杨鹏城
    Linux ypc 6.5.0-44-generic #44~22.04.1-Ubuntu SMP PREEMPT_DYNAMIC Tue Jun 18 14:36:16 UTC 2 x86_64 x86_64 x86_64 GNU/Linux
     17:28:13 up 5 days, 20:05,  1 user,  load average: 4.50, 3.50, 2.78

commit 0487173248739ce84ea13c2e89acb5492531db8b
Author: tracer-ysyx <tracer@ysyx.org>
Date:   Sun Sep 29 17:28:12 2024 +0800

    > run NEMU
    ysyx_24080032 杨鹏城
    Linux ypc 6.5.0-44-generic #44~22.04.1-Ubuntu SMP PREEMPT_DYNAMIC Tue Jun 18 14:36:16 UTC 2 x86_64 x86_64 x86_64 GNU/Linux
     17:28:12 up 5 days, 20:05,  1 user,  load average: 4.50, 3.50, 2.78

commit cbbf20f7ec2dbfb4f798392de3f07950206a1c07
Author: tracer-ysyx <tracer@ysyx.org>
Date:   Sun Sep 29 17:28:12 2024 +0800

    > compile NEMU
    ysyx_24080032 杨鹏城
    Linux ypc 6.5.0-44-generic #44~22.04.1-Ubuntu SMP PREEMPT_DYNAMIC Tue Jun 18 14:36:16 UTC 2 x86_64 x86_64 x86_64 GNU/Linux
     17:28:12 up 5 days, 20:05,  1 user,  load average: 4.50, 3.50, 2.78

commit 530ea1afa737a4e662dbe92a63abdc42d10864d8
Author: tracer-ysyx <tracer@ysyx.org>
Date:   Sun Sep 29 17:28:12 2024 +0800

    > run NEMU
    ysyx_24080032 杨鹏城
    Linux ypc 6.5.0-44-generic #44~22.04.1-Ubuntu SMP PREEMPT_DYNAMIC Tue Jun 18 14:36:16 UTC 2 x86_64 x86_64 x86_64 GNU/Linux
     17:28:12 up 5 days, 20:05,  1 user,  load average: 4.50, 3.50, 2.78

commit cb39e5289f4fed7c06e7f3b1b22b012a64bcd998
Author: tracer-ysyx <tracer@ysyx.org>
Date:   Sun Sep 29 17:28:12 2024 +0800

    > compile NEMU
    ysyx_24080032 杨鹏城
    Linux ypc 6.5.0-44-generic #44~22.04.1-Ubuntu SMP PREEMPT_DYNAMIC Tue Jun 18 14:36:16 UTC 2 x86_64 x86_64 x86_64 GNU/Linux
     17:28:12 up 5 days, 20:05,  1 user,  load average: 4.50, 3.50, 2.78

commit 021a41dfce940f5a8adefe5570ae16b3264e870a
Author: tracer-ysyx <tracer@ysyx.org>
Date:   Sun Sep 29 17:28:11 2024 +0800

    > run NEMU
    ysyx_24080032 杨鹏城
    Linux ypc 6.5.0-44-generic #44~22.04.1-Ubuntu SMP PREEMPT_DYNAMIC Tue Jun 18 14:36:16 UTC 2 x86_64 x86_64 x86_64 GNU/Linux
     17:28:11 up 5 days, 20:05,  1 user,  load average: 4.50, 3.50, 2.78

commit ae5cb7fd822189f51d5bf8cdab82b37e00a8987a
Author: tracer-ysyx <tracer@ysyx.org>
Date:   Sun Sep 29 17:28:11 2024 +0800

    > compile NEMU
    ysyx_24080032 杨鹏城
    Linux ypc 6.5.0-44-generic #44~22.04.1-Ubuntu SMP PREEMPT_DYNAMIC Tue Jun 18 14:36:16 UTC 2 x86_64 x86_64 x86_64 GNU/Linux
     17:28:11 up 5 days, 20:05,  1 user,  load average: 4.50, 3.50, 2.78

commit b8630803f25745846e8b5b325f9c1d64f1cb4469
Author: tracer-ysyx <tracer@ysyx.org>
Date:   Sun Sep 29 17:28:10 2024 +0800

    > run NEMU
    ysyx_24080032 杨鹏城
    Linux ypc 6.5.0-44-generic #44~22.04.1-Ubuntu SMP PREEMPT_DYNAMIC Tue Jun 18 14:36:16 UTC 2 x86_64 x86_64 x86_64 GNU/Linux
     17:28:10 up 5 days, 20:05,  1 user,  load average: 4.02, 3.39, 2.74

commit 7aaab4eb451b7c77e8d4a07209a3d5f2fd8a79ab
Author: tracer-ysyx <tracer@ysyx.org>
Date:   Sun Sep 29 17:28:10 2024 +0800

    > compile NEMU
    ysyx_24080032 杨鹏城
    Linux ypc 6.5.0-44-generic #44~22.04.1-Ubuntu SMP PREEMPT_DYNAMIC Tue Jun 18 14:36:16 UTC 2 x86_64 x86_64 x86_64 GNU/Linux
     17:28:10 up 5 days, 20:05,  1 user,  load average: 4.02, 3.39, 2.74

commit bac405549e9894bd85bf3d8275173a27b6c54e88
Author: tracer-ysyx <tracer@ysyx.org>
Date:   Sun Sep 29 17:28:08 2024 +0800

    > run NEMU
    ysyx_24080032 杨鹏城
    Linux ypc 6.5.0-44-generic #44~22.04.1-Ubuntu SMP PREEMPT_DYNAMIC Tue Jun 18 14:36:16 UTC 2 x86_64 x86_64 x86_64 GNU/Linux
     17:28:08 up 5 days, 20:05,  1 user,  load average: 4.02, 3.39, 2.74

commit fa6130d0783ee048d968df9a7d203beeb3d33963
Author: tracer-ysyx <tracer@ysyx.org>
Date:   Sun Sep 29 17:28:08 2024 +0800

    > compile NEMU
    ysyx_24080032 杨鹏城
    Linux ypc 6.5.0-44-generic #44~22.04.1-Ubuntu SMP PREEMPT_DYNAMIC Tue Jun 18 14:36:16 UTC 2 x86_64 x86_64 x86_64 GNU/Linux
     17:28:08 up 5 days, 20:05,  1 user,  load average: 4.02, 3.39, 2.74

commit 2a98946241dac5114bb9e924d76caf0496593a07
Author: tracer-ysyx <tracer@ysyx.org>
Date:   Sun Sep 29 17:28:08 2024 +0800

    > run NEMU
    ysyx_24080032 杨鹏城
    Linux ypc 6.5.0-44-generic #44~22.04.1-Ubuntu SMP PREEMPT_DYNAMIC Tue Jun 18 14:36:16 UTC 2 x86_64 x86_64 x86_64 GNU/Linux
     17:28:08 up 5 days, 20:05,  1 user,  load average: 4.02, 3.39, 2.74

commit b1f36d7a9fb5cf85dff060df0f7c355c05483c8e
Author: tracer-ysyx <tracer@ysyx.org>
Date:   Sun Sep 29 17:28:08 2024 +0800

    > compile NEMU
    ysyx_24080032 杨鹏城
    Linux ypc 6.5.0-44-generic #44~22.04.1-Ubuntu SMP PREEMPT_DYNAMIC Tue Jun 18 14:36:16 UTC 2 x86_64 x86_64 x86_64 GNU/Linux
     17:28:08 up 5 days, 20:05,  1 user,  load average: 4.02, 3.39, 2.74

commit 73a6db1e95becaffe5f9645b9a426e2c1d666482
Author: tracer-ysyx <tracer@ysyx.org>
Date:   Sun Sep 29 17:28:07 2024 +0800

    > run NEMU
    ysyx_24080032 杨鹏城
    Linux ypc 6.5.0-44-generic #44~22.04.1-Ubuntu SMP PREEMPT_DYNAMIC Tue Jun 18 14:36:16 UTC 2 x86_64 x86_64 x86_64 GNU/Linux
     17:28:07 up 5 days, 20:05,  1 user,  load average: 4.02, 3.39, 2.74

commit 81b00a1f6ee403e4e49eb966c9c4d8bab0078859
Author: tracer-ysyx <tracer@ysyx.org>
Date:   Sun Sep 29 17:28:07 2024 +0800

    > compile NEMU
    ysyx_24080032 杨鹏城
    Linux ypc 6.5.0-44-generic #44~22.04.1-Ubuntu SMP PREEMPT_DYNAMIC Tue Jun 18 14:36:16 UTC 2 x86_64 x86_64 x86_64 GNU/Linux
     17:28:07 up 5 days, 20:05,  1 user,  load average: 4.02, 3.39, 2.74

commit ec6c120fe3874f1a5d5e079c18a8f65f2e0b697a
Author: tracer-ysyx <tracer@ysyx.org>
Date:   Sun Sep 29 17:28:07 2024 +0800

    > run NEMU
    ysyx_24080032 杨鹏城
    Linux ypc 6.5.0-44-generic #44~22.04.1-Ubuntu SMP PREEMPT_DYNAMIC Tue Jun 18 14:36:16 UTC 2 x86_64 x86_64 x86_64 GNU/Linux
     17:28:07 up 5 days, 20:05,  1 user,  load average: 4.02, 3.39, 2.74

commit 88276ec29dd76ed2fe9945383df0f1ae68a0674b
Author: tracer-ysyx <tracer@ysyx.org>
Date:   Sun Sep 29 17:28:07 2024 +0800

    > compile NEMU
    ysyx_24080032 杨鹏城
    Linux ypc 6.5.0-44-generic #44~22.04.1-Ubuntu SMP PREEMPT_DYNAMIC Tue Jun 18 14:36:16 UTC 2 x86_64 x86_64 x86_64 GNU/Linux
     17:28:07 up 5 days, 20:05,  1 user,  load average: 4.02, 3.39, 2.74

commit 66c8b047f8bce1616067c280673c26a9d985cde9
Author: tracer-ysyx <tracer@ysyx.org>
Date:   Sun Sep 29 17:28:06 2024 +0800

    > run NEMU
    ysyx_24080032 杨鹏城
    Linux ypc 6.5.0-44-generic #44~22.04.1-Ubuntu SMP PREEMPT_DYNAMIC Tue Jun 18 14:36:16 UTC 2 x86_64 x86_64 x86_64 GNU/Linux
     17:28:06 up 5 days, 20:05,  1 user,  load average: 4.02, 3.39, 2.74

commit 864f950fb89eb760616a409c5b022739b4b64010
Author: tracer-ysyx <tracer@ysyx.org>
Date:   Sun Sep 29 17:28:06 2024 +0800

    > compile NEMU
    ysyx_24080032 杨鹏城
    Linux ypc 6.5.0-44-generic #44~22.04.1-Ubuntu SMP PREEMPT_DYNAMIC Tue Jun 18 14:36:16 UTC 2 x86_64 x86_64 x86_64 GNU/Linux
     17:28:06 up 5 days, 20:05,  1 user,  load average: 4.02, 3.39, 2.74

commit 6c0d27658c4a636183775b0406ceff2f150ae9fc
Author: tracer-ysyx <tracer@ysyx.org>
Date:   Sun Sep 29 17:28:05 2024 +0800

    > run NEMU
    ysyx_24080032 杨鹏城
    Linux ypc 6.5.0-44-generic #44~22.04.1-Ubuntu SMP PREEMPT_DYNAMIC Tue Jun 18 14:36:16 UTC 2 x86_64 x86_64 x86_64 GNU/Linux
     17:28:05 up 5 days, 20:05,  1 user,  load average: 4.02, 3.39, 2.74

commit be461a27b45d485a629d28b5db5820f365e918d4
Author: tracer-ysyx <tracer@ysyx.org>
Date:   Sun Sep 29 17:28:05 2024 +0800

    > compile NEMU
    ysyx_24080032 杨鹏城
    Linux ypc 6.5.0-44-generic #44~22.04.1-Ubuntu SMP PREEMPT_DYNAMIC Tue Jun 18 14:36:16 UTC 2 x86_64 x86_64 x86_64 GNU/Linux
     17:28:05 up 5 days, 20:05,  1 user,  load average: 3.93, 3.37, 2.73

commit 028e451b8ad1e032c23a635eb632ee07fa420586
Author: tracer-ysyx <tracer@ysyx.org>
Date:   Sun Sep 29 17:28:05 2024 +0800

    > run NEMU
    ysyx_24080032 杨鹏城
    Linux ypc 6.5.0-44-generic #44~22.04.1-Ubuntu SMP PREEMPT_DYNAMIC Tue Jun 18 14:36:16 UTC 2 x86_64 x86_64 x86_64 GNU/Linux
     17:28:05 up 5 days, 20:05,  1 user,  load average: 3.93, 3.37, 2.73

commit d31679d0ea6b8caf2383dca397038332a389feff
Author: tracer-ysyx <tracer@ysyx.org>
Date:   Sun Sep 29 17:28:05 2024 +0800

    > compile NEMU
    ysyx_24080032 杨鹏城
    Linux ypc 6.5.0-44-generic #44~22.04.1-Ubuntu SMP PREEMPT_DYNAMIC Tue Jun 18 14:36:16 UTC 2 x86_64 x86_64 x86_64 GNU/Linux
     17:28:05 up 5 days, 20:05,  1 user,  load average: 3.93, 3.37, 2.73

commit 31908064e8bc42f6b15886eae4147f67322a46ca
Author: tracer-ysyx <tracer@ysyx.org>
Date:   Sun Sep 29 17:28:04 2024 +0800

    > run NEMU
    ysyx_24080032 杨鹏城
    Linux ypc 6.5.0-44-generic #44~22.04.1-Ubuntu SMP PREEMPT_DYNAMIC Tue Jun 18 14:36:16 UTC 2 x86_64 x86_64 x86_64 GNU/Linux
     17:28:04 up 5 days, 20:05,  1 user,  load average: 3.93, 3.37, 2.73

commit 9a131f11ed196f95f09f06390ae80c093cd0314c
Author: tracer-ysyx <tracer@ysyx.org>
Date:   Sun Sep 29 17:28:04 2024 +0800

    > compile NEMU
    ysyx_24080032 杨鹏城
    Linux ypc 6.5.0-44-generic #44~22.04.1-Ubuntu SMP PREEMPT_DYNAMIC Tue Jun 18 14:36:16 UTC 2 x86_64 x86_64 x86_64 GNU/Linux
     17:28:04 up 5 days, 20:05,  1 user,  load average: 3.93, 3.37, 2.73

commit e558387be09b00d84a883716a04e096f31eedd0e
Author: tracer-ysyx <tracer@ysyx.org>
Date:   Sun Sep 29 17:27:23 2024 +0800

    > compile NEMU
    ysyx_24080032 杨鹏城
    Linux ypc 6.5.0-44-generic #44~22.04.1-Ubuntu SMP PREEMPT_DYNAMIC Tue Jun 18 14:36:16 UTC 2 x86_64 x86_64 x86_64 GNU/Linux
     17:27:23 up 5 days, 20:04,  1 user,  load average: 4.16, 3.33, 2.69

commit 293d41460fa5e9e460b3b3c79597254f45f11107
Author: tracer-ysyx <tracer@ysyx.org>
Date:   Sun Sep 29 17:27:23 2024 +0800

    > run NEMU
    ysyx_24080032 杨鹏城
    Linux ypc 6.5.0-44-generic #44~22.04.1-Ubuntu SMP PREEMPT_DYNAMIC Tue Jun 18 14:36:16 UTC 2 x86_64 x86_64 x86_64 GNU/Linux
     17:27:23 up 5 days, 20:04,  1 user,  load average: 4.16, 3.33, 2.69

commit 54e053e38a219740f8bab931db92bf83227e64e7
Author: tracer-ysyx <tracer@ysyx.org>
Date:   Sun Sep 29 17:27:21 2024 +0800

    > compile NEMU
    ysyx_24080032 杨鹏城
    Linux ypc 6.5.0-44-generic #44~22.04.1-Ubuntu SMP PREEMPT_DYNAMIC Tue Jun 18 14:36:16 UTC 2 x86_64 x86_64 x86_64 GNU/Linux
     17:27:21 up 5 days, 20:04,  1 user,  load average: 4.16, 3.33, 2.69

commit 55e576ffdb0c8989422ccdbd799af839ba690d54
Author: tracer-ysyx <tracer@ysyx.org>
Date:   Sun Sep 29 17:27:20 2024 +0800

    > run NEMU
    ysyx_24080032 杨鹏城
    Linux ypc 6.5.0-44-generic #44~22.04.1-Ubuntu SMP PREEMPT_DYNAMIC Tue Jun 18 14:36:16 UTC 2 x86_64 x86_64 x86_64 GNU/Linux
     17:27:20 up 5 days, 20:04,  1 user,  load average: 3.48, 3.18, 2.64

commit 097dfed4cc02c1a0ff9e416a82122bb39462cb27
Author: tracer-ysyx <tracer@ysyx.org>
Date:   Sun Sep 29 17:27:17 2024 +0800

    > compile NEMU
    ysyx_24080032 杨鹏城
    Linux ypc 6.5.0-44-generic #44~22.04.1-Ubuntu SMP PREEMPT_DYNAMIC Tue Jun 18 14:36:16 UTC 2 x86_64 x86_64 x86_64 GNU/Linux
     17:27:17 up 5 days, 20:04,  1 user,  load average: 3.48, 3.18, 2.64

commit c6c1df9003a17b2a2bf24682ad8a00d1ee0eb327
Author: tracer-ysyx <tracer@ysyx.org>
Date:   Sun Sep 29 17:26:27 2024 +0800

    > compile NEMU
    ysyx_24080032 杨鹏城
    Linux ypc 6.5.0-44-generic #44~22.04.1-Ubuntu SMP PREEMPT_DYNAMIC Tue Jun 18 14:36:16 UTC 2 x86_64 x86_64 x86_64 GNU/Linux
     17:26:27 up 5 days, 20:03,  1 user,  load average: 4.80, 3.31, 2.64

commit 3922c682c66d45df9d60373d716c5508de0e059a
Author: tracer-ysyx <tracer@ysyx.org>
Date:   Sun Sep 29 17:26:27 2024 +0800

    > run NEMU
    ysyx_24080032 杨鹏城
    Linux ypc 6.5.0-44-generic #44~22.04.1-Ubuntu SMP PREEMPT_DYNAMIC Tue Jun 18 14:36:16 UTC 2 x86_64 x86_64 x86_64 GNU/Linux
     17:26:27 up 5 days, 20:03,  1 user,  load average: 4.80, 3.31, 2.64

commit 6528520b62d26f61bd74f894d63d8b83e211bed0
Author: tracer-ysyx <tracer@ysyx.org>
Date:   Sun Sep 29 17:26:24 2024 +0800

    > compile NEMU
    ysyx_24080032 杨鹏城
    Linux ypc 6.5.0-44-generic #44~22.04.1-Ubuntu SMP PREEMPT_DYNAMIC Tue Jun 18 14:36:16 UTC 2 x86_64 x86_64 x86_64 GNU/Linux
     17:26:24 up 5 days, 20:03,  1 user,  load average: 4.95, 3.32, 2.64

commit 2b2f598a8544bd734eedaa0b4ed4394c617cbb0a
Author: tracer-ysyx <tracer@ysyx.org>
Date:   Sun Sep 29 17:26:23 2024 +0800

    > run NEMU
    ysyx_24080032 杨鹏城
    Linux ypc 6.5.0-44-generic #44~22.04.1-Ubuntu SMP PREEMPT_DYNAMIC Tue Jun 18 14:36:16 UTC 2 x86_64 x86_64 x86_64 GNU/Linux
     17:26:23 up 5 days, 20:03,  1 user,  load average: 4.95, 3.32, 2.64

commit 7dc828615c88286ad9d07e5348f99ff026697c0f
Author: tracer-ysyx <tracer@ysyx.org>
Date:   Sun Sep 29 17:26:21 2024 +0800

    > compile NEMU
    ysyx_24080032 杨鹏城
    Linux ypc 6.5.0-44-generic #44~22.04.1-Ubuntu SMP PREEMPT_DYNAMIC Tue Jun 18 14:36:16 UTC 2 x86_64 x86_64 x86_64 GNU/Linux
     17:26:21 up 5 days, 20:03,  1 user,  load average: 4.95, 3.32, 2.64

commit 3f37ade6e98ee28fd349012660c193a712e2ec47
Author: tracer-ysyx <tracer@ysyx.org>
Date:   Sun Sep 29 17:26:21 2024 +0800

    > run NEMU
    ysyx_24080032 杨鹏城
    Linux ypc 6.5.0-44-generic #44~22.04.1-Ubuntu SMP PREEMPT_DYNAMIC Tue Jun 18 14:36:16 UTC 2 x86_64 x86_64 x86_64 GNU/Linux
     17:26:21 up 5 days, 20:03,  1 user,  load average: 4.95, 3.32, 2.64

commit 8e7e90434be7a9bd0caa6254efe2065c3407e9d9
Author: tracer-ysyx <tracer@ysyx.org>
Date:   Sun Sep 29 17:26:19 2024 +0800

    > compile NEMU
    ysyx_24080032 杨鹏城
    Linux ypc 6.5.0-44-generic #44~22.04.1-Ubuntu SMP PREEMPT_DYNAMIC Tue Jun 18 14:36:16 UTC 2 x86_64 x86_64 x86_64 GNU/Linux
     17:26:19 up 5 days, 20:03,  1 user,  load average: 5.12, 3.32, 2.64

commit 9862b7792b06672f32062f49509b88f9d0857f0d
Author: tracer-ysyx <tracer@ysyx.org>
Date:   Sun Sep 29 17:26:18 2024 +0800

    > run NEMU
    ysyx_24080032 杨鹏城
    Linux ypc 6.5.0-44-generic #44~22.04.1-Ubuntu SMP PREEMPT_DYNAMIC Tue Jun 18 14:36:16 UTC 2 x86_64 x86_64 x86_64 GNU/Linux
     17:26:18 up 5 days, 20:03,  1 user,  load average: 5.12, 3.32, 2.64

commit 843f14a258c965d4d97d5a81e8d97d0af0e71231
Author: tracer-ysyx <tracer@ysyx.org>
Date:   Sun Sep 29 17:26:16 2024 +0800

    > compile NEMU
    ysyx_24080032 杨鹏城
    Linux ypc 6.5.0-44-generic #44~22.04.1-Ubuntu SMP PREEMPT_DYNAMIC Tue Jun 18 14:36:16 UTC 2 x86_64 x86_64 x86_64 GNU/Linux
     17:26:16 up 5 days, 20:03,  1 user,  load average: 5.12, 3.32, 2.64

commit bd3e0dc276d5f95158ad60326b0371ebcc4c27cb
Author: tracer-ysyx <tracer@ysyx.org>
Date:   Sun Sep 29 17:26:14 2024 +0800

    > run NEMU
    ysyx_24080032 杨鹏城
    Linux ypc 6.5.0-44-generic #44~22.04.1-Ubuntu SMP PREEMPT_DYNAMIC Tue Jun 18 14:36:16 UTC 2 x86_64 x86_64 x86_64 GNU/Linux
     17:26:14 up 5 days, 20:03,  1 user,  load average: 4.79, 3.22, 2.61

commit cf7e2271c8afb7251cbeecb538c72ae94a9202f3
Author: tracer-ysyx <tracer@ysyx.org>
Date:   Sun Sep 29 17:26:12 2024 +0800

    > compile NEMU
    ysyx_24080032 杨鹏城
    Linux ypc 6.5.0-44-generic #44~22.04.1-Ubuntu SMP PREEMPT_DYNAMIC Tue Jun 18 14:36:16 UTC 2 x86_64 x86_64 x86_64 GNU/Linux
     17:26:12 up 5 days, 20:03,  1 user,  load average: 4.79, 3.22, 2.61

commit 57b6098cff0c92ade1b4000f5967a8ebd7e546cb
Author: tracer-ysyx <tracer@ysyx.org>
Date:   Sun Sep 29 17:26:11 2024 +0800

    > run NEMU
    ysyx_24080032 杨鹏城
    Linux ypc 6.5.0-44-generic #44~22.04.1-Ubuntu SMP PREEMPT_DYNAMIC Tue Jun 18 14:36:16 UTC 2 x86_64 x86_64 x86_64 GNU/Linux
     17:26:11 up 5 days, 20:03,  1 user,  load average: 4.79, 3.22, 2.61

commit d0783e85cb121b8de3469585f765409ae380a24a
Author: tracer-ysyx <tracer@ysyx.org>
Date:   Sun Sep 29 17:26:09 2024 +0800

    > compile NEMU
    ysyx_24080032 杨鹏城
    Linux ypc 6.5.0-44-generic #44~22.04.1-Ubuntu SMP PREEMPT_DYNAMIC Tue Jun 18 14:36:16 UTC 2 x86_64 x86_64 x86_64 GNU/Linux
     17:26:09 up 5 days, 20:03,  1 user,  load average: 4.94, 3.23, 2.60

commit 159661f763622c5b535732d11cbb14c0e2da72a0
Author: tracer-ysyx <tracer@ysyx.org>
Date:   Sun Sep 29 17:26:08 2024 +0800

    > run NEMU
    ysyx_24080032 杨鹏城
    Linux ypc 6.5.0-44-generic #44~22.04.1-Ubuntu SMP PREEMPT_DYNAMIC Tue Jun 18 14:36:16 UTC 2 x86_64 x86_64 x86_64 GNU/Linux
     17:26:08 up 5 days, 20:03,  1 user,  load average: 4.94, 3.23, 2.60

commit eeb229a0102ecc6a57ef731b8999e7e3a5235a2f
Author: tracer-ysyx <tracer@ysyx.org>
Date:   Sun Sep 29 17:26:06 2024 +0800

    > compile NEMU
    ysyx_24080032 杨鹏城
    Linux ypc 6.5.0-44-generic #44~22.04.1-Ubuntu SMP PREEMPT_DYNAMIC Tue Jun 18 14:36:16 UTC 2 x86_64 x86_64 x86_64 GNU/Linux
     17:26:06 up 5 days, 20:03,  1 user,  load average: 4.94, 3.23, 2.60

commit 756b2a0b8a2ac2283b156d1187ffcd09b29c19e1
Author: tracer-ysyx <tracer@ysyx.org>
Date:   Sun Sep 29 17:26:06 2024 +0800

    > run NEMU
    ysyx_24080032 杨鹏城
    Linux ypc 6.5.0-44-generic #44~22.04.1-Ubuntu SMP PREEMPT_DYNAMIC Tue Jun 18 14:36:16 UTC 2 x86_64 x86_64 x86_64 GNU/Linux
     17:26:06 up 5 days, 20:03,  1 user,  load average: 4.94, 3.23, 2.60

commit 5d50d6e18c699ecddb07a18a22cd11000a05ee2b
Author: tracer-ysyx <tracer@ysyx.org>
Date:   Sun Sep 29 17:26:03 2024 +0800

    > compile NEMU
    ysyx_24080032 杨鹏城
    Linux ypc 6.5.0-44-generic #44~22.04.1-Ubuntu SMP PREEMPT_DYNAMIC Tue Jun 18 14:36:16 UTC 2 x86_64 x86_64 x86_64 GNU/Linux
     17:26:03 up 5 days, 20:03,  1 user,  load average: 5.20, 3.25, 2.61

commit 4015e8ae1259b984af7d7f96ef14695b5c2708c9
Author: tracer-ysyx <tracer@ysyx.org>
Date:   Sun Sep 29 17:26:03 2024 +0800

    > run NEMU
    ysyx_24080032 杨鹏城
    Linux ypc 6.5.0-44-generic #44~22.04.1-Ubuntu SMP PREEMPT_DYNAMIC Tue Jun 18 14:36:16 UTC 2 x86_64 x86_64 x86_64 GNU/Linux
     17:26:03 up 5 days, 20:03,  1 user,  load average: 5.20, 3.25, 2.61

commit e19e441683d94417e2afa569b147ccde9512d753
Author: tracer-ysyx <tracer@ysyx.org>
Date:   Sun Sep 29 17:26:00 2024 +0800

    > compile NEMU
    ysyx_24080032 杨鹏城
    Linux ypc 6.5.0-44-generic #44~22.04.1-Ubuntu SMP PREEMPT_DYNAMIC Tue Jun 18 14:36:16 UTC 2 x86_64 x86_64 x86_64 GNU/Linux
     17:26:00 up 5 days, 20:03,  1 user,  load average: 5.20, 3.25, 2.61

commit b4599fee941e32df2e0359a68de0c92bbbde020d
Author: tracer-ysyx <tracer@ysyx.org>
Date:   Sun Sep 29 17:26:00 2024 +0800

    > run NEMU
    ysyx_24080032 杨鹏城
    Linux ypc 6.5.0-44-generic #44~22.04.1-Ubuntu SMP PREEMPT_DYNAMIC Tue Jun 18 14:36:16 UTC 2 x86_64 x86_64 x86_64 GNU/Linux
     17:26:00 up 5 days, 20:03,  1 user,  load average: 4.26, 3.03, 2.53

commit 1b74ffce9caca10f1aaefc708dd29ecc5e41de61
Author: tracer-ysyx <tracer@ysyx.org>
Date:   Sun Sep 29 17:25:56 2024 +0800

    > compile NEMU
    ysyx_24080032 杨鹏城
    Linux ypc 6.5.0-44-generic #44~22.04.1-Ubuntu SMP PREEMPT_DYNAMIC Tue Jun 18 14:36:16 UTC 2 x86_64 x86_64 x86_64 GNU/Linux
     17:25:56 up 5 days, 20:03,  1 user,  load average: 4.26, 3.03, 2.53

commit 2ee3c58683d591a19728c5ea5357b27e1fcb5c71
Author: tracer-ysyx <tracer@ysyx.org>
Date:   Sun Sep 29 17:25:56 2024 +0800

    > run NEMU
    ysyx_24080032 杨鹏城
    Linux ypc 6.5.0-44-generic #44~22.04.1-Ubuntu SMP PREEMPT_DYNAMIC Tue Jun 18 14:36:16 UTC 2 x86_64 x86_64 x86_64 GNU/Linux
     17:25:56 up 5 days, 20:03,  1 user,  load average: 4.26, 3.03, 2.53

commit b99e3e9443c85a1bb6e266d633f0d401903900a3
Author: tracer-ysyx <tracer@ysyx.org>
Date:   Sun Sep 29 17:25:53 2024 +0800

    > compile NEMU
    ysyx_24080032 杨鹏城
    Linux ypc 6.5.0-44-generic #44~22.04.1-Ubuntu SMP PREEMPT_DYNAMIC Tue Jun 18 14:36:16 UTC 2 x86_64 x86_64 x86_64 GNU/Linux
     17:25:53 up 5 days, 20:03,  1 user,  load average: 4.45, 3.05, 2.54

commit 98a9529f9c4578a6c43ba05ac56bc78a405e2e07
Author: tracer-ysyx <tracer@ysyx.org>
Date:   Sun Sep 29 17:25:53 2024 +0800

    > run NEMU
    ysyx_24080032 杨鹏城
    Linux ypc 6.5.0-44-generic #44~22.04.1-Ubuntu SMP PREEMPT_DYNAMIC Tue Jun 18 14:36:16 UTC 2 x86_64 x86_64 x86_64 GNU/Linux
     17:25:53 up 5 days, 20:03,  1 user,  load average: 4.45, 3.05, 2.54

commit 3ef7aa1c1ea448d316ca901e36743d3ceeea6a78
Author: tracer-ysyx <tracer@ysyx.org>
Date:   Sun Sep 29 17:25:50 2024 +0800

    > compile NEMU
    ysyx_24080032 杨鹏城
    Linux ypc 6.5.0-44-generic #44~22.04.1-Ubuntu SMP PREEMPT_DYNAMIC Tue Jun 18 14:36:16 UTC 2 x86_64 x86_64 x86_64 GNU/Linux
     17:25:50 up 5 days, 20:03,  1 user,  load average: 4.15, 2.97, 2.51

commit 0a30ff6c80edc3f809f92f05bcd7df29a234498d
Author: tracer-ysyx <tracer@ysyx.org>
Date:   Sun Sep 29 17:25:49 2024 +0800

    > run NEMU
    ysyx_24080032 杨鹏城
    Linux ypc 6.5.0-44-generic #44~22.04.1-Ubuntu SMP PREEMPT_DYNAMIC Tue Jun 18 14:36:16 UTC 2 x86_64 x86_64 x86_64 GNU/Linux
     17:25:49 up 5 days, 20:03,  1 user,  load average: 4.15, 2.97, 2.51

commit f23c9f14942ddbf1ad7b8a4c563dff287cb6e22c
Author: tracer-ysyx <tracer@ysyx.org>
Date:   Sun Sep 29 17:25:47 2024 +0800

    > compile NEMU
    ysyx_24080032 杨鹏城
    Linux ypc 6.5.0-44-generic #44~22.04.1-Ubuntu SMP PREEMPT_DYNAMIC Tue Jun 18 14:36:16 UTC 2 x86_64 x86_64 x86_64 GNU/Linux
     17:25:47 up 5 days, 20:03,  1 user,  load average: 4.15, 2.97, 2.51

commit 0c810ce3567ccba32204a7502193eb003ffe7ed5
Author: tracer-ysyx <tracer@ysyx.org>
Date:   Sun Sep 29 17:25:39 2024 +0800

    > compile NEMU
    ysyx_24080032 杨鹏城
    Linux ypc 6.5.0-44-generic #44~22.04.1-Ubuntu SMP PREEMPT_DYNAMIC Tue Jun 18 14:36:16 UTC 2 x86_64 x86_64 x86_64 GNU/Linux
     17:25:39 up 5 days, 20:03,  1 user,  load average: 4.45, 2.98, 2.51

commit 934b6ab881d05dc046658ba6e9a9d685c20447f9
Author: tracer-ysyx <tracer@ysyx.org>
Date:   Sun Sep 29 17:25:38 2024 +0800

    > run NEMU
    ysyx_24080032 杨鹏城
    Linux ypc 6.5.0-44-generic #44~22.04.1-Ubuntu SMP PREEMPT_DYNAMIC Tue Jun 18 14:36:16 UTC 2 x86_64 x86_64 x86_64 GNU/Linux
     17:25:38 up 5 days, 20:03,  1 user,  load average: 4.45, 2.98, 2.51

commit a7a64c7c19e4a7818a6b8f8e6c38ce8e8ea7ec82
Author: tracer-ysyx <tracer@ysyx.org>
Date:   Sun Sep 29 17:25:36 2024 +0800

    > compile NEMU
    ysyx_24080032 杨鹏城
    Linux ypc 6.5.0-44-generic #44~22.04.1-Ubuntu SMP PREEMPT_DYNAMIC Tue Jun 18 14:36:16 UTC 2 x86_64 x86_64 x86_64 GNU/Linux
     17:25:36 up 5 days, 20:03,  1 user,  load average: 4.45, 2.98, 2.51

commit d7bd527887552b61b99684ea02cd6be64892713b
Author: tracer-ysyx <tracer@ysyx.org>
Date:   Sun Sep 29 17:25:35 2024 +0800

    > run NEMU
    ysyx_24080032 杨鹏城
    Linux ypc 6.5.0-44-generic #44~22.04.1-Ubuntu SMP PREEMPT_DYNAMIC Tue Jun 18 14:36:16 UTC 2 x86_64 x86_64 x86_64 GNU/Linux
     17:25:35 up 5 days, 20:03,  1 user,  load average: 3.97, 2.87, 2.47

commit 61a5e9c070ee789258271af29a774a0636177f9a
Author: tracer-ysyx <tracer@ysyx.org>
Date:   Sun Sep 29 17:25:33 2024 +0800

    > compile NEMU
    ysyx_24080032 杨鹏城
    Linux ypc 6.5.0-44-generic #44~22.04.1-Ubuntu SMP PREEMPT_DYNAMIC Tue Jun 18 14:36:16 UTC 2 x86_64 x86_64 x86_64 GNU/Linux
     17:25:33 up 5 days, 20:03,  1 user,  load average: 3.97, 2.87, 2.47

commit 819944010c07af92de4e15e253cf55b558bddae0
Author: tracer-ysyx <tracer@ysyx.org>
Date:   Sun Sep 29 17:25:32 2024 +0800

    > run NEMU
    ysyx_24080032 杨鹏城
    Linux ypc 6.5.0-44-generic #44~22.04.1-Ubuntu SMP PREEMPT_DYNAMIC Tue Jun 18 14:36:16 UTC 2 x86_64 x86_64 x86_64 GNU/Linux
     17:25:32 up 5 days, 20:03,  1 user,  load average: 3.97, 2.87, 2.47

commit bf9bb5e6848dc15b35dab30559b9b9b569305f58
Author: tracer-ysyx <tracer@ysyx.org>
Date:   Sun Sep 29 17:25:30 2024 +0800

    > compile NEMU
    ysyx_24080032 杨鹏城
    Linux ypc 6.5.0-44-generic #44~22.04.1-Ubuntu SMP PREEMPT_DYNAMIC Tue Jun 18 14:36:16 UTC 2 x86_64 x86_64 x86_64 GNU/Linux
     17:25:30 up 5 days, 20:02,  1 user,  load average: 3.53, 2.76, 2.43

commit 5acf85af8f01ed64bcc672d04936c9e757aa1b46
Author: tracer-ysyx <tracer@ysyx.org>
Date:   Sun Sep 29 17:25:28 2024 +0800

    > run NEMU
    ysyx_24080032 杨鹏城
    Linux ypc 6.5.0-44-generic #44~22.04.1-Ubuntu SMP PREEMPT_DYNAMIC Tue Jun 18 14:36:16 UTC 2 x86_64 x86_64 x86_64 GNU/Linux
     17:25:28 up 5 days, 20:02,  1 user,  load average: 3.53, 2.76, 2.43

commit 355edec820aba67611fc226f0864771ec5fe163c
Author: tracer-ysyx <tracer@ysyx.org>
Date:   Sun Sep 29 17:25:25 2024 +0800

    > compile NEMU
    ysyx_24080032 杨鹏城
    Linux ypc 6.5.0-44-generic #44~22.04.1-Ubuntu SMP PREEMPT_DYNAMIC Tue Jun 18 14:36:16 UTC 2 x86_64 x86_64 x86_64 GNU/Linux
     17:25:25 up 5 days, 20:02,  1 user,  load average: 2.88, 2.62, 2.38

commit ffabd47a08cdd1fbeb9221b5e875b9cc894f5ac3
Author: tracer-ysyx <tracer@ysyx.org>
Date:   Sun Sep 29 17:25:24 2024 +0800

    > run NEMU
    ysyx_24080032 杨鹏城
    Linux ypc 6.5.0-44-generic #44~22.04.1-Ubuntu SMP PREEMPT_DYNAMIC Tue Jun 18 14:36:16 UTC 2 x86_64 x86_64 x86_64 GNU/Linux
     17:25:24 up 5 days, 20:02,  1 user,  load average: 2.88, 2.62, 2.38

commit bd8e1443cf008e374030b6572a3505d97805095f
Author: tracer-ysyx <tracer@ysyx.org>
Date:   Sun Sep 29 17:25:22 2024 +0800

    > compile NEMU
    ysyx_24080032 杨鹏城
    Linux ypc 6.5.0-44-generic #44~22.04.1-Ubuntu SMP PREEMPT_DYNAMIC Tue Jun 18 14:36:16 UTC 2 x86_64 x86_64 x86_64 GNU/Linux
     17:25:22 up 5 days, 20:02,  1 user,  load average: 2.88, 2.62, 2.38

commit 166ed36ea0031e161d55138370cc9a0ebcac6e19
Author: tracer-ysyx <tracer@ysyx.org>
Date:   Sun Sep 29 17:25:22 2024 +0800

    > run NEMU
    ysyx_24080032 杨鹏城
    Linux ypc 6.5.0-44-generic #44~22.04.1-Ubuntu SMP PREEMPT_DYNAMIC Tue Jun 18 14:36:16 UTC 2 x86_64 x86_64 x86_64 GNU/Linux
     17:25:22 up 5 days, 20:02,  1 user,  load average: 2.88, 2.62, 2.38

commit 5b7535b102a2ce7a909a1fc20bf6f85406ed9292
Author: tracer-ysyx <tracer@ysyx.org>
Date:   Sun Sep 29 17:25:17 2024 +0800

    > compile NEMU
    ysyx_24080032 杨鹏城
    Linux ypc 6.5.0-44-generic #44~22.04.1-Ubuntu SMP PREEMPT_DYNAMIC Tue Jun 18 14:36:16 UTC 2 x86_64 x86_64 x86_64 GNU/Linux
     17:25:17 up 5 days, 20:02,  1 user,  load average: 2.60, 2.56, 2.37

commit a71ea7b0ea056df35a6a9409135645c040c3dbf0
Author: tracer-ysyx <tracer@ysyx.org>
Date:   Sun Sep 29 17:25:17 2024 +0800

    > run NEMU
    ysyx_24080032 杨鹏城
    Linux ypc 6.5.0-44-generic #44~22.04.1-Ubuntu SMP PREEMPT_DYNAMIC Tue Jun 18 14:36:16 UTC 2 x86_64 x86_64 x86_64 GNU/Linux
     17:25:17 up 5 days, 20:02,  1 user,  load average: 2.60, 2.56, 2.37

commit 065c7304cdb639ef3a5e7ac89900d885ddb5b066
Author: tracer-ysyx <tracer@ysyx.org>
Date:   Sun Sep 29 17:25:15 2024 +0800

    > compile NEMU
    ysyx_24080032 杨鹏城
    Linux ypc 6.5.0-44-generic #44~22.04.1-Ubuntu SMP PREEMPT_DYNAMIC Tue Jun 18 14:36:16 UTC 2 x86_64 x86_64 x86_64 GNU/Linux
     17:25:15 up 5 days, 20:02,  1 user,  load average: 2.40, 2.52, 2.35

commit a4a77fd0b25977a9d2b82b03ba4e14898d359f83
Author: tracer-ysyx <tracer@ysyx.org>
Date:   Sun Sep 29 17:25:14 2024 +0800

    > run NEMU
    ysyx_24080032 杨鹏城
    Linux ypc 6.5.0-44-generic #44~22.04.1-Ubuntu SMP PREEMPT_DYNAMIC Tue Jun 18 14:36:16 UTC 2 x86_64 x86_64 x86_64 GNU/Linux
     17:25:14 up 5 days, 20:02,  1 user,  load average: 2.40, 2.52, 2.35

commit 6917a6ba0a1cca22074111c6a0ec4194bb48e143
Author: tracer-ysyx <tracer@ysyx.org>
Date:   Sun Sep 29 17:25:12 2024 +0800

    > compile NEMU
    ysyx_24080032 杨鹏城
    Linux ypc 6.5.0-44-generic #44~22.04.1-Ubuntu SMP PREEMPT_DYNAMIC Tue Jun 18 14:36:16 UTC 2 x86_64 x86_64 x86_64 GNU/Linux
     17:25:12 up 5 days, 20:02,  1 user,  load average: 2.40, 2.52, 2.35

commit d95e8c372391165e8f7db48b22dd3ea571d6f617
Author: tracer-ysyx <tracer@ysyx.org>
Date:   Sun Sep 29 17:25:12 2024 +0800

    > run NEMU
    ysyx_24080032 杨鹏城
    Linux ypc 6.5.0-44-generic #44~22.04.1-Ubuntu SMP PREEMPT_DYNAMIC Tue Jun 18 14:36:16 UTC 2 x86_64 x86_64 x86_64 GNU/Linux
     17:25:12 up 5 days, 20:02,  1 user,  load average: 2.40, 2.52, 2.35

commit 63fea7b93748219ab4cd4ca2345a41caaf8970ad
Author: tracer-ysyx <tracer@ysyx.org>
Date:   Sun Sep 29 17:25:09 2024 +0800

    > compile NEMU
    ysyx_24080032 杨鹏城
    Linux ypc 6.5.0-44-generic #44~22.04.1-Ubuntu SMP PREEMPT_DYNAMIC Tue Jun 18 14:36:16 UTC 2 x86_64 x86_64 x86_64 GNU/Linux
     17:25:09 up 5 days, 20:02,  1 user,  load average: 2.26, 2.50, 2.34

commit 3ef077c82b9d8a0a4bf80879453b51970f4b9937
Author: tracer-ysyx <tracer@ysyx.org>
Date:   Sun Sep 29 17:25:09 2024 +0800

    > run NEMU
    ysyx_24080032 杨鹏城
    Linux ypc 6.5.0-44-generic #44~22.04.1-Ubuntu SMP PREEMPT_DYNAMIC Tue Jun 18 14:36:16 UTC 2 x86_64 x86_64 x86_64 GNU/Linux
     17:25:09 up 5 days, 20:02,  1 user,  load average: 2.26, 2.50, 2.34

commit 74913d9c1550188424381ca7945b54a2fc2fdb95
Author: tracer-ysyx <tracer@ysyx.org>
Date:   Sun Sep 29 17:25:06 2024 +0800

    > compile NEMU
    ysyx_24080032 杨鹏城
    Linux ypc 6.5.0-44-generic #44~22.04.1-Ubuntu SMP PREEMPT_DYNAMIC Tue Jun 18 14:36:16 UTC 2 x86_64 x86_64 x86_64 GNU/Linux
     17:25:06 up 5 days, 20:02,  1 user,  load average: 2.26, 2.50, 2.34

commit febce8cc6b03f5a248ecc0f2c09d7299b34fb091
Author: tracer-ysyx <tracer@ysyx.org>
Date:   Sun Sep 29 17:25:06 2024 +0800

    > run NEMU
    ysyx_24080032 杨鹏城
    Linux ypc 6.5.0-44-generic #44~22.04.1-Ubuntu SMP PREEMPT_DYNAMIC Tue Jun 18 14:36:16 UTC 2 x86_64 x86_64 x86_64 GNU/Linux
     17:25:06 up 5 days, 20:02,  1 user,  load average: 2.26, 2.50, 2.34

commit 1e2e844402f171d3b2619bca166bd2d632d64bb4
Author: tracer-ysyx <tracer@ysyx.org>
Date:   Sun Sep 29 17:25:04 2024 +0800

    > compile NEMU
    ysyx_24080032 杨鹏城
    Linux ypc 6.5.0-44-generic #44~22.04.1-Ubuntu SMP PREEMPT_DYNAMIC Tue Jun 18 14:36:16 UTC 2 x86_64 x86_64 x86_64 GNU/Linux
     17:25:04 up 5 days, 20:02,  1 user,  load average: 2.28, 2.51, 2.34

commit 12003b35832bdcd065dcabbebbd42c3a230cb343
Author: tracer-ysyx <tracer@ysyx.org>
Date:   Sun Sep 29 17:25:04 2024 +0800

    > run NEMU
    ysyx_24080032 杨鹏城
    Linux ypc 6.5.0-44-generic #44~22.04.1-Ubuntu SMP PREEMPT_DYNAMIC Tue Jun 18 14:36:16 UTC 2 x86_64 x86_64 x86_64 GNU/Linux
     17:25:04 up 5 days, 20:02,  1 user,  load average: 2.28, 2.51, 2.34

commit 0fadf08e3c80eeb7c7dcae36e9fcbfd502b9391a
Author: tracer-ysyx <tracer@ysyx.org>
Date:   Sun Sep 29 17:25:02 2024 +0800

    > compile NEMU
    ysyx_24080032 杨鹏城
    Linux ypc 6.5.0-44-generic #44~22.04.1-Ubuntu SMP PREEMPT_DYNAMIC Tue Jun 18 14:36:16 UTC 2 x86_64 x86_64 x86_64 GNU/Linux
     17:25:02 up 5 days, 20:02,  1 user,  load average: 2.28, 2.51, 2.34

commit 25b64e384ec21481123706b2c3caa8fe21ab10cc
Author: tracer-ysyx <tracer@ysyx.org>
Date:   Sun Sep 29 17:25:01 2024 +0800

    > run NEMU
    ysyx_24080032 杨鹏城
    Linux ypc 6.5.0-44-generic #44~22.04.1-Ubuntu SMP PREEMPT_DYNAMIC Tue Jun 18 14:36:16 UTC 2 x86_64 x86_64 x86_64 GNU/Linux
     17:25:01 up 5 days, 20:02,  1 user,  load average: 2.28, 2.51, 2.34

commit 85830c7982963d5efbbe7f8b2c3710b69f8eb59b
Author: tracer-ysyx <tracer@ysyx.org>
Date:   Sun Sep 29 17:24:59 2024 +0800

    > compile NEMU
    ysyx_24080032 杨鹏城
    Linux ypc 6.5.0-44-generic #44~22.04.1-Ubuntu SMP PREEMPT_DYNAMIC Tue Jun 18 14:36:16 UTC 2 x86_64 x86_64 x86_64 GNU/Linux
     17:24:59 up 5 days, 20:02,  1 user,  load average: 2.30, 2.52, 2.35

commit 84715e2e077919c0c4b7f8d4f77d7b0f147723a2
Author: tracer-ysyx <tracer@ysyx.org>
Date:   Sun Sep 29 17:24:59 2024 +0800

    > run NEMU
    ysyx_24080032 杨鹏城
    Linux ypc 6.5.0-44-generic #44~22.04.1-Ubuntu SMP PREEMPT_DYNAMIC Tue Jun 18 14:36:16 UTC 2 x86_64 x86_64 x86_64 GNU/Linux
     17:24:59 up 5 days, 20:02,  1 user,  load average: 2.30, 2.52, 2.35

commit 5a7a6931397093f14ec0e71b483f3b1eb36270df
Author: tracer-ysyx <tracer@ysyx.org>
Date:   Sun Sep 29 17:24:57 2024 +0800

    > compile NEMU
    ysyx_24080032 杨鹏城
    Linux ypc 6.5.0-44-generic #44~22.04.1-Ubuntu SMP PREEMPT_DYNAMIC Tue Jun 18 14:36:16 UTC 2 x86_64 x86_64 x86_64 GNU/Linux
     17:24:57 up 5 days, 20:02,  1 user,  load average: 2.30, 2.52, 2.35

commit 0c1c72713816c3e87d6c0e72042d3e27867661a7
Author: tracer-ysyx <tracer@ysyx.org>
Date:   Sun Sep 29 17:24:56 2024 +0800

    > run NEMU
    ysyx_24080032 杨鹏城
    Linux ypc 6.5.0-44-generic #44~22.04.1-Ubuntu SMP PREEMPT_DYNAMIC Tue Jun 18 14:36:16 UTC 2 x86_64 x86_64 x86_64 GNU/Linux
     17:24:56 up 5 days, 20:02,  1 user,  load average: 2.30, 2.52, 2.35

commit d9628212042dd1ab932c2c5844d90a7aefff7757
Author: tracer-ysyx <tracer@ysyx.org>
Date:   Sun Sep 29 17:24:53 2024 +0800

    > compile NEMU
    ysyx_24080032 杨鹏城
    Linux ypc 6.5.0-44-generic #44~22.04.1-Ubuntu SMP PREEMPT_DYNAMIC Tue Jun 18 14:36:16 UTC 2 x86_64 x86_64 x86_64 GNU/Linux
     17:24:53 up 5 days, 20:02,  1 user,  load average: 2.33, 2.52, 2.35

commit 3c209366c80fc5cd6e5cfcf1fbd57da24f7a2437
Author: tracer-ysyx <tracer@ysyx.org>
Date:   Sun Sep 29 17:24:02 2024 +0800

    > run NEMU
    ysyx_24080032 杨鹏城
    Linux ypc 6.5.0-44-generic #44~22.04.1-Ubuntu SMP PREEMPT_DYNAMIC Tue Jun 18 14:36:16 UTC 2 x86_64 x86_64 x86_64 GNU/Linux
     17:24:02 up 5 days, 20:01,  1 user,  load average: 2.89, 2.63, 2.37

commit 3251d9dea9f88e6fa8a7c40eb30617521efd486f
Author: tracer-ysyx <tracer@ysyx.org>
Date:   Sun Sep 29 17:24:00 2024 +0800

    > compile NEMU
    ysyx_24080032 杨鹏城
    Linux ypc 6.5.0-44-generic #44~22.04.1-Ubuntu SMP PREEMPT_DYNAMIC Tue Jun 18 14:36:16 UTC 2 x86_64 x86_64 x86_64 GNU/Linux
     17:24:00 up 5 days, 20:01,  1 user,  load average: 2.89, 2.63, 2.37

commit d5c2f71a85576ea55af1cc0c89272f3ece452e70
Author: tracer-ysyx <tracer@ysyx.org>
Date:   Sun Sep 29 17:22:39 2024 +0800

    > run NEMU
    ysyx_24080032 杨鹏城
    Linux ypc 6.5.0-44-generic #44~22.04.1-Ubuntu SMP PREEMPT_DYNAMIC Tue Jun 18 14:36:16 UTC 2 x86_64 x86_64 x86_64 GNU/Linux
     17:22:39 up 5 days, 20:00,  1 user,  load average: 2.38, 2.45, 2.29

commit 617cc0d643f9d794789dd08da349c9cdc8c8a939
Author: tracer-ysyx <tracer@ysyx.org>
Date:   Sun Sep 29 17:22:37 2024 +0800

    > compile NEMU
    ysyx_24080032 杨鹏城
    Linux ypc 6.5.0-44-generic #44~22.04.1-Ubuntu SMP PREEMPT_DYNAMIC Tue Jun 18 14:36:16 UTC 2 x86_64 x86_64 x86_64 GNU/Linux
     17:22:37 up 5 days, 20:00,  1 user,  load average: 2.38, 2.45, 2.29

commit 1a72a01fc75a9426adc4cc0eefca76201f26c74c
Author: tracer-ysyx <tracer@ysyx.org>
Date:   Sun Sep 29 17:21:34 2024 +0800

    > run NEMU
    ysyx_24080032 杨鹏城
    Linux ypc 6.5.0-44-generic #44~22.04.1-Ubuntu SMP PREEMPT_DYNAMIC Tue Jun 18 14:36:16 UTC 2 x86_64 x86_64 x86_64 GNU/Linux
     17:21:34 up 5 days, 19:59,  1 user,  load average: 3.24, 2.60, 2.33

commit 469a312c1a719b45c6535722dc20ddc35cb072d2
Author: tracer-ysyx <tracer@ysyx.org>
Date:   Sun Sep 29 17:21:33 2024 +0800

    > compile NEMU
    ysyx_24080032 杨鹏城
    Linux ypc 6.5.0-44-generic #44~22.04.1-Ubuntu SMP PREEMPT_DYNAMIC Tue Jun 18 14:36:16 UTC 2 x86_64 x86_64 x86_64 GNU/Linux
     17:21:33 up 5 days, 19:59,  1 user,  load average: 3.24, 2.60, 2.33

commit 6b816efa7a31eb4a2b8857bc5f7b5a6f6bca07c9
Author: tracer-ysyx <tracer@ysyx.org>
Date:   Sun Sep 29 17:19:49 2024 +0800

    > run NEMU
    ysyx_24080032 杨鹏城
    Linux ypc 6.5.0-44-generic #44~22.04.1-Ubuntu SMP PREEMPT_DYNAMIC Tue Jun 18 14:36:16 UTC 2 x86_64 x86_64 x86_64 GNU/Linux
     17:19:49 up 5 days, 19:57,  1 user,  load average: 2.63, 2.45, 2.26

commit eda11db0e9976b741c7c8d0355c97a87573298bb
Author: tracer-ysyx <tracer@ysyx.org>
Date:   Sun Sep 29 17:19:47 2024 +0800

    > compile NEMU
    ysyx_24080032 杨鹏城
    Linux ypc 6.5.0-44-generic #44~22.04.1-Ubuntu SMP PREEMPT_DYNAMIC Tue Jun 18 14:36:16 UTC 2 x86_64 x86_64 x86_64 GNU/Linux
     17:19:47 up 5 days, 19:57,  1 user,  load average: 2.63, 2.45, 2.26

commit e14fa22c5f6b882ed92ab55364ca78ed70bfed8d
Author: tracer-ysyx <tracer@ysyx.org>
Date:   Sun Sep 29 17:19:02 2024 +0800

    > run NEMU
    ysyx_24080032 杨鹏城
    Linux ypc 6.5.0-44-generic #44~22.04.1-Ubuntu SMP PREEMPT_DYNAMIC Tue Jun 18 14:36:16 UTC 2 x86_64 x86_64 x86_64 GNU/Linux
     17:19:02 up 5 days, 19:56,  1 user,  load average: 2.20, 2.37, 2.22

commit 9bed10ea64d3d481d43d8eef4b40338a129a9597
Author: tracer-ysyx <tracer@ysyx.org>
Date:   Sun Sep 29 17:19:00 2024 +0800

    > compile NEMU
    ysyx_24080032 杨鹏城
    Linux ypc 6.5.0-44-generic #44~22.04.1-Ubuntu SMP PREEMPT_DYNAMIC Tue Jun 18 14:36:16 UTC 2 x86_64 x86_64 x86_64 GNU/Linux
     17:19:00 up 5 days, 19:56,  1 user,  load average: 2.20, 2.37, 2.22

commit e00e2b02819d86694278fd07c6f76ec058e8ec11
Author: tracer-ysyx <tracer@ysyx.org>
Date:   Sun Sep 29 17:18:23 2024 +0800

    > run NEMU
    ysyx_24080032 杨鹏城
    Linux ypc 6.5.0-44-generic #44~22.04.1-Ubuntu SMP PREEMPT_DYNAMIC Tue Jun 18 14:36:16 UTC 2 x86_64 x86_64 x86_64 GNU/Linux
     17:18:23 up 5 days, 19:55,  1 user,  load average: 2.51, 2.43, 2.23

commit 07dccbc7efdf5c0732eb76f95f575c426990053c
Author: tracer-ysyx <tracer@ysyx.org>
Date:   Sun Sep 29 17:18:21 2024 +0800

    > compile NEMU
    ysyx_24080032 杨鹏城
    Linux ypc 6.5.0-44-generic #44~22.04.1-Ubuntu SMP PREEMPT_DYNAMIC Tue Jun 18 14:36:16 UTC 2 x86_64 x86_64 x86_64 GNU/Linux
     17:18:21 up 5 days, 19:55,  1 user,  load average: 2.51, 2.43, 2.23

commit 47e12e5d2728d9ef967ec9c376539ea06265685a
Author: tracer-ysyx <tracer@ysyx.org>
Date:   Sun Sep 29 17:16:54 2024 +0800

    > run NEMU
    ysyx_24080032 杨鹏城
    Linux ypc 6.5.0-44-generic #44~22.04.1-Ubuntu SMP PREEMPT_DYNAMIC Tue Jun 18 14:36:16 UTC 2 x86_64 x86_64 x86_64 GNU/Linux
     17:16:54 up 5 days, 19:54,  1 user,  load average: 4.61, 2.58, 2.25

commit 5daec41a09bb18559b538445d1ace4f4824d0fd7
Author: tracer-ysyx <tracer@ysyx.org>
Date:   Sun Sep 29 17:16:53 2024 +0800

    > compile NEMU
    ysyx_24080032 杨鹏城
    Linux ypc 6.5.0-44-generic #44~22.04.1-Ubuntu SMP PREEMPT_DYNAMIC Tue Jun 18 14:36:16 UTC 2 x86_64 x86_64 x86_64 GNU/Linux
     17:16:53 up 5 days, 19:54,  1 user,  load average: 4.61, 2.58, 2.25

commit 438354d9d229fe134553305c48699e82c11587bd
Author: tracer-ysyx <tracer@ysyx.org>
Date:   Sun Sep 29 17:16:52 2024 +0800

    > run NEMU
    ysyx_24080032 杨鹏城
    Linux ypc 6.5.0-44-generic #44~22.04.1-Ubuntu SMP PREEMPT_DYNAMIC Tue Jun 18 14:36:16 UTC 2 x86_64 x86_64 x86_64 GNU/Linux
     17:16:52 up 5 days, 19:54,  1 user,  load average: 4.61, 2.58, 2.25

commit f88eb20592863569b20d0b0ed88359d93636d936
Author: tracer-ysyx <tracer@ysyx.org>
Date:   Sun Sep 29 17:16:50 2024 +0800

    > compile NEMU
    ysyx_24080032 杨鹏城
    Linux ypc 6.5.0-44-generic #44~22.04.1-Ubuntu SMP PREEMPT_DYNAMIC Tue Jun 18 14:36:16 UTC 2 x86_64 x86_64 x86_64 GNU/Linux
     17:16:50 up 5 days, 19:54,  1 user,  load average: 4.61, 2.58, 2.25

commit 159d451f654a4dc45e6e10d03f860eb3d99fd7cd
Author: tracer-ysyx <tracer@ysyx.org>
Date:   Sun Sep 29 17:16:50 2024 +0800

    > run NEMU
    ysyx_24080032 杨鹏城
    Linux ypc 6.5.0-44-generic #44~22.04.1-Ubuntu SMP PREEMPT_DYNAMIC Tue Jun 18 14:36:16 UTC 2 x86_64 x86_64 x86_64 GNU/Linux
     17:16:50 up 5 days, 19:54,  1 user,  load average: 4.67, 2.55, 2.25

commit a3581f3b62dd0332bb7290a8de203a70da187fb5
Author: tracer-ysyx <tracer@ysyx.org>
Date:   Sun Sep 29 17:16:48 2024 +0800

    > compile NEMU
    ysyx_24080032 杨鹏城
    Linux ypc 6.5.0-44-generic #44~22.04.1-Ubuntu SMP PREEMPT_DYNAMIC Tue Jun 18 14:36:16 UTC 2 x86_64 x86_64 x86_64 GNU/Linux
     17:16:48 up 5 days, 19:54,  1 user,  load average: 4.67, 2.55, 2.25

commit 5b4f88942425096f182f0767e5dff0e18c730574
Author: tracer-ysyx <tracer@ysyx.org>
Date:   Sun Sep 29 17:16:47 2024 +0800

    > run NEMU
    ysyx_24080032 杨鹏城
    Linux ypc 6.5.0-44-generic #44~22.04.1-Ubuntu SMP PREEMPT_DYNAMIC Tue Jun 18 14:36:16 UTC 2 x86_64 x86_64 x86_64 GNU/Linux
     17:16:47 up 5 days, 19:54,  1 user,  load average: 4.67, 2.55, 2.25

commit 74b90b2a3eab7edca94dcf77e9a8c26240e8fe02
Author: tracer-ysyx <tracer@ysyx.org>
Date:   Sun Sep 29 17:16:44 2024 +0800

    > compile NEMU
    ysyx_24080032 杨鹏城
    Linux ypc 6.5.0-44-generic #44~22.04.1-Ubuntu SMP PREEMPT_DYNAMIC Tue Jun 18 14:36:16 UTC 2 x86_64 x86_64 x86_64 GNU/Linux
     17:16:44 up 5 days, 19:54,  1 user,  load average: 4.46, 2.48, 2.22

commit c60a987475cf4f5304f60837a3951579642fea13
Author: tracer-ysyx <tracer@ysyx.org>
Date:   Sun Sep 29 17:16:43 2024 +0800

    > run NEMU
    ysyx_24080032 杨鹏城
    Linux ypc 6.5.0-44-generic #44~22.04.1-Ubuntu SMP PREEMPT_DYNAMIC Tue Jun 18 14:36:16 UTC 2 x86_64 x86_64 x86_64 GNU/Linux
     17:16:43 up 5 days, 19:54,  1 user,  load average: 4.46, 2.48, 2.22

commit 511da898542734bd7ffd0b03bc1b942bfb54cdb4
Author: tracer-ysyx <tracer@ysyx.org>
Date:   Sun Sep 29 17:16:41 2024 +0800

    > compile NEMU
    ysyx_24080032 杨鹏城
    Linux ypc 6.5.0-44-generic #44~22.04.1-Ubuntu SMP PREEMPT_DYNAMIC Tue Jun 18 14:36:16 UTC 2 x86_64 x86_64 x86_64 GNU/Linux
     17:16:41 up 5 days, 19:54,  1 user,  load average: 4.46, 2.48, 2.22

commit 7ff105f4971e04c9fefbcbceab8eff48bcfa9938
Author: tracer-ysyx <tracer@ysyx.org>
Date:   Sun Sep 29 17:16:41 2024 +0800

    > run NEMU
    ysyx_24080032 杨鹏城
    Linux ypc 6.5.0-44-generic #44~22.04.1-Ubuntu SMP PREEMPT_DYNAMIC Tue Jun 18 14:36:16 UTC 2 x86_64 x86_64 x86_64 GNU/Linux
     17:16:41 up 5 days, 19:54,  1 user,  load average: 4.46, 2.48, 2.22

commit 0520331016e9393c3fad044e0ad6f4dd8d754ba2
Author: tracer-ysyx <tracer@ysyx.org>
Date:   Sun Sep 29 17:16:39 2024 +0800

    > compile NEMU
    ysyx_24080032 杨鹏城
    Linux ypc 6.5.0-44-generic #44~22.04.1-Ubuntu SMP PREEMPT_DYNAMIC Tue Jun 18 14:36:16 UTC 2 x86_64 x86_64 x86_64 GNU/Linux
     17:16:39 up 5 days, 19:54,  1 user,  load average: 4.50, 2.45, 2.21

commit 0c66536cb2f17e4a736a317d76c79ef47fe602b7
Author: tracer-ysyx <tracer@ysyx.org>
Date:   Sun Sep 29 17:16:39 2024 +0800

    > run NEMU
    ysyx_24080032 杨鹏城
    Linux ypc 6.5.0-44-generic #44~22.04.1-Ubuntu SMP PREEMPT_DYNAMIC Tue Jun 18 14:36:16 UTC 2 x86_64 x86_64 x86_64 GNU/Linux
     17:16:39 up 5 days, 19:54,  1 user,  load average: 4.50, 2.45, 2.21

commit 41c0f8a4fe72eb01f5a597d33666155ff6928596
Author: tracer-ysyx <tracer@ysyx.org>
Date:   Sun Sep 29 17:16:37 2024 +0800

    > compile NEMU
    ysyx_24080032 杨鹏城
    Linux ypc 6.5.0-44-generic #44~22.04.1-Ubuntu SMP PREEMPT_DYNAMIC Tue Jun 18 14:36:16 UTC 2 x86_64 x86_64 x86_64 GNU/Linux
     17:16:37 up 5 days, 19:54,  1 user,  load average: 4.50, 2.45, 2.21

commit b4393035034d44c17e6e5f0a73bb1b45bb772394
Author: tracer-ysyx <tracer@ysyx.org>
Date:   Sun Sep 29 17:16:36 2024 +0800

    > run NEMU
    ysyx_24080032 杨鹏城
    Linux ypc 6.5.0-44-generic #44~22.04.1-Ubuntu SMP PREEMPT_DYNAMIC Tue Jun 18 14:36:16 UTC 2 x86_64 x86_64 x86_64 GNU/Linux
     17:16:36 up 5 days, 19:54,  1 user,  load average: 4.50, 2.45, 2.21

commit 6d594833ce53c0061df568d80ecc81eedadc21da
Author: tracer-ysyx <tracer@ysyx.org>
Date:   Sun Sep 29 17:16:34 2024 +0800

    > compile NEMU
    ysyx_24080032 杨鹏城
    Linux ypc 6.5.0-44-generic #44~22.04.1-Ubuntu SMP PREEMPT_DYNAMIC Tue Jun 18 14:36:16 UTC 2 x86_64 x86_64 x86_64 GNU/Linux
     17:16:34 up 5 days, 19:54,  1 user,  load average: 4.55, 2.43, 2.20

commit 20946e435b03e58ba60302a81b5acc6f6a3c6cec
Author: tracer-ysyx <tracer@ysyx.org>
Date:   Sun Sep 29 17:16:34 2024 +0800

    > run NEMU
    ysyx_24080032 杨鹏城
    Linux ypc 6.5.0-44-generic #44~22.04.1-Ubuntu SMP PREEMPT_DYNAMIC Tue Jun 18 14:36:16 UTC 2 x86_64 x86_64 x86_64 GNU/Linux
     17:16:34 up 5 days, 19:54,  1 user,  load average: 4.55, 2.43, 2.20

commit 0c32f84560f7fe3f02ec8039492b5c3c5a16c752
Author: tracer-ysyx <tracer@ysyx.org>
Date:   Sun Sep 29 17:16:32 2024 +0800

    > compile NEMU
    ysyx_24080032 杨鹏城
    Linux ypc 6.5.0-44-generic #44~22.04.1-Ubuntu SMP PREEMPT_DYNAMIC Tue Jun 18 14:36:16 UTC 2 x86_64 x86_64 x86_64 GNU/Linux
     17:16:32 up 5 days, 19:54,  1 user,  load average: 4.55, 2.43, 2.20

commit 46ab35c3f194f4a86317423a35a717390a4fa571
Author: tracer-ysyx <tracer@ysyx.org>
Date:   Sun Sep 29 17:16:31 2024 +0800

    > run NEMU
    ysyx_24080032 杨鹏城
    Linux ypc 6.5.0-44-generic #44~22.04.1-Ubuntu SMP PREEMPT_DYNAMIC Tue Jun 18 14:36:16 UTC 2 x86_64 x86_64 x86_64 GNU/Linux
     17:16:31 up 5 days, 19:54,  1 user,  load average: 4.55, 2.43, 2.20

commit 6a56c7b63c735d0ff817ad45547141d6a3c3ca26
Author: tracer-ysyx <tracer@ysyx.org>
Date:   Sun Sep 29 17:16:30 2024 +0800

    > compile NEMU
    ysyx_24080032 杨鹏城
    Linux ypc 6.5.0-44-generic #44~22.04.1-Ubuntu SMP PREEMPT_DYNAMIC Tue Jun 18 14:36:16 UTC 2 x86_64 x86_64 x86_64 GNU/Linux
     17:16:30 up 5 days, 19:53,  1 user,  load average: 4.42, 2.37, 2.18

commit 1a6f6d1b2ccc296814251aeee8488619aea04dfd
Author: tracer-ysyx <tracer@ysyx.org>
Date:   Sun Sep 29 17:16:29 2024 +0800

    > run NEMU
    ysyx_24080032 杨鹏城
    Linux ypc 6.5.0-44-generic #44~22.04.1-Ubuntu SMP PREEMPT_DYNAMIC Tue Jun 18 14:36:16 UTC 2 x86_64 x86_64 x86_64 GNU/Linux
     17:16:29 up 5 days, 19:53,  1 user,  load average: 4.42, 2.37, 2.18

commit 61734e52125baa658e736417a45f2db6222b7374
Author: tracer-ysyx <tracer@ysyx.org>
Date:   Sun Sep 29 17:16:27 2024 +0800

    > compile NEMU
    ysyx_24080032 杨鹏城
    Linux ypc 6.5.0-44-generic #44~22.04.1-Ubuntu SMP PREEMPT_DYNAMIC Tue Jun 18 14:36:16 UTC 2 x86_64 x86_64 x86_64 GNU/Linux
     17:16:27 up 5 days, 19:53,  1 user,  load average: 4.42, 2.37, 2.18

commit e77f51c5fe17ccf838c6b7270c8ff94fecbab4e8
Author: tracer-ysyx <tracer@ysyx.org>
Date:   Sun Sep 29 17:16:27 2024 +0800

    > run NEMU
    ysyx_24080032 杨鹏城
    Linux ypc 6.5.0-44-generic #44~22.04.1-Ubuntu SMP PREEMPT_DYNAMIC Tue Jun 18 14:36:16 UTC 2 x86_64 x86_64 x86_64 GNU/Linux
     17:16:27 up 5 days, 19:53,  1 user,  load average: 4.42, 2.37, 2.18

commit bcce57f77543d2e587283b7b88b852b4f0ff958e
Author: tracer-ysyx <tracer@ysyx.org>
Date:   Sun Sep 29 17:16:24 2024 +0800

    > compile NEMU
    ysyx_24080032 杨鹏城
    Linux ypc 6.5.0-44-generic #44~22.04.1-Ubuntu SMP PREEMPT_DYNAMIC Tue Jun 18 14:36:16 UTC 2 x86_64 x86_64 x86_64 GNU/Linux
     17:16:24 up 5 days, 19:53,  1 user,  load average: 3.76, 2.20, 2.13

commit 0e32006a7e26390f4021e9e88fc6a7a965ed9fd9
Author: tracer-ysyx <tracer@ysyx.org>
Date:   Sun Sep 29 17:16:22 2024 +0800

    > run NEMU
    ysyx_24080032 杨鹏城
    Linux ypc 6.5.0-44-generic #44~22.04.1-Ubuntu SMP PREEMPT_DYNAMIC Tue Jun 18 14:36:16 UTC 2 x86_64 x86_64 x86_64 GNU/Linux
     17:16:22 up 5 days, 19:53,  1 user,  load average: 3.76, 2.20, 2.13

commit 18ce33c8c956f5b29620c6c0217c4f8080d4af04
Author: tracer-ysyx <tracer@ysyx.org>
Date:   Sun Sep 29 17:16:20 2024 +0800

    > compile NEMU
    ysyx_24080032 杨鹏城
    Linux ypc 6.5.0-44-generic #44~22.04.1-Ubuntu SMP PREEMPT_DYNAMIC Tue Jun 18 14:36:16 UTC 2 x86_64 x86_64 x86_64 GNU/Linux
     17:16:20 up 5 days, 19:53,  1 user,  load average: 3.76, 2.20, 2.13

commit a5bcb8ddd03d0dcf6eb76d336320dd5210656782
Author: tracer-ysyx <tracer@ysyx.org>
Date:   Sun Sep 29 17:16:19 2024 +0800

    > run NEMU
    ysyx_24080032 杨鹏城
    Linux ypc 6.5.0-44-generic #44~22.04.1-Ubuntu SMP PREEMPT_DYNAMIC Tue Jun 18 14:36:16 UTC 2 x86_64 x86_64 x86_64 GNU/Linux
     17:16:19 up 5 days, 19:53,  1 user,  load average: 3.83, 2.19, 2.12

commit c59130a82631f73608402443cd1a185f0bd29eb0
Author: tracer-ysyx <tracer@ysyx.org>
Date:   Sun Sep 29 17:16:18 2024 +0800

    > compile NEMU
    ysyx_24080032 杨鹏城
    Linux ypc 6.5.0-44-generic #44~22.04.1-Ubuntu SMP PREEMPT_DYNAMIC Tue Jun 18 14:36:16 UTC 2 x86_64 x86_64 x86_64 GNU/Linux
     17:16:18 up 5 days, 19:53,  1 user,  load average: 3.83, 2.19, 2.12

commit 02d377034565d82d6041d140648bd80b2c52e917
Author: tracer-ysyx <tracer@ysyx.org>
Date:   Sun Sep 29 17:16:17 2024 +0800

    > run NEMU
    ysyx_24080032 杨鹏城
    Linux ypc 6.5.0-44-generic #44~22.04.1-Ubuntu SMP PREEMPT_DYNAMIC Tue Jun 18 14:36:16 UTC 2 x86_64 x86_64 x86_64 GNU/Linux
     17:16:17 up 5 days, 19:53,  1 user,  load average: 3.83, 2.19, 2.12

commit dad1852ada6e5a0f9da25c8a7aee1ca6b825ff15
Author: tracer-ysyx <tracer@ysyx.org>
Date:   Sun Sep 29 17:16:15 2024 +0800

    > compile NEMU
    ysyx_24080032 杨鹏城
    Linux ypc 6.5.0-44-generic #44~22.04.1-Ubuntu SMP PREEMPT_DYNAMIC Tue Jun 18 14:36:16 UTC 2 x86_64 x86_64 x86_64 GNU/Linux
     17:16:15 up 5 days, 19:53,  1 user,  load average: 3.83, 2.19, 2.12

commit 43be6db1425787c9f2e089eb4efe0912fbac2429
Author: tracer-ysyx <tracer@ysyx.org>
Date:   Sun Sep 29 17:16:15 2024 +0800

    > run NEMU
    ysyx_24080032 杨鹏城
    Linux ypc 6.5.0-44-generic #44~22.04.1-Ubuntu SMP PREEMPT_DYNAMIC Tue Jun 18 14:36:16 UTC 2 x86_64 x86_64 x86_64 GNU/Linux
     17:16:15 up 5 days, 19:53,  1 user,  load average: 3.99, 2.19, 2.12

commit 87b79ba5f12a3b64a4128590d5a41a8d6144a7e9
Author: tracer-ysyx <tracer@ysyx.org>
Date:   Sun Sep 29 17:16:13 2024 +0800

    > compile NEMU
    ysyx_24080032 杨鹏城
    Linux ypc 6.5.0-44-generic #44~22.04.1-Ubuntu SMP PREEMPT_DYNAMIC Tue Jun 18 14:36:16 UTC 2 x86_64 x86_64 x86_64 GNU/Linux
     17:16:13 up 5 days, 19:53,  1 user,  load average: 3.99, 2.19, 2.12

commit 74d5f1d00258a59fa59c16a5bf0547c853b02129
Author: tracer-ysyx <tracer@ysyx.org>
Date:   Sun Sep 29 17:16:12 2024 +0800

    > run NEMU
    ysyx_24080032 杨鹏城
    Linux ypc 6.5.0-44-generic #44~22.04.1-Ubuntu SMP PREEMPT_DYNAMIC Tue Jun 18 14:36:16 UTC 2 x86_64 x86_64 x86_64 GNU/Linux
     17:16:12 up 5 days, 19:53,  1 user,  load average: 3.99, 2.19, 2.12

commit 0153734d890e19569504d8fcc39bbd6ea116980e
Author: tracer-ysyx <tracer@ysyx.org>
Date:   Sun Sep 29 17:16:10 2024 +0800

    > compile NEMU
    ysyx_24080032 杨鹏城
    Linux ypc 6.5.0-44-generic #44~22.04.1-Ubuntu SMP PREEMPT_DYNAMIC Tue Jun 18 14:36:16 UTC 2 x86_64 x86_64 x86_64 GNU/Linux
     17:16:10 up 5 days, 19:53,  1 user,  load average: 3.99, 2.19, 2.12

commit ac41d86c60f6d91773a7750078f5a94f6b4e0c9b
Author: tracer-ysyx <tracer@ysyx.org>
Date:   Sun Sep 29 17:16:10 2024 +0800

    > run NEMU
    ysyx_24080032 杨鹏城
    Linux ypc 6.5.0-44-generic #44~22.04.1-Ubuntu SMP PREEMPT_DYNAMIC Tue Jun 18 14:36:16 UTC 2 x86_64 x86_64 x86_64 GNU/Linux
     17:16:10 up 5 days, 19:53,  1 user,  load average: 3.99, 2.19, 2.12

commit 979056cac9cd8018ccd76c4c22027cda235bd0c2
Author: tracer-ysyx <tracer@ysyx.org>
Date:   Sun Sep 29 17:16:08 2024 +0800

    > compile NEMU
    ysyx_24080032 杨鹏城
    Linux ypc 6.5.0-44-generic #44~22.04.1-Ubuntu SMP PREEMPT_DYNAMIC Tue Jun 18 14:36:16 UTC 2 x86_64 x86_64 x86_64 GNU/Linux
     17:16:08 up 5 days, 19:53,  1 user,  load average: 3.90, 2.15, 2.11

commit 61201c663c512480100c4320087a720dfa73a140
Author: tracer-ysyx <tracer@ysyx.org>
Date:   Sun Sep 29 17:16:07 2024 +0800

    > run NEMU
    ysyx_24080032 杨鹏城
    Linux ypc 6.5.0-44-generic #44~22.04.1-Ubuntu SMP PREEMPT_DYNAMIC Tue Jun 18 14:36:16 UTC 2 x86_64 x86_64 x86_64 GNU/Linux
     17:16:07 up 5 days, 19:53,  1 user,  load average: 3.90, 2.15, 2.11

commit f9582aff5c13600ffe7d6337320c59d6a2352934
Author: tracer-ysyx <tracer@ysyx.org>
Date:   Sun Sep 29 17:16:06 2024 +0800

    > compile NEMU
    ysyx_24080032 杨鹏城
    Linux ypc 6.5.0-44-generic #44~22.04.1-Ubuntu SMP PREEMPT_DYNAMIC Tue Jun 18 14:36:16 UTC 2 x86_64 x86_64 x86_64 GNU/Linux
     17:16:06 up 5 days, 19:53,  1 user,  load average: 3.90, 2.15, 2.11

commit f313b7aaedf0dcfad56b0fd283925d9c1f09b1e1
Author: tracer-ysyx <tracer@ysyx.org>
Date:   Sun Sep 29 17:16:05 2024 +0800

    > run NEMU
    ysyx_24080032 杨鹏城
    Linux ypc 6.5.0-44-generic #44~22.04.1-Ubuntu SMP PREEMPT_DYNAMIC Tue Jun 18 14:36:16 UTC 2 x86_64 x86_64 x86_64 GNU/Linux
     17:16:05 up 5 days, 19:53,  1 user,  load average: 3.90, 2.15, 2.11

commit 9e69bfc670829ced5a34270f4c5b238f6121337f
Author: tracer-ysyx <tracer@ysyx.org>
Date:   Sun Sep 29 17:16:03 2024 +0800

    > compile NEMU
    ysyx_24080032 杨鹏城
    Linux ypc 6.5.0-44-generic #44~22.04.1-Ubuntu SMP PREEMPT_DYNAMIC Tue Jun 18 14:36:16 UTC 2 x86_64 x86_64 x86_64 GNU/Linux
     17:16:03 up 5 days, 19:53,  1 user,  load average: 3.98, 2.13, 2.10

commit ae68b8dbddc82b17ee8c9c4dac0b837ddb3a5281
Author: tracer-ysyx <tracer@ysyx.org>
Date:   Sun Sep 29 17:16:03 2024 +0800

    > run NEMU
    ysyx_24080032 杨鹏城
    Linux ypc 6.5.0-44-generic #44~22.04.1-Ubuntu SMP PREEMPT_DYNAMIC Tue Jun 18 14:36:16 UTC 2 x86_64 x86_64 x86_64 GNU/Linux
     17:16:03 up 5 days, 19:53,  1 user,  load average: 3.98, 2.13, 2.10

commit be4bb5b07877cf2a4404005e91a2cd4fb2105db2
Author: tracer-ysyx <tracer@ysyx.org>
Date:   Sun Sep 29 17:16:01 2024 +0800

    > compile NEMU
    ysyx_24080032 杨鹏城
    Linux ypc 6.5.0-44-generic #44~22.04.1-Ubuntu SMP PREEMPT_DYNAMIC Tue Jun 18 14:36:16 UTC 2 x86_64 x86_64 x86_64 GNU/Linux
     17:16:01 up 5 days, 19:53,  1 user,  load average: 3.98, 2.13, 2.10

commit 335ffa335f598df397dd5fdef2033cb530830096
Author: tracer-ysyx <tracer@ysyx.org>
Date:   Sun Sep 29 17:16:00 2024 +0800

    > run NEMU
    ysyx_24080032 杨鹏城
    Linux ypc 6.5.0-44-generic #44~22.04.1-Ubuntu SMP PREEMPT_DYNAMIC Tue Jun 18 14:36:16 UTC 2 x86_64 x86_64 x86_64 GNU/Linux
     17:16:00 up 5 days, 19:53,  1 user,  load average: 3.98, 2.13, 2.10

commit bfe632dae33b1c1bd5e76e8722d6cfacd1c14168
Author: tracer-ysyx <tracer@ysyx.org>
Date:   Sun Sep 29 17:15:58 2024 +0800

    > compile NEMU
    ysyx_24080032 杨鹏城
    Linux ypc 6.5.0-44-generic #44~22.04.1-Ubuntu SMP PREEMPT_DYNAMIC Tue Jun 18 14:36:16 UTC 2 x86_64 x86_64 x86_64 GNU/Linux
     17:15:58 up 5 days, 19:53,  1 user,  load average: 3.97, 2.10, 2.09

commit 6576eb234fc5f7cf060e06b1adffdff18752a59f
Author: tracer-ysyx <tracer@ysyx.org>
Date:   Sun Sep 29 17:15:58 2024 +0800

    > run NEMU
    ysyx_24080032 杨鹏城
    Linux ypc 6.5.0-44-generic #44~22.04.1-Ubuntu SMP PREEMPT_DYNAMIC Tue Jun 18 14:36:16 UTC 2 x86_64 x86_64 x86_64 GNU/Linux
     17:15:58 up 5 days, 19:53,  1 user,  load average: 3.97, 2.10, 2.09

commit 017a76e6c4073124c2f0260dee293fa31b7fb8e7
Author: tracer-ysyx <tracer@ysyx.org>
Date:   Sun Sep 29 17:15:55 2024 +0800

    > compile NEMU
    ysyx_24080032 杨鹏城
    Linux ypc 6.5.0-44-generic #44~22.04.1-Ubuntu SMP PREEMPT_DYNAMIC Tue Jun 18 14:36:16 UTC 2 x86_64 x86_64 x86_64 GNU/Linux
     17:15:55 up 5 days, 19:53,  1 user,  load average: 3.19, 1.91, 2.03

commit 4e054ff2e35084b69b1dfe6f55ded444f961b060
Author: tracer-ysyx <tracer@ysyx.org>
Date:   Sun Sep 29 17:15:54 2024 +0800

    > run NEMU
    ysyx_24080032 杨鹏城
    Linux ypc 6.5.0-44-generic #44~22.04.1-Ubuntu SMP PREEMPT_DYNAMIC Tue Jun 18 14:36:16 UTC 2 x86_64 x86_64 x86_64 GNU/Linux
     17:15:54 up 5 days, 19:53,  1 user,  load average: 3.19, 1.91, 2.03

commit 916033ff794742e60c2fa7722aeaaf965c3a49c5
Author: tracer-ysyx <tracer@ysyx.org>
Date:   Sun Sep 29 17:15:52 2024 +0800

    > compile NEMU
    ysyx_24080032 杨鹏城
    Linux ypc 6.5.0-44-generic #44~22.04.1-Ubuntu SMP PREEMPT_DYNAMIC Tue Jun 18 14:36:16 UTC 2 x86_64 x86_64 x86_64 GNU/Linux
     17:15:52 up 5 days, 19:53,  1 user,  load average: 3.19, 1.91, 2.03

commit 247463d44e8c4dd25f375629ac5e8ecd40cf0186
Author: tracer-ysyx <tracer@ysyx.org>
Date:   Sun Sep 29 17:15:52 2024 +0800

    > run NEMU
    ysyx_24080032 杨鹏城
    Linux ypc 6.5.0-44-generic #44~22.04.1-Ubuntu SMP PREEMPT_DYNAMIC Tue Jun 18 14:36:16 UTC 2 x86_64 x86_64 x86_64 GNU/Linux
     17:15:52 up 5 days, 19:53,  1 user,  load average: 3.19, 1.91, 2.03

commit 4d41703a3fbf9e25ce9338de05c7b4db07d13334
Author: tracer-ysyx <tracer@ysyx.org>
Date:   Sun Sep 29 17:15:49 2024 +0800

    > compile NEMU
    ysyx_24080032 杨鹏城
    Linux ypc 6.5.0-44-generic #44~22.04.1-Ubuntu SMP PREEMPT_DYNAMIC Tue Jun 18 14:36:16 UTC 2 x86_64 x86_64 x86_64 GNU/Linux
     17:15:49 up 5 days, 19:53,  1 user,  load average: 2.16, 1.69, 1.96

commit 5a7ba748ccf6bcf4b2dc8ebf3b1d43e4d4aeb9d6
Author: tracer-ysyx <tracer@ysyx.org>
Date:   Sun Sep 29 17:15:49 2024 +0800

    > run NEMU
    ysyx_24080032 杨鹏城
    Linux ypc 6.5.0-44-generic #44~22.04.1-Ubuntu SMP PREEMPT_DYNAMIC Tue Jun 18 14:36:16 UTC 2 x86_64 x86_64 x86_64 GNU/Linux
     17:15:49 up 5 days, 19:53,  1 user,  load average: 2.16, 1.69, 1.96

commit 28b8f94ede8b6e3c47d88cecb83e5952d114e2fd
Author: tracer-ysyx <tracer@ysyx.org>
Date:   Sun Sep 29 17:15:47 2024 +0800

    > compile NEMU
    ysyx_24080032 杨鹏城
    Linux ypc 6.5.0-44-generic #44~22.04.1-Ubuntu SMP PREEMPT_DYNAMIC Tue Jun 18 14:36:16 UTC 2 x86_64 x86_64 x86_64 GNU/Linux
     17:15:47 up 5 days, 19:53,  1 user,  load average: 2.16, 1.69, 1.96

commit 4eca303dcdac1f699731514f4a6937a2317fa933
Author: tracer-ysyx <tracer@ysyx.org>
Date:   Sun Sep 29 17:15:46 2024 +0800

    > run NEMU
    ysyx_24080032 杨鹏城
    Linux ypc 6.5.0-44-generic #44~22.04.1-Ubuntu SMP PREEMPT_DYNAMIC Tue Jun 18 14:36:16 UTC 2 x86_64 x86_64 x86_64 GNU/Linux
     17:15:46 up 5 days, 19:53,  1 user,  load average: 2.16, 1.69, 1.96

commit bde732808a5e4d98f06265a4f33a0bc093497c50
Author: tracer-ysyx <tracer@ysyx.org>
Date:   Sun Sep 29 17:15:45 2024 +0800

    > compile NEMU
    ysyx_24080032 杨鹏城
    Linux ypc 6.5.0-44-generic #44~22.04.1-Ubuntu SMP PREEMPT_DYNAMIC Tue Jun 18 14:36:16 UTC 2 x86_64 x86_64 x86_64 GNU/Linux
     17:15:45 up 5 days, 19:53,  1 user,  load average: 2.17, 1.69, 1.96

commit f9dfd6656bce9e83e545304902b6da0770a08c83
Author: tracer-ysyx <tracer@ysyx.org>
Date:   Sun Sep 29 17:15:44 2024 +0800

    > run NEMU
    ysyx_24080032 杨鹏城
    Linux ypc 6.5.0-44-generic #44~22.04.1-Ubuntu SMP PREEMPT_DYNAMIC Tue Jun 18 14:36:16 UTC 2 x86_64 x86_64 x86_64 GNU/Linux
     17:15:44 up 5 days, 19:53,  1 user,  load average: 2.17, 1.69, 1.96

commit c00e7b0df7b6e68ae93a5c6bba2f81c7b5156c05
Author: tracer-ysyx <tracer@ysyx.org>
Date:   Sun Sep 29 17:15:42 2024 +0800

    > compile NEMU
    ysyx_24080032 杨鹏城
    Linux ypc 6.5.0-44-generic #44~22.04.1-Ubuntu SMP PREEMPT_DYNAMIC Tue Jun 18 14:36:16 UTC 2 x86_64 x86_64 x86_64 GNU/Linux
     17:15:42 up 5 days, 19:53,  1 user,  load average: 2.17, 1.69, 1.96

commit 953517cc401780f9646706d7441d1a01cc2ca3ed
Author: tracer-ysyx <tracer@ysyx.org>
Date:   Sun Sep 29 17:15:42 2024 +0800

    > run NEMU
    ysyx_24080032 杨鹏城
    Linux ypc 6.5.0-44-generic #44~22.04.1-Ubuntu SMP PREEMPT_DYNAMIC Tue Jun 18 14:36:16 UTC 2 x86_64 x86_64 x86_64 GNU/Linux
     17:15:42 up 5 days, 19:53,  1 user,  load average: 2.17, 1.69, 1.96

commit eef4172d0b244d4b48618917ce2ca14d3974ecb2
Author: tracer-ysyx <tracer@ysyx.org>
Date:   Sun Sep 29 17:15:40 2024 +0800

    > compile NEMU
    ysyx_24080032 杨鹏城
    Linux ypc 6.5.0-44-generic #44~22.04.1-Ubuntu SMP PREEMPT_DYNAMIC Tue Jun 18 14:36:16 UTC 2 x86_64 x86_64 x86_64 GNU/Linux
     17:15:40 up 5 days, 19:53,  1 user,  load average: 1.67, 1.58, 1.93

commit de0729f92b848955a0bd94876309ecdd473ce79b
Author: tracer-ysyx <tracer@ysyx.org>
Date:   Sun Sep 29 17:15:39 2024 +0800

    > run NEMU
    ysyx_24080032 杨鹏城
    Linux ypc 6.5.0-44-generic #44~22.04.1-Ubuntu SMP PREEMPT_DYNAMIC Tue Jun 18 14:36:16 UTC 2 x86_64 x86_64 x86_64 GNU/Linux
     17:15:39 up 5 days, 19:53,  1 user,  load average: 1.67, 1.58, 1.93

commit 3a0c8d49d954d5cb739b569cbafaf9807385bc02
Author: tracer-ysyx <tracer@ysyx.org>
Date:   Sun Sep 29 17:15:36 2024 +0800

    > compile NEMU
    ysyx_24080032 杨鹏城
    Linux ypc 6.5.0-44-generic #44~22.04.1-Ubuntu SMP PREEMPT_DYNAMIC Tue Jun 18 14:36:16 UTC 2 x86_64 x86_64 x86_64 GNU/Linux
     17:15:36 up 5 days, 19:53,  1 user,  load average: 1.67, 1.58, 1.93

commit de37bac55655fb8ced415d2b4492304696d40712
Author: tracer-ysyx <tracer@ysyx.org>
Date:   Sun Sep 29 17:15:36 2024 +0800

    > run NEMU
    ysyx_24080032 杨鹏城
    Linux ypc 6.5.0-44-generic #44~22.04.1-Ubuntu SMP PREEMPT_DYNAMIC Tue Jun 18 14:36:16 UTC 2 x86_64 x86_64 x86_64 GNU/Linux
     17:15:36 up 5 days, 19:53,  1 user,  load average: 1.67, 1.58, 1.93

commit 5c5c113cf01de42558a95957e7010b4c4312fd9a
Author: tracer-ysyx <tracer@ysyx.org>
Date:   Sun Sep 29 17:15:34 2024 +0800

    > compile NEMU
    ysyx_24080032 杨鹏城
    Linux ypc 6.5.0-44-generic #44~22.04.1-Ubuntu SMP PREEMPT_DYNAMIC Tue Jun 18 14:36:16 UTC 2 x86_64 x86_64 x86_64 GNU/Linux
     17:15:34 up 5 days, 19:53,  1 user,  load average: 1.55, 1.56, 1.92

commit 4fd1b31a8d79dece8ed6996bd6906115e1870162
Author: tracer-ysyx <tracer@ysyx.org>
Date:   Sun Sep 29 17:15:34 2024 +0800

    > run NEMU
    ysyx_24080032 杨鹏城
    Linux ypc 6.5.0-44-generic #44~22.04.1-Ubuntu SMP PREEMPT_DYNAMIC Tue Jun 18 14:36:16 UTC 2 x86_64 x86_64 x86_64 GNU/Linux
     17:15:34 up 5 days, 19:53,  1 user,  load average: 1.55, 1.56, 1.92

commit d1c9d56c2f92acb726a33402439409a13754d585
Author: tracer-ysyx <tracer@ysyx.org>
Date:   Sun Sep 29 17:15:31 2024 +0800

    > compile NEMU
    ysyx_24080032 杨鹏城
    Linux ypc 6.5.0-44-generic #44~22.04.1-Ubuntu SMP PREEMPT_DYNAMIC Tue Jun 18 14:36:16 UTC 2 x86_64 x86_64 x86_64 GNU/Linux
     17:15:31 up 5 days, 19:53,  1 user,  load average: 1.55, 1.56, 1.92

commit 90a085df458fb952efa77f01736fc761c83b7471
Author: tracer-ysyx <tracer@ysyx.org>
Date:   Sun Sep 29 17:15:31 2024 +0800

    > run NEMU
    ysyx_24080032 杨鹏城
    Linux ypc 6.5.0-44-generic #44~22.04.1-Ubuntu SMP PREEMPT_DYNAMIC Tue Jun 18 14:36:16 UTC 2 x86_64 x86_64 x86_64 GNU/Linux
     17:15:31 up 5 days, 19:52,  1 user,  load average: 1.55, 1.56, 1.92

commit a4de2a623404ad1e42fbfc83d1a0c436a66ce537
Author: tracer-ysyx <tracer@ysyx.org>
Date:   Sun Sep 29 17:15:29 2024 +0800

    > compile NEMU
    ysyx_24080032 杨鹏城
    Linux ypc 6.5.0-44-generic #44~22.04.1-Ubuntu SMP PREEMPT_DYNAMIC Tue Jun 18 14:36:16 UTC 2 x86_64 x86_64 x86_64 GNU/Linux
     17:15:29 up 5 days, 19:52,  1 user,  load average: 1.51, 1.55, 1.92

commit 8fb333caf81df3d79c21d909c698f80cbd877cc8
Author: tracer-ysyx <tracer@ysyx.org>
Date:   Sun Sep 29 17:15:28 2024 +0800

    > run NEMU
    ysyx_24080032 杨鹏城
    Linux ypc 6.5.0-44-generic #44~22.04.1-Ubuntu SMP PREEMPT_DYNAMIC Tue Jun 18 14:36:16 UTC 2 x86_64 x86_64 x86_64 GNU/Linux
     17:15:28 up 5 days, 19:52,  1 user,  load average: 1.51, 1.55, 1.92

commit 90f83c2c19786b4e15353995247f46e85d6e7aea
Author: tracer-ysyx <tracer@ysyx.org>
Date:   Sun Sep 29 17:15:26 2024 +0800

    > compile NEMU
    ysyx_24080032 杨鹏城
    Linux ypc 6.5.0-44-generic #44~22.04.1-Ubuntu SMP PREEMPT_DYNAMIC Tue Jun 18 14:36:16 UTC 2 x86_64 x86_64 x86_64 GNU/Linux
     17:15:26 up 5 days, 19:52,  1 user,  load average: 1.51, 1.55, 1.92

commit 01239fad43c2458c04883ee4b39606eb4fc54d96
Author: tracer-ysyx <tracer@ysyx.org>
Date:   Sun Sep 29 17:15:25 2024 +0800

    > run NEMU
    ysyx_24080032 杨鹏城
    Linux ypc 6.5.0-44-generic #44~22.04.1-Ubuntu SMP PREEMPT_DYNAMIC Tue Jun 18 14:36:16 UTC 2 x86_64 x86_64 x86_64 GNU/Linux
     17:15:25 up 5 days, 19:52,  1 user,  load average: 1.51, 1.55, 1.92

commit 311c25e5705f53713866eb775e1be7b38821768b
Author: tracer-ysyx <tracer@ysyx.org>
Date:   Sun Sep 29 17:15:23 2024 +0800

    > compile NEMU
    ysyx_24080032 杨鹏城
    Linux ypc 6.5.0-44-generic #44~22.04.1-Ubuntu SMP PREEMPT_DYNAMIC Tue Jun 18 14:36:16 UTC 2 x86_64 x86_64 x86_64 GNU/Linux
     17:15:23 up 5 days, 19:52,  1 user,  load average: 1.47, 1.54, 1.92

commit 2798450523c7c8d41e7fe36bef148f916714ba4a
Author: tracer-ysyx <tracer@ysyx.org>
Date:   Sun Sep 29 16:56:04 2024 +0800

    > run NEMU
    ysyx_24080032 杨鹏城
    Linux ypc 6.5.0-44-generic #44~22.04.1-Ubuntu SMP PREEMPT_DYNAMIC Tue Jun 18 14:36:16 UTC 2 x86_64 x86_64 x86_64 GNU/Linux
     16:56:04 up 5 days, 19:33,  1 user,  load average: 12.90, 5.74, 3.23

commit ff8ce1bc2e86eeb80f8228bab095e4de45eaa0db
Author: tracer-ysyx <tracer@ysyx.org>
Date:   Sun Sep 29 16:56:02 2024 +0800

    > compile NEMU
    ysyx_24080032 杨鹏城
    Linux ypc 6.5.0-44-generic #44~22.04.1-Ubuntu SMP PREEMPT_DYNAMIC Tue Jun 18 14:36:16 UTC 2 x86_64 x86_64 x86_64 GNU/Linux
     16:56:02 up 5 days, 19:33,  1 user,  load average: 13.85, 5.80, 3.24

commit 08d0f15c760f143f3e2dc8aa128597e7c1cacbab
Author: tracer-ysyx <tracer@ysyx.org>
Date:   Sun Sep 29 16:52:14 2024 +0800

    > run NEMU
    ysyx_24080032 杨鹏城
    Linux ypc 6.5.0-44-generic #44~22.04.1-Ubuntu SMP PREEMPT_DYNAMIC Tue Jun 18 14:36:16 UTC 2 x86_64 x86_64 x86_64 GNU/Linux
     16:52:14 up 5 days, 19:29,  1 user,  load average: 2.41, 2.15, 1.91

commit b0831993e490a813c5510c937fb3c358fafe00a5
Author: tracer-ysyx <tracer@ysyx.org>
Date:   Sun Sep 29 16:52:11 2024 +0800

    > compile NEMU
    ysyx_24080032 杨鹏城
    Linux ypc 6.5.0-44-generic #44~22.04.1-Ubuntu SMP PREEMPT_DYNAMIC Tue Jun 18 14:36:16 UTC 2 x86_64 x86_64 x86_64 GNU/Linux
     16:52:11 up 5 days, 19:29,  1 user,  load average: 2.45, 2.15, 1.91

commit 79c10b5d8d25094f4db43e8316f1adf1c6bbc9f3
Author: tracer-ysyx <tracer@ysyx.org>
Date:   Sun Sep 29 16:46:45 2024 +0800

    > run NEMU
    ysyx_24080032 杨鹏城
    Linux ypc 6.5.0-44-generic #44~22.04.1-Ubuntu SMP PREEMPT_DYNAMIC Tue Jun 18 14:36:16 UTC 2 x86_64 x86_64 x86_64 GNU/Linux
     16:46:45 up 5 days, 19:24,  1 user,  load average: 2.02, 1.90, 1.75

commit 667ffa19976f9f1cc17c203d0bca31e0998b6746
Author: tracer-ysyx <tracer@ysyx.org>
Date:   Sun Sep 29 16:46:42 2024 +0800

    > compile NEMU
    ysyx_24080032 杨鹏城
    Linux ypc 6.5.0-44-generic #44~22.04.1-Ubuntu SMP PREEMPT_DYNAMIC Tue Jun 18 14:36:16 UTC 2 x86_64 x86_64 x86_64 GNU/Linux
     16:46:42 up 5 days, 19:24,  1 user,  load average: 1.85, 1.86, 1.74

commit 3608b7fcd7a1acd25c2f0ad8ed81a075c378540b
Author: tracer-ysyx <tracer@ysyx.org>
Date:   Sun Sep 29 16:40:32 2024 +0800

    > run NEMU
    ysyx_24080032 杨鹏城
    Linux ypc 6.5.0-44-generic #44~22.04.1-Ubuntu SMP PREEMPT_DYNAMIC Tue Jun 18 14:36:16 UTC 2 x86_64 x86_64 x86_64 GNU/Linux
     16:40:32 up 5 days, 19:18,  1 user,  load average: 2.02, 1.84, 1.71

commit 88a5b8604299ac05ef08afe2d5f23fa2ce1338ef
Author: tracer-ysyx <tracer@ysyx.org>
Date:   Sun Sep 29 16:40:30 2024 +0800

    > compile NEMU
    ysyx_24080032 杨鹏城
    Linux ypc 6.5.0-44-generic #44~22.04.1-Ubuntu SMP PREEMPT_DYNAMIC Tue Jun 18 14:36:16 UTC 2 x86_64 x86_64 x86_64 GNU/Linux
     16:40:30 up 5 days, 19:17,  1 user,  load average: 2.02, 1.84, 1.71

commit 5b02a0d5af7c65a7d12cdaf7b2dc03441d5c52f8
Author: tracer-ysyx <tracer@ysyx.org>
Date:   Sun Sep 29 16:40:06 2024 +0800

    > run NEMU
    ysyx_24080032 杨鹏城
    Linux ypc 6.5.0-44-generic #44~22.04.1-Ubuntu SMP PREEMPT_DYNAMIC Tue Jun 18 14:36:16 UTC 2 x86_64 x86_64 x86_64 GNU/Linux
     16:40:06 up 5 days, 19:17,  1 user,  load average: 1.68, 1.78, 1.68

commit 4153b387e30aa7cc71c1f77a700777d2e6d8722e
Author: tracer-ysyx <tracer@ysyx.org>
Date:   Sun Sep 29 16:40:05 2024 +0800

    > compile NEMU
    ysyx_24080032 杨鹏城
    Linux ypc 6.5.0-44-generic #44~22.04.1-Ubuntu SMP PREEMPT_DYNAMIC Tue Jun 18 14:36:16 UTC 2 x86_64 x86_64 x86_64 GNU/Linux
     16:40:05 up 5 days, 19:17,  1 user,  load average: 1.68, 1.78, 1.68

commit bbf093d9b3518dc938ea0b913811422d48922afa
Author: tracer-ysyx <tracer@ysyx.org>
Date:   Sun Sep 29 16:39:16 2024 +0800

    > run NEMU
    ysyx_24080032 杨鹏城
    Linux ypc 6.5.0-44-generic #44~22.04.1-Ubuntu SMP PREEMPT_DYNAMIC Tue Jun 18 14:36:16 UTC 2 x86_64 x86_64 x86_64 GNU/Linux
     16:39:16 up 5 days, 19:16,  1 user,  load average: 2.11, 1.86, 1.70

commit c9ea4d7c40e553d356910fbfd930693b7a5cd1b1
Author: tracer-ysyx <tracer@ysyx.org>
Date:   Sun Sep 29 16:39:16 2024 +0800

    > compile NEMU
    ysyx_24080032 杨鹏城
    Linux ypc 6.5.0-44-generic #44~22.04.1-Ubuntu SMP PREEMPT_DYNAMIC Tue Jun 18 14:36:16 UTC 2 x86_64 x86_64 x86_64 GNU/Linux
     16:39:16 up 5 days, 19:16,  1 user,  load average: 2.11, 1.86, 1.70

commit ed2938bad12b4b19a1de7eb39383ef824e48d72a
Author: tracer-ysyx <tracer@ysyx.org>
Date:   Sun Sep 29 16:38:59 2024 +0800

    > run NEMU
    ysyx_24080032 杨鹏城
    Linux ypc 6.5.0-44-generic #44~22.04.1-Ubuntu SMP PREEMPT_DYNAMIC Tue Jun 18 14:36:16 UTC 2 x86_64 x86_64 x86_64 GNU/Linux
     16:38:59 up 5 days, 19:16,  1 user,  load average: 2.32, 1.89, 1.71

commit 4a5cac71c9b381dc8a5ca2d9a4d53181bd120ce6
Author: tracer-ysyx <tracer@ysyx.org>
Date:   Sun Sep 29 16:38:57 2024 +0800

    > compile NEMU
    ysyx_24080032 杨鹏城
    Linux ypc 6.5.0-44-generic #44~22.04.1-Ubuntu SMP PREEMPT_DYNAMIC Tue Jun 18 14:36:16 UTC 2 x86_64 x86_64 x86_64 GNU/Linux
     16:38:57 up 5 days, 19:16,  1 user,  load average: 2.26, 1.87, 1.70

commit 2b87cd90a02d24e22ae5d962f40bb6977d5a165e
Author: tracer-ysyx <tracer@ysyx.org>
Date:   Sun Sep 29 16:38:46 2024 +0800

    > run NEMU
    ysyx_24080032 杨鹏城
    Linux ypc 6.5.0-44-generic #44~22.04.1-Ubuntu SMP PREEMPT_DYNAMIC Tue Jun 18 14:36:16 UTC 2 x86_64 x86_64 x86_64 GNU/Linux
     16:38:46 up 5 days, 19:16,  1 user,  load average: 2.31, 1.87, 1.70

commit 69e09a559b414a3692423242110074a0cdf2304b
Author: tracer-ysyx <tracer@ysyx.org>
Date:   Sun Sep 29 16:38:45 2024 +0800

    > compile NEMU
    ysyx_24080032 杨鹏城
    Linux ypc 6.5.0-44-generic #44~22.04.1-Ubuntu SMP PREEMPT_DYNAMIC Tue Jun 18 14:36:16 UTC 2 x86_64 x86_64 x86_64 GNU/Linux
     16:38:45 up 5 days, 19:16,  1 user,  load average: 2.31, 1.87, 1.70

commit 38473c27e5254bb5c34c3ed87a346fc2763e2758
Author: tracer-ysyx <tracer@ysyx.org>
Date:   Sun Sep 29 16:34:30 2024 +0800

    > run NEMU
    ysyx_24080032 杨鹏城
    Linux ypc 6.5.0-44-generic #44~22.04.1-Ubuntu SMP PREEMPT_DYNAMIC Tue Jun 18 14:36:16 UTC 2 x86_64 x86_64 x86_64 GNU/Linux
     16:34:30 up 5 days, 19:11,  1 user,  load average: 1.75, 1.53, 1.58

commit be771bf2fecefe79e55ffa43376da9f806e20080
Author: tracer-ysyx <tracer@ysyx.org>
Date:   Sun Sep 29 16:34:29 2024 +0800

    > compile NEMU
    ysyx_24080032 杨鹏城
    Linux ypc 6.5.0-44-generic #44~22.04.1-Ubuntu SMP PREEMPT_DYNAMIC Tue Jun 18 14:36:16 UTC 2 x86_64 x86_64 x86_64 GNU/Linux
     16:34:29 up 5 days, 19:11,  1 user,  load average: 1.75, 1.53, 1.58

commit 988c80c570827e220b7f415b203134dccc9734ed
Author: tracer-ysyx <tracer@ysyx.org>
Date:   Sun Sep 29 16:28:11 2024 +0800

    > run NEMU
    ysyx_24080032 杨鹏城
    Linux ypc 6.5.0-44-generic #44~22.04.1-Ubuntu SMP PREEMPT_DYNAMIC Tue Jun 18 14:36:16 UTC 2 x86_64 x86_64 x86_64 GNU/Linux
     16:28:11 up 5 days, 19:05,  1 user,  load average: 1.80, 1.64, 1.65

commit 86153cbde28ed6bfe5902a3545391e543c5c813d
Author: tracer-ysyx <tracer@ysyx.org>
Date:   Sun Sep 29 16:28:09 2024 +0800

    > compile NEMU
    ysyx_24080032 杨鹏城
    Linux ypc 6.5.0-44-generic #44~22.04.1-Ubuntu SMP PREEMPT_DYNAMIC Tue Jun 18 14:36:16 UTC 2 x86_64 x86_64 x86_64 GNU/Linux
     16:28:09 up 5 days, 19:05,  1 user,  load average: 1.80, 1.64, 1.65

commit 1da4bd269a1f7d6d55949adedac976d78e05ea4e
Author: tracer-ysyx <tracer@ysyx.org>
Date:   Sun Sep 29 16:27:30 2024 +0800

    > run NEMU
    ysyx_24080032 杨鹏城
    Linux ypc 6.5.0-44-generic #44~22.04.1-Ubuntu SMP PREEMPT_DYNAMIC Tue Jun 18 14:36:16 UTC 2 x86_64 x86_64 x86_64 GNU/Linux
     16:27:30 up 5 days, 19:04,  1 user,  load average: 1.46, 1.56, 1.63

commit 5ada19110b67184abf7b5f706c0cb53e51442705
Author: tracer-ysyx <tracer@ysyx.org>
Date:   Sun Sep 29 16:27:29 2024 +0800

    > compile NEMU
    ysyx_24080032 杨鹏城
    Linux ypc 6.5.0-44-generic #44~22.04.1-Ubuntu SMP PREEMPT_DYNAMIC Tue Jun 18 14:36:16 UTC 2 x86_64 x86_64 x86_64 GNU/Linux
     16:27:29 up 5 days, 19:04,  1 user,  load average: 1.46, 1.56, 1.63

commit 61d6b17016d13b99f5bce3102736305281913b7c
Author: tracer-ysyx <tracer@ysyx.org>
Date:   Sun Sep 29 16:26:53 2024 +0800

    > run NEMU
    ysyx_24080032 杨鹏城
    Linux ypc 6.5.0-44-generic #44~22.04.1-Ubuntu SMP PREEMPT_DYNAMIC Tue Jun 18 14:36:16 UTC 2 x86_64 x86_64 x86_64 GNU/Linux
     16:26:53 up 5 days, 19:04,  1 user,  load average: 1.54, 1.59, 1.64

commit af752537c880c44279bee94e60d31db5fa858005
Author: tracer-ysyx <tracer@ysyx.org>
Date:   Sun Sep 29 16:26:51 2024 +0800

    > compile NEMU
    ysyx_24080032 杨鹏城
    Linux ypc 6.5.0-44-generic #44~22.04.1-Ubuntu SMP PREEMPT_DYNAMIC Tue Jun 18 14:36:16 UTC 2 x86_64 x86_64 x86_64 GNU/Linux
     16:26:51 up 5 days, 19:04,  1 user,  load average: 1.50, 1.59, 1.64

commit 3d2fa4528b7af92b91f3f44ed447478d433576ce
Author: tracer-ysyx <tracer@ysyx.org>
Date:   Sun Sep 29 16:24:03 2024 +0800

    > run NEMU
    ysyx_24080032 杨鹏城
    Linux ypc 6.5.0-44-generic #44~22.04.1-Ubuntu SMP PREEMPT_DYNAMIC Tue Jun 18 14:36:16 UTC 2 x86_64 x86_64 x86_64 GNU/Linux
     16:24:03 up 5 days, 19:01,  1 user,  load average: 2.05, 1.62, 1.66

commit db81a12de8f9c85a405c4fae307b68d1d24439a9
Author: tracer-ysyx <tracer@ysyx.org>
Date:   Sun Sep 29 16:24:01 2024 +0800

    > compile NEMU
    ysyx_24080032 杨鹏城
    Linux ypc 6.5.0-44-generic #44~22.04.1-Ubuntu SMP PREEMPT_DYNAMIC Tue Jun 18 14:36:16 UTC 2 x86_64 x86_64 x86_64 GNU/Linux
     16:24:01 up 5 days, 19:01,  1 user,  load average: 2.06, 1.62, 1.66

commit c4e542aecd04d73b9a3a31507a3515727259421d
Author: tracer-ysyx <tracer@ysyx.org>
Date:   Sun Sep 29 16:22:26 2024 +0800

    > run NEMU
    ysyx_24080032 杨鹏城
    Linux ypc 6.5.0-44-generic #44~22.04.1-Ubuntu SMP PREEMPT_DYNAMIC Tue Jun 18 14:36:16 UTC 2 x86_64 x86_64 x86_64 GNU/Linux
     16:22:26 up 5 days, 18:59,  1 user,  load average: 1.54, 1.50, 1.63

commit 8d24d8089ba594da9b5d0890cf22150de9a093e2
Author: tracer-ysyx <tracer@ysyx.org>
Date:   Sun Sep 29 16:22:26 2024 +0800

    > compile NEMU
    ysyx_24080032 杨鹏城
    Linux ypc 6.5.0-44-generic #44~22.04.1-Ubuntu SMP PREEMPT_DYNAMIC Tue Jun 18 14:36:16 UTC 2 x86_64 x86_64 x86_64 GNU/Linux
     16:22:26 up 5 days, 18:59,  1 user,  load average: 1.54, 1.50, 1.63

commit ae5b6d38a4041c1022294beac995050e61fc3a0c
Author: tracer-ysyx <tracer@ysyx.org>
Date:   Sun Sep 29 16:13:13 2024 +0800

    > run NEMU
    ysyx_24080032 杨鹏城
    Linux ypc 6.5.0-44-generic #44~22.04.1-Ubuntu SMP PREEMPT_DYNAMIC Tue Jun 18 14:36:16 UTC 2 x86_64 x86_64 x86_64 GNU/Linux
     16:13:12 up 5 days, 18:50,  1 user,  load average: 2.31, 2.05, 1.86

commit 65bbf688aec89e18f1ee6509e25fcd271f0a6c1d
Author: tracer-ysyx <tracer@ysyx.org>
Date:   Sun Sep 29 16:13:12 2024 +0800

    > compile NEMU
    ysyx_24080032 杨鹏城
    Linux ypc 6.5.0-44-generic #44~22.04.1-Ubuntu SMP PREEMPT_DYNAMIC Tue Jun 18 14:36:16 UTC 2 x86_64 x86_64 x86_64 GNU/Linux
     16:13:12 up 5 days, 18:50,  1 user,  load average: 2.31, 2.05, 1.86

commit 2675b73de11188cf1ee44192bfcb1175b73b4b6d
Author: tracer-ysyx <tracer@ysyx.org>
Date:   Sun Sep 29 16:07:17 2024 +0800

    > run NEMU
    ysyx_24080032 杨鹏城
    Linux ypc 6.5.0-44-generic #44~22.04.1-Ubuntu SMP PREEMPT_DYNAMIC Tue Jun 18 14:36:16 UTC 2 x86_64 x86_64 x86_64 GNU/Linux
     16:07:17 up 5 days, 18:44,  1 user,  load average: 1.37, 1.71, 1.69

commit 246cc8d293fa7143e46f77b5de61bc97b5bc0f9d
Author: tracer-ysyx <tracer@ysyx.org>
Date:   Sun Sep 29 16:07:17 2024 +0800

    > compile NEMU
    ysyx_24080032 杨鹏城
    Linux ypc 6.5.0-44-generic #44~22.04.1-Ubuntu SMP PREEMPT_DYNAMIC Tue Jun 18 14:36:16 UTC 2 x86_64 x86_64 x86_64 GNU/Linux
     16:07:17 up 5 days, 18:44,  1 user,  load average: 1.37, 1.71, 1.69

commit 256b7e9d41b134512b52c5b65671785265c950cf
Author: tracer-ysyx <tracer@ysyx.org>
Date:   Sun Sep 29 16:06:30 2024 +0800

    > run NEMU
    ysyx_24080032 杨鹏城
    Linux ypc 6.5.0-44-generic #44~22.04.1-Ubuntu SMP PREEMPT_DYNAMIC Tue Jun 18 14:36:16 UTC 2 x86_64 x86_64 x86_64 GNU/Linux
     16:06:30 up 5 days, 18:43,  1 user,  load average: 1.58, 1.80, 1.72

commit e307ba255b96fc3f9e5d5fa16595dd38d8c251f5
Author: tracer-ysyx <tracer@ysyx.org>
Date:   Sun Sep 29 16:06:30 2024 +0800

    > compile NEMU
    ysyx_24080032 杨鹏城
    Linux ypc 6.5.0-44-generic #44~22.04.1-Ubuntu SMP PREEMPT_DYNAMIC Tue Jun 18 14:36:16 UTC 2 x86_64 x86_64 x86_64 GNU/Linux
     16:06:30 up 5 days, 18:43,  1 user,  load average: 1.58, 1.80, 1.72

commit dae18ce713a2675a41268bec15968b382e1fbf32
Author: tracer-ysyx <tracer@ysyx.org>
Date:   Sun Sep 29 16:04:15 2024 +0800

    > run NEMU
    ysyx_24080032 杨鹏城
    Linux ypc 6.5.0-44-generic #44~22.04.1-Ubuntu SMP PREEMPT_DYNAMIC Tue Jun 18 14:36:16 UTC 2 x86_64 x86_64 x86_64 GNU/Linux
     16:04:15 up 5 days, 18:41,  1 user,  load average: 1.47, 1.79, 1.70

commit f7a2cbea2cdea27b10aa9c30ad2f3cec2a96ce24
Author: tracer-ysyx <tracer@ysyx.org>
Date:   Sun Sep 29 16:04:15 2024 +0800

    > compile NEMU
    ysyx_24080032 杨鹏城
    Linux ypc 6.5.0-44-generic #44~22.04.1-Ubuntu SMP PREEMPT_DYNAMIC Tue Jun 18 14:36:16 UTC 2 x86_64 x86_64 x86_64 GNU/Linux
     16:04:15 up 5 days, 18:41,  1 user,  load average: 1.47, 1.79, 1.70

commit faa52479d7a1bec43a18610ae087aa2cbf13111d
Author: tracer-ysyx <tracer@ysyx.org>
Date:   Sun Sep 29 16:03:54 2024 +0800

    > run NEMU
    ysyx_24080032 杨鹏城
    Linux ypc 6.5.0-44-generic #44~22.04.1-Ubuntu SMP PREEMPT_DYNAMIC Tue Jun 18 14:36:16 UTC 2 x86_64 x86_64 x86_64 GNU/Linux
     16:03:54 up 5 days, 18:41,  1 user,  load average: 1.44, 1.81, 1.71

commit 8e438dcbf0421fa95bb9659799c500bc2dc7ca21
Author: tracer-ysyx <tracer@ysyx.org>
Date:   Sun Sep 29 16:03:54 2024 +0800

    > compile NEMU
    ysyx_24080032 杨鹏城
    Linux ypc 6.5.0-44-generic #44~22.04.1-Ubuntu SMP PREEMPT_DYNAMIC Tue Jun 18 14:36:16 UTC 2 x86_64 x86_64 x86_64 GNU/Linux
     16:03:54 up 5 days, 18:41,  1 user,  load average: 1.44, 1.81, 1.71

commit 568aca5c1e2716c4eeeccda5c5e90c67b754dd1f
Author: tracer-ysyx <tracer@ysyx.org>
Date:   Sun Sep 29 16:03:07 2024 +0800

    > run NEMU
    ysyx_24080032 杨鹏城
    Linux ypc 6.5.0-44-generic #44~22.04.1-Ubuntu SMP PREEMPT_DYNAMIC Tue Jun 18 14:36:16 UTC 2 x86_64 x86_64 x86_64 GNU/Linux
     16:03:07 up 5 days, 18:40,  1 user,  load average: 1.84, 1.93, 1.74

commit 0dec5f86407869150cd744c70221c2dc5a1f099a
Author: tracer-ysyx <tracer@ysyx.org>
Date:   Sun Sep 29 16:03:07 2024 +0800

    > compile NEMU
    ysyx_24080032 杨鹏城
    Linux ypc 6.5.0-44-generic #44~22.04.1-Ubuntu SMP PREEMPT_DYNAMIC Tue Jun 18 14:36:16 UTC 2 x86_64 x86_64 x86_64 GNU/Linux
     16:03:07 up 5 days, 18:40,  1 user,  load average: 1.84, 1.93, 1.74

commit 41b26538bd79fcf2cdbd45839112b77d4fd07b55
Author: tracer-ysyx <tracer@ysyx.org>
Date:   Sun Sep 29 15:55:24 2024 +0800

    > run NEMU
    ysyx_24080032 杨鹏城
    Linux ypc 6.5.0-44-generic #44~22.04.1-Ubuntu SMP PREEMPT_DYNAMIC Tue Jun 18 14:36:16 UTC 2 x86_64 x86_64 x86_64 GNU/Linux
     15:55:24 up 5 days, 18:32,  1 user,  load average: 1.93, 1.87, 1.59

commit 9ccf0270a3ace9a581b8dfd60185848df6a0a0ca
Author: tracer-ysyx <tracer@ysyx.org>
Date:   Sun Sep 29 15:55:23 2024 +0800

    > compile NEMU
    ysyx_24080032 杨鹏城
    Linux ypc 6.5.0-44-generic #44~22.04.1-Ubuntu SMP PREEMPT_DYNAMIC Tue Jun 18 14:36:16 UTC 2 x86_64 x86_64 x86_64 GNU/Linux
     15:55:23 up 5 days, 18:32,  1 user,  load average: 1.93, 1.87, 1.59

commit 015c64c133a720e2f96cb4e57673a51ac0cbca60
Author: tracer-ysyx <tracer@ysyx.org>
Date:   Sun Sep 29 15:48:47 2024 +0800

    > run NEMU
    ysyx_24080032 杨鹏城
    Linux ypc 6.5.0-44-generic #44~22.04.1-Ubuntu SMP PREEMPT_DYNAMIC Tue Jun 18 14:36:16 UTC 2 x86_64 x86_64 x86_64 GNU/Linux
     15:48:47 up 5 days, 18:26,  1 user,  load average: 1.87, 1.60, 1.45

commit 1e05e44dff963d70e5cacef8b6fd6d1d29a71e67
Author: tracer-ysyx <tracer@ysyx.org>
Date:   Sun Sep 29 15:48:47 2024 +0800

    > compile NEMU
    ysyx_24080032 杨鹏城
    Linux ypc 6.5.0-44-generic #44~22.04.1-Ubuntu SMP PREEMPT_DYNAMIC Tue Jun 18 14:36:16 UTC 2 x86_64 x86_64 x86_64 GNU/Linux
     15:48:47 up 5 days, 18:26,  1 user,  load average: 1.87, 1.60, 1.45

commit 9728f98caaa6332982caff53126466019973167a
Author: tracer-ysyx <tracer@ysyx.org>
Date:   Sun Sep 29 15:38:29 2024 +0800

    > run NEMU
    ysyx_24080032 杨鹏城
    Linux ypc 6.5.0-44-generic #44~22.04.1-Ubuntu SMP PREEMPT_DYNAMIC Tue Jun 18 14:36:16 UTC 2 x86_64 x86_64 x86_64 GNU/Linux
     15:38:29 up 5 days, 18:15,  1 user,  load average: 1.40, 1.37, 1.26

commit aaa2031d4c0a3aec5f859c98ae4480dab4f05592
Author: tracer-ysyx <tracer@ysyx.org>
Date:   Sun Sep 29 15:38:29 2024 +0800

    > compile NEMU
    ysyx_24080032 杨鹏城
    Linux ypc 6.5.0-44-generic #44~22.04.1-Ubuntu SMP PREEMPT_DYNAMIC Tue Jun 18 14:36:16 UTC 2 x86_64 x86_64 x86_64 GNU/Linux
     15:38:29 up 5 days, 18:15,  1 user,  load average: 1.40, 1.37, 1.26

commit ad4d53e41b5ebed8876bb4bdad21170d6e02b555
Author: tracer-ysyx <tracer@ysyx.org>
Date:   Sun Sep 29 13:23:49 2024 +0800

    > run NEMU
    ysyx_24080032 杨鹏城
    Linux ypc 6.5.0-44-generic #44~22.04.1-Ubuntu SMP PREEMPT_DYNAMIC Tue Jun 18 14:36:16 UTC 2 x86_64 x86_64 x86_64 GNU/Linux
     13:23:49 up 5 days, 16:01,  1 user,  load average: 2.05, 1.86, 1.61

commit 9bd736e71ac1c12f0700c9769475850797379f3c
Author: tracer-ysyx <tracer@ysyx.org>
Date:   Sun Sep 29 13:23:49 2024 +0800

    > compile NEMU
    ysyx_24080032 杨鹏城
    Linux ypc 6.5.0-44-generic #44~22.04.1-Ubuntu SMP PREEMPT_DYNAMIC Tue Jun 18 14:36:16 UTC 2 x86_64 x86_64 x86_64 GNU/Linux
     13:23:49 up 5 days, 16:01,  1 user,  load average: 2.05, 1.86, 1.61

commit 5cc79b5ba41f54f6735f70adfe642bd210fc25ef
Author: tracer-ysyx <tracer@ysyx.org>
Date:   Sun Sep 29 13:23:49 2024 +0800

    > run NEMU
    ysyx_24080032 杨鹏城
    Linux ypc 6.5.0-44-generic #44~22.04.1-Ubuntu SMP PREEMPT_DYNAMIC Tue Jun 18 14:36:16 UTC 2 x86_64 x86_64 x86_64 GNU/Linux
     13:23:49 up 5 days, 16:01,  1 user,  load average: 1.88, 1.82, 1.60

commit c6209bc9bfa00f804aae1ed9ffa12c75b0cfd809
Author: tracer-ysyx <tracer@ysyx.org>
Date:   Sun Sep 29 13:23:48 2024 +0800

    > compile NEMU
    ysyx_24080032 杨鹏城
    Linux ypc 6.5.0-44-generic #44~22.04.1-Ubuntu SMP PREEMPT_DYNAMIC Tue Jun 18 14:36:16 UTC 2 x86_64 x86_64 x86_64 GNU/Linux
     13:23:48 up 5 days, 16:01,  1 user,  load average: 1.88, 1.82, 1.60

commit f4412738eca728a073e9cc942b5c4defdff1bf47
Author: tracer-ysyx <tracer@ysyx.org>
Date:   Sun Sep 29 13:23:48 2024 +0800

    > run NEMU
    ysyx_24080032 杨鹏城
    Linux ypc 6.5.0-44-generic #44~22.04.1-Ubuntu SMP PREEMPT_DYNAMIC Tue Jun 18 14:36:16 UTC 2 x86_64 x86_64 x86_64 GNU/Linux
     13:23:48 up 5 days, 16:01,  1 user,  load average: 1.88, 1.82, 1.60

commit 3bd7e2b89f180654c48c645fbb3e3362407244f0
Author: tracer-ysyx <tracer@ysyx.org>
Date:   Sun Sep 29 13:23:48 2024 +0800

    > compile NEMU
    ysyx_24080032 杨鹏城
    Linux ypc 6.5.0-44-generic #44~22.04.1-Ubuntu SMP PREEMPT_DYNAMIC Tue Jun 18 14:36:16 UTC 2 x86_64 x86_64 x86_64 GNU/Linux
     13:23:48 up 5 days, 16:01,  1 user,  load average: 1.88, 1.82, 1.60

commit 16f3438c3f5bfd45b98839f717d0f9c932787a90
Author: tracer-ysyx <tracer@ysyx.org>
Date:   Sun Sep 29 13:23:48 2024 +0800

    > run NEMU
    ysyx_24080032 杨鹏城
    Linux ypc 6.5.0-44-generic #44~22.04.1-Ubuntu SMP PREEMPT_DYNAMIC Tue Jun 18 14:36:16 UTC 2 x86_64 x86_64 x86_64 GNU/Linux
     13:23:48 up 5 days, 16:01,  1 user,  load average: 1.88, 1.82, 1.60

commit 3464bdf928f6e9d65d4aa6c47d703d0927bcd793
Author: tracer-ysyx <tracer@ysyx.org>
Date:   Sun Sep 29 13:23:48 2024 +0800

    > compile NEMU
    ysyx_24080032 杨鹏城
    Linux ypc 6.5.0-44-generic #44~22.04.1-Ubuntu SMP PREEMPT_DYNAMIC Tue Jun 18 14:36:16 UTC 2 x86_64 x86_64 x86_64 GNU/Linux
     13:23:48 up 5 days, 16:01,  1 user,  load average: 1.88, 1.82, 1.60

commit 7c067e9860ca7cc6f5eb9d5e9390289c6da10f17
Author: tracer-ysyx <tracer@ysyx.org>
Date:   Sun Sep 29 13:23:47 2024 +0800

    > run NEMU
    ysyx_24080032 杨鹏城
    Linux ypc 6.5.0-44-generic #44~22.04.1-Ubuntu SMP PREEMPT_DYNAMIC Tue Jun 18 14:36:16 UTC 2 x86_64 x86_64 x86_64 GNU/Linux
     13:23:47 up 5 days, 16:01,  1 user,  load average: 1.88, 1.82, 1.60

commit f9ecc395b99938b8168613fd05dbfcac3e2fb7af
Author: tracer-ysyx <tracer@ysyx.org>
Date:   Sun Sep 29 13:23:47 2024 +0800

    > compile NEMU
    ysyx_24080032 杨鹏城
    Linux ypc 6.5.0-44-generic #44~22.04.1-Ubuntu SMP PREEMPT_DYNAMIC Tue Jun 18 14:36:16 UTC 2 x86_64 x86_64 x86_64 GNU/Linux
     13:23:47 up 5 days, 16:01,  1 user,  load average: 1.88, 1.82, 1.60

commit e9460081dcd790ae1d7dcf408e6ed7db578dc588
Author: tracer-ysyx <tracer@ysyx.org>
Date:   Sun Sep 29 13:23:47 2024 +0800

    > run NEMU
    ysyx_24080032 杨鹏城
    Linux ypc 6.5.0-44-generic #44~22.04.1-Ubuntu SMP PREEMPT_DYNAMIC Tue Jun 18 14:36:16 UTC 2 x86_64 x86_64 x86_64 GNU/Linux
     13:23:47 up 5 days, 16:01,  1 user,  load average: 1.88, 1.82, 1.60

commit c03d47bb18235191e7e2e4bdac0e3bdf58107541
Author: tracer-ysyx <tracer@ysyx.org>
Date:   Sun Sep 29 13:23:47 2024 +0800

    > compile NEMU
    ysyx_24080032 杨鹏城
    Linux ypc 6.5.0-44-generic #44~22.04.1-Ubuntu SMP PREEMPT_DYNAMIC Tue Jun 18 14:36:16 UTC 2 x86_64 x86_64 x86_64 GNU/Linux
     13:23:47 up 5 days, 16:01,  1 user,  load average: 1.88, 1.82, 1.60

commit 6ef209bedd25db25e7e6af473780c81b72fcc898
Author: tracer-ysyx <tracer@ysyx.org>
Date:   Sun Sep 29 13:23:46 2024 +0800

    > run NEMU
    ysyx_24080032 杨鹏城
    Linux ypc 6.5.0-44-generic #44~22.04.1-Ubuntu SMP PREEMPT_DYNAMIC Tue Jun 18 14:36:16 UTC 2 x86_64 x86_64 x86_64 GNU/Linux
     13:23:46 up 5 days, 16:01,  1 user,  load average: 1.88, 1.82, 1.60

commit 5c6f6dc6be383a952cde31fec6d013f97dfc04d7
Author: tracer-ysyx <tracer@ysyx.org>
Date:   Sun Sep 29 13:23:46 2024 +0800

    > compile NEMU
    ysyx_24080032 杨鹏城
    Linux ypc 6.5.0-44-generic #44~22.04.1-Ubuntu SMP PREEMPT_DYNAMIC Tue Jun 18 14:36:16 UTC 2 x86_64 x86_64 x86_64 GNU/Linux
     13:23:46 up 5 days, 16:01,  1 user,  load average: 1.88, 1.82, 1.60

commit 4c6f69ae9ba74d2fa9b8359128f50a34b7a01009
Author: tracer-ysyx <tracer@ysyx.org>
Date:   Sun Sep 29 13:23:46 2024 +0800

    > run NEMU
    ysyx_24080032 杨鹏城
    Linux ypc 6.5.0-44-generic #44~22.04.1-Ubuntu SMP PREEMPT_DYNAMIC Tue Jun 18 14:36:16 UTC 2 x86_64 x86_64 x86_64 GNU/Linux
     13:23:46 up 5 days, 16:01,  1 user,  load average: 1.88, 1.82, 1.60

commit 6d3f1a7826920ee05178af0b4547fe0f77333131
Author: tracer-ysyx <tracer@ysyx.org>
Date:   Sun Sep 29 13:23:46 2024 +0800

    > compile NEMU
    ysyx_24080032 杨鹏城
    Linux ypc 6.5.0-44-generic #44~22.04.1-Ubuntu SMP PREEMPT_DYNAMIC Tue Jun 18 14:36:16 UTC 2 x86_64 x86_64 x86_64 GNU/Linux
     13:23:46 up 5 days, 16:01,  1 user,  load average: 1.88, 1.82, 1.60

commit d21e65b440afbafe60db24cc905e849733385708
Author: tracer-ysyx <tracer@ysyx.org>
Date:   Sun Sep 29 13:23:45 2024 +0800

    > run NEMU
    ysyx_24080032 杨鹏城
    Linux ypc 6.5.0-44-generic #44~22.04.1-Ubuntu SMP PREEMPT_DYNAMIC Tue Jun 18 14:36:16 UTC 2 x86_64 x86_64 x86_64 GNU/Linux
     13:23:45 up 5 days, 16:01,  1 user,  load average: 1.88, 1.82, 1.60

commit 0ceded34159c4cf0fcebdbb01c9ff25407015945
Author: tracer-ysyx <tracer@ysyx.org>
Date:   Sun Sep 29 13:23:45 2024 +0800

    > compile NEMU
    ysyx_24080032 杨鹏城
    Linux ypc 6.5.0-44-generic #44~22.04.1-Ubuntu SMP PREEMPT_DYNAMIC Tue Jun 18 14:36:16 UTC 2 x86_64 x86_64 x86_64 GNU/Linux
     13:23:45 up 5 days, 16:01,  1 user,  load average: 1.88, 1.82, 1.60

commit c0091dbb790a9a9f8cb8c3f868070e796eb6728b
Author: tracer-ysyx <tracer@ysyx.org>
Date:   Sun Sep 29 13:23:45 2024 +0800

    > run NEMU
    ysyx_24080032 杨鹏城
    Linux ypc 6.5.0-44-generic #44~22.04.1-Ubuntu SMP PREEMPT_DYNAMIC Tue Jun 18 14:36:16 UTC 2 x86_64 x86_64 x86_64 GNU/Linux
     13:23:45 up 5 days, 16:01,  1 user,  load average: 1.88, 1.82, 1.60

commit 1758b3ea31e4e8bb4c83db70b9c304e094406cd3
Author: tracer-ysyx <tracer@ysyx.org>
Date:   Sun Sep 29 13:23:45 2024 +0800

    > compile NEMU
    ysyx_24080032 杨鹏城
    Linux ypc 6.5.0-44-generic #44~22.04.1-Ubuntu SMP PREEMPT_DYNAMIC Tue Jun 18 14:36:16 UTC 2 x86_64 x86_64 x86_64 GNU/Linux
     13:23:45 up 5 days, 16:01,  1 user,  load average: 1.88, 1.82, 1.60

commit 689df58fa1bfabb004bc57174344a82c08099d71
Author: tracer-ysyx <tracer@ysyx.org>
Date:   Sun Sep 29 13:23:44 2024 +0800

    > run NEMU
    ysyx_24080032 杨鹏城
    Linux ypc 6.5.0-44-generic #44~22.04.1-Ubuntu SMP PREEMPT_DYNAMIC Tue Jun 18 14:36:16 UTC 2 x86_64 x86_64 x86_64 GNU/Linux
     13:23:44 up 5 days, 16:01,  1 user,  load average: 1.88, 1.82, 1.60

commit 235987f4b873147aacc4b7bdca3e5e643d73ae66
Author: tracer-ysyx <tracer@ysyx.org>
Date:   Sun Sep 29 13:23:44 2024 +0800

    > compile NEMU
    ysyx_24080032 杨鹏城
    Linux ypc 6.5.0-44-generic #44~22.04.1-Ubuntu SMP PREEMPT_DYNAMIC Tue Jun 18 14:36:16 UTC 2 x86_64 x86_64 x86_64 GNU/Linux
     13:23:44 up 5 days, 16:01,  1 user,  load average: 1.88, 1.82, 1.60

commit c0e63685a3d4441e2de11fca855fbd550368cc84
Author: tracer-ysyx <tracer@ysyx.org>
Date:   Sun Sep 29 13:23:44 2024 +0800

    > run NEMU
    ysyx_24080032 杨鹏城
    Linux ypc 6.5.0-44-generic #44~22.04.1-Ubuntu SMP PREEMPT_DYNAMIC Tue Jun 18 14:36:16 UTC 2 x86_64 x86_64 x86_64 GNU/Linux
     13:23:44 up 5 days, 16:01,  1 user,  load average: 1.88, 1.82, 1.60

commit a6d3a7c2078fc60a25744a950a6b8b972c575555
Author: tracer-ysyx <tracer@ysyx.org>
Date:   Sun Sep 29 13:23:44 2024 +0800

    > compile NEMU
    ysyx_24080032 杨鹏城
    Linux ypc 6.5.0-44-generic #44~22.04.1-Ubuntu SMP PREEMPT_DYNAMIC Tue Jun 18 14:36:16 UTC 2 x86_64 x86_64 x86_64 GNU/Linux
     13:23:44 up 5 days, 16:01,  1 user,  load average: 1.88, 1.82, 1.60

commit 56663f2e4185f76b920aea76bc7b2d07acffe94c
Author: tracer-ysyx <tracer@ysyx.org>
Date:   Sun Sep 29 13:23:43 2024 +0800

    > run NEMU
    ysyx_24080032 杨鹏城
    Linux ypc 6.5.0-44-generic #44~22.04.1-Ubuntu SMP PREEMPT_DYNAMIC Tue Jun 18 14:36:16 UTC 2 x86_64 x86_64 x86_64 GNU/Linux
     13:23:43 up 5 days, 16:01,  1 user,  load average: 1.78, 1.80, 1.59

commit 598578e8b06bf6c3cf3d855b1c7423ea513b36e2
Author: tracer-ysyx <tracer@ysyx.org>
Date:   Sun Sep 29 13:23:43 2024 +0800

    > compile NEMU
    ysyx_24080032 杨鹏城
    Linux ypc 6.5.0-44-generic #44~22.04.1-Ubuntu SMP PREEMPT_DYNAMIC Tue Jun 18 14:36:16 UTC 2 x86_64 x86_64 x86_64 GNU/Linux
     13:23:43 up 5 days, 16:01,  1 user,  load average: 1.78, 1.80, 1.59

commit 3c405c69492621f3c436e95ae36ed3aac0a77e55
Author: tracer-ysyx <tracer@ysyx.org>
Date:   Sun Sep 29 13:23:43 2024 +0800

    > run NEMU
    ysyx_24080032 杨鹏城
    Linux ypc 6.5.0-44-generic #44~22.04.1-Ubuntu SMP PREEMPT_DYNAMIC Tue Jun 18 14:36:16 UTC 2 x86_64 x86_64 x86_64 GNU/Linux
     13:23:43 up 5 days, 16:01,  1 user,  load average: 1.78, 1.80, 1.59

commit 1e5111cff7eb5d6e3975d28df5dd011598b7a07d
Author: tracer-ysyx <tracer@ysyx.org>
Date:   Sun Sep 29 13:23:43 2024 +0800

    > compile NEMU
    ysyx_24080032 杨鹏城
    Linux ypc 6.5.0-44-generic #44~22.04.1-Ubuntu SMP PREEMPT_DYNAMIC Tue Jun 18 14:36:16 UTC 2 x86_64 x86_64 x86_64 GNU/Linux
     13:23:43 up 5 days, 16:01,  1 user,  load average: 1.78, 1.80, 1.59

commit 6ee0bc5d3d0b3b0e90ea5b471aa54d5e349f4fe2
Author: tracer-ysyx <tracer@ysyx.org>
Date:   Sun Sep 29 13:23:43 2024 +0800

    > run NEMU
    ysyx_24080032 杨鹏城
    Linux ypc 6.5.0-44-generic #44~22.04.1-Ubuntu SMP PREEMPT_DYNAMIC Tue Jun 18 14:36:16 UTC 2 x86_64 x86_64 x86_64 GNU/Linux
     13:23:43 up 5 days, 16:01,  1 user,  load average: 1.78, 1.80, 1.59

commit fd451136bcdd7c66cfb528a3361f7a73568ee3f0
Author: tracer-ysyx <tracer@ysyx.org>
Date:   Sun Sep 29 13:23:42 2024 +0800

    > compile NEMU
    ysyx_24080032 杨鹏城
    Linux ypc 6.5.0-44-generic #44~22.04.1-Ubuntu SMP PREEMPT_DYNAMIC Tue Jun 18 14:36:16 UTC 2 x86_64 x86_64 x86_64 GNU/Linux
     13:23:42 up 5 days, 16:01,  1 user,  load average: 1.78, 1.80, 1.59

commit 7ab2b2142311b26c2e76137eedaebab2fc6ca6d1
Author: tracer-ysyx <tracer@ysyx.org>
Date:   Sun Sep 29 13:23:42 2024 +0800

    > run NEMU
    ysyx_24080032 杨鹏城
    Linux ypc 6.5.0-44-generic #44~22.04.1-Ubuntu SMP PREEMPT_DYNAMIC Tue Jun 18 14:36:16 UTC 2 x86_64 x86_64 x86_64 GNU/Linux
     13:23:42 up 5 days, 16:01,  1 user,  load average: 1.78, 1.80, 1.59

commit c015043e7886725900b03abfcbeaf455c1c8f316
Author: tracer-ysyx <tracer@ysyx.org>
Date:   Sun Sep 29 13:23:42 2024 +0800

    > compile NEMU
    ysyx_24080032 杨鹏城
    Linux ypc 6.5.0-44-generic #44~22.04.1-Ubuntu SMP PREEMPT_DYNAMIC Tue Jun 18 14:36:16 UTC 2 x86_64 x86_64 x86_64 GNU/Linux
     13:23:42 up 5 days, 16:01,  1 user,  load average: 1.78, 1.80, 1.59

commit a64794cb4a6102da416d41a80a3fa5a38c675f04
Author: tracer-ysyx <tracer@ysyx.org>
Date:   Sun Sep 29 13:23:42 2024 +0800

    > run NEMU
    ysyx_24080032 杨鹏城
    Linux ypc 6.5.0-44-generic #44~22.04.1-Ubuntu SMP PREEMPT_DYNAMIC Tue Jun 18 14:36:16 UTC 2 x86_64 x86_64 x86_64 GNU/Linux
     13:23:42 up 5 days, 16:01,  1 user,  load average: 1.78, 1.80, 1.59

commit 0d4409002a05744821215fbb15ecd81064820c64
Author: tracer-ysyx <tracer@ysyx.org>
Date:   Sun Sep 29 13:23:41 2024 +0800

    > compile NEMU
    ysyx_24080032 杨鹏城
    Linux ypc 6.5.0-44-generic #44~22.04.1-Ubuntu SMP PREEMPT_DYNAMIC Tue Jun 18 14:36:16 UTC 2 x86_64 x86_64 x86_64 GNU/Linux
     13:23:41 up 5 days, 16:01,  1 user,  load average: 1.78, 1.80, 1.59

commit b891bfe8048a12b5624a7e8fa0b88afb7119e4bb
Author: tracer-ysyx <tracer@ysyx.org>
Date:   Sun Sep 29 13:23:41 2024 +0800

    > run NEMU
    ysyx_24080032 杨鹏城
    Linux ypc 6.5.0-44-generic #44~22.04.1-Ubuntu SMP PREEMPT_DYNAMIC Tue Jun 18 14:36:16 UTC 2 x86_64 x86_64 x86_64 GNU/Linux
     13:23:41 up 5 days, 16:01,  1 user,  load average: 1.78, 1.80, 1.59

commit 39cd09af4fbc977e7d0cc218bea1288f939ad328
Author: tracer-ysyx <tracer@ysyx.org>
Date:   Sun Sep 29 13:23:41 2024 +0800

    > compile NEMU
    ysyx_24080032 杨鹏城
    Linux ypc 6.5.0-44-generic #44~22.04.1-Ubuntu SMP PREEMPT_DYNAMIC Tue Jun 18 14:36:16 UTC 2 x86_64 x86_64 x86_64 GNU/Linux
     13:23:41 up 5 days, 16:01,  1 user,  load average: 1.78, 1.80, 1.59

commit cf3149a60b9b099631be2d30292d04be02d02515
Author: tracer-ysyx <tracer@ysyx.org>
Date:   Sun Sep 29 13:23:41 2024 +0800

    > run NEMU
    ysyx_24080032 杨鹏城
    Linux ypc 6.5.0-44-generic #44~22.04.1-Ubuntu SMP PREEMPT_DYNAMIC Tue Jun 18 14:36:16 UTC 2 x86_64 x86_64 x86_64 GNU/Linux
     13:23:41 up 5 days, 16:01,  1 user,  load average: 1.78, 1.80, 1.59

commit 8197f47cf3dbc67e2ece7750b020815fddf97804
Author: tracer-ysyx <tracer@ysyx.org>
Date:   Sun Sep 29 13:23:40 2024 +0800

    > compile NEMU
    ysyx_24080032 杨鹏城
    Linux ypc 6.5.0-44-generic #44~22.04.1-Ubuntu SMP PREEMPT_DYNAMIC Tue Jun 18 14:36:16 UTC 2 x86_64 x86_64 x86_64 GNU/Linux
     13:23:40 up 5 days, 16:01,  1 user,  load average: 1.78, 1.80, 1.59

commit 6c5a87320f024f964f215ba43204aac45cab2823
Author: tracer-ysyx <tracer@ysyx.org>
Date:   Sun Sep 29 13:23:40 2024 +0800

    > run NEMU
    ysyx_24080032 杨鹏城
    Linux ypc 6.5.0-44-generic #44~22.04.1-Ubuntu SMP PREEMPT_DYNAMIC Tue Jun 18 14:36:16 UTC 2 x86_64 x86_64 x86_64 GNU/Linux
     13:23:40 up 5 days, 16:01,  1 user,  load average: 1.78, 1.80, 1.59

commit a82c85787e8570d946cad16bd305b5fa57245f09
Author: tracer-ysyx <tracer@ysyx.org>
Date:   Sun Sep 29 13:23:40 2024 +0800

    > compile NEMU
    ysyx_24080032 杨鹏城
    Linux ypc 6.5.0-44-generic #44~22.04.1-Ubuntu SMP PREEMPT_DYNAMIC Tue Jun 18 14:36:16 UTC 2 x86_64 x86_64 x86_64 GNU/Linux
     13:23:40 up 5 days, 16:01,  1 user,  load average: 1.78, 1.80, 1.59

commit 35a7ca39454a903c15343402f710f658b00d6acd
Author: tracer-ysyx <tracer@ysyx.org>
Date:   Sun Sep 29 13:23:40 2024 +0800

    > run NEMU
    ysyx_24080032 杨鹏城
    Linux ypc 6.5.0-44-generic #44~22.04.1-Ubuntu SMP PREEMPT_DYNAMIC Tue Jun 18 14:36:16 UTC 2 x86_64 x86_64 x86_64 GNU/Linux
     13:23:40 up 5 days, 16:01,  1 user,  load average: 1.78, 1.80, 1.59

commit 9ff9f7b9f4307f30d069ce4c8411cd49279e0a65
Author: tracer-ysyx <tracer@ysyx.org>
Date:   Sun Sep 29 13:23:39 2024 +0800

    > compile NEMU
    ysyx_24080032 杨鹏城
    Linux ypc 6.5.0-44-generic #44~22.04.1-Ubuntu SMP PREEMPT_DYNAMIC Tue Jun 18 14:36:16 UTC 2 x86_64 x86_64 x86_64 GNU/Linux
     13:23:39 up 5 days, 16:01,  1 user,  load average: 1.78, 1.80, 1.59

commit 50d2478914d2c7ff708d149570cf94d73bf75670
Author: tracer-ysyx <tracer@ysyx.org>
Date:   Sun Sep 29 13:23:39 2024 +0800

    > run NEMU
    ysyx_24080032 杨鹏城
    Linux ypc 6.5.0-44-generic #44~22.04.1-Ubuntu SMP PREEMPT_DYNAMIC Tue Jun 18 14:36:16 UTC 2 x86_64 x86_64 x86_64 GNU/Linux
     13:23:39 up 5 days, 16:01,  1 user,  load average: 1.78, 1.80, 1.59

commit bf3319a5cbe5611dd60548ce376f25acdae851ae
Author: tracer-ysyx <tracer@ysyx.org>
Date:   Sun Sep 29 13:23:39 2024 +0800

    > compile NEMU
    ysyx_24080032 杨鹏城
    Linux ypc 6.5.0-44-generic #44~22.04.1-Ubuntu SMP PREEMPT_DYNAMIC Tue Jun 18 14:36:16 UTC 2 x86_64 x86_64 x86_64 GNU/Linux
     13:23:39 up 5 days, 16:01,  1 user,  load average: 1.78, 1.80, 1.59

commit 097ca8c536f5eb15772cf04563370812df2a8736
Author: tracer-ysyx <tracer@ysyx.org>
Date:   Sun Sep 29 13:23:39 2024 +0800

    > run NEMU
    ysyx_24080032 杨鹏城
    Linux ypc 6.5.0-44-generic #44~22.04.1-Ubuntu SMP PREEMPT_DYNAMIC Tue Jun 18 14:36:16 UTC 2 x86_64 x86_64 x86_64 GNU/Linux
     13:23:39 up 5 days, 16:01,  1 user,  load average: 1.78, 1.80, 1.59

commit fea2b0474c42f88c6eeb674319d9694c71f297e6
Author: tracer-ysyx <tracer@ysyx.org>
Date:   Sun Sep 29 13:23:39 2024 +0800

    > compile NEMU
    ysyx_24080032 杨鹏城
    Linux ypc 6.5.0-44-generic #44~22.04.1-Ubuntu SMP PREEMPT_DYNAMIC Tue Jun 18 14:36:16 UTC 2 x86_64 x86_64 x86_64 GNU/Linux
     13:23:39 up 5 days, 16:01,  1 user,  load average: 1.85, 1.82, 1.60

commit b9e3bd9e0fa177cc8f3213cec10891fbbd39440a
Author: tracer-ysyx <tracer@ysyx.org>
Date:   Sun Sep 29 13:23:38 2024 +0800

    > run NEMU
    ysyx_24080032 杨鹏城
    Linux ypc 6.5.0-44-generic #44~22.04.1-Ubuntu SMP PREEMPT_DYNAMIC Tue Jun 18 14:36:16 UTC 2 x86_64 x86_64 x86_64 GNU/Linux
     13:23:38 up 5 days, 16:01,  1 user,  load average: 1.85, 1.82, 1.60

commit 0287856999de13ea0ef5a0cd4a99458fa7e9c88d
Author: tracer-ysyx <tracer@ysyx.org>
Date:   Sun Sep 29 13:23:38 2024 +0800

    > compile NEMU
    ysyx_24080032 杨鹏城
    Linux ypc 6.5.0-44-generic #44~22.04.1-Ubuntu SMP PREEMPT_DYNAMIC Tue Jun 18 14:36:16 UTC 2 x86_64 x86_64 x86_64 GNU/Linux
     13:23:38 up 5 days, 16:01,  1 user,  load average: 1.85, 1.82, 1.60

commit 926445a9935ee3956e43366e35003a770d8ba466
Author: tracer-ysyx <tracer@ysyx.org>
Date:   Sun Sep 29 13:23:38 2024 +0800

    > run NEMU
    ysyx_24080032 杨鹏城
    Linux ypc 6.5.0-44-generic #44~22.04.1-Ubuntu SMP PREEMPT_DYNAMIC Tue Jun 18 14:36:16 UTC 2 x86_64 x86_64 x86_64 GNU/Linux
     13:23:38 up 5 days, 16:01,  1 user,  load average: 1.85, 1.82, 1.60

commit 1b01ca429e8677abeb9e1accaabeebb7130047f3
Author: tracer-ysyx <tracer@ysyx.org>
Date:   Sun Sep 29 13:23:38 2024 +0800

    > compile NEMU
    ysyx_24080032 杨鹏城
    Linux ypc 6.5.0-44-generic #44~22.04.1-Ubuntu SMP PREEMPT_DYNAMIC Tue Jun 18 14:36:16 UTC 2 x86_64 x86_64 x86_64 GNU/Linux
     13:23:38 up 5 days, 16:01,  1 user,  load average: 1.85, 1.82, 1.60

commit 2da1874dcc3b12a6fb6c42f3f39bda14f277f734
Author: tracer-ysyx <tracer@ysyx.org>
Date:   Sun Sep 29 13:23:37 2024 +0800

    > run NEMU
    ysyx_24080032 杨鹏城
    Linux ypc 6.5.0-44-generic #44~22.04.1-Ubuntu SMP PREEMPT_DYNAMIC Tue Jun 18 14:36:16 UTC 2 x86_64 x86_64 x86_64 GNU/Linux
     13:23:37 up 5 days, 16:01,  1 user,  load average: 1.85, 1.82, 1.60

commit 165ddee6d9c842eb6cc65f448b77229b9d1f8ffe
Author: tracer-ysyx <tracer@ysyx.org>
Date:   Sun Sep 29 13:23:37 2024 +0800

    > compile NEMU
    ysyx_24080032 杨鹏城
    Linux ypc 6.5.0-44-generic #44~22.04.1-Ubuntu SMP PREEMPT_DYNAMIC Tue Jun 18 14:36:16 UTC 2 x86_64 x86_64 x86_64 GNU/Linux
     13:23:37 up 5 days, 16:01,  1 user,  load average: 1.85, 1.82, 1.60

commit 40058ff555ebca7b0d4675a75930cca2178c1036
Author: tracer-ysyx <tracer@ysyx.org>
Date:   Sun Sep 29 13:23:37 2024 +0800

    > run NEMU
    ysyx_24080032 杨鹏城
    Linux ypc 6.5.0-44-generic #44~22.04.1-Ubuntu SMP PREEMPT_DYNAMIC Tue Jun 18 14:36:16 UTC 2 x86_64 x86_64 x86_64 GNU/Linux
     13:23:37 up 5 days, 16:01,  1 user,  load average: 1.85, 1.82, 1.60

commit f43629dfa5bd846aada9b7fc5858d1361c715c38
Author: tracer-ysyx <tracer@ysyx.org>
Date:   Sun Sep 29 13:23:37 2024 +0800

    > compile NEMU
    ysyx_24080032 杨鹏城
    Linux ypc 6.5.0-44-generic #44~22.04.1-Ubuntu SMP PREEMPT_DYNAMIC Tue Jun 18 14:36:16 UTC 2 x86_64 x86_64 x86_64 GNU/Linux
     13:23:37 up 5 days, 16:01,  1 user,  load average: 1.85, 1.82, 1.60

commit 81b083716c309fe73e743bedfaef2f7f295273da
Author: tracer-ysyx <tracer@ysyx.org>
Date:   Sun Sep 29 13:23:36 2024 +0800

    > run NEMU
    ysyx_24080032 杨鹏城
    Linux ypc 6.5.0-44-generic #44~22.04.1-Ubuntu SMP PREEMPT_DYNAMIC Tue Jun 18 14:36:16 UTC 2 x86_64 x86_64 x86_64 GNU/Linux
     13:23:36 up 5 days, 16:01,  1 user,  load average: 1.85, 1.82, 1.60

commit 37849bc721736f043fa9214d009be571ef703737
Author: tracer-ysyx <tracer@ysyx.org>
Date:   Sun Sep 29 13:23:36 2024 +0800

    > compile NEMU
    ysyx_24080032 杨鹏城
    Linux ypc 6.5.0-44-generic #44~22.04.1-Ubuntu SMP PREEMPT_DYNAMIC Tue Jun 18 14:36:16 UTC 2 x86_64 x86_64 x86_64 GNU/Linux
     13:23:36 up 5 days, 16:01,  1 user,  load average: 1.85, 1.82, 1.60

commit 2ba144bd473ca0405554991541d1250d38eec442
Author: tracer-ysyx <tracer@ysyx.org>
Date:   Sun Sep 29 13:23:36 2024 +0800

    > run NEMU
    ysyx_24080032 杨鹏城
    Linux ypc 6.5.0-44-generic #44~22.04.1-Ubuntu SMP PREEMPT_DYNAMIC Tue Jun 18 14:36:16 UTC 2 x86_64 x86_64 x86_64 GNU/Linux
     13:23:36 up 5 days, 16:01,  1 user,  load average: 1.85, 1.82, 1.60

commit c9a6824ea6b952f9292dbed84b5353ff5a642956
Author: tracer-ysyx <tracer@ysyx.org>
Date:   Sun Sep 29 13:23:36 2024 +0800

    > compile NEMU
    ysyx_24080032 杨鹏城
    Linux ypc 6.5.0-44-generic #44~22.04.1-Ubuntu SMP PREEMPT_DYNAMIC Tue Jun 18 14:36:16 UTC 2 x86_64 x86_64 x86_64 GNU/Linux
     13:23:36 up 5 days, 16:01,  1 user,  load average: 1.85, 1.82, 1.60

commit 38353d8c35ca5f700d1f7879d1662bfe559087c2
Author: tracer-ysyx <tracer@ysyx.org>
Date:   Sun Sep 29 13:23:35 2024 +0800

    > run NEMU
    ysyx_24080032 杨鹏城
    Linux ypc 6.5.0-44-generic #44~22.04.1-Ubuntu SMP PREEMPT_DYNAMIC Tue Jun 18 14:36:16 UTC 2 x86_64 x86_64 x86_64 GNU/Linux
     13:23:35 up 5 days, 16:01,  1 user,  load average: 1.85, 1.82, 1.60

commit 636d7e5c2dc70ef3edfee0fb78b1c8c3dde9315e
Author: tracer-ysyx <tracer@ysyx.org>
Date:   Sun Sep 29 13:23:35 2024 +0800

    > compile NEMU
    ysyx_24080032 杨鹏城
    Linux ypc 6.5.0-44-generic #44~22.04.1-Ubuntu SMP PREEMPT_DYNAMIC Tue Jun 18 14:36:16 UTC 2 x86_64 x86_64 x86_64 GNU/Linux
     13:23:35 up 5 days, 16:01,  1 user,  load average: 1.85, 1.82, 1.60

commit 17a79baacd4d6ba32a523e2a8850cfb9f622bd7e
Author: tracer-ysyx <tracer@ysyx.org>
Date:   Sun Sep 29 13:23:35 2024 +0800

    > run NEMU
    ysyx_24080032 杨鹏城
    Linux ypc 6.5.0-44-generic #44~22.04.1-Ubuntu SMP PREEMPT_DYNAMIC Tue Jun 18 14:36:16 UTC 2 x86_64 x86_64 x86_64 GNU/Linux
     13:23:35 up 5 days, 16:01,  1 user,  load average: 1.85, 1.82, 1.60

commit 29683b0bfdd9d519a31756920aeb5efec2eeded6
Author: tracer-ysyx <tracer@ysyx.org>
Date:   Sun Sep 29 13:23:35 2024 +0800

    > compile NEMU
    ysyx_24080032 杨鹏城
    Linux ypc 6.5.0-44-generic #44~22.04.1-Ubuntu SMP PREEMPT_DYNAMIC Tue Jun 18 14:36:16 UTC 2 x86_64 x86_64 x86_64 GNU/Linux
     13:23:35 up 5 days, 16:01,  1 user,  load average: 1.85, 1.82, 1.60

commit 378a5a81b75471f8e8cfbab78695c6b1d6d5b2ed
Author: tracer-ysyx <tracer@ysyx.org>
Date:   Sun Sep 29 13:23:34 2024 +0800

    > run NEMU
    ysyx_24080032 杨鹏城
    Linux ypc 6.5.0-44-generic #44~22.04.1-Ubuntu SMP PREEMPT_DYNAMIC Tue Jun 18 14:36:16 UTC 2 x86_64 x86_64 x86_64 GNU/Linux
     13:23:34 up 5 days, 16:01,  1 user,  load average: 1.85, 1.82, 1.60

commit 0dc661255550fa5e68d3205c14596eb38c8279a7
Author: tracer-ysyx <tracer@ysyx.org>
Date:   Sun Sep 29 13:23:34 2024 +0800

    > compile NEMU
    ysyx_24080032 杨鹏城
    Linux ypc 6.5.0-44-generic #44~22.04.1-Ubuntu SMP PREEMPT_DYNAMIC Tue Jun 18 14:36:16 UTC 2 x86_64 x86_64 x86_64 GNU/Linux
     13:23:34 up 5 days, 16:01,  1 user,  load average: 1.85, 1.82, 1.60

commit 42519d2a8dc82ee3ea25892e4a2b366bcc2410e3
Author: tracer-ysyx <tracer@ysyx.org>
Date:   Sun Sep 29 13:23:34 2024 +0800

    > run NEMU
    ysyx_24080032 杨鹏城
    Linux ypc 6.5.0-44-generic #44~22.04.1-Ubuntu SMP PREEMPT_DYNAMIC Tue Jun 18 14:36:16 UTC 2 x86_64 x86_64 x86_64 GNU/Linux
     13:23:34 up 5 days, 16:01,  1 user,  load average: 1.85, 1.82, 1.60

commit ca0a470f669018272ab6fb079d63dfef35514d17
Author: tracer-ysyx <tracer@ysyx.org>
Date:   Sun Sep 29 13:23:34 2024 +0800

    > compile NEMU
    ysyx_24080032 杨鹏城
    Linux ypc 6.5.0-44-generic #44~22.04.1-Ubuntu SMP PREEMPT_DYNAMIC Tue Jun 18 14:36:16 UTC 2 x86_64 x86_64 x86_64 GNU/Linux
     13:23:34 up 5 days, 16:01,  1 user,  load average: 1.75, 1.80, 1.59

commit f07b139d7c2847acaba106a0de01991d3299bb22
Author: tracer-ysyx <tracer@ysyx.org>
Date:   Sun Sep 29 13:23:33 2024 +0800

    > run NEMU
    ysyx_24080032 杨鹏城
    Linux ypc 6.5.0-44-generic #44~22.04.1-Ubuntu SMP PREEMPT_DYNAMIC Tue Jun 18 14:36:16 UTC 2 x86_64 x86_64 x86_64 GNU/Linux
     13:23:33 up 5 days, 16:01,  1 user,  load average: 1.75, 1.80, 1.59

commit e4683320c4861ddb8b2ba2f530ff7e6ea43078ce
Author: tracer-ysyx <tracer@ysyx.org>
Date:   Sun Sep 29 13:23:33 2024 +0800

    > compile NEMU
    ysyx_24080032 杨鹏城
    Linux ypc 6.5.0-44-generic #44~22.04.1-Ubuntu SMP PREEMPT_DYNAMIC Tue Jun 18 14:36:16 UTC 2 x86_64 x86_64 x86_64 GNU/Linux
     13:23:33 up 5 days, 16:01,  1 user,  load average: 1.75, 1.80, 1.59

commit 745cd164114dbc3901919f3eb19f197248f8d76e
Author: tracer-ysyx <tracer@ysyx.org>
Date:   Sun Sep 29 13:23:33 2024 +0800

    > run NEMU
    ysyx_24080032 杨鹏城
    Linux ypc 6.5.0-44-generic #44~22.04.1-Ubuntu SMP PREEMPT_DYNAMIC Tue Jun 18 14:36:16 UTC 2 x86_64 x86_64 x86_64 GNU/Linux
     13:23:33 up 5 days, 16:01,  1 user,  load average: 1.75, 1.80, 1.59

commit 28170cc89e311e2dc01b0bff89cfbbe25447629f
Author: tracer-ysyx <tracer@ysyx.org>
Date:   Sun Sep 29 13:23:33 2024 +0800

    > compile NEMU
    ysyx_24080032 杨鹏城
    Linux ypc 6.5.0-44-generic #44~22.04.1-Ubuntu SMP PREEMPT_DYNAMIC Tue Jun 18 14:36:16 UTC 2 x86_64 x86_64 x86_64 GNU/Linux
     13:23:33 up 5 days, 16:01,  1 user,  load average: 1.75, 1.80, 1.59

commit 47affa3653af6d2d21676d6d684acd0da8943dee
Author: tracer-ysyx <tracer@ysyx.org>
Date:   Sun Sep 29 13:23:23 2024 +0800

    > compile NEMU
    ysyx_24080032 杨鹏城
    Linux ypc 6.5.0-44-generic #44~22.04.1-Ubuntu SMP PREEMPT_DYNAMIC Tue Jun 18 14:36:16 UTC 2 x86_64 x86_64 x86_64 GNU/Linux
     13:23:23 up 5 days, 16:00,  1 user,  load average: 1.71, 1.79, 1.58

commit fc8e9b8b1bd29ee4c80134df9be3f5bf3aca8e3b
Author: tracer-ysyx <tracer@ysyx.org>
Date:   Sun Sep 29 13:23:23 2024 +0800

    > run NEMU
    ysyx_24080032 杨鹏城
    Linux ypc 6.5.0-44-generic #44~22.04.1-Ubuntu SMP PREEMPT_DYNAMIC Tue Jun 18 14:36:16 UTC 2 x86_64 x86_64 x86_64 GNU/Linux
     13:23:23 up 5 days, 16:00,  1 user,  load average: 1.71, 1.79, 1.58

commit 4a32257549e5b3a891bbf1148037229138eaacf7
Author: tracer-ysyx <tracer@ysyx.org>
Date:   Sun Sep 29 13:23:23 2024 +0800

    > compile NEMU
    ysyx_24080032 杨鹏城
    Linux ypc 6.5.0-44-generic #44~22.04.1-Ubuntu SMP PREEMPT_DYNAMIC Tue Jun 18 14:36:16 UTC 2 x86_64 x86_64 x86_64 GNU/Linux
     13:23:23 up 5 days, 16:00,  1 user,  load average: 1.71, 1.79, 1.58

commit 67b0e163f1f3465cc64e3e23e03d30f1252ea215
Author: tracer-ysyx <tracer@ysyx.org>
Date:   Sun Sep 29 13:23:22 2024 +0800

    > run NEMU
    ysyx_24080032 杨鹏城
    Linux ypc 6.5.0-44-generic #44~22.04.1-Ubuntu SMP PREEMPT_DYNAMIC Tue Jun 18 14:36:16 UTC 2 x86_64 x86_64 x86_64 GNU/Linux
     13:23:22 up 5 days, 16:00,  1 user,  load average: 1.71, 1.79, 1.58

commit acd5408dd49db31cfc5cdd72d1d268cbf1a5d372
Author: tracer-ysyx <tracer@ysyx.org>
Date:   Sun Sep 29 13:23:22 2024 +0800

    > compile NEMU
    ysyx_24080032 杨鹏城
    Linux ypc 6.5.0-44-generic #44~22.04.1-Ubuntu SMP PREEMPT_DYNAMIC Tue Jun 18 14:36:16 UTC 2 x86_64 x86_64 x86_64 GNU/Linux
     13:23:22 up 5 days, 16:00,  1 user,  load average: 1.71, 1.79, 1.58

commit 0e162c7c0a96ceb656642f2c3ec7c2070af0997d
Author: tracer-ysyx <tracer@ysyx.org>
Date:   Sun Sep 29 13:23:22 2024 +0800

    > run NEMU
    ysyx_24080032 杨鹏城
    Linux ypc 6.5.0-44-generic #44~22.04.1-Ubuntu SMP PREEMPT_DYNAMIC Tue Jun 18 14:36:16 UTC 2 x86_64 x86_64 x86_64 GNU/Linux
     13:23:22 up 5 days, 16:00,  1 user,  load average: 1.71, 1.79, 1.58

commit 6a32459fb2abd5a48ec835197e944450a44cd271
Author: tracer-ysyx <tracer@ysyx.org>
Date:   Sun Sep 29 13:23:22 2024 +0800

    > compile NEMU
    ysyx_24080032 杨鹏城
    Linux ypc 6.5.0-44-generic #44~22.04.1-Ubuntu SMP PREEMPT_DYNAMIC Tue Jun 18 14:36:16 UTC 2 x86_64 x86_64 x86_64 GNU/Linux
     13:23:22 up 5 days, 16:00,  1 user,  load average: 1.71, 1.79, 1.58

commit baa1028b6938744dde5b6011097aacc77e4ce8f6
Author: tracer-ysyx <tracer@ysyx.org>
Date:   Sun Sep 29 13:23:21 2024 +0800

    > run NEMU
    ysyx_24080032 杨鹏城
    Linux ypc 6.5.0-44-generic #44~22.04.1-Ubuntu SMP PREEMPT_DYNAMIC Tue Jun 18 14:36:16 UTC 2 x86_64 x86_64 x86_64 GNU/Linux
     13:23:21 up 5 days, 16:00,  1 user,  load average: 1.71, 1.79, 1.58

commit 23df39d38f8007ba030cd4a69be651346a251843
Author: tracer-ysyx <tracer@ysyx.org>
Date:   Sun Sep 29 13:23:21 2024 +0800

    > compile NEMU
    ysyx_24080032 杨鹏城
    Linux ypc 6.5.0-44-generic #44~22.04.1-Ubuntu SMP PREEMPT_DYNAMIC Tue Jun 18 14:36:16 UTC 2 x86_64 x86_64 x86_64 GNU/Linux
     13:23:21 up 5 days, 16:00,  1 user,  load average: 1.71, 1.79, 1.58

commit 82ee1043e9ee68c3b3abf9f2a9e29cafc4a80bfe
Author: tracer-ysyx <tracer@ysyx.org>
Date:   Sun Sep 29 13:23:21 2024 +0800

    > run NEMU
    ysyx_24080032 杨鹏城
    Linux ypc 6.5.0-44-generic #44~22.04.1-Ubuntu SMP PREEMPT_DYNAMIC Tue Jun 18 14:36:16 UTC 2 x86_64 x86_64 x86_64 GNU/Linux
     13:23:21 up 5 days, 16:00,  1 user,  load average: 1.71, 1.79, 1.58

commit 7708db33797c794ff5da59681f20bc368501bd5e
Author: tracer-ysyx <tracer@ysyx.org>
Date:   Sun Sep 29 13:23:21 2024 +0800

    > compile NEMU
    ysyx_24080032 杨鹏城
    Linux ypc 6.5.0-44-generic #44~22.04.1-Ubuntu SMP PREEMPT_DYNAMIC Tue Jun 18 14:36:16 UTC 2 x86_64 x86_64 x86_64 GNU/Linux
     13:23:21 up 5 days, 16:00,  1 user,  load average: 1.71, 1.79, 1.58

commit 7c94ff2cb898fbcc64cce4ac2ab1ddf42451fc01
Author: tracer-ysyx <tracer@ysyx.org>
Date:   Sun Sep 29 13:23:13 2024 +0800

    > run NEMU
    ysyx_24080032 杨鹏城
    Linux ypc 6.5.0-44-generic #44~22.04.1-Ubuntu SMP PREEMPT_DYNAMIC Tue Jun 18 14:36:16 UTC 2 x86_64 x86_64 x86_64 GNU/Linux
     13:23:13 up 5 days, 16:00,  1 user,  load average: 1.65, 1.78, 1.58

commit 49cc67482f7cf35cee2a54df9f45a141ab873afc
Author: tracer-ysyx <tracer@ysyx.org>
Date:   Sun Sep 29 13:23:13 2024 +0800

    > compile NEMU
    ysyx_24080032 杨鹏城
    Linux ypc 6.5.0-44-generic #44~22.04.1-Ubuntu SMP PREEMPT_DYNAMIC Tue Jun 18 14:36:16 UTC 2 x86_64 x86_64 x86_64 GNU/Linux
     13:23:13 up 5 days, 16:00,  1 user,  load average: 1.65, 1.78, 1.58

commit c8ed6ad4a1357282dd00aecbeb0192bb80e02c35
Author: tracer-ysyx <tracer@ysyx.org>
Date:   Sat Sep 28 12:44:09 2024 +0800

    > run NEMU
    ysyx_24080032 杨鹏城
    Linux ypc 6.5.0-44-generic #44~22.04.1-Ubuntu SMP PREEMPT_DYNAMIC Tue Jun 18 14:36:16 UTC 2 x86_64 x86_64 x86_64 GNU/Linux
     12:44:09 up 4 days, 15:21,  1 user,  load average: 1.55, 1.52, 1.48

commit 4765b9dfe80d9bb9bee8e8fc9721aa4c2851d3ac
Author: tracer-ysyx <tracer@ysyx.org>
Date:   Sat Sep 28 12:44:09 2024 +0800

    > compile NEMU
    ysyx_24080032 杨鹏城
    Linux ypc 6.5.0-44-generic #44~22.04.1-Ubuntu SMP PREEMPT_DYNAMIC Tue Jun 18 14:36:16 UTC 2 x86_64 x86_64 x86_64 GNU/Linux
     12:44:09 up 4 days, 15:21,  1 user,  load average: 1.55, 1.52, 1.48

commit ed9e5e167c5cb77ef62cf3fc5e5bd1a4f988450a
Author: tracer-ysyx <tracer@ysyx.org>
Date:   Sat Sep 28 12:43:36 2024 +0800

    > run NEMU
    ysyx_24080032 杨鹏城
    Linux ypc 6.5.0-44-generic #44~22.04.1-Ubuntu SMP PREEMPT_DYNAMIC Tue Jun 18 14:36:16 UTC 2 x86_64 x86_64 x86_64 GNU/Linux
     12:43:36 up 4 days, 15:21,  1 user,  load average: 1.44, 1.50, 1.47

commit 25985646d15ccf5511d1fab04462cdae1ca0bfff
Author: tracer-ysyx <tracer@ysyx.org>
Date:   Sat Sep 28 12:43:36 2024 +0800

    > compile NEMU
    ysyx_24080032 杨鹏城
    Linux ypc 6.5.0-44-generic #44~22.04.1-Ubuntu SMP PREEMPT_DYNAMIC Tue Jun 18 14:36:16 UTC 2 x86_64 x86_64 x86_64 GNU/Linux
     12:43:36 up 4 days, 15:21,  1 user,  load average: 1.44, 1.50, 1.47

commit 12d2651fc4e1066e6067c240b3b15cc1921ffc77
Author: tracer-ysyx <tracer@ysyx.org>
Date:   Sat Sep 28 12:31:19 2024 +0800

    > run NEMU
    ysyx_24080032 杨鹏城
    Linux ypc 6.5.0-44-generic #44~22.04.1-Ubuntu SMP PREEMPT_DYNAMIC Tue Jun 18 14:36:16 UTC 2 x86_64 x86_64 x86_64 GNU/Linux
     12:31:19 up 4 days, 15:08,  1 user,  load average: 1.82, 1.51, 1.48

commit 5737aff1b1ca8484700db670ab42125eef23e748
Author: tracer-ysyx <tracer@ysyx.org>
Date:   Sat Sep 28 12:31:19 2024 +0800

    > compile NEMU
    ysyx_24080032 杨鹏城
    Linux ypc 6.5.0-44-generic #44~22.04.1-Ubuntu SMP PREEMPT_DYNAMIC Tue Jun 18 14:36:16 UTC 2 x86_64 x86_64 x86_64 GNU/Linux
     12:31:19 up 4 days, 15:08,  1 user,  load average: 1.82, 1.51, 1.48

commit 4694ba4204025e4ae802cf40a65420a7974775bb
Author: tracer-ysyx <tracer@ysyx.org>
Date:   Sat Sep 28 12:28:16 2024 +0800

    > run NEMU
    ysyx_24080032 杨鹏城
    Linux ypc 6.5.0-44-generic #44~22.04.1-Ubuntu SMP PREEMPT_DYNAMIC Tue Jun 18 14:36:16 UTC 2 x86_64 x86_64 x86_64 GNU/Linux
     12:28:16 up 4 days, 15:05,  1 user,  load average: 1.25, 1.46, 1.47

commit bf0297a15a4127990e0629bde7cec3197553c2d6
Author: tracer-ysyx <tracer@ysyx.org>
Date:   Sat Sep 28 12:28:16 2024 +0800

    > compile NEMU
    ysyx_24080032 杨鹏城
    Linux ypc 6.5.0-44-generic #44~22.04.1-Ubuntu SMP PREEMPT_DYNAMIC Tue Jun 18 14:36:16 UTC 2 x86_64 x86_64 x86_64 GNU/Linux
     12:28:16 up 4 days, 15:05,  1 user,  load average: 1.25, 1.46, 1.47

commit ce838405f64549d0a2f7eb51d632ea984ece3764
Author: tracer-ysyx <tracer@ysyx.org>
Date:   Sat Sep 28 12:21:33 2024 +0800

    > run NEMU
    ysyx_24080032 杨鹏城
    Linux ypc 6.5.0-44-generic #44~22.04.1-Ubuntu SMP PREEMPT_DYNAMIC Tue Jun 18 14:36:16 UTC 2 x86_64 x86_64 x86_64 GNU/Linux
     12:21:33 up 4 days, 14:59,  1 user,  load average: 2.32, 1.75, 1.51

commit c4228e857197689b4294e3e1c3acbecb6caaf69c
Author: tracer-ysyx <tracer@ysyx.org>
Date:   Sat Sep 28 12:21:33 2024 +0800

    > compile NEMU
    ysyx_24080032 杨鹏城
    Linux ypc 6.5.0-44-generic #44~22.04.1-Ubuntu SMP PREEMPT_DYNAMIC Tue Jun 18 14:36:16 UTC 2 x86_64 x86_64 x86_64 GNU/Linux
     12:21:33 up 4 days, 14:59,  1 user,  load average: 2.32, 1.75, 1.51

commit 993f71d8642bc46a511b8710b9d51c36b04fbbae
Author: tracer-ysyx <tracer@ysyx.org>
Date:   Sat Sep 28 12:21:08 2024 +0800

    > run NEMU
    ysyx_24080032 杨鹏城
    Linux ypc 6.5.0-44-generic #44~22.04.1-Ubuntu SMP PREEMPT_DYNAMIC Tue Jun 18 14:36:16 UTC 2 x86_64 x86_64 x86_64 GNU/Linux
     12:21:08 up 4 days, 14:58,  1 user,  load average: 2.03, 1.65, 1.47

commit da1e671b6b66760cc3a7cef2bf7baeb482c86205
Author: tracer-ysyx <tracer@ysyx.org>
Date:   Sat Sep 28 12:21:08 2024 +0800

    > compile NEMU
    ysyx_24080032 杨鹏城
    Linux ypc 6.5.0-44-generic #44~22.04.1-Ubuntu SMP PREEMPT_DYNAMIC Tue Jun 18 14:36:16 UTC 2 x86_64 x86_64 x86_64 GNU/Linux
     12:21:08 up 4 days, 14:58,  1 user,  load average: 2.03, 1.65, 1.47

commit 7154619d92647ccd477d123417b4242c183894cc
Author: tracer-ysyx <tracer@ysyx.org>
Date:   Sat Sep 28 11:54:09 2024 +0800

    > run NEMU
    ysyx_24080032 杨鹏城
    Linux ypc 6.5.0-44-generic #44~22.04.1-Ubuntu SMP PREEMPT_DYNAMIC Tue Jun 18 14:36:16 UTC 2 x86_64 x86_64 x86_64 GNU/Linux
     11:54:09 up 4 days, 14:31,  1 user,  load average: 2.37, 1.95, 1.60

commit 5baae994b117cc7e2b8d75a72e569ae05ec3154e
Author: tracer-ysyx <tracer@ysyx.org>
Date:   Sat Sep 28 11:54:09 2024 +0800

    > compile NEMU
    ysyx_24080032 杨鹏城
    Linux ypc 6.5.0-44-generic #44~22.04.1-Ubuntu SMP PREEMPT_DYNAMIC Tue Jun 18 14:36:16 UTC 2 x86_64 x86_64 x86_64 GNU/Linux
     11:54:09 up 4 days, 14:31,  1 user,  load average: 2.37, 1.95, 1.60

commit dee1d0a9339d217ccb9f2d9ab31f1099084bf60b
Author: tracer-ysyx <tracer@ysyx.org>
Date:   Sat Sep 28 11:54:08 2024 +0800

    > run NEMU
    ysyx_24080032 杨鹏城
    Linux ypc 6.5.0-44-generic #44~22.04.1-Ubuntu SMP PREEMPT_DYNAMIC Tue Jun 18 14:36:16 UTC 2 x86_64 x86_64 x86_64 GNU/Linux
     11:54:08 up 4 days, 14:31,  1 user,  load average: 2.37, 1.95, 1.60

commit 0fe09a7cbdeb70b375fe882146c6aa8d2440168b
Author: tracer-ysyx <tracer@ysyx.org>
Date:   Sat Sep 28 11:54:08 2024 +0800

    > compile NEMU
    ysyx_24080032 杨鹏城
    Linux ypc 6.5.0-44-generic #44~22.04.1-Ubuntu SMP PREEMPT_DYNAMIC Tue Jun 18 14:36:16 UTC 2 x86_64 x86_64 x86_64 GNU/Linux
     11:54:08 up 4 days, 14:31,  1 user,  load average: 2.37, 1.95, 1.60

commit d8cae9bcf680f7480602ab9c3e663f8df0243fdb
Author: tracer-ysyx <tracer@ysyx.org>
Date:   Sat Sep 28 11:54:07 2024 +0800

    > run NEMU
    ysyx_24080032 杨鹏城
    Linux ypc 6.5.0-44-generic #44~22.04.1-Ubuntu SMP PREEMPT_DYNAMIC Tue Jun 18 14:36:16 UTC 2 x86_64 x86_64 x86_64 GNU/Linux
     11:54:07 up 4 days, 14:31,  1 user,  load average: 2.37, 1.95, 1.60

commit 8ee24ff28fc728bd3a02e8aeb5186c67288b16cd
Author: tracer-ysyx <tracer@ysyx.org>
Date:   Sat Sep 28 11:54:07 2024 +0800

    > compile NEMU
    ysyx_24080032 杨鹏城
    Linux ypc 6.5.0-44-generic #44~22.04.1-Ubuntu SMP PREEMPT_DYNAMIC Tue Jun 18 14:36:16 UTC 2 x86_64 x86_64 x86_64 GNU/Linux
     11:54:07 up 4 days, 14:31,  1 user,  load average: 2.37, 1.95, 1.60

commit 081ee215951fb0cc527298e3156b55989e3e871a
Author: tracer-ysyx <tracer@ysyx.org>
Date:   Sat Sep 28 11:54:07 2024 +0800

    > run NEMU
    ysyx_24080032 杨鹏城
    Linux ypc 6.5.0-44-generic #44~22.04.1-Ubuntu SMP PREEMPT_DYNAMIC Tue Jun 18 14:36:16 UTC 2 x86_64 x86_64 x86_64 GNU/Linux
     11:54:07 up 4 days, 14:31,  1 user,  load average: 2.37, 1.95, 1.60

commit 30112120373f93fb332073e36139f9e6d76dca9f
Author: tracer-ysyx <tracer@ysyx.org>
Date:   Sat Sep 28 11:54:07 2024 +0800

    > compile NEMU
    ysyx_24080032 杨鹏城
    Linux ypc 6.5.0-44-generic #44~22.04.1-Ubuntu SMP PREEMPT_DYNAMIC Tue Jun 18 14:36:16 UTC 2 x86_64 x86_64 x86_64 GNU/Linux
     11:54:07 up 4 days, 14:31,  1 user,  load average: 2.37, 1.95, 1.60

commit f6cfd1d62d2d34e4066d630f3ec7013bffc0563e
Author: tracer-ysyx <tracer@ysyx.org>
Date:   Sat Sep 28 11:54:06 2024 +0800

    > run NEMU
    ysyx_24080032 杨鹏城
    Linux ypc 6.5.0-44-generic #44~22.04.1-Ubuntu SMP PREEMPT_DYNAMIC Tue Jun 18 14:36:16 UTC 2 x86_64 x86_64 x86_64 GNU/Linux
     11:54:06 up 4 days, 14:31,  1 user,  load average: 2.37, 1.95, 1.60

commit 762594c7fd1ed9aff588fd78f868e1f62d014935
Author: tracer-ysyx <tracer@ysyx.org>
Date:   Sat Sep 28 11:54:06 2024 +0800

    > compile NEMU
    ysyx_24080032 杨鹏城
    Linux ypc 6.5.0-44-generic #44~22.04.1-Ubuntu SMP PREEMPT_DYNAMIC Tue Jun 18 14:36:16 UTC 2 x86_64 x86_64 x86_64 GNU/Linux
     11:54:06 up 4 days, 14:31,  1 user,  load average: 2.37, 1.95, 1.60

commit 413d740c8ce4a46b984673dadd9cbd979ac7b567
Author: tracer-ysyx <tracer@ysyx.org>
Date:   Sat Sep 28 11:54:06 2024 +0800

    > run NEMU
    ysyx_24080032 杨鹏城
    Linux ypc 6.5.0-44-generic #44~22.04.1-Ubuntu SMP PREEMPT_DYNAMIC Tue Jun 18 14:36:16 UTC 2 x86_64 x86_64 x86_64 GNU/Linux
     11:54:06 up 4 days, 14:31,  1 user,  load average: 2.37, 1.95, 1.60

commit 89e3539850b34eb9e425db7a6fd54422940980c7
Author: tracer-ysyx <tracer@ysyx.org>
Date:   Sat Sep 28 11:54:05 2024 +0800

    > compile NEMU
    ysyx_24080032 杨鹏城
    Linux ypc 6.5.0-44-generic #44~22.04.1-Ubuntu SMP PREEMPT_DYNAMIC Tue Jun 18 14:36:16 UTC 2 x86_64 x86_64 x86_64 GNU/Linux
     11:54:05 up 4 days, 14:31,  1 user,  load average: 2.37, 1.95, 1.60

commit c006698d970fe2a68f35ee27364f727c278e7fde
Author: tracer-ysyx <tracer@ysyx.org>
Date:   Sat Sep 28 11:54:05 2024 +0800

    > run NEMU
    ysyx_24080032 杨鹏城
    Linux ypc 6.5.0-44-generic #44~22.04.1-Ubuntu SMP PREEMPT_DYNAMIC Tue Jun 18 14:36:16 UTC 2 x86_64 x86_64 x86_64 GNU/Linux
     11:54:05 up 4 days, 14:31,  1 user,  load average: 2.05, 1.88, 1.58

commit 98d69284033c50b2022cae3cabfd96de176e7683
Author: tracer-ysyx <tracer@ysyx.org>
Date:   Sat Sep 28 11:54:05 2024 +0800

    > compile NEMU
    ysyx_24080032 杨鹏城
    Linux ypc 6.5.0-44-generic #44~22.04.1-Ubuntu SMP PREEMPT_DYNAMIC Tue Jun 18 14:36:16 UTC 2 x86_64 x86_64 x86_64 GNU/Linux
     11:54:05 up 4 days, 14:31,  1 user,  load average: 2.05, 1.88, 1.58

commit 0529ce619f59721ac759e0edb27dc9eb810de1eb
Author: tracer-ysyx <tracer@ysyx.org>
Date:   Sat Sep 28 11:54:05 2024 +0800

    > run NEMU
    ysyx_24080032 杨鹏城
    Linux ypc 6.5.0-44-generic #44~22.04.1-Ubuntu SMP PREEMPT_DYNAMIC Tue Jun 18 14:36:16 UTC 2 x86_64 x86_64 x86_64 GNU/Linux
     11:54:05 up 4 days, 14:31,  1 user,  load average: 2.05, 1.88, 1.58

commit d76dfb4e843b60e7e6176b5d854463ffb24334b4
Author: tracer-ysyx <tracer@ysyx.org>
Date:   Sat Sep 28 11:54:04 2024 +0800

    > compile NEMU
    ysyx_24080032 杨鹏城
    Linux ypc 6.5.0-44-generic #44~22.04.1-Ubuntu SMP PREEMPT_DYNAMIC Tue Jun 18 14:36:16 UTC 2 x86_64 x86_64 x86_64 GNU/Linux
     11:54:04 up 4 days, 14:31,  1 user,  load average: 2.05, 1.88, 1.58

commit d0707029133e63bd35eaec0f9d665f68c2595465
Author: tracer-ysyx <tracer@ysyx.org>
Date:   Sat Sep 28 11:54:04 2024 +0800

    > run NEMU
    ysyx_24080032 杨鹏城
    Linux ypc 6.5.0-44-generic #44~22.04.1-Ubuntu SMP PREEMPT_DYNAMIC Tue Jun 18 14:36:16 UTC 2 x86_64 x86_64 x86_64 GNU/Linux
     11:54:04 up 4 days, 14:31,  1 user,  load average: 2.05, 1.88, 1.58

commit 5e2ff405652ce036d7288bff2d87f5fe4a853023
Author: tracer-ysyx <tracer@ysyx.org>
Date:   Sat Sep 28 11:54:04 2024 +0800

    > compile NEMU
    ysyx_24080032 杨鹏城
    Linux ypc 6.5.0-44-generic #44~22.04.1-Ubuntu SMP PREEMPT_DYNAMIC Tue Jun 18 14:36:16 UTC 2 x86_64 x86_64 x86_64 GNU/Linux
     11:54:04 up 4 days, 14:31,  1 user,  load average: 2.05, 1.88, 1.58

commit b59e4ae022decc828ded2e23d3a0df7409a9c26e
Author: tracer-ysyx <tracer@ysyx.org>
Date:   Sat Sep 28 11:54:03 2024 +0800

    > run NEMU
    ysyx_24080032 杨鹏城
    Linux ypc 6.5.0-44-generic #44~22.04.1-Ubuntu SMP PREEMPT_DYNAMIC Tue Jun 18 14:36:16 UTC 2 x86_64 x86_64 x86_64 GNU/Linux
     11:54:03 up 4 days, 14:31,  1 user,  load average: 2.05, 1.88, 1.58

commit c8a3073f407dd7aec84db999cbc3fbbdb46b7403
Author: tracer-ysyx <tracer@ysyx.org>
Date:   Sat Sep 28 11:54:03 2024 +0800

    > compile NEMU
    ysyx_24080032 杨鹏城
    Linux ypc 6.5.0-44-generic #44~22.04.1-Ubuntu SMP PREEMPT_DYNAMIC Tue Jun 18 14:36:16 UTC 2 x86_64 x86_64 x86_64 GNU/Linux
     11:54:03 up 4 days, 14:31,  1 user,  load average: 2.05, 1.88, 1.58

commit e7cb7297f42329eafcb2b50ad5346dd957857ad3
Author: tracer-ysyx <tracer@ysyx.org>
Date:   Sat Sep 28 11:54:03 2024 +0800

    > run NEMU
    ysyx_24080032 杨鹏城
    Linux ypc 6.5.0-44-generic #44~22.04.1-Ubuntu SMP PREEMPT_DYNAMIC Tue Jun 18 14:36:16 UTC 2 x86_64 x86_64 x86_64 GNU/Linux
     11:54:03 up 4 days, 14:31,  1 user,  load average: 2.05, 1.88, 1.58

commit 5c05201b47cbd24388f0c4d082ec23af1a884ea2
Author: tracer-ysyx <tracer@ysyx.org>
Date:   Sat Sep 28 11:54:03 2024 +0800

    > compile NEMU
    ysyx_24080032 杨鹏城
    Linux ypc 6.5.0-44-generic #44~22.04.1-Ubuntu SMP PREEMPT_DYNAMIC Tue Jun 18 14:36:16 UTC 2 x86_64 x86_64 x86_64 GNU/Linux
     11:54:03 up 4 days, 14:31,  1 user,  load average: 2.05, 1.88, 1.58

commit 6beb8121e1140d8cbaf50d1a69df97ec64bb3c61
Author: tracer-ysyx <tracer@ysyx.org>
Date:   Sat Sep 28 11:54:02 2024 +0800

    > run NEMU
    ysyx_24080032 杨鹏城
    Linux ypc 6.5.0-44-generic #44~22.04.1-Ubuntu SMP PREEMPT_DYNAMIC Tue Jun 18 14:36:16 UTC 2 x86_64 x86_64 x86_64 GNU/Linux
     11:54:02 up 4 days, 14:31,  1 user,  load average: 2.05, 1.88, 1.58

commit 3003d8ece4e53277239421f7c8b645a15136587e
Author: tracer-ysyx <tracer@ysyx.org>
Date:   Sat Sep 28 11:54:02 2024 +0800

    > compile NEMU
    ysyx_24080032 杨鹏城
    Linux ypc 6.5.0-44-generic #44~22.04.1-Ubuntu SMP PREEMPT_DYNAMIC Tue Jun 18 14:36:16 UTC 2 x86_64 x86_64 x86_64 GNU/Linux
     11:54:02 up 4 days, 14:31,  1 user,  load average: 2.05, 1.88, 1.58

commit a1811916a9dff177546d3224c50f3164493804b9
Author: tracer-ysyx <tracer@ysyx.org>
Date:   Sat Sep 28 11:54:02 2024 +0800

    > run NEMU
    ysyx_24080032 杨鹏城
    Linux ypc 6.5.0-44-generic #44~22.04.1-Ubuntu SMP PREEMPT_DYNAMIC Tue Jun 18 14:36:16 UTC 2 x86_64 x86_64 x86_64 GNU/Linux
     11:54:02 up 4 days, 14:31,  1 user,  load average: 2.05, 1.88, 1.58

commit 7f8ca2d7005205a7f37e469c6758ea731ac93350
Author: tracer-ysyx <tracer@ysyx.org>
Date:   Sat Sep 28 11:54:02 2024 +0800

    > compile NEMU
    ysyx_24080032 杨鹏城
    Linux ypc 6.5.0-44-generic #44~22.04.1-Ubuntu SMP PREEMPT_DYNAMIC Tue Jun 18 14:36:16 UTC 2 x86_64 x86_64 x86_64 GNU/Linux
     11:54:02 up 4 days, 14:31,  1 user,  load average: 2.05, 1.88, 1.58

commit 644b7e1ee3f9f0f702d2b4ce8eb1b0fda1144115
Author: tracer-ysyx <tracer@ysyx.org>
Date:   Sat Sep 28 11:54:01 2024 +0800

    > run NEMU
    ysyx_24080032 杨鹏城
    Linux ypc 6.5.0-44-generic #44~22.04.1-Ubuntu SMP PREEMPT_DYNAMIC Tue Jun 18 14:36:16 UTC 2 x86_64 x86_64 x86_64 GNU/Linux
     11:54:01 up 4 days, 14:31,  1 user,  load average: 2.05, 1.88, 1.58

commit 392f7c5074dcba9f4221058dca198d5285aea398
Author: tracer-ysyx <tracer@ysyx.org>
Date:   Sat Sep 28 11:54:01 2024 +0800

    > compile NEMU
    ysyx_24080032 杨鹏城
    Linux ypc 6.5.0-44-generic #44~22.04.1-Ubuntu SMP PREEMPT_DYNAMIC Tue Jun 18 14:36:16 UTC 2 x86_64 x86_64 x86_64 GNU/Linux
     11:54:01 up 4 days, 14:31,  1 user,  load average: 2.05, 1.88, 1.58

commit db5147320e9f7e8d6ede9993e9ea12afbcb4bdcb
Author: tracer-ysyx <tracer@ysyx.org>
Date:   Sat Sep 28 11:54:01 2024 +0800

    > run NEMU
    ysyx_24080032 杨鹏城
    Linux ypc 6.5.0-44-generic #44~22.04.1-Ubuntu SMP PREEMPT_DYNAMIC Tue Jun 18 14:36:16 UTC 2 x86_64 x86_64 x86_64 GNU/Linux
     11:54:01 up 4 days, 14:31,  1 user,  load average: 2.05, 1.88, 1.58

commit 709430acce33edfdaf440730f0816b646a5c04af
Author: tracer-ysyx <tracer@ysyx.org>
Date:   Sat Sep 28 11:54:01 2024 +0800

    > compile NEMU
    ysyx_24080032 杨鹏城
    Linux ypc 6.5.0-44-generic #44~22.04.1-Ubuntu SMP PREEMPT_DYNAMIC Tue Jun 18 14:36:16 UTC 2 x86_64 x86_64 x86_64 GNU/Linux
     11:54:01 up 4 days, 14:31,  1 user,  load average: 2.05, 1.88, 1.58

commit a83fb826dd405b7ceb8cfec8f5e72e34ad309ea6
Author: tracer-ysyx <tracer@ysyx.org>
Date:   Sat Sep 28 11:54:00 2024 +0800

    > run NEMU
    ysyx_24080032 杨鹏城
    Linux ypc 6.5.0-44-generic #44~22.04.1-Ubuntu SMP PREEMPT_DYNAMIC Tue Jun 18 14:36:16 UTC 2 x86_64 x86_64 x86_64 GNU/Linux
     11:54:00 up 4 days, 14:31,  1 user,  load average: 1.88, 1.85, 1.56

commit 35cfb74e47f744175dc3588b2338797b38b2a9f7
Author: tracer-ysyx <tracer@ysyx.org>
Date:   Sat Sep 28 11:54:00 2024 +0800

    > compile NEMU
    ysyx_24080032 杨鹏城
    Linux ypc 6.5.0-44-generic #44~22.04.1-Ubuntu SMP PREEMPT_DYNAMIC Tue Jun 18 14:36:16 UTC 2 x86_64 x86_64 x86_64 GNU/Linux
     11:54:00 up 4 days, 14:31,  1 user,  load average: 1.88, 1.85, 1.56

commit 20c4fdccf1d38eeead0c01a5ac55c0df8d06025f
Author: tracer-ysyx <tracer@ysyx.org>
Date:   Sat Sep 28 11:54:00 2024 +0800

    > run NEMU
    ysyx_24080032 杨鹏城
    Linux ypc 6.5.0-44-generic #44~22.04.1-Ubuntu SMP PREEMPT_DYNAMIC Tue Jun 18 14:36:16 UTC 2 x86_64 x86_64 x86_64 GNU/Linux
     11:54:00 up 4 days, 14:31,  1 user,  load average: 1.88, 1.85, 1.56

commit 01d9d1e7c5b2bce0db8f628478c1434a7b0c7585
Author: tracer-ysyx <tracer@ysyx.org>
Date:   Sat Sep 28 11:54:00 2024 +0800

    > compile NEMU
    ysyx_24080032 杨鹏城
    Linux ypc 6.5.0-44-generic #44~22.04.1-Ubuntu SMP PREEMPT_DYNAMIC Tue Jun 18 14:36:16 UTC 2 x86_64 x86_64 x86_64 GNU/Linux
     11:54:00 up 4 days, 14:31,  1 user,  load average: 1.88, 1.85, 1.56

commit 26e3ac006301d53464d4d72d0fe021e4300df828
Author: tracer-ysyx <tracer@ysyx.org>
Date:   Sat Sep 28 11:53:59 2024 +0800

    > run NEMU
    ysyx_24080032 杨鹏城
    Linux ypc 6.5.0-44-generic #44~22.04.1-Ubuntu SMP PREEMPT_DYNAMIC Tue Jun 18 14:36:16 UTC 2 x86_64 x86_64 x86_64 GNU/Linux
     11:53:59 up 4 days, 14:31,  1 user,  load average: 1.88, 1.85, 1.56

commit f6d6319946eb40b4b3dee59ecc7cd9a49e12eeb4
Author: tracer-ysyx <tracer@ysyx.org>
Date:   Sat Sep 28 11:53:59 2024 +0800

    > compile NEMU
    ysyx_24080032 杨鹏城
    Linux ypc 6.5.0-44-generic #44~22.04.1-Ubuntu SMP PREEMPT_DYNAMIC Tue Jun 18 14:36:16 UTC 2 x86_64 x86_64 x86_64 GNU/Linux
     11:53:59 up 4 days, 14:31,  1 user,  load average: 1.88, 1.85, 1.56

commit 1d7a394d663b4681534e4ccf3ee1992ea0eda2d2
Author: tracer-ysyx <tracer@ysyx.org>
Date:   Sat Sep 28 11:53:59 2024 +0800

    > run NEMU
    ysyx_24080032 杨鹏城
    Linux ypc 6.5.0-44-generic #44~22.04.1-Ubuntu SMP PREEMPT_DYNAMIC Tue Jun 18 14:36:16 UTC 2 x86_64 x86_64 x86_64 GNU/Linux
     11:53:59 up 4 days, 14:31,  1 user,  load average: 1.88, 1.85, 1.56

commit 7c11527dc8b32f37559ad68a3bfe452018ed1df7
Author: tracer-ysyx <tracer@ysyx.org>
Date:   Sat Sep 28 11:53:59 2024 +0800

    > compile NEMU
    ysyx_24080032 杨鹏城
    Linux ypc 6.5.0-44-generic #44~22.04.1-Ubuntu SMP PREEMPT_DYNAMIC Tue Jun 18 14:36:16 UTC 2 x86_64 x86_64 x86_64 GNU/Linux
     11:53:59 up 4 days, 14:31,  1 user,  load average: 1.88, 1.85, 1.56

commit 03ab4f6db6875de2c9df22406da223096aa2501c
Author: tracer-ysyx <tracer@ysyx.org>
Date:   Sat Sep 28 11:53:58 2024 +0800

    > run NEMU
    ysyx_24080032 杨鹏城
    Linux ypc 6.5.0-44-generic #44~22.04.1-Ubuntu SMP PREEMPT_DYNAMIC Tue Jun 18 14:36:16 UTC 2 x86_64 x86_64 x86_64 GNU/Linux
     11:53:58 up 4 days, 14:31,  1 user,  load average: 1.88, 1.85, 1.56

commit bf98e70e3276a2c317598c9b3ef2031cf83f75f8
Author: tracer-ysyx <tracer@ysyx.org>
Date:   Sat Sep 28 11:53:58 2024 +0800

    > compile NEMU
    ysyx_24080032 杨鹏城
    Linux ypc 6.5.0-44-generic #44~22.04.1-Ubuntu SMP PREEMPT_DYNAMIC Tue Jun 18 14:36:16 UTC 2 x86_64 x86_64 x86_64 GNU/Linux
     11:53:58 up 4 days, 14:31,  1 user,  load average: 1.88, 1.85, 1.56

commit 997d99f4127e188b0b05ec52a61e5a70c4691464
Author: tracer-ysyx <tracer@ysyx.org>
Date:   Sat Sep 28 11:53:58 2024 +0800

    > run NEMU
    ysyx_24080032 杨鹏城
    Linux ypc 6.5.0-44-generic #44~22.04.1-Ubuntu SMP PREEMPT_DYNAMIC Tue Jun 18 14:36:16 UTC 2 x86_64 x86_64 x86_64 GNU/Linux
     11:53:58 up 4 days, 14:31,  1 user,  load average: 1.88, 1.85, 1.56

commit fe309207deeeb058002e7b85c458c76c56ebf01d
Author: tracer-ysyx <tracer@ysyx.org>
Date:   Sat Sep 28 11:53:58 2024 +0800

    > compile NEMU
    ysyx_24080032 杨鹏城
    Linux ypc 6.5.0-44-generic #44~22.04.1-Ubuntu SMP PREEMPT_DYNAMIC Tue Jun 18 14:36:16 UTC 2 x86_64 x86_64 x86_64 GNU/Linux
     11:53:58 up 4 days, 14:31,  1 user,  load average: 1.88, 1.85, 1.56

commit 8c644caf5bb4871512ebf895f2c088345fde0722
Author: tracer-ysyx <tracer@ysyx.org>
Date:   Sat Sep 28 11:53:57 2024 +0800

    > run NEMU
    ysyx_24080032 杨鹏城
    Linux ypc 6.5.0-44-generic #44~22.04.1-Ubuntu SMP PREEMPT_DYNAMIC Tue Jun 18 14:36:16 UTC 2 x86_64 x86_64 x86_64 GNU/Linux
     11:53:57 up 4 days, 14:31,  1 user,  load average: 1.88, 1.85, 1.56

commit 2455a06047cb2cf5889844ee5b5cc097d6527d8f
Author: tracer-ysyx <tracer@ysyx.org>
Date:   Sat Sep 28 11:53:57 2024 +0800

    > compile NEMU
    ysyx_24080032 杨鹏城
    Linux ypc 6.5.0-44-generic #44~22.04.1-Ubuntu SMP PREEMPT_DYNAMIC Tue Jun 18 14:36:16 UTC 2 x86_64 x86_64 x86_64 GNU/Linux
     11:53:57 up 4 days, 14:31,  1 user,  load average: 1.88, 1.85, 1.56

commit 34d5ac74cc8a87cec43d126852307a3c5d546c3d
Author: tracer-ysyx <tracer@ysyx.org>
Date:   Sat Sep 28 11:53:57 2024 +0800

    > run NEMU
    ysyx_24080032 杨鹏城
    Linux ypc 6.5.0-44-generic #44~22.04.1-Ubuntu SMP PREEMPT_DYNAMIC Tue Jun 18 14:36:16 UTC 2 x86_64 x86_64 x86_64 GNU/Linux
     11:53:57 up 4 days, 14:31,  1 user,  load average: 1.88, 1.85, 1.56

commit c89e4f9917cad9136d24f5fcdf5cce8e4f8a19cf
Author: tracer-ysyx <tracer@ysyx.org>
Date:   Sat Sep 28 11:53:57 2024 +0800

    > compile NEMU
    ysyx_24080032 杨鹏城
    Linux ypc 6.5.0-44-generic #44~22.04.1-Ubuntu SMP PREEMPT_DYNAMIC Tue Jun 18 14:36:16 UTC 2 x86_64 x86_64 x86_64 GNU/Linux
     11:53:57 up 4 days, 14:31,  1 user,  load average: 1.88, 1.85, 1.56

commit dd6f552e1e568b64c7404bb53381e46ec36e0ee8
Author: tracer-ysyx <tracer@ysyx.org>
Date:   Sat Sep 28 11:53:56 2024 +0800

    > run NEMU
    ysyx_24080032 杨鹏城
    Linux ypc 6.5.0-44-generic #44~22.04.1-Ubuntu SMP PREEMPT_DYNAMIC Tue Jun 18 14:36:16 UTC 2 x86_64 x86_64 x86_64 GNU/Linux
     11:53:56 up 4 days, 14:31,  1 user,  load average: 1.88, 1.85, 1.56

commit 10aea0a06d538c203ca1dda2386838dd2cd21102
Author: tracer-ysyx <tracer@ysyx.org>
Date:   Sat Sep 28 11:53:56 2024 +0800

    > compile NEMU
    ysyx_24080032 杨鹏城
    Linux ypc 6.5.0-44-generic #44~22.04.1-Ubuntu SMP PREEMPT_DYNAMIC Tue Jun 18 14:36:16 UTC 2 x86_64 x86_64 x86_64 GNU/Linux
     11:53:56 up 4 days, 14:31,  1 user,  load average: 1.88, 1.85, 1.56

commit 9e29158d061a8e9e845d22e41d86170fd53dc868
Author: tracer-ysyx <tracer@ysyx.org>
Date:   Sat Sep 28 11:53:56 2024 +0800

    > run NEMU
    ysyx_24080032 杨鹏城
    Linux ypc 6.5.0-44-generic #44~22.04.1-Ubuntu SMP PREEMPT_DYNAMIC Tue Jun 18 14:36:16 UTC 2 x86_64 x86_64 x86_64 GNU/Linux
     11:53:56 up 4 days, 14:31,  1 user,  load average: 1.88, 1.85, 1.56

commit 5997102eda38aa67c69fa48925ff78c0876770e0
Author: tracer-ysyx <tracer@ysyx.org>
Date:   Sat Sep 28 11:53:56 2024 +0800

    > compile NEMU
    ysyx_24080032 杨鹏城
    Linux ypc 6.5.0-44-generic #44~22.04.1-Ubuntu SMP PREEMPT_DYNAMIC Tue Jun 18 14:36:16 UTC 2 x86_64 x86_64 x86_64 GNU/Linux
     11:53:56 up 4 days, 14:31,  1 user,  load average: 1.88, 1.85, 1.56

commit 869a53d0076aba23e9b1f026a14b3d6ab098e388
Author: tracer-ysyx <tracer@ysyx.org>
Date:   Sat Sep 28 11:53:55 2024 +0800

    > run NEMU
    ysyx_24080032 杨鹏城
    Linux ypc 6.5.0-44-generic #44~22.04.1-Ubuntu SMP PREEMPT_DYNAMIC Tue Jun 18 14:36:16 UTC 2 x86_64 x86_64 x86_64 GNU/Linux
     11:53:55 up 4 days, 14:31,  1 user,  load average: 1.87, 1.84, 1.56

commit 6f1c0ccea8e5cba3d228c086854192ec8e401fc7
Author: tracer-ysyx <tracer@ysyx.org>
Date:   Sat Sep 28 11:53:55 2024 +0800

    > compile NEMU
    ysyx_24080032 杨鹏城
    Linux ypc 6.5.0-44-generic #44~22.04.1-Ubuntu SMP PREEMPT_DYNAMIC Tue Jun 18 14:36:16 UTC 2 x86_64 x86_64 x86_64 GNU/Linux
     11:53:55 up 4 days, 14:31,  1 user,  load average: 1.87, 1.84, 1.56

commit 6b0288b5c3209109ddff0a318903a555e465eef2
Author: tracer-ysyx <tracer@ysyx.org>
Date:   Sat Sep 28 11:53:55 2024 +0800

    > run NEMU
    ysyx_24080032 杨鹏城
    Linux ypc 6.5.0-44-generic #44~22.04.1-Ubuntu SMP PREEMPT_DYNAMIC Tue Jun 18 14:36:16 UTC 2 x86_64 x86_64 x86_64 GNU/Linux
     11:53:55 up 4 days, 14:31,  1 user,  load average: 1.87, 1.84, 1.56

commit aca8a4f71ef44c4087db9f7911b6e50333e5a941
Author: tracer-ysyx <tracer@ysyx.org>
Date:   Sat Sep 28 11:53:54 2024 +0800

    > compile NEMU
    ysyx_24080032 杨鹏城
    Linux ypc 6.5.0-44-generic #44~22.04.1-Ubuntu SMP PREEMPT_DYNAMIC Tue Jun 18 14:36:16 UTC 2 x86_64 x86_64 x86_64 GNU/Linux
     11:53:54 up 4 days, 14:31,  1 user,  load average: 1.87, 1.84, 1.56

commit 8236ab8429714a8a303aac36092f675132b43dba
Author: tracer-ysyx <tracer@ysyx.org>
Date:   Sat Sep 28 11:53:54 2024 +0800

    > run NEMU
    ysyx_24080032 杨鹏城
    Linux ypc 6.5.0-44-generic #44~22.04.1-Ubuntu SMP PREEMPT_DYNAMIC Tue Jun 18 14:36:16 UTC 2 x86_64 x86_64 x86_64 GNU/Linux
     11:53:54 up 4 days, 14:31,  1 user,  load average: 1.87, 1.84, 1.56

commit e28aeb1e45e2683c3c2ba5ec9eaa0411b8b5de2d
Author: tracer-ysyx <tracer@ysyx.org>
Date:   Sat Sep 28 11:53:54 2024 +0800

    > compile NEMU
    ysyx_24080032 杨鹏城
    Linux ypc 6.5.0-44-generic #44~22.04.1-Ubuntu SMP PREEMPT_DYNAMIC Tue Jun 18 14:36:16 UTC 2 x86_64 x86_64 x86_64 GNU/Linux
     11:53:54 up 4 days, 14:31,  1 user,  load average: 1.87, 1.84, 1.56

commit e7bd04dd5cbace696473883f5746f56766d4f06c
Author: tracer-ysyx <tracer@ysyx.org>
Date:   Sat Sep 28 11:53:53 2024 +0800

    > run NEMU
    ysyx_24080032 杨鹏城
    Linux ypc 6.5.0-44-generic #44~22.04.1-Ubuntu SMP PREEMPT_DYNAMIC Tue Jun 18 14:36:16 UTC 2 x86_64 x86_64 x86_64 GNU/Linux
     11:53:53 up 4 days, 14:31,  1 user,  load average: 1.87, 1.84, 1.56

commit c2647f237245624088c59811ce8eddf15c610c95
Author: tracer-ysyx <tracer@ysyx.org>
Date:   Sat Sep 28 11:53:53 2024 +0800

    > compile NEMU
    ysyx_24080032 杨鹏城
    Linux ypc 6.5.0-44-generic #44~22.04.1-Ubuntu SMP PREEMPT_DYNAMIC Tue Jun 18 14:36:16 UTC 2 x86_64 x86_64 x86_64 GNU/Linux
     11:53:53 up 4 days, 14:31,  1 user,  load average: 1.87, 1.84, 1.56

commit 980a002f2154e105a94de471b29823a4edb40b6b
Author: tracer-ysyx <tracer@ysyx.org>
Date:   Sat Sep 28 11:53:53 2024 +0800

    > run NEMU
    ysyx_24080032 杨鹏城
    Linux ypc 6.5.0-44-generic #44~22.04.1-Ubuntu SMP PREEMPT_DYNAMIC Tue Jun 18 14:36:16 UTC 2 x86_64 x86_64 x86_64 GNU/Linux
     11:53:53 up 4 days, 14:31,  1 user,  load average: 1.87, 1.84, 1.56

commit f1f4bebc10640fb6bc2c03c52877eb2f26d3f758
Author: tracer-ysyx <tracer@ysyx.org>
Date:   Sat Sep 28 11:53:53 2024 +0800

    > compile NEMU
    ysyx_24080032 杨鹏城
    Linux ypc 6.5.0-44-generic #44~22.04.1-Ubuntu SMP PREEMPT_DYNAMIC Tue Jun 18 14:36:16 UTC 2 x86_64 x86_64 x86_64 GNU/Linux
     11:53:53 up 4 days, 14:31,  1 user,  load average: 1.87, 1.84, 1.56

commit 7d69b08d83035a19d157763e1b4c2c84c75ae469
Author: tracer-ysyx <tracer@ysyx.org>
Date:   Sat Sep 28 11:53:52 2024 +0800

    > run NEMU
    ysyx_24080032 杨鹏城
    Linux ypc 6.5.0-44-generic #44~22.04.1-Ubuntu SMP PREEMPT_DYNAMIC Tue Jun 18 14:36:16 UTC 2 x86_64 x86_64 x86_64 GNU/Linux
     11:53:52 up 4 days, 14:31,  1 user,  load average: 1.87, 1.84, 1.56

commit 606cbc0f686dc98074f45c96d5f468b061b58bb3
Author: tracer-ysyx <tracer@ysyx.org>
Date:   Sat Sep 28 11:53:52 2024 +0800

    > compile NEMU
    ysyx_24080032 杨鹏城
    Linux ypc 6.5.0-44-generic #44~22.04.1-Ubuntu SMP PREEMPT_DYNAMIC Tue Jun 18 14:36:16 UTC 2 x86_64 x86_64 x86_64 GNU/Linux
     11:53:52 up 4 days, 14:31,  1 user,  load average: 1.87, 1.84, 1.56

commit a1977c57e0d935db7b8cff818b681d6496de32c6
Author: tracer-ysyx <tracer@ysyx.org>
Date:   Sat Sep 28 11:53:52 2024 +0800

    > run NEMU
    ysyx_24080032 杨鹏城
    Linux ypc 6.5.0-44-generic #44~22.04.1-Ubuntu SMP PREEMPT_DYNAMIC Tue Jun 18 14:36:16 UTC 2 x86_64 x86_64 x86_64 GNU/Linux
     11:53:52 up 4 days, 14:31,  1 user,  load average: 1.87, 1.84, 1.56

commit 3392ccd7110cbc92f3671c8006a3fd3db9669fe7
Author: tracer-ysyx <tracer@ysyx.org>
Date:   Sat Sep 28 11:53:52 2024 +0800

    > compile NEMU
    ysyx_24080032 杨鹏城
    Linux ypc 6.5.0-44-generic #44~22.04.1-Ubuntu SMP PREEMPT_DYNAMIC Tue Jun 18 14:36:16 UTC 2 x86_64 x86_64 x86_64 GNU/Linux
     11:53:52 up 4 days, 14:31,  1 user,  load average: 1.87, 1.84, 1.56

commit c4b9b8e908864667257e46b1cde6bb9776584c2e
Author: tracer-ysyx <tracer@ysyx.org>
Date:   Sat Sep 28 11:53:51 2024 +0800

    > run NEMU
    ysyx_24080032 杨鹏城
    Linux ypc 6.5.0-44-generic #44~22.04.1-Ubuntu SMP PREEMPT_DYNAMIC Tue Jun 18 14:36:16 UTC 2 x86_64 x86_64 x86_64 GNU/Linux
     11:53:51 up 4 days, 14:31,  1 user,  load average: 1.87, 1.84, 1.56

commit de8b4cc92a6543e2f65f8818984d61d022208b1e
Author: tracer-ysyx <tracer@ysyx.org>
Date:   Sat Sep 28 11:53:51 2024 +0800

    > compile NEMU
    ysyx_24080032 杨鹏城
    Linux ypc 6.5.0-44-generic #44~22.04.1-Ubuntu SMP PREEMPT_DYNAMIC Tue Jun 18 14:36:16 UTC 2 x86_64 x86_64 x86_64 GNU/Linux
     11:53:51 up 4 days, 14:31,  1 user,  load average: 1.87, 1.84, 1.56

commit c6bb1bb17053ce39433f2cd48680941f79ae1f02
Author: tracer-ysyx <tracer@ysyx.org>
Date:   Sat Sep 28 11:53:51 2024 +0800

    > run NEMU
    ysyx_24080032 杨鹏城
    Linux ypc 6.5.0-44-generic #44~22.04.1-Ubuntu SMP PREEMPT_DYNAMIC Tue Jun 18 14:36:16 UTC 2 x86_64 x86_64 x86_64 GNU/Linux
     11:53:51 up 4 days, 14:31,  1 user,  load average: 1.87, 1.84, 1.56

commit 12368ac283bd6821042263bea76320d60e94c915
Author: tracer-ysyx <tracer@ysyx.org>
Date:   Sat Sep 28 11:53:51 2024 +0800

    > compile NEMU
    ysyx_24080032 杨鹏城
    Linux ypc 6.5.0-44-generic #44~22.04.1-Ubuntu SMP PREEMPT_DYNAMIC Tue Jun 18 14:36:16 UTC 2 x86_64 x86_64 x86_64 GNU/Linux
     11:53:51 up 4 days, 14:31,  1 user,  load average: 1.87, 1.84, 1.56

commit c3911dd6c0ac7bc2ae654ad97bfd7f2e2aa4688c
Author: tracer-ysyx <tracer@ysyx.org>
Date:   Sat Sep 28 11:53:50 2024 +0800

    > run NEMU
    ysyx_24080032 杨鹏城
    Linux ypc 6.5.0-44-generic #44~22.04.1-Ubuntu SMP PREEMPT_DYNAMIC Tue Jun 18 14:36:16 UTC 2 x86_64 x86_64 x86_64 GNU/Linux
     11:53:50 up 4 days, 14:31,  1 user,  load average: 1.77, 1.83, 1.55

commit 4f326299aac8c8295ad8659b95450cbd63fe7adb
Author: tracer-ysyx <tracer@ysyx.org>
Date:   Sat Sep 28 11:53:50 2024 +0800

    > compile NEMU
    ysyx_24080032 杨鹏城
    Linux ypc 6.5.0-44-generic #44~22.04.1-Ubuntu SMP PREEMPT_DYNAMIC Tue Jun 18 14:36:16 UTC 2 x86_64 x86_64 x86_64 GNU/Linux
     11:53:50 up 4 days, 14:31,  1 user,  load average: 1.77, 1.83, 1.55

commit ca5e4c48e1da6433fe2118079e5c24fd233d9f2b
Author: tracer-ysyx <tracer@ysyx.org>
Date:   Sat Sep 28 11:52:03 2024 +0800

    > compile NEMU
    ysyx_24080032 杨鹏城
    Linux ypc 6.5.0-44-generic #44~22.04.1-Ubuntu SMP PREEMPT_DYNAMIC Tue Jun 18 14:36:16 UTC 2 x86_64 x86_64 x86_64 GNU/Linux
     11:52:03 up 4 days, 14:29,  1 user,  load average: 1.98, 1.79, 1.51

commit 7ba261d31f6a2dba9eaf491569347b0e7a1ba831
Author: tracer-ysyx <tracer@ysyx.org>
Date:   Sat Sep 28 11:47:24 2024 +0800

    > run NEMU
    ysyx_24080032 杨鹏城
    Linux ypc 6.5.0-44-generic #44~22.04.1-Ubuntu SMP PREEMPT_DYNAMIC Tue Jun 18 14:36:16 UTC 2 x86_64 x86_64 x86_64 GNU/Linux
     11:47:24 up 4 days, 14:24,  1 user,  load average: 1.80, 1.57, 1.38

commit e36fee92cb474698bcf4b37ba28c48dd8e88df5c
Author: tracer-ysyx <tracer@ysyx.org>
Date:   Sat Sep 28 11:47:23 2024 +0800

    > compile NEMU
    ysyx_24080032 杨鹏城
    Linux ypc 6.5.0-44-generic #44~22.04.1-Ubuntu SMP PREEMPT_DYNAMIC Tue Jun 18 14:36:16 UTC 2 x86_64 x86_64 x86_64 GNU/Linux
     11:47:23 up 4 days, 14:24,  1 user,  load average: 1.80, 1.57, 1.38

commit 580acdcbc68d9c7fe8df80cc63191c0782b41e69
Author: tracer-ysyx <tracer@ysyx.org>
Date:   Sat Sep 28 11:47:23 2024 +0800

    > run NEMU
    ysyx_24080032 杨鹏城
    Linux ypc 6.5.0-44-generic #44~22.04.1-Ubuntu SMP PREEMPT_DYNAMIC Tue Jun 18 14:36:16 UTC 2 x86_64 x86_64 x86_64 GNU/Linux
     11:47:23 up 4 days, 14:24,  1 user,  load average: 1.80, 1.57, 1.38

commit d9fda26ffa1ed9cbc97b34f6b50e97fa98861c95
Author: tracer-ysyx <tracer@ysyx.org>
Date:   Sat Sep 28 11:47:23 2024 +0800

    > compile NEMU
    ysyx_24080032 杨鹏城
    Linux ypc 6.5.0-44-generic #44~22.04.1-Ubuntu SMP PREEMPT_DYNAMIC Tue Jun 18 14:36:16 UTC 2 x86_64 x86_64 x86_64 GNU/Linux
     11:47:23 up 4 days, 14:24,  1 user,  load average: 1.80, 1.57, 1.38

commit 005ba54c155f06cd347ef4858322688fbd4d1b2d
Author: tracer-ysyx <tracer@ysyx.org>
Date:   Sat Sep 28 11:47:22 2024 +0800

    > run NEMU
    ysyx_24080032 杨鹏城
    Linux ypc 6.5.0-44-generic #44~22.04.1-Ubuntu SMP PREEMPT_DYNAMIC Tue Jun 18 14:36:16 UTC 2 x86_64 x86_64 x86_64 GNU/Linux
     11:47:22 up 4 days, 14:24,  1 user,  load average: 1.80, 1.57, 1.38

commit 46254ae9256899b584625ad6e1bbc67a9d3a388a
Author: tracer-ysyx <tracer@ysyx.org>
Date:   Sat Sep 28 11:47:22 2024 +0800

    > compile NEMU
    ysyx_24080032 杨鹏城
    Linux ypc 6.5.0-44-generic #44~22.04.1-Ubuntu SMP PREEMPT_DYNAMIC Tue Jun 18 14:36:16 UTC 2 x86_64 x86_64 x86_64 GNU/Linux
     11:47:22 up 4 days, 14:24,  1 user,  load average: 1.80, 1.57, 1.38

commit 5c1f7e3804e782fcb342c0f4151c997fa1a2c9c6
Author: tracer-ysyx <tracer@ysyx.org>
Date:   Sat Sep 28 11:47:22 2024 +0800

    > run NEMU
    ysyx_24080032 杨鹏城
    Linux ypc 6.5.0-44-generic #44~22.04.1-Ubuntu SMP PREEMPT_DYNAMIC Tue Jun 18 14:36:16 UTC 2 x86_64 x86_64 x86_64 GNU/Linux
     11:47:22 up 4 days, 14:24,  1 user,  load average: 1.80, 1.57, 1.38

commit 73147bfb76db9382ae77c15d29a792b4f67d30b4
Author: tracer-ysyx <tracer@ysyx.org>
Date:   Sat Sep 28 11:47:22 2024 +0800

    > compile NEMU
    ysyx_24080032 杨鹏城
    Linux ypc 6.5.0-44-generic #44~22.04.1-Ubuntu SMP PREEMPT_DYNAMIC Tue Jun 18 14:36:16 UTC 2 x86_64 x86_64 x86_64 GNU/Linux
     11:47:22 up 4 days, 14:24,  1 user,  load average: 1.80, 1.57, 1.38

commit 1f4a4a0c01fd26bc62608e0046ea98c82eb2fc69
Author: tracer-ysyx <tracer@ysyx.org>
Date:   Sat Sep 28 11:47:21 2024 +0800

    > run NEMU
    ysyx_24080032 杨鹏城
    Linux ypc 6.5.0-44-generic #44~22.04.1-Ubuntu SMP PREEMPT_DYNAMIC Tue Jun 18 14:36:16 UTC 2 x86_64 x86_64 x86_64 GNU/Linux
     11:47:21 up 4 days, 14:24,  1 user,  load average: 1.80, 1.57, 1.38

commit 3cbb6021c0bb2dddeaf0e1713ecf7cd5e74e9fb0
Author: tracer-ysyx <tracer@ysyx.org>
Date:   Sat Sep 28 11:47:21 2024 +0800

    > compile NEMU
    ysyx_24080032 杨鹏城
    Linux ypc 6.5.0-44-generic #44~22.04.1-Ubuntu SMP PREEMPT_DYNAMIC Tue Jun 18 14:36:16 UTC 2 x86_64 x86_64 x86_64 GNU/Linux
     11:47:21 up 4 days, 14:24,  1 user,  load average: 1.80, 1.57, 1.38

commit 1f3543825734e73b5963194e9b9e08a3b31a6513
Author: tracer-ysyx <tracer@ysyx.org>
Date:   Sat Sep 28 11:47:21 2024 +0800

    > run NEMU
    ysyx_24080032 杨鹏城
    Linux ypc 6.5.0-44-generic #44~22.04.1-Ubuntu SMP PREEMPT_DYNAMIC Tue Jun 18 14:36:16 UTC 2 x86_64 x86_64 x86_64 GNU/Linux
     11:47:21 up 4 days, 14:24,  1 user,  load average: 1.80, 1.57, 1.38

commit 4f6b990a162ca86e6f7c75ccd1af77e0b0910523
Author: tracer-ysyx <tracer@ysyx.org>
Date:   Sat Sep 28 11:47:21 2024 +0800

    > compile NEMU
    ysyx_24080032 杨鹏城
    Linux ypc 6.5.0-44-generic #44~22.04.1-Ubuntu SMP PREEMPT_DYNAMIC Tue Jun 18 14:36:16 UTC 2 x86_64 x86_64 x86_64 GNU/Linux
     11:47:21 up 4 days, 14:24,  1 user,  load average: 1.80, 1.57, 1.38

commit 2a4420955f4823284b6c7c523117acf6f9564efd
Author: tracer-ysyx <tracer@ysyx.org>
Date:   Sat Sep 28 11:47:20 2024 +0800

    > run NEMU
    ysyx_24080032 杨鹏城
    Linux ypc 6.5.0-44-generic #44~22.04.1-Ubuntu SMP PREEMPT_DYNAMIC Tue Jun 18 14:36:16 UTC 2 x86_64 x86_64 x86_64 GNU/Linux
     11:47:20 up 4 days, 14:24,  1 user,  load average: 1.80, 1.57, 1.38

commit fe25d56779312aa808602efb9f0faa89fc2a538a
Author: tracer-ysyx <tracer@ysyx.org>
Date:   Sat Sep 28 11:47:20 2024 +0800

    > compile NEMU
    ysyx_24080032 杨鹏城
    Linux ypc 6.5.0-44-generic #44~22.04.1-Ubuntu SMP PREEMPT_DYNAMIC Tue Jun 18 14:36:16 UTC 2 x86_64 x86_64 x86_64 GNU/Linux
     11:47:20 up 4 days, 14:24,  1 user,  load average: 1.80, 1.57, 1.38

commit b48141121b17b1f2669305718f07452fe40dbc18
Author: tracer-ysyx <tracer@ysyx.org>
Date:   Sat Sep 28 11:47:20 2024 +0800

    > run NEMU
    ysyx_24080032 杨鹏城
    Linux ypc 6.5.0-44-generic #44~22.04.1-Ubuntu SMP PREEMPT_DYNAMIC Tue Jun 18 14:36:16 UTC 2 x86_64 x86_64 x86_64 GNU/Linux
     11:47:20 up 4 days, 14:24,  1 user,  load average: 1.79, 1.57, 1.38

commit e6f2873d2c3e63c79653586519b0260ad5241231
Author: tracer-ysyx <tracer@ysyx.org>
Date:   Sat Sep 28 11:47:20 2024 +0800

    > compile NEMU
    ysyx_24080032 杨鹏城
    Linux ypc 6.5.0-44-generic #44~22.04.1-Ubuntu SMP PREEMPT_DYNAMIC Tue Jun 18 14:36:16 UTC 2 x86_64 x86_64 x86_64 GNU/Linux
     11:47:20 up 4 days, 14:24,  1 user,  load average: 1.79, 1.57, 1.38

commit 1b56f1e2dc61b31928a3b73dba3291492cfffe36
Author: tracer-ysyx <tracer@ysyx.org>
Date:   Sat Sep 28 11:47:19 2024 +0800

    > run NEMU
    ysyx_24080032 杨鹏城
    Linux ypc 6.5.0-44-generic #44~22.04.1-Ubuntu SMP PREEMPT_DYNAMIC Tue Jun 18 14:36:16 UTC 2 x86_64 x86_64 x86_64 GNU/Linux
     11:47:19 up 4 days, 14:24,  1 user,  load average: 1.79, 1.57, 1.38

commit 75528705e7725b6e16b9881299d81d27dca98fcb
Author: tracer-ysyx <tracer@ysyx.org>
Date:   Sat Sep 28 11:47:19 2024 +0800

    > compile NEMU
    ysyx_24080032 杨鹏城
    Linux ypc 6.5.0-44-generic #44~22.04.1-Ubuntu SMP PREEMPT_DYNAMIC Tue Jun 18 14:36:16 UTC 2 x86_64 x86_64 x86_64 GNU/Linux
     11:47:19 up 4 days, 14:24,  1 user,  load average: 1.79, 1.57, 1.38

commit e6bccecd0aeeac7fb6327826208023313f2b3220
Author: tracer-ysyx <tracer@ysyx.org>
Date:   Sat Sep 28 11:47:19 2024 +0800

    > run NEMU
    ysyx_24080032 杨鹏城
    Linux ypc 6.5.0-44-generic #44~22.04.1-Ubuntu SMP PREEMPT_DYNAMIC Tue Jun 18 14:36:16 UTC 2 x86_64 x86_64 x86_64 GNU/Linux
     11:47:19 up 4 days, 14:24,  1 user,  load average: 1.79, 1.57, 1.38

commit 40bd9f18012abf41d46b5fcdcc956f5abd454f37
Author: tracer-ysyx <tracer@ysyx.org>
Date:   Sat Sep 28 11:47:19 2024 +0800

    > compile NEMU
    ysyx_24080032 杨鹏城
    Linux ypc 6.5.0-44-generic #44~22.04.1-Ubuntu SMP PREEMPT_DYNAMIC Tue Jun 18 14:36:16 UTC 2 x86_64 x86_64 x86_64 GNU/Linux
     11:47:19 up 4 days, 14:24,  1 user,  load average: 1.79, 1.57, 1.38

commit 95b419f268589770d395d35d22f3ce017af9b68f
Author: tracer-ysyx <tracer@ysyx.org>
Date:   Sat Sep 28 11:47:18 2024 +0800

    > run NEMU
    ysyx_24080032 杨鹏城
    Linux ypc 6.5.0-44-generic #44~22.04.1-Ubuntu SMP PREEMPT_DYNAMIC Tue Jun 18 14:36:16 UTC 2 x86_64 x86_64 x86_64 GNU/Linux
     11:47:18 up 4 days, 14:24,  1 user,  load average: 1.79, 1.57, 1.38

commit 5fbc3730e4a582db9cbaa3bea69f93fb8e38cb5b
Author: tracer-ysyx <tracer@ysyx.org>
Date:   Sat Sep 28 11:47:18 2024 +0800

    > compile NEMU
    ysyx_24080032 杨鹏城
    Linux ypc 6.5.0-44-generic #44~22.04.1-Ubuntu SMP PREEMPT_DYNAMIC Tue Jun 18 14:36:16 UTC 2 x86_64 x86_64 x86_64 GNU/Linux
     11:47:18 up 4 days, 14:24,  1 user,  load average: 1.79, 1.57, 1.38

commit 37f96a295bef609af3d1bff474cd259e3afdeb48
Author: tracer-ysyx <tracer@ysyx.org>
Date:   Sat Sep 28 11:47:18 2024 +0800

    > run NEMU
    ysyx_24080032 杨鹏城
    Linux ypc 6.5.0-44-generic #44~22.04.1-Ubuntu SMP PREEMPT_DYNAMIC Tue Jun 18 14:36:16 UTC 2 x86_64 x86_64 x86_64 GNU/Linux
     11:47:18 up 4 days, 14:24,  1 user,  load average: 1.79, 1.57, 1.38

commit da9bd0321252821538b7ae9d0c94d6aadc7a6347
Author: tracer-ysyx <tracer@ysyx.org>
Date:   Sat Sep 28 11:47:18 2024 +0800

    > compile NEMU
    ysyx_24080032 杨鹏城
    Linux ypc 6.5.0-44-generic #44~22.04.1-Ubuntu SMP PREEMPT_DYNAMIC Tue Jun 18 14:36:16 UTC 2 x86_64 x86_64 x86_64 GNU/Linux
     11:47:18 up 4 days, 14:24,  1 user,  load average: 1.79, 1.57, 1.38

commit deed9ac9563e75e4980dc9a7ab1332a028f519b1
Author: tracer-ysyx <tracer@ysyx.org>
Date:   Sat Sep 28 11:47:17 2024 +0800

    > run NEMU
    ysyx_24080032 杨鹏城
    Linux ypc 6.5.0-44-generic #44~22.04.1-Ubuntu SMP PREEMPT_DYNAMIC Tue Jun 18 14:36:16 UTC 2 x86_64 x86_64 x86_64 GNU/Linux
     11:47:17 up 4 days, 14:24,  1 user,  load average: 1.79, 1.57, 1.38

commit 6d2669179e42321470e2e49ad564703a1122c97f
Author: tracer-ysyx <tracer@ysyx.org>
Date:   Sat Sep 28 11:47:17 2024 +0800

    > compile NEMU
    ysyx_24080032 杨鹏城
    Linux ypc 6.5.0-44-generic #44~22.04.1-Ubuntu SMP PREEMPT_DYNAMIC Tue Jun 18 14:36:16 UTC 2 x86_64 x86_64 x86_64 GNU/Linux
     11:47:17 up 4 days, 14:24,  1 user,  load average: 1.79, 1.57, 1.38

commit 8874065af0c5f1b57a57694bbe99b1f575a1007d
Author: tracer-ysyx <tracer@ysyx.org>
Date:   Sat Sep 28 11:47:16 2024 +0800

    > run NEMU
    ysyx_24080032 杨鹏城
    Linux ypc 6.5.0-44-generic #44~22.04.1-Ubuntu SMP PREEMPT_DYNAMIC Tue Jun 18 14:36:16 UTC 2 x86_64 x86_64 x86_64 GNU/Linux
     11:47:16 up 4 days, 14:24,  1 user,  load average: 1.79, 1.57, 1.38

commit 96dfb6641cc2eec77d97960e1b8d56aa8065b1c2
Author: tracer-ysyx <tracer@ysyx.org>
Date:   Sat Sep 28 11:47:16 2024 +0800

    > compile NEMU
    ysyx_24080032 杨鹏城
    Linux ypc 6.5.0-44-generic #44~22.04.1-Ubuntu SMP PREEMPT_DYNAMIC Tue Jun 18 14:36:16 UTC 2 x86_64 x86_64 x86_64 GNU/Linux
     11:47:16 up 4 days, 14:24,  1 user,  load average: 1.79, 1.57, 1.38

commit 70c838b7518cc2b42da43dec984d9a864518e65b
Author: tracer-ysyx <tracer@ysyx.org>
Date:   Sat Sep 28 11:47:16 2024 +0800

    > run NEMU
    ysyx_24080032 杨鹏城
    Linux ypc 6.5.0-44-generic #44~22.04.1-Ubuntu SMP PREEMPT_DYNAMIC Tue Jun 18 14:36:16 UTC 2 x86_64 x86_64 x86_64 GNU/Linux
     11:47:16 up 4 days, 14:24,  1 user,  load average: 1.79, 1.57, 1.38

commit ef5307725b49e38b941229219f25e7425155fc16
Author: tracer-ysyx <tracer@ysyx.org>
Date:   Sat Sep 28 11:47:16 2024 +0800

    > compile NEMU
    ysyx_24080032 杨鹏城
    Linux ypc 6.5.0-44-generic #44~22.04.1-Ubuntu SMP PREEMPT_DYNAMIC Tue Jun 18 14:36:16 UTC 2 x86_64 x86_64 x86_64 GNU/Linux
     11:47:16 up 4 days, 14:24,  1 user,  load average: 1.79, 1.57, 1.38

commit 1a30759f178a32d765963c6e3d9f872a9df61e65
Author: tracer-ysyx <tracer@ysyx.org>
Date:   Sat Sep 28 11:47:15 2024 +0800

    > run NEMU
    ysyx_24080032 杨鹏城
    Linux ypc 6.5.0-44-generic #44~22.04.1-Ubuntu SMP PREEMPT_DYNAMIC Tue Jun 18 14:36:16 UTC 2 x86_64 x86_64 x86_64 GNU/Linux
     11:47:15 up 4 days, 14:24,  1 user,  load average: 1.79, 1.57, 1.38

commit ca3afc15a9b2d321fd1aa3058ea1e2346f061070
Author: tracer-ysyx <tracer@ysyx.org>
Date:   Sat Sep 28 11:47:15 2024 +0800

    > compile NEMU
    ysyx_24080032 杨鹏城
    Linux ypc 6.5.0-44-generic #44~22.04.1-Ubuntu SMP PREEMPT_DYNAMIC Tue Jun 18 14:36:16 UTC 2 x86_64 x86_64 x86_64 GNU/Linux
     11:47:15 up 4 days, 14:24,  1 user,  load average: 1.79, 1.57, 1.38

commit b6c5c1b08511fa8f7935de8255c9c67ce78fb0d1
Author: tracer-ysyx <tracer@ysyx.org>
Date:   Sat Sep 28 11:47:15 2024 +0800

    > run NEMU
    ysyx_24080032 杨鹏城
    Linux ypc 6.5.0-44-generic #44~22.04.1-Ubuntu SMP PREEMPT_DYNAMIC Tue Jun 18 14:36:16 UTC 2 x86_64 x86_64 x86_64 GNU/Linux
     11:47:15 up 4 days, 14:24,  1 user,  load average: 1.77, 1.56, 1.38

commit a77db871db0acf39477031eafde42e84d0c56e50
Author: tracer-ysyx <tracer@ysyx.org>
Date:   Sat Sep 28 11:47:15 2024 +0800

    > compile NEMU
    ysyx_24080032 杨鹏城
    Linux ypc 6.5.0-44-generic #44~22.04.1-Ubuntu SMP PREEMPT_DYNAMIC Tue Jun 18 14:36:16 UTC 2 x86_64 x86_64 x86_64 GNU/Linux
     11:47:15 up 4 days, 14:24,  1 user,  load average: 1.77, 1.56, 1.38

commit fefc2b680e77ca0ae6130960e263774dc839cfdf
Author: tracer-ysyx <tracer@ysyx.org>
Date:   Sat Sep 28 11:47:14 2024 +0800

    > run NEMU
    ysyx_24080032 杨鹏城
    Linux ypc 6.5.0-44-generic #44~22.04.1-Ubuntu SMP PREEMPT_DYNAMIC Tue Jun 18 14:36:16 UTC 2 x86_64 x86_64 x86_64 GNU/Linux
     11:47:14 up 4 days, 14:24,  1 user,  load average: 1.77, 1.56, 1.38

commit 6b9f6b582f812e5ab47839e9f5b4083d6e9b5433
Author: tracer-ysyx <tracer@ysyx.org>
Date:   Sat Sep 28 11:47:14 2024 +0800

    > compile NEMU
    ysyx_24080032 杨鹏城
    Linux ypc 6.5.0-44-generic #44~22.04.1-Ubuntu SMP PREEMPT_DYNAMIC Tue Jun 18 14:36:16 UTC 2 x86_64 x86_64 x86_64 GNU/Linux
     11:47:14 up 4 days, 14:24,  1 user,  load average: 1.77, 1.56, 1.38

commit 0b404283b2392a07c28195ce81a7064e3022e1a6
Author: tracer-ysyx <tracer@ysyx.org>
Date:   Sat Sep 28 11:47:14 2024 +0800

    > run NEMU
    ysyx_24080032 杨鹏城
    Linux ypc 6.5.0-44-generic #44~22.04.1-Ubuntu SMP PREEMPT_DYNAMIC Tue Jun 18 14:36:16 UTC 2 x86_64 x86_64 x86_64 GNU/Linux
     11:47:14 up 4 days, 14:24,  1 user,  load average: 1.77, 1.56, 1.38

commit eda6c84ab50b7c0ff0b02023906c901503c83bed
Author: tracer-ysyx <tracer@ysyx.org>
Date:   Sat Sep 28 11:47:14 2024 +0800

    > compile NEMU
    ysyx_24080032 杨鹏城
    Linux ypc 6.5.0-44-generic #44~22.04.1-Ubuntu SMP PREEMPT_DYNAMIC Tue Jun 18 14:36:16 UTC 2 x86_64 x86_64 x86_64 GNU/Linux
     11:47:14 up 4 days, 14:24,  1 user,  load average: 1.77, 1.56, 1.38

commit 23ca577e3146f32d9753a7fa8920b9ec9fff582e
Author: tracer-ysyx <tracer@ysyx.org>
Date:   Sat Sep 28 11:47:13 2024 +0800

    > run NEMU
    ysyx_24080032 杨鹏城
    Linux ypc 6.5.0-44-generic #44~22.04.1-Ubuntu SMP PREEMPT_DYNAMIC Tue Jun 18 14:36:16 UTC 2 x86_64 x86_64 x86_64 GNU/Linux
     11:47:13 up 4 days, 14:24,  1 user,  load average: 1.77, 1.56, 1.38

commit ed0ce48b43aaf8d03200a9053a1f23bf4308e784
Author: tracer-ysyx <tracer@ysyx.org>
Date:   Sat Sep 28 11:47:13 2024 +0800

    > compile NEMU
    ysyx_24080032 杨鹏城
    Linux ypc 6.5.0-44-generic #44~22.04.1-Ubuntu SMP PREEMPT_DYNAMIC Tue Jun 18 14:36:16 UTC 2 x86_64 x86_64 x86_64 GNU/Linux
     11:47:13 up 4 days, 14:24,  1 user,  load average: 1.77, 1.56, 1.38

commit 0b49735182bd09d1566a4978dbb4014db334a5f1
Author: tracer-ysyx <tracer@ysyx.org>
Date:   Sat Sep 28 11:47:13 2024 +0800

    > run NEMU
    ysyx_24080032 杨鹏城
    Linux ypc 6.5.0-44-generic #44~22.04.1-Ubuntu SMP PREEMPT_DYNAMIC Tue Jun 18 14:36:16 UTC 2 x86_64 x86_64 x86_64 GNU/Linux
     11:47:13 up 4 days, 14:24,  1 user,  load average: 1.77, 1.56, 1.38

commit 84e694b55a56a08e7ef3052715c7b5bac4b2e76e
Author: tracer-ysyx <tracer@ysyx.org>
Date:   Sat Sep 28 11:47:13 2024 +0800

    > compile NEMU
    ysyx_24080032 杨鹏城
    Linux ypc 6.5.0-44-generic #44~22.04.1-Ubuntu SMP PREEMPT_DYNAMIC Tue Jun 18 14:36:16 UTC 2 x86_64 x86_64 x86_64 GNU/Linux
     11:47:13 up 4 days, 14:24,  1 user,  load average: 1.77, 1.56, 1.38

commit b0ffc5a3e48ff167086c027e804e218cfc96d23a
Author: tracer-ysyx <tracer@ysyx.org>
Date:   Sat Sep 28 11:47:12 2024 +0800

    > run NEMU
    ysyx_24080032 杨鹏城
    Linux ypc 6.5.0-44-generic #44~22.04.1-Ubuntu SMP PREEMPT_DYNAMIC Tue Jun 18 14:36:16 UTC 2 x86_64 x86_64 x86_64 GNU/Linux
     11:47:12 up 4 days, 14:24,  1 user,  load average: 1.77, 1.56, 1.38

commit c20448639eae259e701096a28761d1f27ffa628c
Author: tracer-ysyx <tracer@ysyx.org>
Date:   Sat Sep 28 11:47:12 2024 +0800

    > compile NEMU
    ysyx_24080032 杨鹏城
    Linux ypc 6.5.0-44-generic #44~22.04.1-Ubuntu SMP PREEMPT_DYNAMIC Tue Jun 18 14:36:16 UTC 2 x86_64 x86_64 x86_64 GNU/Linux
     11:47:12 up 4 days, 14:24,  1 user,  load average: 1.77, 1.56, 1.38

commit d65c94e30ef4f2f215b1fa025646eccaee5f3a56
Author: tracer-ysyx <tracer@ysyx.org>
Date:   Sat Sep 28 11:47:12 2024 +0800

    > run NEMU
    ysyx_24080032 杨鹏城
    Linux ypc 6.5.0-44-generic #44~22.04.1-Ubuntu SMP PREEMPT_DYNAMIC Tue Jun 18 14:36:16 UTC 2 x86_64 x86_64 x86_64 GNU/Linux
     11:47:12 up 4 days, 14:24,  1 user,  load average: 1.77, 1.56, 1.38

commit 42f5c97757c030bdeb440736de1ed256bf0ec0c0
Author: tracer-ysyx <tracer@ysyx.org>
Date:   Sat Sep 28 11:47:12 2024 +0800

    > compile NEMU
    ysyx_24080032 杨鹏城
    Linux ypc 6.5.0-44-generic #44~22.04.1-Ubuntu SMP PREEMPT_DYNAMIC Tue Jun 18 14:36:16 UTC 2 x86_64 x86_64 x86_64 GNU/Linux
     11:47:12 up 4 days, 14:24,  1 user,  load average: 1.77, 1.56, 1.38

commit d8f49ea03cb33ac40f1142e71623dd6319782e81
Author: tracer-ysyx <tracer@ysyx.org>
Date:   Sat Sep 28 11:47:11 2024 +0800

    > run NEMU
    ysyx_24080032 杨鹏城
    Linux ypc 6.5.0-44-generic #44~22.04.1-Ubuntu SMP PREEMPT_DYNAMIC Tue Jun 18 14:36:16 UTC 2 x86_64 x86_64 x86_64 GNU/Linux
     11:47:11 up 4 days, 14:24,  1 user,  load average: 1.77, 1.56, 1.38

commit 70b7708c32fb216af116a5e8d8e9221d4a0973a1
Author: tracer-ysyx <tracer@ysyx.org>
Date:   Sat Sep 28 11:47:11 2024 +0800

    > compile NEMU
    ysyx_24080032 杨鹏城
    Linux ypc 6.5.0-44-generic #44~22.04.1-Ubuntu SMP PREEMPT_DYNAMIC Tue Jun 18 14:36:16 UTC 2 x86_64 x86_64 x86_64 GNU/Linux
     11:47:11 up 4 days, 14:24,  1 user,  load average: 1.77, 1.56, 1.38

commit 4eea9c46a850866e5b442b07eb7ae761f912895c
Author: tracer-ysyx <tracer@ysyx.org>
Date:   Sat Sep 28 11:47:11 2024 +0800

    > run NEMU
    ysyx_24080032 杨鹏城
    Linux ypc 6.5.0-44-generic #44~22.04.1-Ubuntu SMP PREEMPT_DYNAMIC Tue Jun 18 14:36:16 UTC 2 x86_64 x86_64 x86_64 GNU/Linux
     11:47:11 up 4 days, 14:24,  1 user,  load average: 1.77, 1.56, 1.38

commit 2c35386cbb5b0cc7f2b295fc653f018e88cd6645
Author: tracer-ysyx <tracer@ysyx.org>
Date:   Sat Sep 28 11:47:11 2024 +0800

    > compile NEMU
    ysyx_24080032 杨鹏城
    Linux ypc 6.5.0-44-generic #44~22.04.1-Ubuntu SMP PREEMPT_DYNAMIC Tue Jun 18 14:36:16 UTC 2 x86_64 x86_64 x86_64 GNU/Linux
     11:47:11 up 4 days, 14:24,  1 user,  load average: 1.77, 1.56, 1.38

commit dd2e3c801ee16b7f90ac34422356daa56fe9df31
Author: tracer-ysyx <tracer@ysyx.org>
Date:   Sat Sep 28 11:47:10 2024 +0800

    > run NEMU
    ysyx_24080032 杨鹏城
    Linux ypc 6.5.0-44-generic #44~22.04.1-Ubuntu SMP PREEMPT_DYNAMIC Tue Jun 18 14:36:16 UTC 2 x86_64 x86_64 x86_64 GNU/Linux
     11:47:10 up 4 days, 14:24,  1 user,  load average: 1.77, 1.56, 1.38

commit e3db22e8dd94a4c0e761b319ac90865e8be0cafb
Author: tracer-ysyx <tracer@ysyx.org>
Date:   Sat Sep 28 11:47:10 2024 +0800

    > compile NEMU
    ysyx_24080032 杨鹏城
    Linux ypc 6.5.0-44-generic #44~22.04.1-Ubuntu SMP PREEMPT_DYNAMIC Tue Jun 18 14:36:16 UTC 2 x86_64 x86_64 x86_64 GNU/Linux
     11:47:10 up 4 days, 14:24,  1 user,  load average: 1.77, 1.56, 1.38

commit e0656bba8271ed60b6ff0f36a97ae23ccc966e81
Author: tracer-ysyx <tracer@ysyx.org>
Date:   Sat Sep 28 11:47:10 2024 +0800

    > run NEMU
    ysyx_24080032 杨鹏城
    Linux ypc 6.5.0-44-generic #44~22.04.1-Ubuntu SMP PREEMPT_DYNAMIC Tue Jun 18 14:36:16 UTC 2 x86_64 x86_64 x86_64 GNU/Linux
     11:47:10 up 4 days, 14:24,  1 user,  load average: 1.57, 1.52, 1.36

commit b42f2b6b4bfce0a3b933f5428e1bd21181471137
Author: tracer-ysyx <tracer@ysyx.org>
Date:   Sat Sep 28 11:47:09 2024 +0800

    > compile NEMU
    ysyx_24080032 杨鹏城
    Linux ypc 6.5.0-44-generic #44~22.04.1-Ubuntu SMP PREEMPT_DYNAMIC Tue Jun 18 14:36:16 UTC 2 x86_64 x86_64 x86_64 GNU/Linux
     11:47:09 up 4 days, 14:24,  1 user,  load average: 1.57, 1.52, 1.36

commit 59d806561539efafad70220fb5b718efff866f94
Author: tracer-ysyx <tracer@ysyx.org>
Date:   Sat Sep 28 11:47:09 2024 +0800

    > run NEMU
    ysyx_24080032 杨鹏城
    Linux ypc 6.5.0-44-generic #44~22.04.1-Ubuntu SMP PREEMPT_DYNAMIC Tue Jun 18 14:36:16 UTC 2 x86_64 x86_64 x86_64 GNU/Linux
     11:47:09 up 4 days, 14:24,  1 user,  load average: 1.57, 1.52, 1.36

commit f0e4ab29ecb26b1288da543f8666d8019d1e790b
Author: tracer-ysyx <tracer@ysyx.org>
Date:   Sat Sep 28 11:47:09 2024 +0800

    > compile NEMU
    ysyx_24080032 杨鹏城
    Linux ypc 6.5.0-44-generic #44~22.04.1-Ubuntu SMP PREEMPT_DYNAMIC Tue Jun 18 14:36:16 UTC 2 x86_64 x86_64 x86_64 GNU/Linux
     11:47:09 up 4 days, 14:24,  1 user,  load average: 1.57, 1.52, 1.36

commit 2c4a88e63c4e195f106c5fc9ea1a6ed15adb3910
Author: tracer-ysyx <tracer@ysyx.org>
Date:   Sat Sep 28 11:47:08 2024 +0800

    > run NEMU
    ysyx_24080032 杨鹏城
    Linux ypc 6.5.0-44-generic #44~22.04.1-Ubuntu SMP PREEMPT_DYNAMIC Tue Jun 18 14:36:16 UTC 2 x86_64 x86_64 x86_64 GNU/Linux
     11:47:08 up 4 days, 14:24,  1 user,  load average: 1.57, 1.52, 1.36

commit cdeb8ab8ebc9ffc2d7c49cf45f4e10c7f17a2331
Author: tracer-ysyx <tracer@ysyx.org>
Date:   Sat Sep 28 11:47:08 2024 +0800

    > compile NEMU
    ysyx_24080032 杨鹏城
    Linux ypc 6.5.0-44-generic #44~22.04.1-Ubuntu SMP PREEMPT_DYNAMIC Tue Jun 18 14:36:16 UTC 2 x86_64 x86_64 x86_64 GNU/Linux
     11:47:08 up 4 days, 14:24,  1 user,  load average: 1.57, 1.52, 1.36

commit e72860ebced6f4d480e1dfe46a049964a5a1a14d
Author: tracer-ysyx <tracer@ysyx.org>
Date:   Sat Sep 28 11:47:08 2024 +0800

    > run NEMU
    ysyx_24080032 杨鹏城
    Linux ypc 6.5.0-44-generic #44~22.04.1-Ubuntu SMP PREEMPT_DYNAMIC Tue Jun 18 14:36:16 UTC 2 x86_64 x86_64 x86_64 GNU/Linux
     11:47:08 up 4 days, 14:24,  1 user,  load average: 1.57, 1.52, 1.36

commit 0eb61d1fcd7b20f157d7829866a9fccd24b099fb
Author: tracer-ysyx <tracer@ysyx.org>
Date:   Sat Sep 28 11:47:08 2024 +0800

    > compile NEMU
    ysyx_24080032 杨鹏城
    Linux ypc 6.5.0-44-generic #44~22.04.1-Ubuntu SMP PREEMPT_DYNAMIC Tue Jun 18 14:36:16 UTC 2 x86_64 x86_64 x86_64 GNU/Linux
     11:47:08 up 4 days, 14:24,  1 user,  load average: 1.57, 1.52, 1.36

commit 78934687f6da8237117893e0acf2c3e903b25b98
Author: tracer-ysyx <tracer@ysyx.org>
Date:   Sat Sep 28 11:47:07 2024 +0800

    > run NEMU
    ysyx_24080032 杨鹏城
    Linux ypc 6.5.0-44-generic #44~22.04.1-Ubuntu SMP PREEMPT_DYNAMIC Tue Jun 18 14:36:16 UTC 2 x86_64 x86_64 x86_64 GNU/Linux
     11:47:07 up 4 days, 14:24,  1 user,  load average: 1.57, 1.52, 1.36

commit 482b37c88044e3f84fa6e09b972d4ca653bf63ee
Author: tracer-ysyx <tracer@ysyx.org>
Date:   Sat Sep 28 11:47:07 2024 +0800

    > compile NEMU
    ysyx_24080032 杨鹏城
    Linux ypc 6.5.0-44-generic #44~22.04.1-Ubuntu SMP PREEMPT_DYNAMIC Tue Jun 18 14:36:16 UTC 2 x86_64 x86_64 x86_64 GNU/Linux
     11:47:07 up 4 days, 14:24,  1 user,  load average: 1.57, 1.52, 1.36

commit f72da89244866c77e11008e6e9e495ebf07d1c1f
Author: tracer-ysyx <tracer@ysyx.org>
Date:   Sat Sep 28 11:47:07 2024 +0800

    > run NEMU
    ysyx_24080032 杨鹏城
    Linux ypc 6.5.0-44-generic #44~22.04.1-Ubuntu SMP PREEMPT_DYNAMIC Tue Jun 18 14:36:16 UTC 2 x86_64 x86_64 x86_64 GNU/Linux
     11:47:07 up 4 days, 14:24,  1 user,  load average: 1.57, 1.52, 1.36

commit c4e16eb65a6124ded69bf265bd84550b2aad5472
Author: tracer-ysyx <tracer@ysyx.org>
Date:   Sat Sep 28 11:47:06 2024 +0800

    > compile NEMU
    ysyx_24080032 杨鹏城
    Linux ypc 6.5.0-44-generic #44~22.04.1-Ubuntu SMP PREEMPT_DYNAMIC Tue Jun 18 14:36:16 UTC 2 x86_64 x86_64 x86_64 GNU/Linux
     11:47:06 up 4 days, 14:24,  1 user,  load average: 1.57, 1.52, 1.36

commit 0507e35843ec71ccbbca4672959b10e2edb76314
Author: tracer-ysyx <tracer@ysyx.org>
Date:   Sat Sep 28 11:47:06 2024 +0800

    > run NEMU
    ysyx_24080032 杨鹏城
    Linux ypc 6.5.0-44-generic #44~22.04.1-Ubuntu SMP PREEMPT_DYNAMIC Tue Jun 18 14:36:16 UTC 2 x86_64 x86_64 x86_64 GNU/Linux
     11:47:06 up 4 days, 14:24,  1 user,  load average: 1.57, 1.52, 1.36

commit 796fbcfa1ca992e6037a7140f484d10405ce4e81
Author: tracer-ysyx <tracer@ysyx.org>
Date:   Sat Sep 28 11:47:06 2024 +0800

    > compile NEMU
    ysyx_24080032 杨鹏城
    Linux ypc 6.5.0-44-generic #44~22.04.1-Ubuntu SMP PREEMPT_DYNAMIC Tue Jun 18 14:36:16 UTC 2 x86_64 x86_64 x86_64 GNU/Linux
     11:47:06 up 4 days, 14:24,  1 user,  load average: 1.57, 1.52, 1.36

commit 8bc6850bda200558f745d3313cc9eb56c91fec2f
Author: tracer-ysyx <tracer@ysyx.org>
Date:   Sat Sep 28 11:47:05 2024 +0800

    > run NEMU
    ysyx_24080032 杨鹏城
    Linux ypc 6.5.0-44-generic #44~22.04.1-Ubuntu SMP PREEMPT_DYNAMIC Tue Jun 18 14:36:16 UTC 2 x86_64 x86_64 x86_64 GNU/Linux
     11:47:05 up 4 days, 14:24,  1 user,  load average: 1.57, 1.52, 1.36

commit ed719558c8af182464fdd54006011f8ea2c5dc9c
Author: tracer-ysyx <tracer@ysyx.org>
Date:   Sat Sep 28 11:47:05 2024 +0800

    > compile NEMU
    ysyx_24080032 杨鹏城
    Linux ypc 6.5.0-44-generic #44~22.04.1-Ubuntu SMP PREEMPT_DYNAMIC Tue Jun 18 14:36:16 UTC 2 x86_64 x86_64 x86_64 GNU/Linux
     11:47:05 up 4 days, 14:24,  1 user,  load average: 1.57, 1.52, 1.36

commit 552cbf599595e3f741766e97609f4b0a6ccc5833
Author: tracer-ysyx <tracer@ysyx.org>
Date:   Sat Sep 28 11:47:05 2024 +0800

    > run NEMU
    ysyx_24080032 杨鹏城
    Linux ypc 6.5.0-44-generic #44~22.04.1-Ubuntu SMP PREEMPT_DYNAMIC Tue Jun 18 14:36:16 UTC 2 x86_64 x86_64 x86_64 GNU/Linux
     11:47:05 up 4 days, 14:24,  1 user,  load average: 1.36, 1.48, 1.35

commit fd9405dc24c022096b1e719f3ed4d705bc3f79ef
Author: tracer-ysyx <tracer@ysyx.org>
Date:   Sat Sep 28 11:47:05 2024 +0800

    > compile NEMU
    ysyx_24080032 杨鹏城
    Linux ypc 6.5.0-44-generic #44~22.04.1-Ubuntu SMP PREEMPT_DYNAMIC Tue Jun 18 14:36:16 UTC 2 x86_64 x86_64 x86_64 GNU/Linux
     11:47:05 up 4 days, 14:24,  1 user,  load average: 1.36, 1.48, 1.35

commit e11d92fd74e6e97a148cf5ac1de828c99ae581c4
Author: tracer-ysyx <tracer@ysyx.org>
Date:   Fri Sep 27 20:51:19 2024 +0800

    > run NEMU
    ysyx_24080032 杨鹏城
    Linux ypc 6.5.0-44-generic #44~22.04.1-Ubuntu SMP PREEMPT_DYNAMIC Tue Jun 18 14:36:16 UTC 2 x86_64 x86_64 x86_64 GNU/Linux
     20:51:19 up 3 days, 23:28,  1 user,  load average: 1.73, 1.57, 1.69

commit 15d48c388d555df1a9e6be3aabe7326f8a76d74e
Author: tracer-ysyx <tracer@ysyx.org>
Date:   Fri Sep 27 20:51:19 2024 +0800

    > compile NEMU
    ysyx_24080032 杨鹏城
    Linux ypc 6.5.0-44-generic #44~22.04.1-Ubuntu SMP PREEMPT_DYNAMIC Tue Jun 18 14:36:16 UTC 2 x86_64 x86_64 x86_64 GNU/Linux
     20:51:19 up 3 days, 23:28,  1 user,  load average: 1.73, 1.57, 1.69

commit 7695a3e75de0f9a2b70abd1b7ed30f56ae15a417
Author: tracer-ysyx <tracer@ysyx.org>
Date:   Fri Sep 27 20:42:58 2024 +0800

    > run NEMU
    ysyx_24080032 杨鹏城
    Linux ypc 6.5.0-44-generic #44~22.04.1-Ubuntu SMP PREEMPT_DYNAMIC Tue Jun 18 14:36:16 UTC 2 x86_64 x86_64 x86_64 GNU/Linux
     20:42:58 up 3 days, 23:20,  1 user,  load average: 1.91, 1.81, 1.85

commit 6223742440b1db4e3e59c0304ceecb6a4155784a
Author: tracer-ysyx <tracer@ysyx.org>
Date:   Fri Sep 27 20:42:58 2024 +0800

    > compile NEMU
    ysyx_24080032 杨鹏城
    Linux ypc 6.5.0-44-generic #44~22.04.1-Ubuntu SMP PREEMPT_DYNAMIC Tue Jun 18 14:36:16 UTC 2 x86_64 x86_64 x86_64 GNU/Linux
     20:42:58 up 3 days, 23:20,  1 user,  load average: 1.91, 1.81, 1.85

commit 84984b5133b6be2093c89f110e6ce38d239ac6a2
Author: tracer-ysyx <tracer@ysyx.org>
Date:   Fri Sep 27 20:42:27 2024 +0800

    > run NEMU
    ysyx_24080032 杨鹏城
    Linux ypc 6.5.0-44-generic #44~22.04.1-Ubuntu SMP PREEMPT_DYNAMIC Tue Jun 18 14:36:16 UTC 2 x86_64 x86_64 x86_64 GNU/Linux
     20:42:27 up 3 days, 23:19,  1 user,  load average: 1.52, 1.75, 1.84

commit d0ca02d7d9014652c6c3d0dc73feb519efb674c2
Author: tracer-ysyx <tracer@ysyx.org>
Date:   Fri Sep 27 20:42:27 2024 +0800

    > compile NEMU
    ysyx_24080032 杨鹏城
    Linux ypc 6.5.0-44-generic #44~22.04.1-Ubuntu SMP PREEMPT_DYNAMIC Tue Jun 18 14:36:16 UTC 2 x86_64 x86_64 x86_64 GNU/Linux
     20:42:27 up 3 days, 23:19,  1 user,  load average: 1.52, 1.75, 1.84

commit 94cf263c0918ee26a85eb7da5cc7a1f5da51c1d3
Author: tracer-ysyx <tracer@ysyx.org>
Date:   Fri Sep 27 20:34:35 2024 +0800

    > compile NEMU
    ysyx_24080032 杨鹏城
    Linux ypc 6.5.0-44-generic #44~22.04.1-Ubuntu SMP PREEMPT_DYNAMIC Tue Jun 18 14:36:16 UTC 2 x86_64 x86_64 x86_64 GNU/Linux
     20:34:35 up 3 days, 23:12,  1 user,  load average: 2.87, 2.14, 1.96

commit 37938fa698b589dac8f40902fa53a7a9d88d1823
Author: tracer-ysyx <tracer@ysyx.org>
Date:   Fri Sep 27 20:33:52 2024 +0800

    > compile NEMU
    ysyx_24080032 杨鹏城
    Linux ypc 6.5.0-44-generic #44~22.04.1-Ubuntu SMP PREEMPT_DYNAMIC Tue Jun 18 14:36:16 UTC 2 x86_64 x86_64 x86_64 GNU/Linux
     20:33:52 up 3 days, 23:11,  1 user,  load average: 2.20, 1.99, 1.91

commit 26dceaf4156633c4f6df9be029bb1dc8724b5bd8
Author: tracer-ysyx <tracer@ysyx.org>
Date:   Fri Sep 27 20:27:26 2024 +0800

    > run NEMU
    ysyx_24080032 杨鹏城
    Linux ypc 6.5.0-44-generic #44~22.04.1-Ubuntu SMP PREEMPT_DYNAMIC Tue Jun 18 14:36:16 UTC 2 x86_64 x86_64 x86_64 GNU/Linux
     20:27:26 up 3 days, 23:04,  1 user,  load average: 2.12, 1.84, 1.87

commit ff375573afec12d215cf77038727d3b2c001f7d4
Author: tracer-ysyx <tracer@ysyx.org>
Date:   Fri Sep 27 20:27:26 2024 +0800

    > compile NEMU
    ysyx_24080032 杨鹏城
    Linux ypc 6.5.0-44-generic #44~22.04.1-Ubuntu SMP PREEMPT_DYNAMIC Tue Jun 18 14:36:16 UTC 2 x86_64 x86_64 x86_64 GNU/Linux
     20:27:26 up 3 days, 23:04,  1 user,  load average: 2.12, 1.84, 1.87

commit 0b8903e34dc8c4de569e5ce478e7b48c68c2e146
Author: tracer-ysyx <tracer@ysyx.org>
Date:   Fri Sep 27 20:16:47 2024 +0800

    > run NEMU
    ysyx_24080032 杨鹏城
    Linux ypc 6.5.0-44-generic #44~22.04.1-Ubuntu SMP PREEMPT_DYNAMIC Tue Jun 18 14:36:16 UTC 2 x86_64 x86_64 x86_64 GNU/Linux
     20:16:47 up 3 days, 22:54,  1 user,  load average: 3.47, 2.28, 1.96

commit 0cf3d30a3dcd192c8569b065e8bb960cfb6a5fb2
Author: tracer-ysyx <tracer@ysyx.org>
Date:   Fri Sep 27 20:16:47 2024 +0800

    > compile NEMU
    ysyx_24080032 杨鹏城
    Linux ypc 6.5.0-44-generic #44~22.04.1-Ubuntu SMP PREEMPT_DYNAMIC Tue Jun 18 14:36:16 UTC 2 x86_64 x86_64 x86_64 GNU/Linux
     20:16:47 up 3 days, 22:54,  1 user,  load average: 3.47, 2.28, 1.96

commit 62f785c64148ea05ef8607e9b40ce8dc4ec219cd
Author: tracer-ysyx <tracer@ysyx.org>
Date:   Fri Sep 27 20:16:12 2024 +0800

    > run NEMU
    ysyx_24080032 杨鹏城
    Linux ypc 6.5.0-44-generic #44~22.04.1-Ubuntu SMP PREEMPT_DYNAMIC Tue Jun 18 14:36:16 UTC 2 x86_64 x86_64 x86_64 GNU/Linux
     20:16:12 up 3 days, 22:53,  1 user,  load average: 2.65, 2.02, 1.87

commit f04bc66ee7f7a298446b3e43bc5e667e9cc1c7af
Author: tracer-ysyx <tracer@ysyx.org>
Date:   Fri Sep 27 20:16:12 2024 +0800

    > compile NEMU
    ysyx_24080032 杨鹏城
    Linux ypc 6.5.0-44-generic #44~22.04.1-Ubuntu SMP PREEMPT_DYNAMIC Tue Jun 18 14:36:16 UTC 2 x86_64 x86_64 x86_64 GNU/Linux
     20:16:12 up 3 days, 22:53,  1 user,  load average: 2.65, 2.02, 1.87

commit 5e0f69632f3ec98cbc7015e78a6d1342696d76ef
Author: tracer-ysyx <tracer@ysyx.org>
Date:   Fri Sep 27 20:11:42 2024 +0800

    > run NEMU
    ysyx_24080032 杨鹏城
    Linux ypc 6.5.0-44-generic #44~22.04.1-Ubuntu SMP PREEMPT_DYNAMIC Tue Jun 18 14:36:16 UTC 2 x86_64 x86_64 x86_64 GNU/Linux
     20:11:42 up 3 days, 22:49,  1 user,  load average: 2.30, 1.93, 1.83

commit 101185f0857bee0de35ec0ce5094858bd3ebca30
Author: tracer-ysyx <tracer@ysyx.org>
Date:   Fri Sep 27 20:11:42 2024 +0800

    > compile NEMU
    ysyx_24080032 杨鹏城
    Linux ypc 6.5.0-44-generic #44~22.04.1-Ubuntu SMP PREEMPT_DYNAMIC Tue Jun 18 14:36:16 UTC 2 x86_64 x86_64 x86_64 GNU/Linux
     20:11:42 up 3 days, 22:49,  1 user,  load average: 2.30, 1.93, 1.83

commit 8dfa02088eb31ea21ab18bc714e0750f95d29dc8
Author: tracer-ysyx <tracer@ysyx.org>
Date:   Fri Sep 27 19:57:10 2024 +0800

    > run NEMU
    ysyx_24080032 杨鹏城
    Linux ypc 6.5.0-44-generic #44~22.04.1-Ubuntu SMP PREEMPT_DYNAMIC Tue Jun 18 14:36:16 UTC 2 x86_64 x86_64 x86_64 GNU/Linux
     19:57:10 up 3 days, 22:34,  1 user,  load average: 1.70, 1.65, 1.63

commit 3558467b02e2d2754f35393a669f060a6807a859
Author: tracer-ysyx <tracer@ysyx.org>
Date:   Fri Sep 27 19:57:10 2024 +0800

    > compile NEMU
    ysyx_24080032 杨鹏城
    Linux ypc 6.5.0-44-generic #44~22.04.1-Ubuntu SMP PREEMPT_DYNAMIC Tue Jun 18 14:36:16 UTC 2 x86_64 x86_64 x86_64 GNU/Linux
     19:57:10 up 3 days, 22:34,  1 user,  load average: 1.70, 1.65, 1.63

commit 9f0e3bd80d8738692883eaecf1d8b36c89d0e30b
Author: tracer-ysyx <tracer@ysyx.org>
Date:   Fri Sep 27 19:39:59 2024 +0800

    > run NEMU
    ysyx_24080032 杨鹏城
    Linux ypc 6.5.0-44-generic #44~22.04.1-Ubuntu SMP PREEMPT_DYNAMIC Tue Jun 18 14:36:16 UTC 2 x86_64 x86_64 x86_64 GNU/Linux
     19:39:59 up 3 days, 22:17,  1 user,  load average: 2.84, 1.96, 1.61

commit 5dc2c7fbe42fbeb331edd5e63d5f912d629a61b5
Author: tracer-ysyx <tracer@ysyx.org>
Date:   Fri Sep 27 19:39:57 2024 +0800

    > compile NEMU
    ysyx_24080032 杨鹏城
    Linux ypc 6.5.0-44-generic #44~22.04.1-Ubuntu SMP PREEMPT_DYNAMIC Tue Jun 18 14:36:16 UTC 2 x86_64 x86_64 x86_64 GNU/Linux
     19:39:57 up 3 days, 22:17,  1 user,  load average: 2.91, 1.96, 1.61

commit 355bcf279771b758a008bcece35edfa16729ac1b
Author: tracer-ysyx <tracer@ysyx.org>
Date:   Fri Sep 27 19:39:29 2024 +0800

    > run NEMU
    ysyx_24080032 杨鹏城
    Linux ypc 6.5.0-44-generic #44~22.04.1-Ubuntu SMP PREEMPT_DYNAMIC Tue Jun 18 14:36:16 UTC 2 x86_64 x86_64 x86_64 GNU/Linux
     19:39:29 up 3 days, 22:16,  1 user,  load average: 2.49, 1.81, 1.55

commit 75e7b1a01c6a183821d1876989e3a13d1a6e9e99
Author: tracer-ysyx <tracer@ysyx.org>
Date:   Fri Sep 27 19:39:27 2024 +0800

    > compile NEMU
    ysyx_24080032 杨鹏城
    Linux ypc 6.5.0-44-generic #44~22.04.1-Ubuntu SMP PREEMPT_DYNAMIC Tue Jun 18 14:36:16 UTC 2 x86_64 x86_64 x86_64 GNU/Linux
     19:39:27 up 3 days, 22:16,  1 user,  load average: 2.53, 1.81, 1.55

commit 1af9223944dfa2a3ae90ab27021187d0576b7e90
Author: tracer-ysyx <tracer@ysyx.org>
Date:   Fri Sep 27 15:31:33 2024 +0800

    > run NEMU
    ysyx_24080032 杨鹏城
    Linux ypc 6.5.0-44-generic #44~22.04.1-Ubuntu SMP PREEMPT_DYNAMIC Tue Jun 18 14:36:16 UTC 2 x86_64 x86_64 x86_64 GNU/Linux
     15:31:33 up 3 days, 18:09,  1 user,  load average: 2.28, 2.02, 1.74

commit a7bce9cdbce38ca57c1aa23ce10518ea8e8ac98e
Author: tracer-ysyx <tracer@ysyx.org>
Date:   Fri Sep 27 15:31:33 2024 +0800

    > compile NEMU
    ysyx_24080032 杨鹏城
    Linux ypc 6.5.0-44-generic #44~22.04.1-Ubuntu SMP PREEMPT_DYNAMIC Tue Jun 18 14:36:16 UTC 2 x86_64 x86_64 x86_64 GNU/Linux
     15:31:33 up 3 days, 18:09,  1 user,  load average: 2.28, 2.02, 1.74

commit 6d0431d8cea1e911781e28ab8b33562e564d73f4
Author: tracer-ysyx <tracer@ysyx.org>
Date:   Fri Sep 27 15:22:24 2024 +0800

    > run NEMU
    ysyx_24080032 杨鹏城
    Linux ypc 6.5.0-44-generic #44~22.04.1-Ubuntu SMP PREEMPT_DYNAMIC Tue Jun 18 14:36:16 UTC 2 x86_64 x86_64 x86_64 GNU/Linux
     15:22:24 up 3 days, 17:59,  1 user,  load average: 1.67, 1.48, 1.48

commit ce89bf33c8468bd6b36a6bbd8b301a263434a4ab
Author: tracer-ysyx <tracer@ysyx.org>
Date:   Fri Sep 27 15:22:24 2024 +0800

    > compile NEMU
    ysyx_24080032 杨鹏城
    Linux ypc 6.5.0-44-generic #44~22.04.1-Ubuntu SMP PREEMPT_DYNAMIC Tue Jun 18 14:36:16 UTC 2 x86_64 x86_64 x86_64 GNU/Linux
     15:22:24 up 3 days, 17:59,  1 user,  load average: 1.67, 1.48, 1.48

commit 0ac5352fbdc15e5030fa487f9d6e4e65226bba01
Author: tracer-ysyx <tracer@ysyx.org>
Date:   Fri Sep 27 15:19:08 2024 +0800

    > run NEMU
    ysyx_24080032 杨鹏城
    Linux ypc 6.5.0-44-generic #44~22.04.1-Ubuntu SMP PREEMPT_DYNAMIC Tue Jun 18 14:36:16 UTC 2 x86_64 x86_64 x86_64 GNU/Linux
     15:19:08 up 3 days, 17:56,  1 user,  load average: 1.23, 1.47, 1.50

commit ea67be2c505d9d74dc5eaa3b2b072cf976222ed7
Author: tracer-ysyx <tracer@ysyx.org>
Date:   Fri Sep 27 15:19:08 2024 +0800

    > compile NEMU
    ysyx_24080032 杨鹏城
    Linux ypc 6.5.0-44-generic #44~22.04.1-Ubuntu SMP PREEMPT_DYNAMIC Tue Jun 18 14:36:16 UTC 2 x86_64 x86_64 x86_64 GNU/Linux
     15:19:08 up 3 days, 17:56,  1 user,  load average: 1.23, 1.47, 1.50

commit 19df3b420197e8b9a7f1b0074b2b93c43e4bfc85
Author: tracer-ysyx <tracer@ysyx.org>
Date:   Fri Sep 27 15:18:40 2024 +0800

    > run NEMU
    ysyx_24080032 杨鹏城
    Linux ypc 6.5.0-44-generic #44~22.04.1-Ubuntu SMP PREEMPT_DYNAMIC Tue Jun 18 14:36:16 UTC 2 x86_64 x86_64 x86_64 GNU/Linux
     15:18:40 up 3 days, 17:56,  1 user,  load average: 1.39, 1.52, 1.51

commit 5b309ebdf12d53e6a00a55c3eded5e23a4d073eb
Author: tracer-ysyx <tracer@ysyx.org>
Date:   Fri Sep 27 15:18:40 2024 +0800

    > compile NEMU
    ysyx_24080032 杨鹏城
    Linux ypc 6.5.0-44-generic #44~22.04.1-Ubuntu SMP PREEMPT_DYNAMIC Tue Jun 18 14:36:16 UTC 2 x86_64 x86_64 x86_64 GNU/Linux
     15:18:40 up 3 days, 17:56,  1 user,  load average: 1.39, 1.52, 1.51

commit 11204cbf48388ee4e175169ae1730208afb26b43
Author: tracer-ysyx <tracer@ysyx.org>
Date:   Fri Sep 27 15:04:06 2024 +0800

    > run NEMU
    ysyx_24080032 杨鹏城
    Linux ypc 6.5.0-44-generic #44~22.04.1-Ubuntu SMP PREEMPT_DYNAMIC Tue Jun 18 14:36:16 UTC 2 x86_64 x86_64 x86_64 GNU/Linux
     15:04:06 up 3 days, 17:41,  1 user,  load average: 1.68, 1.53, 1.51

commit 4ceab758e92c93e69c82769ee25914830b764267
Author: tracer-ysyx <tracer@ysyx.org>
Date:   Fri Sep 27 15:04:06 2024 +0800

    > compile NEMU
    ysyx_24080032 杨鹏城
    Linux ypc 6.5.0-44-generic #44~22.04.1-Ubuntu SMP PREEMPT_DYNAMIC Tue Jun 18 14:36:16 UTC 2 x86_64 x86_64 x86_64 GNU/Linux
     15:04:06 up 3 days, 17:41,  1 user,  load average: 1.68, 1.53, 1.51

commit 014b40396bda13b418afad6815beea88109c856a
Author: tracer-ysyx <tracer@ysyx.org>
Date:   Fri Sep 27 15:03:44 2024 +0800

    > run NEMU
    ysyx_24080032 杨鹏城
    Linux ypc 6.5.0-44-generic #44~22.04.1-Ubuntu SMP PREEMPT_DYNAMIC Tue Jun 18 14:36:16 UTC 2 x86_64 x86_64 x86_64 GNU/Linux
     15:03:44 up 3 days, 17:41,  1 user,  load average: 1.74, 1.53, 1.50

commit d6eba9b6712ec0aea92e6738d86b2cf43a83728d
Author: tracer-ysyx <tracer@ysyx.org>
Date:   Fri Sep 27 15:03:44 2024 +0800

    > compile NEMU
    ysyx_24080032 杨鹏城
    Linux ypc 6.5.0-44-generic #44~22.04.1-Ubuntu SMP PREEMPT_DYNAMIC Tue Jun 18 14:36:16 UTC 2 x86_64 x86_64 x86_64 GNU/Linux
     15:03:44 up 3 days, 17:41,  1 user,  load average: 1.74, 1.53, 1.50

commit c038330b4153ec1bc6f3739018a9c36ce85eae5c
Author: tracer-ysyx <tracer@ysyx.org>
Date:   Fri Sep 27 15:03:16 2024 +0800

    > run NEMU
    ysyx_24080032 杨鹏城
    Linux ypc 6.5.0-44-generic #44~22.04.1-Ubuntu SMP PREEMPT_DYNAMIC Tue Jun 18 14:36:16 UTC 2 x86_64 x86_64 x86_64 GNU/Linux
     15:03:16 up 3 days, 17:40,  1 user,  load average: 1.49, 1.47, 1.49

commit 0dbddfc62b2536856dc327fe18f79593d904003c
Author: tracer-ysyx <tracer@ysyx.org>
Date:   Fri Sep 27 15:03:16 2024 +0800

    > compile NEMU
    ysyx_24080032 杨鹏城
    Linux ypc 6.5.0-44-generic #44~22.04.1-Ubuntu SMP PREEMPT_DYNAMIC Tue Jun 18 14:36:16 UTC 2 x86_64 x86_64 x86_64 GNU/Linux
     15:03:16 up 3 days, 17:40,  1 user,  load average: 1.49, 1.47, 1.49

commit 47ac8d798fc945535847b25a68cf6e47246e8680
Author: tracer-ysyx <tracer@ysyx.org>
Date:   Fri Sep 27 14:40:05 2024 +0800

    > run NEMU
    ysyx_24080032 杨鹏城
    Linux ypc 6.5.0-44-generic #44~22.04.1-Ubuntu SMP PREEMPT_DYNAMIC Tue Jun 18 14:36:16 UTC 2 x86_64 x86_64 x86_64 GNU/Linux
     14:40:05 up 3 days, 17:17,  1 user,  load average: 1.54, 1.59, 1.48

commit e63870f3e8b5e7f8800b2cc8e3eb75531a8716b0
Author: tracer-ysyx <tracer@ysyx.org>
Date:   Fri Sep 27 14:40:04 2024 +0800

    > compile NEMU
    ysyx_24080032 杨鹏城
    Linux ypc 6.5.0-44-generic #44~22.04.1-Ubuntu SMP PREEMPT_DYNAMIC Tue Jun 18 14:36:16 UTC 2 x86_64 x86_64 x86_64 GNU/Linux
     14:40:04 up 3 days, 17:17,  1 user,  load average: 1.50, 1.58, 1.48

commit f84d54f0aa89f1cf634bb3fb626e7eadeadbd337
Author: tracer-ysyx <tracer@ysyx.org>
Date:   Fri Sep 27 14:39:18 2024 +0800

    > run NEMU
    ysyx_24080032 杨鹏城
    Linux ypc 6.5.0-44-generic #44~22.04.1-Ubuntu SMP PREEMPT_DYNAMIC Tue Jun 18 14:36:16 UTC 2 x86_64 x86_64 x86_64 GNU/Linux
     14:39:18 up 3 days, 17:16,  1 user,  load average: 1.49, 1.60, 1.48

commit fe06c9cd4336c81bf59ce6988bff1a1496ae5ca2
Author: tracer-ysyx <tracer@ysyx.org>
Date:   Fri Sep 27 14:39:16 2024 +0800

    > compile NEMU
    ysyx_24080032 杨鹏城
    Linux ypc 6.5.0-44-generic #44~22.04.1-Ubuntu SMP PREEMPT_DYNAMIC Tue Jun 18 14:36:16 UTC 2 x86_64 x86_64 x86_64 GNU/Linux
     14:39:16 up 3 days, 17:16,  1 user,  load average: 1.49, 1.60, 1.48

commit 9ed814595328e4f74011d650692bd6001483133d
Author: tracer-ysyx <tracer@ysyx.org>
Date:   Fri Sep 27 14:37:37 2024 +0800

    > run NEMU
    ysyx_24080032 杨鹏城
    Linux ypc 6.5.0-44-generic #44~22.04.1-Ubuntu SMP PREEMPT_DYNAMIC Tue Jun 18 14:36:16 UTC 2 x86_64 x86_64 x86_64 GNU/Linux
     14:37:37 up 3 days, 17:15,  1 user,  load average: 2.05, 1.71, 1.50

commit ca243fce7c48dbb6aa25ee2a83d1a85b859d947d
Author: tracer-ysyx <tracer@ysyx.org>
Date:   Fri Sep 27 14:37:35 2024 +0800

    > compile NEMU
    ysyx_24080032 杨鹏城
    Linux ypc 6.5.0-44-generic #44~22.04.1-Ubuntu SMP PREEMPT_DYNAMIC Tue Jun 18 14:36:16 UTC 2 x86_64 x86_64 x86_64 GNU/Linux
     14:37:35 up 3 days, 17:15,  1 user,  load average: 2.05, 1.71, 1.50

commit fb4fb1f64a7d536d658defb50dffd2b047b0c5e8
Author: tracer-ysyx <tracer@ysyx.org>
Date:   Fri Sep 27 14:36:54 2024 +0800

    > run NEMU
    ysyx_24080032 杨鹏城
    Linux ypc 6.5.0-44-generic #44~22.04.1-Ubuntu SMP PREEMPT_DYNAMIC Tue Jun 18 14:36:16 UTC 2 x86_64 x86_64 x86_64 GNU/Linux
     14:36:54 up 3 days, 17:14,  1 user,  load average: 1.97, 1.66, 1.48

commit 409c68f688d9103fac10cff027f29925608c4bbc
Author: tracer-ysyx <tracer@ysyx.org>
Date:   Fri Sep 27 14:36:52 2024 +0800

    > compile NEMU
    ysyx_24080032 杨鹏城
    Linux ypc 6.5.0-44-generic #44~22.04.1-Ubuntu SMP PREEMPT_DYNAMIC Tue Jun 18 14:36:16 UTC 2 x86_64 x86_64 x86_64 GNU/Linux
     14:36:52 up 3 days, 17:14,  1 user,  load average: 1.97, 1.66, 1.48

commit 9affcf6ff72a90b5b78849a3103db21235a850ed
Author: tracer-ysyx <tracer@ysyx.org>
Date:   Fri Sep 27 14:36:33 2024 +0800

    > run NEMU
    ysyx_24080032 杨鹏城
    Linux ypc 6.5.0-44-generic #44~22.04.1-Ubuntu SMP PREEMPT_DYNAMIC Tue Jun 18 14:36:16 UTC 2 x86_64 x86_64 x86_64 GNU/Linux
     14:36:33 up 3 days, 17:14,  1 user,  load average: 1.75, 1.60, 1.45

commit 346d6255515afa87c99f501f193fc90dca2aeed6
Author: tracer-ysyx <tracer@ysyx.org>
Date:   Fri Sep 27 14:36:31 2024 +0800

    > compile NEMU
    ysyx_24080032 杨鹏城
    Linux ypc 6.5.0-44-generic #44~22.04.1-Ubuntu SMP PREEMPT_DYNAMIC Tue Jun 18 14:36:16 UTC 2 x86_64 x86_64 x86_64 GNU/Linux
     14:36:31 up 3 days, 17:13,  1 user,  load average: 1.75, 1.60, 1.45

commit a0f483072da0991211a7822a6adfe73a43dc6ba5
Author: tracer-ysyx <tracer@ysyx.org>
Date:   Fri Sep 27 14:35:36 2024 +0800

    > run NEMU
    ysyx_24080032 杨鹏城
    Linux ypc 6.5.0-44-generic #44~22.04.1-Ubuntu SMP PREEMPT_DYNAMIC Tue Jun 18 14:36:16 UTC 2 x86_64 x86_64 x86_64 GNU/Linux
     14:35:36 up 3 days, 17:13,  1 user,  load average: 1.64, 1.59, 1.44

commit c90a0a8a0f8d576c2fac243ca732d117320320d1
Author: tracer-ysyx <tracer@ysyx.org>
Date:   Fri Sep 27 14:35:34 2024 +0800

    > compile NEMU
    ysyx_24080032 杨鹏城
    Linux ypc 6.5.0-44-generic #44~22.04.1-Ubuntu SMP PREEMPT_DYNAMIC Tue Jun 18 14:36:16 UTC 2 x86_64 x86_64 x86_64 GNU/Linux
     14:35:34 up 3 days, 17:13,  1 user,  load average: 1.64, 1.59, 1.44

commit 680e0a1df574496c17650e802297f0f8f2174159
Author: tracer-ysyx <tracer@ysyx.org>
Date:   Fri Sep 27 14:34:22 2024 +0800

    > run NEMU
    ysyx_24080032 杨鹏城
    Linux ypc 6.5.0-44-generic #44~22.04.1-Ubuntu SMP PREEMPT_DYNAMIC Tue Jun 18 14:36:16 UTC 2 x86_64 x86_64 x86_64 GNU/Linux
     14:34:22 up 3 days, 17:11,  1 user,  load average: 1.86, 1.60, 1.43

commit 4187feb8b0cb5ff63f9c6c7c2d7dacc2ce0788d8
Author: tracer-ysyx <tracer@ysyx.org>
Date:   Fri Sep 27 14:34:21 2024 +0800

    > compile NEMU
    ysyx_24080032 杨鹏城
    Linux ypc 6.5.0-44-generic #44~22.04.1-Ubuntu SMP PREEMPT_DYNAMIC Tue Jun 18 14:36:16 UTC 2 x86_64 x86_64 x86_64 GNU/Linux
     14:34:21 up 3 days, 17:11,  1 user,  load average: 1.86, 1.60, 1.43

commit 0fcae5b6b2720bd0e5cf66a98e7c4cf4e01b7ebb
Author: tracer-ysyx <tracer@ysyx.org>
Date:   Fri Sep 27 14:33:39 2024 +0800

    > run NEMU
    ysyx_24080032 杨鹏城
    Linux ypc 6.5.0-44-generic #44~22.04.1-Ubuntu SMP PREEMPT_DYNAMIC Tue Jun 18 14:36:16 UTC 2 x86_64 x86_64 x86_64 GNU/Linux
     14:33:39 up 3 days, 17:11,  1 user,  load average: 2.09, 1.61, 1.43

commit 2474ecdb3ac842db655cea05a7ee6158be949cfa
Author: tracer-ysyx <tracer@ysyx.org>
Date:   Fri Sep 27 14:33:38 2024 +0800

    > compile NEMU
    ysyx_24080032 杨鹏城
    Linux ypc 6.5.0-44-generic #44~22.04.1-Ubuntu SMP PREEMPT_DYNAMIC Tue Jun 18 14:36:16 UTC 2 x86_64 x86_64 x86_64 GNU/Linux
     14:33:38 up 3 days, 17:11,  1 user,  load average: 2.10, 1.61, 1.43

commit e1c1c6ba76d0aa87d7b9c1605ad0bd4b736c25e0
Author: tracer-ysyx <tracer@ysyx.org>
Date:   Fri Sep 27 14:29:30 2024 +0800

    > run NEMU
    ysyx_24080032 杨鹏城
    Linux ypc 6.5.0-44-generic #44~22.04.1-Ubuntu SMP PREEMPT_DYNAMIC Tue Jun 18 14:36:16 UTC 2 x86_64 x86_64 x86_64 GNU/Linux
     14:29:30 up 3 days, 17:06,  1 user,  load average: 1.68, 1.67, 1.41

commit 95008c746db250deab4f4aea602c4a30491f8cd9
Author: tracer-ysyx <tracer@ysyx.org>
Date:   Fri Sep 27 14:29:28 2024 +0800

    > compile NEMU
    ysyx_24080032 杨鹏城
    Linux ypc 6.5.0-44-generic #44~22.04.1-Ubuntu SMP PREEMPT_DYNAMIC Tue Jun 18 14:36:16 UTC 2 x86_64 x86_64 x86_64 GNU/Linux
     14:29:28 up 3 days, 17:06,  1 user,  load average: 1.57, 1.65, 1.41

commit 84564810e0825e3da06d150b4c100015d15262cd
Author: tracer-ysyx <tracer@ysyx.org>
Date:   Fri Sep 27 14:28:35 2024 +0800

    > run NEMU
    ysyx_24080032 杨鹏城
    Linux ypc 6.5.0-44-generic #44~22.04.1-Ubuntu SMP PREEMPT_DYNAMIC Tue Jun 18 14:36:16 UTC 2 x86_64 x86_64 x86_64 GNU/Linux
     14:28:35 up 3 days, 17:06,  1 user,  load average: 2.09, 1.73, 1.42

commit 3113f3d7cb0209be42bd30f92c0ded740637072c
Author: tracer-ysyx <tracer@ysyx.org>
Date:   Fri Sep 27 14:28:33 2024 +0800

    > compile NEMU
    ysyx_24080032 杨鹏城
    Linux ypc 6.5.0-44-generic #44~22.04.1-Ubuntu SMP PREEMPT_DYNAMIC Tue Jun 18 14:36:16 UTC 2 x86_64 x86_64 x86_64 GNU/Linux
     14:28:33 up 3 days, 17:06,  1 user,  load average: 1.75, 1.66, 1.39

commit cd1b86330e6a317a31e0a629c7468e30934431fa
Author: tracer-ysyx <tracer@ysyx.org>
Date:   Fri Sep 27 12:24:57 2024 +0800

    > run NEMU
    ysyx_24080032 杨鹏城
    Linux ypc 6.5.0-44-generic #44~22.04.1-Ubuntu SMP PREEMPT_DYNAMIC Tue Jun 18 14:36:16 UTC 2 x86_64 x86_64 x86_64 GNU/Linux
     12:24:57 up 3 days, 15:02,  1 user,  load average: 2.18, 1.80, 1.77

commit d2bcd692f48e68ad14892cc1da4fbf4d8d391e78
Author: tracer-ysyx <tracer@ysyx.org>
Date:   Fri Sep 27 12:24:56 2024 +0800

    > compile NEMU
    ysyx_24080032 杨鹏城
    Linux ypc 6.5.0-44-generic #44~22.04.1-Ubuntu SMP PREEMPT_DYNAMIC Tue Jun 18 14:36:16 UTC 2 x86_64 x86_64 x86_64 GNU/Linux
     12:24:56 up 3 days, 15:02,  1 user,  load average: 2.18, 1.80, 1.77

commit 571c2b2a6d490588b0876c43c5bd0e34357b4641
Author: tracer-ysyx <tracer@ysyx.org>
Date:   Fri Sep 27 12:14:25 2024 +0800

    > run NEMU
    ysyx_24080032 杨鹏城
    Linux ypc 6.5.0-44-generic #44~22.04.1-Ubuntu SMP PREEMPT_DYNAMIC Tue Jun 18 14:36:16 UTC 2 x86_64 x86_64 x86_64 GNU/Linux
     12:14:25 up 3 days, 14:51,  1 user,  load average: 2.90, 2.09, 1.85

commit c038e9770f17179453d9e7e444155848f3c11c5d
Author: tracer-ysyx <tracer@ysyx.org>
Date:   Fri Sep 27 12:14:25 2024 +0800

    > compile NEMU
    ysyx_24080032 杨鹏城
    Linux ypc 6.5.0-44-generic #44~22.04.1-Ubuntu SMP PREEMPT_DYNAMIC Tue Jun 18 14:36:16 UTC 2 x86_64 x86_64 x86_64 GNU/Linux
     12:14:24 up 3 days, 14:51,  1 user,  load average: 2.90, 2.09, 1.85

commit 831b075a1694fbe906028e0388fa2150bfe36467
Author: tracer-ysyx <tracer@ysyx.org>
Date:   Fri Sep 27 12:08:35 2024 +0800

    > run NEMU
    ysyx_24080032 杨鹏城
    Linux ypc 6.5.0-44-generic #44~22.04.1-Ubuntu SMP PREEMPT_DYNAMIC Tue Jun 18 14:36:16 UTC 2 x86_64 x86_64 x86_64 GNU/Linux
     12:08:35 up 3 days, 14:46,  1 user,  load average: 1.64, 1.71, 1.71

commit e6ad6c1ca92f40ed6138174d0331a8844feae374
Author: tracer-ysyx <tracer@ysyx.org>
Date:   Fri Sep 27 12:08:35 2024 +0800

    > compile NEMU
    ysyx_24080032 杨鹏城
    Linux ypc 6.5.0-44-generic #44~22.04.1-Ubuntu SMP PREEMPT_DYNAMIC Tue Jun 18 14:36:16 UTC 2 x86_64 x86_64 x86_64 GNU/Linux
     12:08:35 up 3 days, 14:46,  1 user,  load average: 1.64, 1.71, 1.71

commit 10c309e3255e5767539a01b465a8a3643e666e58
Author: tracer-ysyx <tracer@ysyx.org>
Date:   Fri Sep 27 12:07:49 2024 +0800

    > run NEMU
    ysyx_24080032 杨鹏城
    Linux ypc 6.5.0-44-generic #44~22.04.1-Ubuntu SMP PREEMPT_DYNAMIC Tue Jun 18 14:36:16 UTC 2 x86_64 x86_64 x86_64 GNU/Linux
     12:07:49 up 3 days, 14:45,  1 user,  load average: 1.88, 1.77, 1.72

commit 0548e056e6cbc6f26f9c998f27efd7d132604da2
Author: tracer-ysyx <tracer@ysyx.org>
Date:   Fri Sep 27 12:07:49 2024 +0800

    > compile NEMU
    ysyx_24080032 杨鹏城
    Linux ypc 6.5.0-44-generic #44~22.04.1-Ubuntu SMP PREEMPT_DYNAMIC Tue Jun 18 14:36:16 UTC 2 x86_64 x86_64 x86_64 GNU/Linux
     12:07:49 up 3 days, 14:45,  1 user,  load average: 1.88, 1.77, 1.72

commit 5842b76c67a73d4dc011e79fee9c6838eb205e12
Author: tracer-ysyx <tracer@ysyx.org>
Date:   Fri Sep 27 12:03:39 2024 +0800

    > run NEMU
    ysyx_24080032 杨鹏城
    Linux ypc 6.5.0-44-generic #44~22.04.1-Ubuntu SMP PREEMPT_DYNAMIC Tue Jun 18 14:36:16 UTC 2 x86_64 x86_64 x86_64 GNU/Linux
     12:03:39 up 3 days, 14:41,  1 user,  load average: 2.33, 1.88, 1.75

commit 1f0c507d7a7a2d90f6aaac0b66148c8b31c3059c
Author: tracer-ysyx <tracer@ysyx.org>
Date:   Fri Sep 27 12:03:39 2024 +0800

    > compile NEMU
    ysyx_24080032 杨鹏城
    Linux ypc 6.5.0-44-generic #44~22.04.1-Ubuntu SMP PREEMPT_DYNAMIC Tue Jun 18 14:36:16 UTC 2 x86_64 x86_64 x86_64 GNU/Linux
     12:03:39 up 3 days, 14:41,  1 user,  load average: 2.33, 1.88, 1.75

commit 9fbc74553836942425be1a3ce653bd8286ea612c
Author: tracer-ysyx <tracer@ysyx.org>
Date:   Fri Sep 27 11:59:22 2024 +0800

    > run NEMU
    ysyx_24080032 杨鹏城
    Linux ypc 6.5.0-44-generic #44~22.04.1-Ubuntu SMP PREEMPT_DYNAMIC Tue Jun 18 14:36:16 UTC 2 x86_64 x86_64 x86_64 GNU/Linux
     11:59:22 up 3 days, 14:36,  1 user,  load average: 1.49, 1.69, 1.68

commit 251901c4c6a607151003474f9a768f0610120ae4
Author: tracer-ysyx <tracer@ysyx.org>
Date:   Fri Sep 27 11:59:22 2024 +0800

    > compile NEMU
    ysyx_24080032 杨鹏城
    Linux ypc 6.5.0-44-generic #44~22.04.1-Ubuntu SMP PREEMPT_DYNAMIC Tue Jun 18 14:36:16 UTC 2 x86_64 x86_64 x86_64 GNU/Linux
     11:59:22 up 3 days, 14:36,  1 user,  load average: 1.49, 1.69, 1.68

commit 487fbffdae743edbd09239da1dc76035a6eb210b
Author: tracer-ysyx <tracer@ysyx.org>
Date:   Fri Sep 27 11:52:18 2024 +0800

    > run NEMU
    ysyx_24080032 杨鹏城
    Linux ypc 6.5.0-44-generic #44~22.04.1-Ubuntu SMP PREEMPT_DYNAMIC Tue Jun 18 14:36:16 UTC 2 x86_64 x86_64 x86_64 GNU/Linux
     11:52:18 up 3 days, 14:29,  1 user,  load average: 1.61, 1.59, 1.61

commit 6fcca2ee2d25056c1463382a6b25543d05d80738
Author: tracer-ysyx <tracer@ysyx.org>
Date:   Fri Sep 27 11:52:18 2024 +0800

    > compile NEMU
    ysyx_24080032 杨鹏城
    Linux ypc 6.5.0-44-generic #44~22.04.1-Ubuntu SMP PREEMPT_DYNAMIC Tue Jun 18 14:36:16 UTC 2 x86_64 x86_64 x86_64 GNU/Linux
     11:52:18 up 3 days, 14:29,  1 user,  load average: 1.61, 1.59, 1.61

commit b15f7137f91fc89e08e99c0b6997833c29e64b9f
Author: tracer-ysyx <tracer@ysyx.org>
Date:   Fri Sep 27 11:52:08 2024 +0800

    > run NEMU
    ysyx_24080032 杨鹏城
    Linux ypc 6.5.0-44-generic #44~22.04.1-Ubuntu SMP PREEMPT_DYNAMIC Tue Jun 18 14:36:16 UTC 2 x86_64 x86_64 x86_64 GNU/Linux
     11:52:08 up 3 days, 14:29,  1 user,  load average: 1.72, 1.61, 1.62

commit 0306b07aa855781547110f89d2107a88c95b095a
Author: tracer-ysyx <tracer@ysyx.org>
Date:   Fri Sep 27 11:52:08 2024 +0800

    > compile NEMU
    ysyx_24080032 杨鹏城
    Linux ypc 6.5.0-44-generic #44~22.04.1-Ubuntu SMP PREEMPT_DYNAMIC Tue Jun 18 14:36:16 UTC 2 x86_64 x86_64 x86_64 GNU/Linux
     11:52:08 up 3 days, 14:29,  1 user,  load average: 1.72, 1.61, 1.62

commit cf1ca959dc130b038c1c84c05fd2daada202971a
Author: tracer-ysyx <tracer@ysyx.org>
Date:   Fri Sep 27 11:51:59 2024 +0800

    > run NEMU
    ysyx_24080032 杨鹏城
    Linux ypc 6.5.0-44-generic #44~22.04.1-Ubuntu SMP PREEMPT_DYNAMIC Tue Jun 18 14:36:16 UTC 2 x86_64 x86_64 x86_64 GNU/Linux
     11:51:59 up 3 days, 14:29,  1 user,  load average: 1.85, 1.64, 1.62

commit ceded38bf339ada16a2d2a05139a47355f117a9c
Author: tracer-ysyx <tracer@ysyx.org>
Date:   Fri Sep 27 11:51:59 2024 +0800

    > compile NEMU
    ysyx_24080032 杨鹏城
    Linux ypc 6.5.0-44-generic #44~22.04.1-Ubuntu SMP PREEMPT_DYNAMIC Tue Jun 18 14:36:16 UTC 2 x86_64 x86_64 x86_64 GNU/Linux
     11:51:59 up 3 days, 14:29,  1 user,  load average: 1.85, 1.64, 1.62

commit c435224493f9f13b0e0e4865fe073339f9e7120c
Author: tracer-ysyx <tracer@ysyx.org>
Date:   Fri Sep 27 11:11:37 2024 +0800

    > run NEMU
    ysyx_24080032 杨鹏城
    Linux ypc 6.5.0-44-generic #44~22.04.1-Ubuntu SMP PREEMPT_DYNAMIC Tue Jun 18 14:36:16 UTC 2 x86_64 x86_64 x86_64 GNU/Linux
     11:11:37 up 3 days, 13:49,  1 user,  load average: 1.72, 1.72, 1.70

commit 6158136789756aac1e6ab769b7238337019ae89c
Author: tracer-ysyx <tracer@ysyx.org>
Date:   Fri Sep 27 11:11:37 2024 +0800

    > compile NEMU
    ysyx_24080032 杨鹏城
    Linux ypc 6.5.0-44-generic #44~22.04.1-Ubuntu SMP PREEMPT_DYNAMIC Tue Jun 18 14:36:16 UTC 2 x86_64 x86_64 x86_64 GNU/Linux
     11:11:37 up 3 days, 13:49,  1 user,  load average: 1.72, 1.72, 1.70

commit e2b5529b5b86522bd7e860e21f649dc1eb0373c3
Author: tracer-ysyx <tracer@ysyx.org>
Date:   Fri Sep 27 11:10:49 2024 +0800

    > run NEMU
    ysyx_24080032 杨鹏城
    Linux ypc 6.5.0-44-generic #44~22.04.1-Ubuntu SMP PREEMPT_DYNAMIC Tue Jun 18 14:36:16 UTC 2 x86_64 x86_64 x86_64 GNU/Linux
     11:10:49 up 3 days, 13:48,  1 user,  load average: 1.55, 1.70, 1.70

commit db9f374ae2505a854921797fdd4f943c396ff424
Author: tracer-ysyx <tracer@ysyx.org>
Date:   Fri Sep 27 11:10:49 2024 +0800

    > compile NEMU
    ysyx_24080032 杨鹏城
    Linux ypc 6.5.0-44-generic #44~22.04.1-Ubuntu SMP PREEMPT_DYNAMIC Tue Jun 18 14:36:16 UTC 2 x86_64 x86_64 x86_64 GNU/Linux
     11:10:49 up 3 days, 13:48,  1 user,  load average: 1.55, 1.70, 1.70

commit 10930ce8330876eebfa3b09787e734a8a23b92f8
Author: tracer-ysyx <tracer@ysyx.org>
Date:   Fri Sep 27 11:03:18 2024 +0800

    > run NEMU
    ysyx_24080032 杨鹏城
    Linux ypc 6.5.0-44-generic #44~22.04.1-Ubuntu SMP PREEMPT_DYNAMIC Tue Jun 18 14:36:16 UTC 2 x86_64 x86_64 x86_64 GNU/Linux
     11:03:18 up 3 days, 13:40,  1 user,  load average: 2.22, 1.92, 1.71

commit e037a03036aabb4771a0b6be1e6220e1dfb90303
Author: tracer-ysyx <tracer@ysyx.org>
Date:   Fri Sep 27 11:03:18 2024 +0800

    > compile NEMU
    ysyx_24080032 杨鹏城
    Linux ypc 6.5.0-44-generic #44~22.04.1-Ubuntu SMP PREEMPT_DYNAMIC Tue Jun 18 14:36:16 UTC 2 x86_64 x86_64 x86_64 GNU/Linux
     11:03:18 up 3 days, 13:40,  1 user,  load average: 2.22, 1.92, 1.71

commit b85faaffdfdd33e9c299c64a7d571d566daecb7d
Author: tracer-ysyx <tracer@ysyx.org>
Date:   Fri Sep 27 11:02:35 2024 +0800

    > run NEMU
    ysyx_24080032 杨鹏城
    Linux ypc 6.5.0-44-generic #44~22.04.1-Ubuntu SMP PREEMPT_DYNAMIC Tue Jun 18 14:36:16 UTC 2 x86_64 x86_64 x86_64 GNU/Linux
     11:02:35 up 3 days, 13:40,  1 user,  load average: 2.08, 1.82, 1.67

commit 208bda25c25d043bf8257a33fcb505445fa4c283
Author: tracer-ysyx <tracer@ysyx.org>
Date:   Fri Sep 27 11:02:35 2024 +0800

    > compile NEMU
    ysyx_24080032 杨鹏城
    Linux ypc 6.5.0-44-generic #44~22.04.1-Ubuntu SMP PREEMPT_DYNAMIC Tue Jun 18 14:36:16 UTC 2 x86_64 x86_64 x86_64 GNU/Linux
     11:02:35 up 3 days, 13:40,  1 user,  load average: 2.08, 1.82, 1.67

commit d4109b7a0813121e10b2c8d67ec1f63453b20732
Author: tracer-ysyx <tracer@ysyx.org>
Date:   Fri Sep 27 11:02:00 2024 +0800

    > run NEMU
    ysyx_24080032 杨鹏城
    Linux ypc 6.5.0-44-generic #44~22.04.1-Ubuntu SMP PREEMPT_DYNAMIC Tue Jun 18 14:36:16 UTC 2 x86_64 x86_64 x86_64 GNU/Linux
     11:02:00 up 3 days, 13:39,  1 user,  load average: 1.95, 1.80, 1.66

commit cf2073b04bfc10debd9aff8956e9c6f6501870a3
Author: tracer-ysyx <tracer@ysyx.org>
Date:   Fri Sep 27 11:02:00 2024 +0800

    > compile NEMU
    ysyx_24080032 杨鹏城
    Linux ypc 6.5.0-44-generic #44~22.04.1-Ubuntu SMP PREEMPT_DYNAMIC Tue Jun 18 14:36:16 UTC 2 x86_64 x86_64 x86_64 GNU/Linux
     11:02:00 up 3 days, 13:39,  1 user,  load average: 1.95, 1.80, 1.66

commit 0c1e6a2092eaf87648a7236c9ba13655863d1a02
Author: tracer-ysyx <tracer@ysyx.org>
Date:   Fri Sep 27 11:01:12 2024 +0800

    > run NEMU
    ysyx_24080032 杨鹏城
    Linux ypc 6.5.0-44-generic #44~22.04.1-Ubuntu SMP PREEMPT_DYNAMIC Tue Jun 18 14:36:16 UTC 2 x86_64 x86_64 x86_64 GNU/Linux
     11:01:12 up 3 days, 13:38,  1 user,  load average: 1.87, 1.76, 1.64

commit 2313988242a3569d2274e7fb5511595221e5cb14
Author: tracer-ysyx <tracer@ysyx.org>
Date:   Fri Sep 27 11:01:12 2024 +0800

    > compile NEMU
    ysyx_24080032 杨鹏城
    Linux ypc 6.5.0-44-generic #44~22.04.1-Ubuntu SMP PREEMPT_DYNAMIC Tue Jun 18 14:36:16 UTC 2 x86_64 x86_64 x86_64 GNU/Linux
     11:01:12 up 3 days, 13:38,  1 user,  load average: 1.87, 1.76, 1.64

commit 4c2f4160d2f53b824ba1bf118a08c9e16df30eb6
Author: tracer-ysyx <tracer@ysyx.org>
Date:   Fri Sep 27 10:55:00 2024 +0800

    > run NEMU
    ysyx_24080032 杨鹏城
    Linux ypc 6.5.0-44-generic #44~22.04.1-Ubuntu SMP PREEMPT_DYNAMIC Tue Jun 18 14:36:16 UTC 2 x86_64 x86_64 x86_64 GNU/Linux
     10:55:00 up 3 days, 13:32,  1 user,  load average: 1.97, 1.50, 1.50

commit f65b3a2c02fdc40e5664bc378141abe798c2b201
Author: tracer-ysyx <tracer@ysyx.org>
Date:   Fri Sep 27 10:55:00 2024 +0800

    > compile NEMU
    ysyx_24080032 杨鹏城
    Linux ypc 6.5.0-44-generic #44~22.04.1-Ubuntu SMP PREEMPT_DYNAMIC Tue Jun 18 14:36:16 UTC 2 x86_64 x86_64 x86_64 GNU/Linux
     10:55:00 up 3 days, 13:32,  1 user,  load average: 1.97, 1.50, 1.50

commit 37d14146f462dcaaaeda7ca332442cd0682e186b
Author: tracer-ysyx <tracer@ysyx.org>
Date:   Fri Sep 27 10:53:57 2024 +0800

    > run NEMU
    ysyx_24080032 杨鹏城
    Linux ypc 6.5.0-44-generic #44~22.04.1-Ubuntu SMP PREEMPT_DYNAMIC Tue Jun 18 14:36:16 UTC 2 x86_64 x86_64 x86_64 GNU/Linux
     10:53:57 up 3 days, 13:31,  1 user,  load average: 1.44, 1.32, 1.45

commit cc5203f28dcef22b62ece74072e17903d90d89b0
Author: tracer-ysyx <tracer@ysyx.org>
Date:   Fri Sep 27 10:53:57 2024 +0800

    > compile NEMU
    ysyx_24080032 杨鹏城
    Linux ypc 6.5.0-44-generic #44~22.04.1-Ubuntu SMP PREEMPT_DYNAMIC Tue Jun 18 14:36:16 UTC 2 x86_64 x86_64 x86_64 GNU/Linux
     10:53:57 up 3 days, 13:31,  1 user,  load average: 1.44, 1.32, 1.45

commit 8e68dc59f67cc415857d4004c9f633b97347d031
Author: tracer-ysyx <tracer@ysyx.org>
Date:   Fri Sep 27 10:53:49 2024 +0800

    > run NEMU
    ysyx_24080032 杨鹏城
    Linux ypc 6.5.0-44-generic #44~22.04.1-Ubuntu SMP PREEMPT_DYNAMIC Tue Jun 18 14:36:16 UTC 2 x86_64 x86_64 x86_64 GNU/Linux
     10:53:49 up 3 days, 13:31,  1 user,  load average: 1.39, 1.31, 1.45

commit 42ff89e753f3bb8ffe8d12109cf5306930e5e914
Author: tracer-ysyx <tracer@ysyx.org>
Date:   Fri Sep 27 10:53:49 2024 +0800

    > compile NEMU
    ysyx_24080032 杨鹏城
    Linux ypc 6.5.0-44-generic #44~22.04.1-Ubuntu SMP PREEMPT_DYNAMIC Tue Jun 18 14:36:16 UTC 2 x86_64 x86_64 x86_64 GNU/Linux
     10:53:49 up 3 days, 13:31,  1 user,  load average: 1.39, 1.31, 1.45

commit 0fd5f8273281299a26279966ee23ef3f0cd7d627
Author: tracer-ysyx <tracer@ysyx.org>
Date:   Fri Sep 27 10:15:15 2024 +0800

    > run NEMU
    ysyx_24080032 杨鹏城
    Linux ypc 6.5.0-44-generic #44~22.04.1-Ubuntu SMP PREEMPT_DYNAMIC Tue Jun 18 14:36:16 UTC 2 x86_64 x86_64 x86_64 GNU/Linux
     10:15:15 up 3 days, 12:52,  1 user,  load average: 1.73, 1.89, 1.77

commit 018b3cd5c22cf66f4cdf8a8643b0d67c8a7f345d
Author: tracer-ysyx <tracer@ysyx.org>
Date:   Fri Sep 27 10:15:15 2024 +0800

    > compile NEMU
    ysyx_24080032 杨鹏城
    Linux ypc 6.5.0-44-generic #44~22.04.1-Ubuntu SMP PREEMPT_DYNAMIC Tue Jun 18 14:36:16 UTC 2 x86_64 x86_64 x86_64 GNU/Linux
     10:15:15 up 3 days, 12:52,  1 user,  load average: 1.73, 1.89, 1.77

commit 6630f369c40c589437db15b58828e58d1a522537
Author: tracer-ysyx <tracer@ysyx.org>
Date:   Fri Sep 27 10:14:52 2024 +0800

    > run NEMU
    ysyx_24080032 杨鹏城
    Linux ypc 6.5.0-44-generic #44~22.04.1-Ubuntu SMP PREEMPT_DYNAMIC Tue Jun 18 14:36:16 UTC 2 x86_64 x86_64 x86_64 GNU/Linux
     10:14:52 up 3 days, 12:52,  1 user,  load average: 2.02, 1.95, 1.78

commit 0acb9855175ee1044037a47605d2927a5bd5e0fa
Author: tracer-ysyx <tracer@ysyx.org>
Date:   Fri Sep 27 10:14:52 2024 +0800

    > compile NEMU
    ysyx_24080032 杨鹏城
    Linux ypc 6.5.0-44-generic #44~22.04.1-Ubuntu SMP PREEMPT_DYNAMIC Tue Jun 18 14:36:16 UTC 2 x86_64 x86_64 x86_64 GNU/Linux
     10:14:52 up 3 days, 12:52,  1 user,  load average: 2.02, 1.95, 1.78

commit 6ede0fd37518fba57f18fc17df47a0a94b9e0d04
Author: tracer-ysyx <tracer@ysyx.org>
Date:   Fri Sep 27 10:12:27 2024 +0800

    > run NEMU
    ysyx_24080032 杨鹏城
    Linux ypc 6.5.0-44-generic #44~22.04.1-Ubuntu SMP PREEMPT_DYNAMIC Tue Jun 18 14:36:16 UTC 2 x86_64 x86_64 x86_64 GNU/Linux
     10:12:27 up 3 days, 12:49,  1 user,  load average: 2.19, 1.92, 1.75

commit e1c2065604bef92589d6c7d7d346baa141180616
Author: tracer-ysyx <tracer@ysyx.org>
Date:   Fri Sep 27 10:12:27 2024 +0800

    > compile NEMU
    ysyx_24080032 杨鹏城
    Linux ypc 6.5.0-44-generic #44~22.04.1-Ubuntu SMP PREEMPT_DYNAMIC Tue Jun 18 14:36:16 UTC 2 x86_64 x86_64 x86_64 GNU/Linux
     10:12:27 up 3 days, 12:49,  1 user,  load average: 2.19, 1.92, 1.75

commit c18d8d106cd97daefa69f480cb13bb02ba591179
Author: tracer-ysyx <tracer@ysyx.org>
Date:   Thu Sep 26 23:23:07 2024 +0800

    > run NEMU
    ysyx_24080032 杨鹏城
    Linux ypc 6.5.0-44-generic #44~22.04.1-Ubuntu SMP PREEMPT_DYNAMIC Tue Jun 18 14:36:16 UTC 2 x86_64 x86_64 x86_64 GNU/Linux
     23:23:07 up 3 days,  2:00,  1 user,  load average: 1.66, 1.47, 1.55

commit 54901eb2276ae277bbd4532d7f7af11464aa066b
Author: tracer-ysyx <tracer@ysyx.org>
Date:   Thu Sep 26 23:23:07 2024 +0800

    > compile NEMU
    ysyx_24080032 杨鹏城
    Linux ypc 6.5.0-44-generic #44~22.04.1-Ubuntu SMP PREEMPT_DYNAMIC Tue Jun 18 14:36:16 UTC 2 x86_64 x86_64 x86_64 GNU/Linux
     23:23:07 up 3 days,  2:00,  1 user,  load average: 1.66, 1.47, 1.55

commit b9eab577566da9449537fceb9fd35f381c0dfe29
Author: tracer-ysyx <tracer@ysyx.org>
Date:   Thu Sep 26 22:59:32 2024 +0800

    > run NEMU
    ysyx_24080032 杨鹏城
    Linux ypc 6.5.0-44-generic #44~22.04.1-Ubuntu SMP PREEMPT_DYNAMIC Tue Jun 18 14:36:16 UTC 2 x86_64 x86_64 x86_64 GNU/Linux
     22:59:32 up 3 days,  1:37,  1 user,  load average: 1.81, 1.73, 1.63

commit 4a548beeab59b9208dd8eb56063ff3f7da4b1c6e
Author: tracer-ysyx <tracer@ysyx.org>
Date:   Thu Sep 26 22:59:32 2024 +0800

    > compile NEMU
    ysyx_24080032 杨鹏城
    Linux ypc 6.5.0-44-generic #44~22.04.1-Ubuntu SMP PREEMPT_DYNAMIC Tue Jun 18 14:36:16 UTC 2 x86_64 x86_64 x86_64 GNU/Linux
     22:59:32 up 3 days,  1:37,  1 user,  load average: 1.81, 1.73, 1.63

commit 3eee7e61fc9242ff1907b23c8eb0e703a4876c70
Author: tracer-ysyx <tracer@ysyx.org>
Date:   Thu Sep 26 22:59:04 2024 +0800

    > run NEMU
    ysyx_24080032 杨鹏城
    Linux ypc 6.5.0-44-generic #44~22.04.1-Ubuntu SMP PREEMPT_DYNAMIC Tue Jun 18 14:36:16 UTC 2 x86_64 x86_64 x86_64 GNU/Linux
     22:59:04 up 3 days,  1:36,  1 user,  load average: 2.14, 1.77, 1.65

commit 1692d1540dc1cda7b5f6b3181be3a5feac9f8499
Author: tracer-ysyx <tracer@ysyx.org>
Date:   Thu Sep 26 22:59:04 2024 +0800

    > compile NEMU
    ysyx_24080032 杨鹏城
    Linux ypc 6.5.0-44-generic #44~22.04.1-Ubuntu SMP PREEMPT_DYNAMIC Tue Jun 18 14:36:16 UTC 2 x86_64 x86_64 x86_64 GNU/Linux
     22:59:04 up 3 days,  1:36,  1 user,  load average: 2.14, 1.77, 1.65

commit 47ca950f5299e0650d990294d1bb03645f6f82f6
Author: tracer-ysyx <tracer@ysyx.org>
Date:   Thu Sep 26 22:29:33 2024 +0800

    > sim RTL
    ysyx_24080032 杨鹏城
    Linux ypc 6.5.0-44-generic #44~22.04.1-Ubuntu SMP PREEMPT_DYNAMIC Tue Jun 18 14:36:16 UTC 2 x86_64 x86_64 x86_64 GNU/Linux
     22:29:33 up 3 days,  1:07,  1 user,  load average: 1.43, 1.63, 1.63

commit 20e051095193e536366ebd4d8bcd06393600492c
Author: tracer-ysyx <tracer@ysyx.org>
Date:   Thu Sep 26 22:29:10 2024 +0800

    > sim RTL
    ysyx_24080032 杨鹏城
    Linux ypc 6.5.0-44-generic #44~22.04.1-Ubuntu SMP PREEMPT_DYNAMIC Tue Jun 18 14:36:16 UTC 2 x86_64 x86_64 x86_64 GNU/Linux
     22:29:10 up 3 days,  1:06,  1 user,  load average: 1.66, 1.69, 1.65

commit bdaab8a6adb9953799bc34cb20b411438dd20355
Author: tracer-ysyx <tracer@ysyx.org>
Date:   Thu Sep 26 16:33:02 2024 +0800

    > run NEMU
    ysyx_100006503 杨鹏城
    Linux ypc 6.5.0-44-generic #44~22.04.1-Ubuntu SMP PREEMPT_DYNAMIC Tue Jun 18 14:36:16 UTC 2 x86_64 x86_64 x86_64 GNU/Linux
     16:33:02 up 2 days, 19:10,  1 user,  load average: 2.07, 1.70, 1.69

commit 8c4c80844284b4cdf386d36be204d91974d61581
Author: tracer-ysyx <tracer@ysyx.org>
Date:   Thu Sep 26 16:33:02 2024 +0800

    > compile NEMU
    ysyx_100006503 杨鹏城
    Linux ypc 6.5.0-44-generic #44~22.04.1-Ubuntu SMP PREEMPT_DYNAMIC Tue Jun 18 14:36:16 UTC 2 x86_64 x86_64 x86_64 GNU/Linux
     16:33:02 up 2 days, 19:10,  1 user,  load average: 2.07, 1.70, 1.69

commit 5c69fb189384fed327472bb3187f958b05ba2042
Author: tracer-ysyx <tracer@ysyx.org>
Date:   Thu Sep 26 16:05:36 2024 +0800

    > run NEMU
    ysyx_100006503 杨鹏城
    Linux ypc 6.5.0-44-generic #44~22.04.1-Ubuntu SMP PREEMPT_DYNAMIC Tue Jun 18 14:36:16 UTC 2 x86_64 x86_64 x86_64 GNU/Linux
     16:05:36 up 2 days, 18:43,  1 user,  load average: 1.85, 1.83, 1.86

commit 288957787298f59ec77fff989adf52bfd5c22eb5
Author: tracer-ysyx <tracer@ysyx.org>
Date:   Thu Sep 26 16:05:36 2024 +0800

    > compile NEMU
    ysyx_100006503 杨鹏城
    Linux ypc 6.5.0-44-generic #44~22.04.1-Ubuntu SMP PREEMPT_DYNAMIC Tue Jun 18 14:36:16 UTC 2 x86_64 x86_64 x86_64 GNU/Linux
     16:05:36 up 2 days, 18:43,  1 user,  load average: 1.85, 1.83, 1.86

commit db4ae338d21eeb9537a1f3d2947eb18786fe55f0
Author: tracer-ysyx <tracer@ysyx.org>
Date:   Wed Sep 25 14:22:55 2024 +0800

    > run NEMU
    ysyx_100006503 杨鹏城
    Linux ypc 6.5.0-44-generic #44~22.04.1-Ubuntu SMP PREEMPT_DYNAMIC Tue Jun 18 14:36:16 UTC 2 x86_64 x86_64 x86_64 GNU/Linux
     14:22:55 up 1 day, 17:00,  1 user,  load average: 1.62, 1.45, 1.39

commit 0eb15f3f62fa8f8c3a107d776ce251cace83236b
Author: tracer-ysyx <tracer@ysyx.org>
Date:   Wed Sep 25 14:22:55 2024 +0800

    > compile NEMU
    ysyx_100006503 杨鹏城
    Linux ypc 6.5.0-44-generic #44~22.04.1-Ubuntu SMP PREEMPT_DYNAMIC Tue Jun 18 14:36:16 UTC 2 x86_64 x86_64 x86_64 GNU/Linux
     14:22:55 up 1 day, 17:00,  1 user,  load average: 1.62, 1.45, 1.39

commit 44f710217be4b51fb1e93e90baf25dc68120540d
Author: tracer-ysyx <tracer@ysyx.org>
Date:   Wed Sep 25 14:19:24 2024 +0800

    > run NEMU
    ysyx_100006503 杨鹏城
    Linux ypc 6.5.0-44-generic #44~22.04.1-Ubuntu SMP PREEMPT_DYNAMIC Tue Jun 18 14:36:16 UTC 2 x86_64 x86_64 x86_64 GNU/Linux
     14:19:24 up 1 day, 16:56,  1 user,  load average: 1.27, 1.30, 1.35

commit 7c557018d47191d54cdf7478104f97a6b7173766
Author: tracer-ysyx <tracer@ysyx.org>
Date:   Wed Sep 25 14:19:24 2024 +0800

    > compile NEMU
    ysyx_100006503 杨鹏城
    Linux ypc 6.5.0-44-generic #44~22.04.1-Ubuntu SMP PREEMPT_DYNAMIC Tue Jun 18 14:36:16 UTC 2 x86_64 x86_64 x86_64 GNU/Linux
     14:19:24 up 1 day, 16:56,  1 user,  load average: 1.27, 1.30, 1.35

commit f0eb5e95b7fe1a85615a8e7515a90b7cc56c3ac3
Author: tracer-ysyx <tracer@ysyx.org>
Date:   Wed Sep 25 14:18:57 2024 +0800

    > run NEMU
    ysyx_100006503 杨鹏城
    Linux ypc 6.5.0-44-generic #44~22.04.1-Ubuntu SMP PREEMPT_DYNAMIC Tue Jun 18 14:36:16 UTC 2 x86_64 x86_64 x86_64 GNU/Linux
     14:18:57 up 1 day, 16:56,  1 user,  load average: 1.31, 1.31, 1.36

commit c1c84210abd50dc32a54bcff0861c4b58cab0ae7
Author: tracer-ysyx <tracer@ysyx.org>
Date:   Wed Sep 25 14:18:57 2024 +0800

    > compile NEMU
    ysyx_100006503 杨鹏城
    Linux ypc 6.5.0-44-generic #44~22.04.1-Ubuntu SMP PREEMPT_DYNAMIC Tue Jun 18 14:36:16 UTC 2 x86_64 x86_64 x86_64 GNU/Linux
     14:18:57 up 1 day, 16:56,  1 user,  load average: 1.31, 1.31, 1.36

commit 6e5ffbd7a3952e6d8f6b8bd1439a9fd74c16afbc
Author: tracer-ysyx <tracer@ysyx.org>
Date:   Tue Sep 24 20:31:14 2024 +0800

    > run NEMU
    ysyx_100006503 杨鹏城
    Linux ypc 6.5.0-44-generic #44~22.04.1-Ubuntu SMP PREEMPT_DYNAMIC Tue Jun 18 14:36:16 UTC 2 x86_64 x86_64 x86_64 GNU/Linux
     20:31:14 up 1 day, 10:44,  1 user,  load average: 1.74, 1.57, 1.54

commit 800f299f7afa1fb4f8b0b72fe518c1a5ee2f4844
Author: tracer-ysyx <tracer@ysyx.org>
Date:   Tue Sep 24 20:31:12 2024 +0800

    > compile NEMU
    ysyx_100006503 杨鹏城
    Linux ypc 6.5.0-44-generic #44~22.04.1-Ubuntu SMP PREEMPT_DYNAMIC Tue Jun 18 14:36:16 UTC 2 x86_64 x86_64 x86_64 GNU/Linux
     20:31:12 up 1 day, 10:44,  1 user,  load average: 1.74, 1.57, 1.54

commit cc9a8bf4b5e580add52ea815dad0698e5306be01
Author: tracer-ysyx <tracer@ysyx.org>
Date:   Tue Sep 24 20:31:10 2024 +0800

    > run NEMU
    ysyx_100006503 杨鹏城
    Linux ypc 6.5.0-44-generic #44~22.04.1-Ubuntu SMP PREEMPT_DYNAMIC Tue Jun 18 14:36:16 UTC 2 x86_64 x86_64 x86_64 GNU/Linux
     20:31:10 up 1 day, 10:44,  1 user,  load average: 1.72, 1.56, 1.54

commit d6263307c9952632570fb0d934f30640540edf4c
Author: tracer-ysyx <tracer@ysyx.org>
Date:   Tue Sep 24 20:31:08 2024 +0800

    > compile NEMU
    ysyx_100006503 杨鹏城
    Linux ypc 6.5.0-44-generic #44~22.04.1-Ubuntu SMP PREEMPT_DYNAMIC Tue Jun 18 14:36:16 UTC 2 x86_64 x86_64 x86_64 GNU/Linux
     20:31:08 up 1 day, 10:44,  1 user,  load average: 1.72, 1.56, 1.54

commit 8140c46060b8a1d8894ccb54108034f1aa951c30
Author: tracer-ysyx <tracer@ysyx.org>
Date:   Tue Sep 24 20:28:22 2024 +0800

    > run NEMU
    ysyx_100006503 杨鹏城
    Linux ypc 6.5.0-44-generic #44~22.04.1-Ubuntu SMP PREEMPT_DYNAMIC Tue Jun 18 14:36:16 UTC 2 x86_64 x86_64 x86_64 GNU/Linux
     20:28:22 up 1 day, 10:41,  1 user,  load average: 1.61, 1.54, 1.53

commit 90826de9d54f2df8ffb9a905170e8bc5a1beaa84
Author: tracer-ysyx <tracer@ysyx.org>
Date:   Tue Sep 24 20:28:21 2024 +0800

    > compile NEMU
    ysyx_100006503 杨鹏城
    Linux ypc 6.5.0-44-generic #44~22.04.1-Ubuntu SMP PREEMPT_DYNAMIC Tue Jun 18 14:36:16 UTC 2 x86_64 x86_64 x86_64 GNU/Linux
     20:28:21 up 1 day, 10:41,  1 user,  load average: 1.57, 1.53, 1.53

commit d1af59c273d5e9c27e423da40832dea9bff659d8
Author: tracer-ysyx <tracer@ysyx.org>
Date:   Tue Sep 24 20:27:48 2024 +0800

    > run NEMU
    ysyx_100006503 杨鹏城
    Linux ypc 6.5.0-44-generic #44~22.04.1-Ubuntu SMP PREEMPT_DYNAMIC Tue Jun 18 14:36:16 UTC 2 x86_64 x86_64 x86_64 GNU/Linux
     20:27:48 up 1 day, 10:41,  1 user,  load average: 1.77, 1.55, 1.53

commit d4c5ef2ce66f27ef144a8625175bf19884db86df
Author: tracer-ysyx <tracer@ysyx.org>
Date:   Tue Sep 24 20:27:48 2024 +0800

    > compile NEMU
    ysyx_100006503 杨鹏城
    Linux ypc 6.5.0-44-generic #44~22.04.1-Ubuntu SMP PREEMPT_DYNAMIC Tue Jun 18 14:36:16 UTC 2 x86_64 x86_64 x86_64 GNU/Linux
     20:27:48 up 1 day, 10:41,  1 user,  load average: 1.77, 1.55, 1.53

commit 586e3544e8c8445b3dfa7522aa511ad8c05528a2
Author: tracer-ysyx <tracer@ysyx.org>
Date:   Tue Sep 24 20:27:23 2024 +0800

    > run NEMU
    ysyx_100006503 杨鹏城
    Linux ypc 6.5.0-44-generic #44~22.04.1-Ubuntu SMP PREEMPT_DYNAMIC Tue Jun 18 14:36:16 UTC 2 x86_64 x86_64 x86_64 GNU/Linux
     20:27:23 up 1 day, 10:40,  1 user,  load average: 1.62, 1.50, 1.51

commit 51b67d8899071c484b8e1d5015ea52257998208b
Author: tracer-ysyx <tracer@ysyx.org>
Date:   Tue Sep 24 20:27:23 2024 +0800

    > compile NEMU
    ysyx_100006503 杨鹏城
    Linux ypc 6.5.0-44-generic #44~22.04.1-Ubuntu SMP PREEMPT_DYNAMIC Tue Jun 18 14:36:16 UTC 2 x86_64 x86_64 x86_64 GNU/Linux
     20:27:23 up 1 day, 10:40,  1 user,  load average: 1.62, 1.50, 1.51

commit e9e6b8ae50900accfe6b87fc528f370e22ce8021
Author: tracer-ysyx <tracer@ysyx.org>
Date:   Tue Sep 24 20:27:03 2024 +0800

    > run NEMU
    ysyx_100006503 杨鹏城
    Linux ypc 6.5.0-44-generic #44~22.04.1-Ubuntu SMP PREEMPT_DYNAMIC Tue Jun 18 14:36:16 UTC 2 x86_64 x86_64 x86_64 GNU/Linux
     20:27:03 up 1 day, 10:40,  1 user,  load average: 1.66, 1.50, 1.51

commit 9086038475f9d36c0188e5654717c0db99af8ab8
Author: tracer-ysyx <tracer@ysyx.org>
Date:   Tue Sep 24 20:27:03 2024 +0800

    > compile NEMU
    ysyx_100006503 杨鹏城
    Linux ypc 6.5.0-44-generic #44~22.04.1-Ubuntu SMP PREEMPT_DYNAMIC Tue Jun 18 14:36:16 UTC 2 x86_64 x86_64 x86_64 GNU/Linux
     20:27:03 up 1 day, 10:40,  1 user,  load average: 1.66, 1.50, 1.51

commit 7d94cd0246f177b59b20c36707fadfc1c4658677
Author: tracer-ysyx <tracer@ysyx.org>
Date:   Tue Sep 24 20:22:37 2024 +0800

    > run NEMU
    ysyx_100006503 杨鹏城
    Linux ypc 6.5.0-44-generic #44~22.04.1-Ubuntu SMP PREEMPT_DYNAMIC Tue Jun 18 14:36:16 UTC 2 x86_64 x86_64 x86_64 GNU/Linux
     20:22:37 up 1 day, 10:35,  1 user,  load average: 1.38, 1.43, 1.52

commit bc876a4a4540e99355fd9fff22121158521d891f
Author: tracer-ysyx <tracer@ysyx.org>
Date:   Tue Sep 24 20:22:37 2024 +0800

    > compile NEMU
    ysyx_100006503 杨鹏城
    Linux ypc 6.5.0-44-generic #44~22.04.1-Ubuntu SMP PREEMPT_DYNAMIC Tue Jun 18 14:36:16 UTC 2 x86_64 x86_64 x86_64 GNU/Linux
     20:22:37 up 1 day, 10:35,  1 user,  load average: 1.38, 1.43, 1.52

commit 3796325a276e77d5d7eb944585be9f0674ab96f9
Author: tracer-ysyx <tracer@ysyx.org>
Date:   Tue Sep 24 20:21:42 2024 +0800

    > run NEMU
    ysyx_100006503 杨鹏城
    Linux ypc 6.5.0-44-generic #44~22.04.1-Ubuntu SMP PREEMPT_DYNAMIC Tue Jun 18 14:36:16 UTC 2 x86_64 x86_64 x86_64 GNU/Linux
     20:21:42 up 1 day, 10:35,  1 user,  load average: 1.53, 1.47, 1.53

commit eb3040dce5180dcaa4d852103238efdc700feb57
Author: tracer-ysyx <tracer@ysyx.org>
Date:   Tue Sep 24 20:21:40 2024 +0800

    > compile NEMU
    ysyx_100006503 杨鹏城
    Linux ypc 6.5.0-44-generic #44~22.04.1-Ubuntu SMP PREEMPT_DYNAMIC Tue Jun 18 14:36:16 UTC 2 x86_64 x86_64 x86_64 GNU/Linux
     20:21:40 up 1 day, 10:34,  1 user,  load average: 1.49, 1.46, 1.53

commit 43b7944abbbe568b6bdec5cf3bbe14a36a1efc31
Author: tracer-ysyx <tracer@ysyx.org>
Date:   Tue Sep 24 20:16:31 2024 +0800

    > run NEMU
    ysyx_100006503 杨鹏城
    Linux ypc 6.5.0-44-generic #44~22.04.1-Ubuntu SMP PREEMPT_DYNAMIC Tue Jun 18 14:36:16 UTC 2 x86_64 x86_64 x86_64 GNU/Linux
     20:16:31 up 1 day, 10:29,  1 user,  load average: 1.35, 1.27, 1.50

commit 12fa1d437159257baeeecec98491fe6300a877b7
Author: tracer-ysyx <tracer@ysyx.org>
Date:   Tue Sep 24 20:16:29 2024 +0800

    > compile NEMU
    ysyx_100006503 杨鹏城
    Linux ypc 6.5.0-44-generic #44~22.04.1-Ubuntu SMP PREEMPT_DYNAMIC Tue Jun 18 14:36:16 UTC 2 x86_64 x86_64 x86_64 GNU/Linux
     20:16:29 up 1 day, 10:29,  1 user,  load average: 1.30, 1.25, 1.50

commit cf44132a5b14da8060a5e6487834bc6cfef3bf20
Author: tracer-ysyx <tracer@ysyx.org>
Date:   Tue Sep 24 09:56:56 2024 +0800

    > run NEMU
    ysyx_100006503 杨鹏城
    Linux ypc 6.5.0-44-generic #44~22.04.1-Ubuntu SMP PREEMPT_DYNAMIC Tue Jun 18 14:36:16 UTC 2 x86_64 x86_64 x86_64 GNU/Linux
     09:56:56 up 1 day, 10 min,  1 user,  load average: 1.23, 1.29, 1.27

commit f88698d70bfba1c31468980d400430d5306ab114
Author: tracer-ysyx <tracer@ysyx.org>
Date:   Tue Sep 24 09:56:56 2024 +0800

    > compile NEMU
    ysyx_100006503 杨鹏城
    Linux ypc 6.5.0-44-generic #44~22.04.1-Ubuntu SMP PREEMPT_DYNAMIC Tue Jun 18 14:36:16 UTC 2 x86_64 x86_64 x86_64 GNU/Linux
     09:56:56 up 1 day, 10 min,  1 user,  load average: 1.23, 1.29, 1.27

commit 4c43a67df798a456072cb4e62fd871b2112532b3
Author: tracer-ysyx <tracer@ysyx.org>
Date:   Tue Sep 24 09:55:24 2024 +0800

    > run NEMU
    ysyx_100006503 杨鹏城
    Linux ypc 6.5.0-44-generic #44~22.04.1-Ubuntu SMP PREEMPT_DYNAMIC Tue Jun 18 14:36:16 UTC 2 x86_64 x86_64 x86_64 GNU/Linux
     09:55:24 up 1 day, 8 min,  1 user,  load average: 1.27, 1.33, 1.28

commit 2215b066ed085baa3edbec2607ce293e31377a8e
Author: tracer-ysyx <tracer@ysyx.org>
Date:   Tue Sep 24 09:55:24 2024 +0800

    > compile NEMU
    ysyx_100006503 杨鹏城
    Linux ypc 6.5.0-44-generic #44~22.04.1-Ubuntu SMP PREEMPT_DYNAMIC Tue Jun 18 14:36:16 UTC 2 x86_64 x86_64 x86_64 GNU/Linux
     09:55:24 up 1 day, 8 min,  1 user,  load average: 1.27, 1.33, 1.28

commit 5ff009294902a17909445166412b9ed78144634a
Author: tracer-ysyx <tracer@ysyx.org>
Date:   Tue Sep 24 09:54:18 2024 +0800

    > run NEMU
    ysyx_100006503 杨鹏城
    Linux ypc 6.5.0-44-generic #44~22.04.1-Ubuntu SMP PREEMPT_DYNAMIC Tue Jun 18 14:36:16 UTC 2 x86_64 x86_64 x86_64 GNU/Linux
     09:54:18 up 1 day, 7 min,  1 user,  load average: 1.21, 1.34, 1.28

commit c2756c5005c470e6e915ed0a874403a3a73d5afa
Author: tracer-ysyx <tracer@ysyx.org>
Date:   Tue Sep 24 09:54:18 2024 +0800

    > compile NEMU
    ysyx_100006503 杨鹏城
    Linux ypc 6.5.0-44-generic #44~22.04.1-Ubuntu SMP PREEMPT_DYNAMIC Tue Jun 18 14:36:16 UTC 2 x86_64 x86_64 x86_64 GNU/Linux
     09:54:18 up 1 day, 7 min,  1 user,  load average: 1.21, 1.34, 1.28

commit 7d257af00c6303260fa9e5804d6912a72218433f
Author: tracer-ysyx <tracer@ysyx.org>
Date:   Tue Sep 24 09:53:03 2024 +0800

    > run NEMU
    ysyx_100006503 杨鹏城
    Linux ypc 6.5.0-44-generic #44~22.04.1-Ubuntu SMP PREEMPT_DYNAMIC Tue Jun 18 14:36:16 UTC 2 x86_64 x86_64 x86_64 GNU/Linux
     09:53:03 up 1 day, 6 min,  1 user,  load average: 1.33, 1.39, 1.29

commit d5702d4eb3179350b574845cc996dd158c455861
Author: tracer-ysyx <tracer@ysyx.org>
Date:   Tue Sep 24 09:53:02 2024 +0800

    > compile NEMU
    ysyx_100006503 杨鹏城
    Linux ypc 6.5.0-44-generic #44~22.04.1-Ubuntu SMP PREEMPT_DYNAMIC Tue Jun 18 14:36:16 UTC 2 x86_64 x86_64 x86_64 GNU/Linux
     09:53:02 up 1 day, 6 min,  1 user,  load average: 1.33, 1.39, 1.29

commit c9fc801f24f1e93efc4023d286fb823d8d486ad9
Author: tracer-ysyx <tracer@ysyx.org>
Date:   Tue Sep 24 09:52:51 2024 +0800

    > run NEMU
    ysyx_100006503 杨鹏城
    Linux ypc 6.5.0-44-generic #44~22.04.1-Ubuntu SMP PREEMPT_DYNAMIC Tue Jun 18 14:36:16 UTC 2 x86_64 x86_64 x86_64 GNU/Linux
     09:52:51 up 1 day, 6 min,  1 user,  load average: 1.29, 1.38, 1.29

commit 44119980ad44ea3e38e3421903e698abf320385b
Author: tracer-ysyx <tracer@ysyx.org>
Date:   Tue Sep 24 09:52:51 2024 +0800

    > compile NEMU
    ysyx_100006503 杨鹏城
    Linux ypc 6.5.0-44-generic #44~22.04.1-Ubuntu SMP PREEMPT_DYNAMIC Tue Jun 18 14:36:16 UTC 2 x86_64 x86_64 x86_64 GNU/Linux
     09:52:51 up 1 day, 6 min,  1 user,  load average: 1.29, 1.38, 1.29

commit 218a5f7641f9ea32d1ba33e70099c58152465430
Author: tracer-ysyx <tracer@ysyx.org>
Date:   Tue Sep 24 09:52:33 2024 +0800

    > run NEMU
    ysyx_100006503 杨鹏城
    Linux ypc 6.5.0-44-generic #44~22.04.1-Ubuntu SMP PREEMPT_DYNAMIC Tue Jun 18 14:36:16 UTC 2 x86_64 x86_64 x86_64 GNU/Linux
     09:52:33 up 1 day, 5 min,  1 user,  load average: 1.21, 1.38, 1.28

commit 6fb3ffdf4ee049c82f0f0ed138ee25e82beebca5
Author: tracer-ysyx <tracer@ysyx.org>
Date:   Tue Sep 24 09:52:33 2024 +0800

    > compile NEMU
    ysyx_100006503 杨鹏城
    Linux ypc 6.5.0-44-generic #44~22.04.1-Ubuntu SMP PREEMPT_DYNAMIC Tue Jun 18 14:36:16 UTC 2 x86_64 x86_64 x86_64 GNU/Linux
     09:52:33 up 1 day, 5 min,  1 user,  load average: 1.21, 1.38, 1.28

commit 14424cd262db74acd0c5326dd34b2514091344fb
Author: tracer-ysyx <tracer@ysyx.org>
Date:   Sat Sep 21 21:42:04 2024 +0800

    > run NEMU
    ysyx_100006503 杨鹏城
    Linux ypc 6.5.0-44-generic #44~22.04.1-Ubuntu SMP PREEMPT_DYNAMIC Tue Jun 18 14:36:16 UTC 2 x86_64 x86_64 x86_64 GNU/Linux
     21:42:04 up 11 min,  1 user,  load average: 1.49, 1.64, 1.09

commit 60ff7d7a0aae0c011bd6482fec59c8480d61e0f8
Author: tracer-ysyx <tracer@ysyx.org>
Date:   Sat Sep 21 21:42:04 2024 +0800

    > compile NEMU
    ysyx_100006503 杨鹏城
    Linux ypc 6.5.0-44-generic #44~22.04.1-Ubuntu SMP PREEMPT_DYNAMIC Tue Jun 18 14:36:16 UTC 2 x86_64 x86_64 x86_64 GNU/Linux
     21:42:04 up 11 min,  1 user,  load average: 1.49, 1.64, 1.09

commit f5ce5d4350f47ca5e6b992de256b4bab25ba6404
Author: tracer-ysyx <tracer@ysyx.org>
Date:   Sat Sep 21 21:39:43 2024 +0800

    > run NEMU
    ysyx_100006503 杨鹏城
    Linux ypc 6.5.0-44-generic #44~22.04.1-Ubuntu SMP PREEMPT_DYNAMIC Tue Jun 18 14:36:16 UTC 2 x86_64 x86_64 x86_64 GNU/Linux
     21:39:43 up 9 min,  1 user,  load average: 1.77, 1.70, 1.01

commit 0528094334b01d1fe0ceb45b0e5ce81e5e6f8c4c
Author: tracer-ysyx <tracer@ysyx.org>
Date:   Sat Sep 21 21:39:43 2024 +0800

    > compile NEMU
    ysyx_100006503 杨鹏城
    Linux ypc 6.5.0-44-generic #44~22.04.1-Ubuntu SMP PREEMPT_DYNAMIC Tue Jun 18 14:36:16 UTC 2 x86_64 x86_64 x86_64 GNU/Linux
     21:39:43 up 9 min,  1 user,  load average: 1.77, 1.70, 1.01

commit 4fb3cf387ef82d1ae495da306b146121a055b9b4
Author: tracer-ysyx <tracer@ysyx.org>
Date:   Sat Sep 21 21:38:57 2024 +0800

    > run NEMU
    ysyx_100006503 杨鹏城
    Linux ypc 6.5.0-44-generic #44~22.04.1-Ubuntu SMP PREEMPT_DYNAMIC Tue Jun 18 14:36:16 UTC 2 x86_64 x86_64 x86_64 GNU/Linux
     21:38:57 up 8 min,  1 user,  load average: 2.11, 1.75, 0.99

commit dd868fe4653a141cdb6bc45e59b81b162aafc7f3
Author: tracer-ysyx <tracer@ysyx.org>
Date:   Sat Sep 21 21:38:57 2024 +0800

    > compile NEMU
    ysyx_100006503 杨鹏城
    Linux ypc 6.5.0-44-generic #44~22.04.1-Ubuntu SMP PREEMPT_DYNAMIC Tue Jun 18 14:36:16 UTC 2 x86_64 x86_64 x86_64 GNU/Linux
     21:38:57 up 8 min,  1 user,  load average: 2.11, 1.75, 0.99

commit ddcd3024a0f9245e0db10a2c5bff5be77728be93
Author: tracer-ysyx <tracer@ysyx.org>
Date:   Sat Sep 21 21:32:58 2024 +0800

    > run NEMU
    ysyx_100006503 杨鹏城
    Linux ypc 6.5.0-44-generic #44~22.04.1-Ubuntu SMP PREEMPT_DYNAMIC Tue Jun 18 14:36:16 UTC 2 x86_64 x86_64 x86_64 GNU/Linux
     21:32:58 up 2 min,  1 user,  load average: 2.44, 1.33, 0.53

commit 9807d91b12f696fa84241a8996e123b22701d819
Author: tracer-ysyx <tracer@ysyx.org>
Date:   Sat Sep 21 21:32:58 2024 +0800

    > compile NEMU
    ysyx_100006503 杨鹏城
    Linux ypc 6.5.0-44-generic #44~22.04.1-Ubuntu SMP PREEMPT_DYNAMIC Tue Jun 18 14:36:16 UTC 2 x86_64 x86_64 x86_64 GNU/Linux
     21:32:58 up 2 min,  1 user,  load average: 2.44, 1.33, 0.53

commit 37396cc9df88be38657844b7b697af91d86edf7e
Author: tracer-ysyx <tracer@ysyx.org>
Date:   Sat Sep 21 21:32:57 2024 +0800

    > run NEMU
    ysyx_100006503 杨鹏城
    Linux ypc 6.5.0-44-generic #44~22.04.1-Ubuntu SMP PREEMPT_DYNAMIC Tue Jun 18 14:36:16 UTC 2 x86_64 x86_64 x86_64 GNU/Linux
     21:32:57 up 2 min,  1 user,  load average: 2.44, 1.33, 0.53

commit d474ccea2a5481dd77c0bdc31adad1a365adadbf
Author: tracer-ysyx <tracer@ysyx.org>
Date:   Sat Sep 21 21:32:57 2024 +0800

    > compile NEMU
    ysyx_100006503 杨鹏城
    Linux ypc 6.5.0-44-generic #44~22.04.1-Ubuntu SMP PREEMPT_DYNAMIC Tue Jun 18 14:36:16 UTC 2 x86_64 x86_64 x86_64 GNU/Linux
     21:32:57 up 2 min,  1 user,  load average: 2.44, 1.33, 0.53

commit b4a31f5317445bd844174d6a04d89dbee7b52b16
Author: tracer-ysyx <tracer@ysyx.org>
Date:   Sat Sep 21 21:32:57 2024 +0800

    > run NEMU
    ysyx_100006503 杨鹏城
    Linux ypc 6.5.0-44-generic #44~22.04.1-Ubuntu SMP PREEMPT_DYNAMIC Tue Jun 18 14:36:16 UTC 2 x86_64 x86_64 x86_64 GNU/Linux
     21:32:57 up 2 min,  1 user,  load average: 2.44, 1.33, 0.53

commit b58bcbd236e06b1f897b6d1fbeea9e2386063b64
Author: tracer-ysyx <tracer@ysyx.org>
Date:   Sat Sep 21 21:32:57 2024 +0800

    > compile NEMU
    ysyx_100006503 杨鹏城
    Linux ypc 6.5.0-44-generic #44~22.04.1-Ubuntu SMP PREEMPT_DYNAMIC Tue Jun 18 14:36:16 UTC 2 x86_64 x86_64 x86_64 GNU/Linux
     21:32:57 up 2 min,  1 user,  load average: 2.44, 1.33, 0.53

commit b4d1bbc10545bd92778bee8d30ce9fc0f55aa50d
Author: tracer-ysyx <tracer@ysyx.org>
Date:   Sat Sep 21 21:32:56 2024 +0800

    > run NEMU
    ysyx_100006503 杨鹏城
    Linux ypc 6.5.0-44-generic #44~22.04.1-Ubuntu SMP PREEMPT_DYNAMIC Tue Jun 18 14:36:16 UTC 2 x86_64 x86_64 x86_64 GNU/Linux
     21:32:56 up 2 min,  1 user,  load average: 2.44, 1.33, 0.53

commit 8324f380e19b9eb7921c6cc3daf5cba7dba2dee8
Author: tracer-ysyx <tracer@ysyx.org>
Date:   Sat Sep 21 21:32:56 2024 +0800

    > compile NEMU
    ysyx_100006503 杨鹏城
    Linux ypc 6.5.0-44-generic #44~22.04.1-Ubuntu SMP PREEMPT_DYNAMIC Tue Jun 18 14:36:16 UTC 2 x86_64 x86_64 x86_64 GNU/Linux
     21:32:56 up 2 min,  1 user,  load average: 2.44, 1.33, 0.53

commit 344ff4f173807e840b6fa239339c6a367ea6d090
Author: tracer-ysyx <tracer@ysyx.org>
Date:   Sat Sep 21 21:32:56 2024 +0800

    > run NEMU
    ysyx_100006503 杨鹏城
    Linux ypc 6.5.0-44-generic #44~22.04.1-Ubuntu SMP PREEMPT_DYNAMIC Tue Jun 18 14:36:16 UTC 2 x86_64 x86_64 x86_64 GNU/Linux
     21:32:56 up 2 min,  1 user,  load average: 2.48, 1.32, 0.52

commit 3df0d5b04e07e21bf53028d2ad4be3de0c61b6b9
Author: tracer-ysyx <tracer@ysyx.org>
Date:   Sat Sep 21 21:32:56 2024 +0800

    > compile NEMU
    ysyx_100006503 杨鹏城
    Linux ypc 6.5.0-44-generic #44~22.04.1-Ubuntu SMP PREEMPT_DYNAMIC Tue Jun 18 14:36:16 UTC 2 x86_64 x86_64 x86_64 GNU/Linux
     21:32:56 up 2 min,  1 user,  load average: 2.48, 1.32, 0.52

commit c7d63d55af6e1a0d5935285041aa9ab5245b5c84
Author: tracer-ysyx <tracer@ysyx.org>
Date:   Sat Sep 21 21:32:56 2024 +0800

    > run NEMU
    ysyx_100006503 杨鹏城
    Linux ypc 6.5.0-44-generic #44~22.04.1-Ubuntu SMP PREEMPT_DYNAMIC Tue Jun 18 14:36:16 UTC 2 x86_64 x86_64 x86_64 GNU/Linux
     21:32:56 up 2 min,  1 user,  load average: 2.48, 1.32, 0.52

commit 49a25567c311c57768c40c02aaa24cff2b6d09d9
Author: tracer-ysyx <tracer@ysyx.org>
Date:   Sat Sep 21 21:32:56 2024 +0800

    > compile NEMU
    ysyx_100006503 杨鹏城
    Linux ypc 6.5.0-44-generic #44~22.04.1-Ubuntu SMP PREEMPT_DYNAMIC Tue Jun 18 14:36:16 UTC 2 x86_64 x86_64 x86_64 GNU/Linux
     21:32:56 up 2 min,  1 user,  load average: 2.48, 1.32, 0.52

commit 2a64a5e4727019dbc37f64a3b1eb7b9aac418db8
Author: tracer-ysyx <tracer@ysyx.org>
Date:   Sat Sep 21 21:32:55 2024 +0800

    > run NEMU
    ysyx_100006503 杨鹏城
    Linux ypc 6.5.0-44-generic #44~22.04.1-Ubuntu SMP PREEMPT_DYNAMIC Tue Jun 18 14:36:16 UTC 2 x86_64 x86_64 x86_64 GNU/Linux
     21:32:55 up 2 min,  1 user,  load average: 2.48, 1.32, 0.52

commit 61f42b0e01c26c80639cdfbdf055cc4ce74f8d9e
Author: tracer-ysyx <tracer@ysyx.org>
Date:   Sat Sep 21 21:32:55 2024 +0800

    > compile NEMU
    ysyx_100006503 杨鹏城
    Linux ypc 6.5.0-44-generic #44~22.04.1-Ubuntu SMP PREEMPT_DYNAMIC Tue Jun 18 14:36:16 UTC 2 x86_64 x86_64 x86_64 GNU/Linux
     21:32:55 up 2 min,  1 user,  load average: 2.48, 1.32, 0.52

commit 3ca9c0286205946069425079e8b62348c36ba415
Author: tracer-ysyx <tracer@ysyx.org>
Date:   Sat Sep 21 21:32:55 2024 +0800

    > run NEMU
    ysyx_100006503 杨鹏城
    Linux ypc 6.5.0-44-generic #44~22.04.1-Ubuntu SMP PREEMPT_DYNAMIC Tue Jun 18 14:36:16 UTC 2 x86_64 x86_64 x86_64 GNU/Linux
     21:32:55 up 2 min,  1 user,  load average: 2.48, 1.32, 0.52

commit e610cda7ae72907d1f032059f39f0e8658973655
Author: tracer-ysyx <tracer@ysyx.org>
Date:   Sat Sep 21 21:32:55 2024 +0800

    > compile NEMU
    ysyx_100006503 杨鹏城
    Linux ypc 6.5.0-44-generic #44~22.04.1-Ubuntu SMP PREEMPT_DYNAMIC Tue Jun 18 14:36:16 UTC 2 x86_64 x86_64 x86_64 GNU/Linux
     21:32:55 up 2 min,  1 user,  load average: 2.48, 1.32, 0.52

commit b465b35c0cda09ab02df1977a94f12fed8aceb30
Author: tracer-ysyx <tracer@ysyx.org>
Date:   Sat Sep 21 21:32:54 2024 +0800

    > run NEMU
    ysyx_100006503 杨鹏城
    Linux ypc 6.5.0-44-generic #44~22.04.1-Ubuntu SMP PREEMPT_DYNAMIC Tue Jun 18 14:36:16 UTC 2 x86_64 x86_64 x86_64 GNU/Linux
     21:32:54 up 2 min,  1 user,  load average: 2.48, 1.32, 0.52

commit f59293728affb310e3c052925639b6d093f53763
Author: tracer-ysyx <tracer@ysyx.org>
Date:   Sat Sep 21 21:32:54 2024 +0800

    > compile NEMU
    ysyx_100006503 杨鹏城
    Linux ypc 6.5.0-44-generic #44~22.04.1-Ubuntu SMP PREEMPT_DYNAMIC Tue Jun 18 14:36:16 UTC 2 x86_64 x86_64 x86_64 GNU/Linux
     21:32:54 up 2 min,  1 user,  load average: 2.48, 1.32, 0.52

commit 1727b5b345f3d9831b40110c1d590be3dd3d2dda
Author: tracer-ysyx <tracer@ysyx.org>
Date:   Sat Sep 21 21:32:54 2024 +0800

    > run NEMU
    ysyx_100006503 杨鹏城
    Linux ypc 6.5.0-44-generic #44~22.04.1-Ubuntu SMP PREEMPT_DYNAMIC Tue Jun 18 14:36:16 UTC 2 x86_64 x86_64 x86_64 GNU/Linux
     21:32:54 up 2 min,  1 user,  load average: 2.48, 1.32, 0.52

commit 7633e614a7970f26454c6102daf8eebe4cba1ca2
Author: tracer-ysyx <tracer@ysyx.org>
Date:   Sat Sep 21 21:32:54 2024 +0800

    > compile NEMU
    ysyx_100006503 杨鹏城
    Linux ypc 6.5.0-44-generic #44~22.04.1-Ubuntu SMP PREEMPT_DYNAMIC Tue Jun 18 14:36:16 UTC 2 x86_64 x86_64 x86_64 GNU/Linux
     21:32:54 up 2 min,  1 user,  load average: 2.48, 1.32, 0.52

commit a75dfb3c38050307782c7b203094a87c1409ff7c
Author: tracer-ysyx <tracer@ysyx.org>
Date:   Sat Sep 21 21:32:54 2024 +0800

    > run NEMU
    ysyx_100006503 杨鹏城
    Linux ypc 6.5.0-44-generic #44~22.04.1-Ubuntu SMP PREEMPT_DYNAMIC Tue Jun 18 14:36:16 UTC 2 x86_64 x86_64 x86_64 GNU/Linux
     21:32:54 up 2 min,  1 user,  load average: 2.48, 1.32, 0.52

commit aa1698de1a8e4349f1e2a4a65c9f84c7998b221e
Author: tracer-ysyx <tracer@ysyx.org>
Date:   Sat Sep 21 21:32:53 2024 +0800

    > compile NEMU
    ysyx_100006503 杨鹏城
    Linux ypc 6.5.0-44-generic #44~22.04.1-Ubuntu SMP PREEMPT_DYNAMIC Tue Jun 18 14:36:16 UTC 2 x86_64 x86_64 x86_64 GNU/Linux
     21:32:53 up 2 min,  1 user,  load average: 2.48, 1.32, 0.52

commit 41dc7e96ce50a9ff70f6b43fc75ede54ca17848f
Author: tracer-ysyx <tracer@ysyx.org>
Date:   Sat Sep 21 21:32:53 2024 +0800

    > run NEMU
    ysyx_100006503 杨鹏城
    Linux ypc 6.5.0-44-generic #44~22.04.1-Ubuntu SMP PREEMPT_DYNAMIC Tue Jun 18 14:36:16 UTC 2 x86_64 x86_64 x86_64 GNU/Linux
     21:32:53 up 2 min,  1 user,  load average: 2.48, 1.32, 0.52

commit e318b34b53e91fb375dda7e5a0e2c4dadcffac43
Author: tracer-ysyx <tracer@ysyx.org>
Date:   Sat Sep 21 21:32:53 2024 +0800

    > compile NEMU
    ysyx_100006503 杨鹏城
    Linux ypc 6.5.0-44-generic #44~22.04.1-Ubuntu SMP PREEMPT_DYNAMIC Tue Jun 18 14:36:16 UTC 2 x86_64 x86_64 x86_64 GNU/Linux
     21:32:53 up 2 min,  1 user,  load average: 2.48, 1.32, 0.52

commit 61d630497172106b11486fa3a3156ca1fe398b55
Author: tracer-ysyx <tracer@ysyx.org>
Date:   Sat Sep 21 21:32:53 2024 +0800

    > run NEMU
    ysyx_100006503 杨鹏城
    Linux ypc 6.5.0-44-generic #44~22.04.1-Ubuntu SMP PREEMPT_DYNAMIC Tue Jun 18 14:36:16 UTC 2 x86_64 x86_64 x86_64 GNU/Linux
     21:32:53 up 2 min,  1 user,  load average: 2.48, 1.32, 0.52

commit 614ea2abeadfd13c606e7896fc6e65a20b1a2592
Author: tracer-ysyx <tracer@ysyx.org>
Date:   Sat Sep 21 21:32:53 2024 +0800

    > compile NEMU
    ysyx_100006503 杨鹏城
    Linux ypc 6.5.0-44-generic #44~22.04.1-Ubuntu SMP PREEMPT_DYNAMIC Tue Jun 18 14:36:16 UTC 2 x86_64 x86_64 x86_64 GNU/Linux
     21:32:53 up 2 min,  1 user,  load average: 2.48, 1.32, 0.52

commit 8ce1480182f29fadc0d6788cbcf93d27a1dfeac1
Author: tracer-ysyx <tracer@ysyx.org>
Date:   Sat Sep 21 21:32:52 2024 +0800

    > run NEMU
    ysyx_100006503 杨鹏城
    Linux ypc 6.5.0-44-generic #44~22.04.1-Ubuntu SMP PREEMPT_DYNAMIC Tue Jun 18 14:36:16 UTC 2 x86_64 x86_64 x86_64 GNU/Linux
     21:32:52 up 2 min,  1 user,  load average: 2.48, 1.32, 0.52

commit 4db2407b198e202d06f1ac2e91e6d6a2df16c87d
Author: tracer-ysyx <tracer@ysyx.org>
Date:   Sat Sep 21 21:32:52 2024 +0800

    > compile NEMU
    ysyx_100006503 杨鹏城
    Linux ypc 6.5.0-44-generic #44~22.04.1-Ubuntu SMP PREEMPT_DYNAMIC Tue Jun 18 14:36:16 UTC 2 x86_64 x86_64 x86_64 GNU/Linux
     21:32:52 up 2 min,  1 user,  load average: 2.48, 1.32, 0.52

commit 89376af0ca67bc374f4705581510bde4a4c205d9
Author: tracer-ysyx <tracer@ysyx.org>
Date:   Sat Sep 21 21:32:52 2024 +0800

    > run NEMU
    ysyx_100006503 杨鹏城
    Linux ypc 6.5.0-44-generic #44~22.04.1-Ubuntu SMP PREEMPT_DYNAMIC Tue Jun 18 14:36:16 UTC 2 x86_64 x86_64 x86_64 GNU/Linux
     21:32:52 up 2 min,  1 user,  load average: 2.48, 1.32, 0.52

commit d32ae253f3a6b60cc2e788afa0d5ee406f8a5f6a
Author: tracer-ysyx <tracer@ysyx.org>
Date:   Sat Sep 21 21:32:52 2024 +0800

    > compile NEMU
    ysyx_100006503 杨鹏城
    Linux ypc 6.5.0-44-generic #44~22.04.1-Ubuntu SMP PREEMPT_DYNAMIC Tue Jun 18 14:36:16 UTC 2 x86_64 x86_64 x86_64 GNU/Linux
     21:32:52 up 2 min,  1 user,  load average: 2.48, 1.32, 0.52

commit 82a464ad742c66ce69d8b221f19bf8f5948ac259
Author: tracer-ysyx <tracer@ysyx.org>
Date:   Sat Sep 21 21:32:51 2024 +0800

    > run NEMU
    ysyx_100006503 杨鹏城
    Linux ypc 6.5.0-44-generic #44~22.04.1-Ubuntu SMP PREEMPT_DYNAMIC Tue Jun 18 14:36:16 UTC 2 x86_64 x86_64 x86_64 GNU/Linux
     21:32:51 up 2 min,  1 user,  load average: 2.43, 1.29, 0.51

commit 6ad2408f3d8b62a4b4478e458c1f20eb845ff1df
Author: tracer-ysyx <tracer@ysyx.org>
Date:   Sat Sep 21 21:32:51 2024 +0800

    > compile NEMU
    ysyx_100006503 杨鹏城
    Linux ypc 6.5.0-44-generic #44~22.04.1-Ubuntu SMP PREEMPT_DYNAMIC Tue Jun 18 14:36:16 UTC 2 x86_64 x86_64 x86_64 GNU/Linux
     21:32:51 up 2 min,  1 user,  load average: 2.43, 1.29, 0.51

commit d3e000b0aee07424ffac2141e8d59319157e0505
Author: tracer-ysyx <tracer@ysyx.org>
Date:   Sat Sep 21 21:32:51 2024 +0800

    > run NEMU
    ysyx_100006503 杨鹏城
    Linux ypc 6.5.0-44-generic #44~22.04.1-Ubuntu SMP PREEMPT_DYNAMIC Tue Jun 18 14:36:16 UTC 2 x86_64 x86_64 x86_64 GNU/Linux
     21:32:51 up 2 min,  1 user,  load average: 2.43, 1.29, 0.51

commit 83d23c24f9138f47b78901e8ea555e20d1b171ec
Author: tracer-ysyx <tracer@ysyx.org>
Date:   Sat Sep 21 21:32:51 2024 +0800

    > compile NEMU
    ysyx_100006503 杨鹏城
    Linux ypc 6.5.0-44-generic #44~22.04.1-Ubuntu SMP PREEMPT_DYNAMIC Tue Jun 18 14:36:16 UTC 2 x86_64 x86_64 x86_64 GNU/Linux
     21:32:51 up 2 min,  1 user,  load average: 2.43, 1.29, 0.51

commit 100411c239d7249aeac6755877b840730e3fcfd7
Author: tracer-ysyx <tracer@ysyx.org>
Date:   Sat Sep 21 21:32:50 2024 +0800

    > run NEMU
    ysyx_100006503 杨鹏城
    Linux ypc 6.5.0-44-generic #44~22.04.1-Ubuntu SMP PREEMPT_DYNAMIC Tue Jun 18 14:36:16 UTC 2 x86_64 x86_64 x86_64 GNU/Linux
     21:32:50 up 2 min,  1 user,  load average: 2.43, 1.29, 0.51

commit 60ac6fa948ea3d6221fbeb8b66481ecd26f38b17
Author: tracer-ysyx <tracer@ysyx.org>
Date:   Sat Sep 21 21:32:50 2024 +0800

    > compile NEMU
    ysyx_100006503 杨鹏城
    Linux ypc 6.5.0-44-generic #44~22.04.1-Ubuntu SMP PREEMPT_DYNAMIC Tue Jun 18 14:36:16 UTC 2 x86_64 x86_64 x86_64 GNU/Linux
     21:32:50 up 2 min,  1 user,  load average: 2.43, 1.29, 0.51

commit e04c52056f53c28b1f315eb06943a0152eb0fc0a
Author: tracer-ysyx <tracer@ysyx.org>
Date:   Sat Sep 21 21:32:50 2024 +0800

    > run NEMU
    ysyx_100006503 杨鹏城
    Linux ypc 6.5.0-44-generic #44~22.04.1-Ubuntu SMP PREEMPT_DYNAMIC Tue Jun 18 14:36:16 UTC 2 x86_64 x86_64 x86_64 GNU/Linux
     21:32:50 up 2 min,  1 user,  load average: 2.43, 1.29, 0.51

commit c1b5f83f0114945313d7d0d11ec17cf72ab9742d
Author: tracer-ysyx <tracer@ysyx.org>
Date:   Sat Sep 21 21:32:50 2024 +0800

    > compile NEMU
    ysyx_100006503 杨鹏城
    Linux ypc 6.5.0-44-generic #44~22.04.1-Ubuntu SMP PREEMPT_DYNAMIC Tue Jun 18 14:36:16 UTC 2 x86_64 x86_64 x86_64 GNU/Linux
     21:32:50 up 2 min,  1 user,  load average: 2.43, 1.29, 0.51

commit dd322e20ac784e0617d57f9077a9d2c106b426b4
Author: tracer-ysyx <tracer@ysyx.org>
Date:   Sat Sep 21 21:32:49 2024 +0800

    > run NEMU
    ysyx_100006503 杨鹏城
    Linux ypc 6.5.0-44-generic #44~22.04.1-Ubuntu SMP PREEMPT_DYNAMIC Tue Jun 18 14:36:16 UTC 2 x86_64 x86_64 x86_64 GNU/Linux
     21:32:49 up 2 min,  1 user,  load average: 2.43, 1.29, 0.51

commit 19bbb114333b14ed4364a427f1b22639e4b8e806
Author: tracer-ysyx <tracer@ysyx.org>
Date:   Sat Sep 21 21:32:49 2024 +0800

    > compile NEMU
    ysyx_100006503 杨鹏城
    Linux ypc 6.5.0-44-generic #44~22.04.1-Ubuntu SMP PREEMPT_DYNAMIC Tue Jun 18 14:36:16 UTC 2 x86_64 x86_64 x86_64 GNU/Linux
     21:32:49 up 2 min,  1 user,  load average: 2.43, 1.29, 0.51

commit 5d5f876f9af9fc55cd743988ad8481a8e3d026db
Author: tracer-ysyx <tracer@ysyx.org>
Date:   Sat Sep 21 21:32:49 2024 +0800

    > run NEMU
    ysyx_100006503 杨鹏城
    Linux ypc 6.5.0-44-generic #44~22.04.1-Ubuntu SMP PREEMPT_DYNAMIC Tue Jun 18 14:36:16 UTC 2 x86_64 x86_64 x86_64 GNU/Linux
     21:32:49 up 2 min,  1 user,  load average: 2.43, 1.29, 0.51

commit b4d6de0042675cb3ee7ea05fbb33fceb5784d1ef
Author: tracer-ysyx <tracer@ysyx.org>
Date:   Sat Sep 21 21:32:49 2024 +0800

    > compile NEMU
    ysyx_100006503 杨鹏城
    Linux ypc 6.5.0-44-generic #44~22.04.1-Ubuntu SMP PREEMPT_DYNAMIC Tue Jun 18 14:36:16 UTC 2 x86_64 x86_64 x86_64 GNU/Linux
     21:32:49 up 2 min,  1 user,  load average: 2.43, 1.29, 0.51

commit d055c17b3eae80e47def1a92fb03eca5ddef3e44
Author: tracer-ysyx <tracer@ysyx.org>
Date:   Sat Sep 21 21:32:48 2024 +0800

    > run NEMU
    ysyx_100006503 杨鹏城
    Linux ypc 6.5.0-44-generic #44~22.04.1-Ubuntu SMP PREEMPT_DYNAMIC Tue Jun 18 14:36:16 UTC 2 x86_64 x86_64 x86_64 GNU/Linux
     21:32:48 up 2 min,  1 user,  load average: 2.43, 1.29, 0.51

commit c9e0ed470443452f1c7a5d70580cf87e1ef154af
Author: tracer-ysyx <tracer@ysyx.org>
Date:   Sat Sep 21 21:32:48 2024 +0800

    > compile NEMU
    ysyx_100006503 杨鹏城
    Linux ypc 6.5.0-44-generic #44~22.04.1-Ubuntu SMP PREEMPT_DYNAMIC Tue Jun 18 14:36:16 UTC 2 x86_64 x86_64 x86_64 GNU/Linux
     21:32:48 up 2 min,  1 user,  load average: 2.43, 1.29, 0.51

commit a6dfe0f107e3e076b202bf05186238ae9bead900
Author: tracer-ysyx <tracer@ysyx.org>
Date:   Sat Sep 21 21:32:48 2024 +0800

    > run NEMU
    ysyx_100006503 杨鹏城
    Linux ypc 6.5.0-44-generic #44~22.04.1-Ubuntu SMP PREEMPT_DYNAMIC Tue Jun 18 14:36:16 UTC 2 x86_64 x86_64 x86_64 GNU/Linux
     21:32:48 up 2 min,  1 user,  load average: 2.43, 1.29, 0.51

commit e85a7eabc5846a62bacc6c39a7bd92a9ad1a5bc0
Author: tracer-ysyx <tracer@ysyx.org>
Date:   Sat Sep 21 21:32:48 2024 +0800

    > compile NEMU
    ysyx_100006503 杨鹏城
    Linux ypc 6.5.0-44-generic #44~22.04.1-Ubuntu SMP PREEMPT_DYNAMIC Tue Jun 18 14:36:16 UTC 2 x86_64 x86_64 x86_64 GNU/Linux
     21:32:48 up 2 min,  1 user,  load average: 2.43, 1.29, 0.51

commit ec46688e4d008211c7f688807932a17431f5527d
Author: tracer-ysyx <tracer@ysyx.org>
Date:   Sat Sep 21 21:32:47 2024 +0800

    > run NEMU
    ysyx_100006503 杨鹏城
    Linux ypc 6.5.0-44-generic #44~22.04.1-Ubuntu SMP PREEMPT_DYNAMIC Tue Jun 18 14:36:16 UTC 2 x86_64 x86_64 x86_64 GNU/Linux
     21:32:47 up 2 min,  1 user,  load average: 2.43, 1.29, 0.51

commit ee0a60738ebc5d767be48a1c87e3d191a756d2c8
Author: tracer-ysyx <tracer@ysyx.org>
Date:   Sat Sep 21 21:32:47 2024 +0800

    > compile NEMU
    ysyx_100006503 杨鹏城
    Linux ypc 6.5.0-44-generic #44~22.04.1-Ubuntu SMP PREEMPT_DYNAMIC Tue Jun 18 14:36:16 UTC 2 x86_64 x86_64 x86_64 GNU/Linux
     21:32:47 up 2 min,  1 user,  load average: 2.43, 1.29, 0.51

commit af168d124c310cafbc602dcf5d57035877274d54
Author: tracer-ysyx <tracer@ysyx.org>
Date:   Sat Sep 21 21:32:47 2024 +0800

    > run NEMU
    ysyx_100006503 杨鹏城
    Linux ypc 6.5.0-44-generic #44~22.04.1-Ubuntu SMP PREEMPT_DYNAMIC Tue Jun 18 14:36:16 UTC 2 x86_64 x86_64 x86_64 GNU/Linux
     21:32:47 up 2 min,  1 user,  load average: 2.43, 1.29, 0.51

commit 10513a9f7cb63e744959f2c64afb8a7d60c1a793
Author: tracer-ysyx <tracer@ysyx.org>
Date:   Sat Sep 21 21:32:47 2024 +0800

    > compile NEMU
    ysyx_100006503 杨鹏城
    Linux ypc 6.5.0-44-generic #44~22.04.1-Ubuntu SMP PREEMPT_DYNAMIC Tue Jun 18 14:36:16 UTC 2 x86_64 x86_64 x86_64 GNU/Linux
     21:32:47 up 2 min,  1 user,  load average: 2.43, 1.29, 0.51

commit 9dda8cc23184d8f4b657fdc44ac9d4c27a803a91
Author: tracer-ysyx <tracer@ysyx.org>
Date:   Sat Sep 21 21:32:46 2024 +0800

    > run NEMU
    ysyx_100006503 杨鹏城
    Linux ypc 6.5.0-44-generic #44~22.04.1-Ubuntu SMP PREEMPT_DYNAMIC Tue Jun 18 14:36:16 UTC 2 x86_64 x86_64 x86_64 GNU/Linux
     21:32:46 up 2 min,  1 user,  load average: 2.12, 1.21, 0.48

commit 5399c38fd97262e7d2d3f6b7bf21e29d442d71a8
Author: tracer-ysyx <tracer@ysyx.org>
Date:   Sat Sep 21 21:32:46 2024 +0800

    > compile NEMU
    ysyx_100006503 杨鹏城
    Linux ypc 6.5.0-44-generic #44~22.04.1-Ubuntu SMP PREEMPT_DYNAMIC Tue Jun 18 14:36:16 UTC 2 x86_64 x86_64 x86_64 GNU/Linux
     21:32:46 up 2 min,  1 user,  load average: 2.12, 1.21, 0.48

commit 93a96ac222a0ad0615c4fc91ddfd3ba48efc85f5
Author: tracer-ysyx <tracer@ysyx.org>
Date:   Sat Sep 21 21:32:46 2024 +0800

    > run NEMU
    ysyx_100006503 杨鹏城
    Linux ypc 6.5.0-44-generic #44~22.04.1-Ubuntu SMP PREEMPT_DYNAMIC Tue Jun 18 14:36:16 UTC 2 x86_64 x86_64 x86_64 GNU/Linux
     21:32:46 up 2 min,  1 user,  load average: 2.12, 1.21, 0.48

commit e2b49a97c3b3f773ae47b6cef6b0e7d18398ac19
Author: tracer-ysyx <tracer@ysyx.org>
Date:   Sat Sep 21 21:32:46 2024 +0800

    > compile NEMU
    ysyx_100006503 杨鹏城
    Linux ypc 6.5.0-44-generic #44~22.04.1-Ubuntu SMP PREEMPT_DYNAMIC Tue Jun 18 14:36:16 UTC 2 x86_64 x86_64 x86_64 GNU/Linux
     21:32:46 up 2 min,  1 user,  load average: 2.12, 1.21, 0.48

commit d8b2a99ae6b74f4b37f8b3e8f354c958437700ff
Author: tracer-ysyx <tracer@ysyx.org>
Date:   Sat Sep 21 21:32:45 2024 +0800

    > run NEMU
    ysyx_100006503 杨鹏城
    Linux ypc 6.5.0-44-generic #44~22.04.1-Ubuntu SMP PREEMPT_DYNAMIC Tue Jun 18 14:36:16 UTC 2 x86_64 x86_64 x86_64 GNU/Linux
     21:32:45 up 2 min,  1 user,  load average: 2.12, 1.21, 0.48

commit 2c89e756bf49b2ddb0fe1265c17d9942bf8279f7
Author: tracer-ysyx <tracer@ysyx.org>
Date:   Sat Sep 21 21:32:45 2024 +0800

    > compile NEMU
    ysyx_100006503 杨鹏城
    Linux ypc 6.5.0-44-generic #44~22.04.1-Ubuntu SMP PREEMPT_DYNAMIC Tue Jun 18 14:36:16 UTC 2 x86_64 x86_64 x86_64 GNU/Linux
     21:32:45 up 2 min,  1 user,  load average: 2.12, 1.21, 0.48

commit b05e52005c92c426108b975c8b5607e393c2f553
Author: tracer-ysyx <tracer@ysyx.org>
Date:   Sat Sep 21 21:32:45 2024 +0800

    > run NEMU
    ysyx_100006503 杨鹏城
    Linux ypc 6.5.0-44-generic #44~22.04.1-Ubuntu SMP PREEMPT_DYNAMIC Tue Jun 18 14:36:16 UTC 2 x86_64 x86_64 x86_64 GNU/Linux
     21:32:45 up 2 min,  1 user,  load average: 2.12, 1.21, 0.48

commit 872416736b5f190f6bc985145d4aa824dd8852e5
Author: tracer-ysyx <tracer@ysyx.org>
Date:   Sat Sep 21 21:32:45 2024 +0800

    > compile NEMU
    ysyx_100006503 杨鹏城
    Linux ypc 6.5.0-44-generic #44~22.04.1-Ubuntu SMP PREEMPT_DYNAMIC Tue Jun 18 14:36:16 UTC 2 x86_64 x86_64 x86_64 GNU/Linux
     21:32:45 up 2 min,  1 user,  load average: 2.12, 1.21, 0.48

commit 595c3f16d5f13a5976e1f8e7748865ae0424b851
Author: tracer-ysyx <tracer@ysyx.org>
Date:   Sat Sep 21 21:32:44 2024 +0800

    > run NEMU
    ysyx_100006503 杨鹏城
    Linux ypc 6.5.0-44-generic #44~22.04.1-Ubuntu SMP PREEMPT_DYNAMIC Tue Jun 18 14:36:16 UTC 2 x86_64 x86_64 x86_64 GNU/Linux
     21:32:44 up 2 min,  1 user,  load average: 2.12, 1.21, 0.48

commit e6ed86bfae6587c9a58b82a4fb22dfc1b742f8f8
Author: tracer-ysyx <tracer@ysyx.org>
Date:   Sat Sep 21 21:32:44 2024 +0800

    > compile NEMU
    ysyx_100006503 杨鹏城
    Linux ypc 6.5.0-44-generic #44~22.04.1-Ubuntu SMP PREEMPT_DYNAMIC Tue Jun 18 14:36:16 UTC 2 x86_64 x86_64 x86_64 GNU/Linux
     21:32:44 up 2 min,  1 user,  load average: 2.12, 1.21, 0.48

commit ad64eba78876e739cc2fee256843b25e8864a9fb
Author: tracer-ysyx <tracer@ysyx.org>
Date:   Sat Sep 21 21:32:44 2024 +0800

    > run NEMU
    ysyx_100006503 杨鹏城
    Linux ypc 6.5.0-44-generic #44~22.04.1-Ubuntu SMP PREEMPT_DYNAMIC Tue Jun 18 14:36:16 UTC 2 x86_64 x86_64 x86_64 GNU/Linux
     21:32:44 up 2 min,  1 user,  load average: 2.12, 1.21, 0.48

commit 83dd2b3226ebab143b98d5aebb41054b7a618d06
Author: tracer-ysyx <tracer@ysyx.org>
Date:   Sat Sep 21 21:32:44 2024 +0800

    > compile NEMU
    ysyx_100006503 杨鹏城
    Linux ypc 6.5.0-44-generic #44~22.04.1-Ubuntu SMP PREEMPT_DYNAMIC Tue Jun 18 14:36:16 UTC 2 x86_64 x86_64 x86_64 GNU/Linux
     21:32:44 up 2 min,  1 user,  load average: 2.12, 1.21, 0.48

commit d358c7e2378f7c841d4555b110d384ea63a32697
Author: tracer-ysyx <tracer@ysyx.org>
Date:   Sat Sep 21 21:32:43 2024 +0800

    > run NEMU
    ysyx_100006503 杨鹏城
    Linux ypc 6.5.0-44-generic #44~22.04.1-Ubuntu SMP PREEMPT_DYNAMIC Tue Jun 18 14:36:16 UTC 2 x86_64 x86_64 x86_64 GNU/Linux
     21:32:43 up 2 min,  1 user,  load average: 2.12, 1.21, 0.48

commit d58856e24ac6c0da5f21ee5b522d3647f1286969
Author: tracer-ysyx <tracer@ysyx.org>
Date:   Sat Sep 21 21:32:43 2024 +0800

    > compile NEMU
    ysyx_100006503 杨鹏城
    Linux ypc 6.5.0-44-generic #44~22.04.1-Ubuntu SMP PREEMPT_DYNAMIC Tue Jun 18 14:36:16 UTC 2 x86_64 x86_64 x86_64 GNU/Linux
     21:32:43 up 2 min,  1 user,  load average: 2.12, 1.21, 0.48

commit ab0280554036524d965029ab9a906001462dfd97
Author: tracer-ysyx <tracer@ysyx.org>
Date:   Sat Sep 21 21:32:43 2024 +0800

    > run NEMU
    ysyx_100006503 杨鹏城
    Linux ypc 6.5.0-44-generic #44~22.04.1-Ubuntu SMP PREEMPT_DYNAMIC Tue Jun 18 14:36:16 UTC 2 x86_64 x86_64 x86_64 GNU/Linux
     21:32:43 up 2 min,  1 user,  load average: 2.12, 1.21, 0.48

commit 3dc9af3027892f639b1a1b2a0f54c2b69347d1f0
Author: tracer-ysyx <tracer@ysyx.org>
Date:   Sat Sep 21 21:32:43 2024 +0800

    > compile NEMU
    ysyx_100006503 杨鹏城
    Linux ypc 6.5.0-44-generic #44~22.04.1-Ubuntu SMP PREEMPT_DYNAMIC Tue Jun 18 14:36:16 UTC 2 x86_64 x86_64 x86_64 GNU/Linux
     21:32:43 up 2 min,  1 user,  load average: 2.12, 1.21, 0.48

commit 6c8cc40a20f6b680ba1f507594b37a0b4fde0ca6
Author: tracer-ysyx <tracer@ysyx.org>
Date:   Sat Sep 21 21:32:43 2024 +0800

    > run NEMU
    ysyx_100006503 杨鹏城
    Linux ypc 6.5.0-44-generic #44~22.04.1-Ubuntu SMP PREEMPT_DYNAMIC Tue Jun 18 14:36:16 UTC 2 x86_64 x86_64 x86_64 GNU/Linux
     21:32:43 up 2 min,  1 user,  load average: 2.12, 1.21, 0.48

commit 96536679cc22e70351b0ed6d66c007f45adf2502
Author: tracer-ysyx <tracer@ysyx.org>
Date:   Sat Sep 21 21:32:42 2024 +0800

    > compile NEMU
    ysyx_100006503 杨鹏城
    Linux ypc 6.5.0-44-generic #44~22.04.1-Ubuntu SMP PREEMPT_DYNAMIC Tue Jun 18 14:36:16 UTC 2 x86_64 x86_64 x86_64 GNU/Linux
     21:32:42 up 2 min,  1 user,  load average: 2.12, 1.21, 0.48

commit 080c64e1107900e8045dd9732980fb09cc559a0b
Author: tracer-ysyx <tracer@ysyx.org>
Date:   Sat Sep 21 21:32:42 2024 +0800

    > run NEMU
    ysyx_100006503 杨鹏城
    Linux ypc 6.5.0-44-generic #44~22.04.1-Ubuntu SMP PREEMPT_DYNAMIC Tue Jun 18 14:36:16 UTC 2 x86_64 x86_64 x86_64 GNU/Linux
     21:32:42 up 2 min,  1 user,  load average: 2.12, 1.21, 0.48

commit 37049b6128620a81b3cd51b944e44366efab5662
Author: tracer-ysyx <tracer@ysyx.org>
Date:   Sat Sep 21 21:32:42 2024 +0800

    > compile NEMU
    ysyx_100006503 杨鹏城
    Linux ypc 6.5.0-44-generic #44~22.04.1-Ubuntu SMP PREEMPT_DYNAMIC Tue Jun 18 14:36:16 UTC 2 x86_64 x86_64 x86_64 GNU/Linux
     21:32:42 up 2 min,  1 user,  load average: 2.12, 1.21, 0.48

commit 2f3ab9e69059035f5aa3ec02a3ddaa04c4186333
Author: tracer-ysyx <tracer@ysyx.org>
Date:   Sat Sep 21 21:32:35 2024 +0800

    > run NEMU
    ysyx_100006503 杨鹏城
    Linux ypc 6.5.0-44-generic #44~22.04.1-Ubuntu SMP PREEMPT_DYNAMIC Tue Jun 18 14:36:16 UTC 2 x86_64 x86_64 x86_64 GNU/Linux
     21:32:35 up 2 min,  1 user,  load average: 2.33, 1.22, 0.48

commit 307c29f204048b43c409fd90ae406bcc69c920da
Author: tracer-ysyx <tracer@ysyx.org>
Date:   Sat Sep 21 21:32:35 2024 +0800

    > compile NEMU
    ysyx_100006503 杨鹏城
    Linux ypc 6.5.0-44-generic #44~22.04.1-Ubuntu SMP PREEMPT_DYNAMIC Tue Jun 18 14:36:16 UTC 2 x86_64 x86_64 x86_64 GNU/Linux
     21:32:35 up 2 min,  1 user,  load average: 2.33, 1.22, 0.48

commit 314d762d9e05499cf29bdcab975db84d5cc0e027
Author: tracer-ysyx <tracer@ysyx.org>
Date:   Sat Sep 21 20:27:02 2024 +0800

    > run NEMU
    ysyx_100006503 杨鹏城
    Linux ypc 6.5.0-44-generic #44~22.04.1-Ubuntu SMP PREEMPT_DYNAMIC Tue Jun 18 14:36:16 UTC 2 x86_64 x86_64 x86_64 GNU/Linux
     20:27:02 up 7 min,  1 user,  load average: 1.40, 1.28, 0.71

commit 866d39b962ac89353f64eb050c0cc7e6f5010c9b
Author: tracer-ysyx <tracer@ysyx.org>
Date:   Sat Sep 21 20:27:02 2024 +0800

    > compile NEMU
    ysyx_100006503 杨鹏城
    Linux ypc 6.5.0-44-generic #44~22.04.1-Ubuntu SMP PREEMPT_DYNAMIC Tue Jun 18 14:36:16 UTC 2 x86_64 x86_64 x86_64 GNU/Linux
     20:27:02 up 7 min,  1 user,  load average: 1.40, 1.28, 0.71

commit 131bf9d501c124cb16576a73c56a9c465d848c7f
Author: tracer-ysyx <tracer@ysyx.org>
Date:   Sat Sep 21 13:01:52 2024 +0800

    > run NEMU
    ysyx_100006503 杨鹏城
    Linux ypc 6.8.0-40-generic #40~22.04.3-Ubuntu SMP PREEMPT_DYNAMIC Tue Jul 30 17:30:19 UTC 2 x86_64 x86_64 x86_64 GNU/Linux
     13:01:52 up  1:01,  1 user,  load average: 1.92, 1.15, 0.80

commit 8a445b55eb2bcb9c907e5a2ac81a242762f55457
Author: tracer-ysyx <tracer@ysyx.org>
Date:   Sat Sep 21 13:01:52 2024 +0800

    > compile NEMU
    ysyx_100006503 杨鹏城
    Linux ypc 6.8.0-40-generic #40~22.04.3-Ubuntu SMP PREEMPT_DYNAMIC Tue Jul 30 17:30:19 UTC 2 x86_64 x86_64 x86_64 GNU/Linux
     13:01:52 up  1:01,  1 user,  load average: 1.92, 1.15, 0.80

commit f3bb8e1c16e8684527ef2e9d421ce155a2377a72
Author: tracer-ysyx <tracer@ysyx.org>
Date:   Sat Sep 21 13:00:10 2024 +0800

    > run NEMU
    ysyx_100006503 杨鹏城
    Linux ypc 6.8.0-40-generic #40~22.04.3-Ubuntu SMP PREEMPT_DYNAMIC Tue Jul 30 17:30:19 UTC 2 x86_64 x86_64 x86_64 GNU/Linux
     13:00:10 up  1:00,  1 user,  load average: 1.44, 0.77, 0.65

commit 80682a23ac791451ef5e4a0ecd3dec4431c60fb8
Author: tracer-ysyx <tracer@ysyx.org>
Date:   Sat Sep 21 13:00:10 2024 +0800

    > compile NEMU
    ysyx_100006503 杨鹏城
    Linux ypc 6.8.0-40-generic #40~22.04.3-Ubuntu SMP PREEMPT_DYNAMIC Tue Jul 30 17:30:19 UTC 2 x86_64 x86_64 x86_64 GNU/Linux
     13:00:10 up  1:00,  1 user,  load average: 1.44, 0.77, 0.65

commit 0d18c40e6fab6ba5d256edffa0e56fd5d8402876
Author: tracer-ysyx <tracer@ysyx.org>
Date:   Sat Sep 21 12:58:56 2024 +0800

    > run NEMU
    ysyx_100006503 杨鹏城
    Linux ypc 6.8.0-40-generic #40~22.04.3-Ubuntu SMP PREEMPT_DYNAMIC Tue Jul 30 17:30:19 UTC 2 x86_64 x86_64 x86_64 GNU/Linux
     12:58:56 up 59 min,  1 user,  load average: 0.52, 0.52, 0.56

commit ff226dd2e78a50d3988c691741e8a1fe16e82416
Author: tracer-ysyx <tracer@ysyx.org>
Date:   Sat Sep 21 12:58:56 2024 +0800

    > compile NEMU
    ysyx_100006503 杨鹏城
    Linux ypc 6.8.0-40-generic #40~22.04.3-Ubuntu SMP PREEMPT_DYNAMIC Tue Jul 30 17:30:19 UTC 2 x86_64 x86_64 x86_64 GNU/Linux
     12:58:56 up 59 min,  1 user,  load average: 0.52, 0.52, 0.56

commit 1e7ea2ed32c35c1af4a500910ea1922972ce406c
Author: tracer-ysyx <tracer@ysyx.org>
Date:   Sat Sep 21 12:58:07 2024 +0800

    > run NEMU
    ysyx_100006503 杨鹏城
    Linux ypc 6.8.0-40-generic #40~22.04.3-Ubuntu SMP PREEMPT_DYNAMIC Tue Jul 30 17:30:19 UTC 2 x86_64 x86_64 x86_64 GNU/Linux
     12:58:07 up 58 min,  1 user,  load average: 0.48, 0.51, 0.56

commit 68cc33009db6d19838f15ecd147015b9f882bd6f
Author: tracer-ysyx <tracer@ysyx.org>
Date:   Sat Sep 21 12:58:06 2024 +0800

    > compile NEMU
    ysyx_100006503 杨鹏城
    Linux ypc 6.8.0-40-generic #40~22.04.3-Ubuntu SMP PREEMPT_DYNAMIC Tue Jul 30 17:30:19 UTC 2 x86_64 x86_64 x86_64 GNU/Linux
     12:58:06 up 58 min,  1 user,  load average: 0.48, 0.51, 0.56

commit b60065d9dc3144686e41e8bd32c6ce7cafa53ce1
Author: tracer-ysyx <tracer@ysyx.org>
Date:   Sat Sep 21 12:37:21 2024 +0800

    > run NEMU
    ysyx_100006503 杨鹏城
    Linux ypc 6.8.0-40-generic #40~22.04.3-Ubuntu SMP PREEMPT_DYNAMIC Tue Jul 30 17:30:19 UTC 2 x86_64 x86_64 x86_64 GNU/Linux
     12:37:21 up 37 min,  1 user,  load average: 0.73, 0.74, 0.71

commit dc8c1d933577a105839b47df37364d867638be98
Author: tracer-ysyx <tracer@ysyx.org>
Date:   Sat Sep 21 12:37:21 2024 +0800

    > compile NEMU
    ysyx_100006503 杨鹏城
    Linux ypc 6.8.0-40-generic #40~22.04.3-Ubuntu SMP PREEMPT_DYNAMIC Tue Jul 30 17:30:19 UTC 2 x86_64 x86_64 x86_64 GNU/Linux
     12:37:21 up 37 min,  1 user,  load average: 0.73, 0.74, 0.71

commit 626b29aa5fecc89de412c13845de763c19a1b24f
Author: tracer-ysyx <tracer@ysyx.org>
Date:   Sat Sep 21 12:37:01 2024 +0800

    > run NEMU
    ysyx_100006503 杨鹏城
    Linux ypc 6.8.0-40-generic #40~22.04.3-Ubuntu SMP PREEMPT_DYNAMIC Tue Jul 30 17:30:19 UTC 2 x86_64 x86_64 x86_64 GNU/Linux
     12:37:01 up 37 min,  1 user,  load average: 0.85, 0.76, 0.71

commit fa456ccfa8abff133a01968866db35286a1fce3f
Author: tracer-ysyx <tracer@ysyx.org>
Date:   Sat Sep 21 12:37:01 2024 +0800

    > compile NEMU
    ysyx_100006503 杨鹏城
    Linux ypc 6.8.0-40-generic #40~22.04.3-Ubuntu SMP PREEMPT_DYNAMIC Tue Jul 30 17:30:19 UTC 2 x86_64 x86_64 x86_64 GNU/Linux
     12:37:01 up 37 min,  1 user,  load average: 0.85, 0.76, 0.71

commit 3b4721ed97429cda36120edb0f08f597bb841cf5
Author: tracer-ysyx <tracer@ysyx.org>
Date:   Sat Sep 21 12:36:38 2024 +0800

    > run NEMU
    ysyx_100006503 杨鹏城
    Linux ypc 6.8.0-40-generic #40~22.04.3-Ubuntu SMP PREEMPT_DYNAMIC Tue Jul 30 17:30:19 UTC 2 x86_64 x86_64 x86_64 GNU/Linux
     12:36:38 up 36 min,  1 user,  load average: 1.18, 0.82, 0.73

commit 35bca40e925e57c038cdd3b4e1a6a07c06a27464
Author: tracer-ysyx <tracer@ysyx.org>
Date:   Sat Sep 21 12:36:38 2024 +0800

    > compile NEMU
    ysyx_100006503 杨鹏城
    Linux ypc 6.8.0-40-generic #40~22.04.3-Ubuntu SMP PREEMPT_DYNAMIC Tue Jul 30 17:30:19 UTC 2 x86_64 x86_64 x86_64 GNU/Linux
     12:36:38 up 36 min,  1 user,  load average: 1.18, 0.82, 0.73

commit 650c2f2f42735beef03cea051dd804b31ae5f663
Author: tracer-ysyx <tracer@ysyx.org>
Date:   Sat Sep 21 12:36:35 2024 +0800

    > run NEMU
    ysyx_100006503 杨鹏城
    Linux ypc 6.8.0-40-generic #40~22.04.3-Ubuntu SMP PREEMPT_DYNAMIC Tue Jul 30 17:30:19 UTC 2 x86_64 x86_64 x86_64 GNU/Linux
     12:36:35 up 36 min,  1 user,  load average: 1.29, 0.83, 0.74

commit 379a3f8a2aba7db9c30250552a1a491407fdfd0c
Author: tracer-ysyx <tracer@ysyx.org>
Date:   Sat Sep 21 12:36:35 2024 +0800

    > compile NEMU
    ysyx_100006503 杨鹏城
    Linux ypc 6.8.0-40-generic #40~22.04.3-Ubuntu SMP PREEMPT_DYNAMIC Tue Jul 30 17:30:19 UTC 2 x86_64 x86_64 x86_64 GNU/Linux
     12:36:35 up 36 min,  1 user,  load average: 1.29, 0.83, 0.74

commit 078048ab0f361193df459c6e567727cc26ba7950
Author: tracer-ysyx <tracer@ysyx.org>
Date:   Sat Sep 21 12:36:18 2024 +0800

    > run NEMU
    ysyx_100006503 杨鹏城
    Linux ypc 6.8.0-40-generic #40~22.04.3-Ubuntu SMP PREEMPT_DYNAMIC Tue Jul 30 17:30:19 UTC 2 x86_64 x86_64 x86_64 GNU/Linux
     12:36:18 up 36 min,  1 user,  load average: 1.20, 0.79, 0.72

commit 84c60957dc75632ac7f96283706f99f10cde5cef
Author: tracer-ysyx <tracer@ysyx.org>
Date:   Sat Sep 21 12:36:17 2024 +0800

    > compile NEMU
    ysyx_100006503 杨鹏城
    Linux ypc 6.8.0-40-generic #40~22.04.3-Ubuntu SMP PREEMPT_DYNAMIC Tue Jul 30 17:30:19 UTC 2 x86_64 x86_64 x86_64 GNU/Linux
     12:36:17 up 36 min,  1 user,  load average: 1.20, 0.79, 0.72

commit cc3d3008a679aba4419990854e289c9fd4207887
Author: tracer-ysyx <tracer@ysyx.org>
Date:   Sat Sep 21 12:21:57 2024 +0800

    > run NEMU
    ysyx_100006503 杨鹏城
    Linux ypc 6.8.0-40-generic #40~22.04.3-Ubuntu SMP PREEMPT_DYNAMIC Tue Jul 30 17:30:19 UTC 2 x86_64 x86_64 x86_64 GNU/Linux
     12:21:57 up 22 min,  1 user,  load average: 1.46, 1.17, 0.78

commit 41751642705af60993a8d5b6610d9b896395ceb4
Author: tracer-ysyx <tracer@ysyx.org>
Date:   Sat Sep 21 12:21:57 2024 +0800

    > compile NEMU
    ysyx_100006503 杨鹏城
    Linux ypc 6.8.0-40-generic #40~22.04.3-Ubuntu SMP PREEMPT_DYNAMIC Tue Jul 30 17:30:19 UTC 2 x86_64 x86_64 x86_64 GNU/Linux
     12:21:57 up 22 min,  1 user,  load average: 1.46, 1.17, 0.78

commit 8e4d26c971bf797576036d6ec857d18fb330e5a6
Author: tracer-ysyx <tracer@ysyx.org>
Date:   Sat Sep 21 12:18:12 2024 +0800

    > run NEMU
    ysyx_100006503 杨鹏城
    Linux ypc 6.8.0-40-generic #40~22.04.3-Ubuntu SMP PREEMPT_DYNAMIC Tue Jul 30 17:30:19 UTC 2 x86_64 x86_64 x86_64 GNU/Linux
     12:18:12 up 18 min,  1 user,  load average: 1.10, 0.80, 0.57

commit 5d84142602e298004fc80160130081b83f6dc364
Author: tracer-ysyx <tracer@ysyx.org>
Date:   Sat Sep 21 12:18:12 2024 +0800

    > compile NEMU
    ysyx_100006503 杨鹏城
    Linux ypc 6.8.0-40-generic #40~22.04.3-Ubuntu SMP PREEMPT_DYNAMIC Tue Jul 30 17:30:19 UTC 2 x86_64 x86_64 x86_64 GNU/Linux
     12:18:12 up 18 min,  1 user,  load average: 1.10, 0.80, 0.57

commit 662755d5d081d38547ec2ada7133771bd03c22dc
Author: tracer-ysyx <tracer@ysyx.org>
Date:   Sat Sep 21 12:11:41 2024 +0800

    > run NEMU
    ysyx_100006503 杨鹏城
    Linux ypc 6.8.0-40-generic #40~22.04.3-Ubuntu SMP PREEMPT_DYNAMIC Tue Jul 30 17:30:19 UTC 2 x86_64 x86_64 x86_64 GNU/Linux
     12:11:41 up 11 min,  1 user,  load average: 0.94, 0.82, 0.49

commit aa743affaa33324ab2b569cfd0850f7e6a0b61da
Author: tracer-ysyx <tracer@ysyx.org>
Date:   Sat Sep 21 12:11:41 2024 +0800

    > compile NEMU
    ysyx_100006503 杨鹏城
    Linux ypc 6.8.0-40-generic #40~22.04.3-Ubuntu SMP PREEMPT_DYNAMIC Tue Jul 30 17:30:19 UTC 2 x86_64 x86_64 x86_64 GNU/Linux
     12:11:41 up 11 min,  1 user,  load average: 0.94, 0.82, 0.49

commit 5ec3ffe72990e4a431821bf257ead67b018cb799
Author: tracer-ysyx <tracer@ysyx.org>
Date:   Sat Sep 21 12:08:18 2024 +0800

    > run NEMU
    ysyx_100006503 杨鹏城
    Linux ypc 6.8.0-40-generic #40~22.04.3-Ubuntu SMP PREEMPT_DYNAMIC Tue Jul 30 17:30:19 UTC 2 x86_64 x86_64 x86_64 GNU/Linux
     12:08:18 up 8 min,  1 user,  load average: 0.90, 0.71, 0.38

commit 365c9fcd963ac5d889acb7a3b4b137f81080d236
Author: tracer-ysyx <tracer@ysyx.org>
Date:   Sat Sep 21 12:08:18 2024 +0800

    > compile NEMU
    ysyx_100006503 杨鹏城
    Linux ypc 6.8.0-40-generic #40~22.04.3-Ubuntu SMP PREEMPT_DYNAMIC Tue Jul 30 17:30:19 UTC 2 x86_64 x86_64 x86_64 GNU/Linux
     12:08:18 up 8 min,  1 user,  load average: 0.90, 0.71, 0.38

commit dc30a956ef31686c1a373e94c5b0192ce54a954d
Author: tracer-ysyx <tracer@ysyx.org>
Date:   Sat Sep 21 12:02:04 2024 +0800

    > run NEMU
    ysyx_100006503 杨鹏城
    Linux ypc 6.8.0-40-generic #40~22.04.3-Ubuntu SMP PREEMPT_DYNAMIC Tue Jul 30 17:30:19 UTC 2 x86_64 x86_64 x86_64 GNU/Linux
     12:02:04 up 2 min,  1 user,  load average: 1.01, 0.50, 0.20

commit d9d184b1540cbf3743721d1585f165c6c311c3ee
Author: tracer-ysyx <tracer@ysyx.org>
Date:   Sat Sep 21 12:02:04 2024 +0800

    > compile NEMU
    ysyx_100006503 杨鹏城
    Linux ypc 6.8.0-40-generic #40~22.04.3-Ubuntu SMP PREEMPT_DYNAMIC Tue Jul 30 17:30:19 UTC 2 x86_64 x86_64 x86_64 GNU/Linux
     12:02:04 up 2 min,  1 user,  load average: 1.01, 0.50, 0.20

commit 00832fd018410b013a348e0ba6a9845e6811ca9b
Author: tracer-ysyx <tracer@ysyx.org>
Date:   Sat Sep 21 11:46:49 2024 +0800

    > run NEMU
    ysyx_100006503 杨鹏城
    Linux ypc 6.8.0-40-generic #40~22.04.3-Ubuntu SMP PREEMPT_DYNAMIC Tue Jul 30 17:30:19 UTC 2 x86_64 x86_64 x86_64 GNU/Linux
     11:46:49 up 6 days,  7:52,  1 user,  load average: 0.43, 0.42, 0.51

commit ca83bec8adee599254eb8a56a92a74c3f90c9586
Author: tracer-ysyx <tracer@ysyx.org>
Date:   Sat Sep 21 11:46:49 2024 +0800

    > compile NEMU
    ysyx_100006503 杨鹏城
    Linux ypc 6.8.0-40-generic #40~22.04.3-Ubuntu SMP PREEMPT_DYNAMIC Tue Jul 30 17:30:19 UTC 2 x86_64 x86_64 x86_64 GNU/Linux
     11:46:49 up 6 days,  7:52,  1 user,  load average: 0.43, 0.42, 0.51

commit 16d4b2738f9c707fac88cef8becfc7a8c0ec5415
Author: tracer-ysyx <tracer@ysyx.org>
Date:   Sat Sep 21 11:16:25 2024 +0800

    > run NEMU
    ysyx_100006503 杨鹏城
    Linux ypc 6.8.0-40-generic #40~22.04.3-Ubuntu SMP PREEMPT_DYNAMIC Tue Jul 30 17:30:19 UTC 2 x86_64 x86_64 x86_64 GNU/Linux
     11:16:25 up 6 days,  7:22,  1 user,  load average: 1.45, 0.92, 0.71

commit da76e268f57a5efc864f1d7837edb90ca1160b59
Author: tracer-ysyx <tracer@ysyx.org>
Date:   Sat Sep 21 11:16:25 2024 +0800

    > compile NEMU
    ysyx_100006503 杨鹏城
    Linux ypc 6.8.0-40-generic #40~22.04.3-Ubuntu SMP PREEMPT_DYNAMIC Tue Jul 30 17:30:19 UTC 2 x86_64 x86_64 x86_64 GNU/Linux
     11:16:25 up 6 days,  7:22,  1 user,  load average: 1.45, 0.92, 0.71

commit 7760b0d60b456a41cce2c5420dedbf73552c6133
Author: tracer-ysyx <tracer@ysyx.org>
Date:   Sat Sep 21 11:13:55 2024 +0800

    > run NEMU
    ysyx_100006503 杨鹏城
    Linux ypc 6.8.0-40-generic #40~22.04.3-Ubuntu SMP PREEMPT_DYNAMIC Tue Jul 30 17:30:19 UTC 2 x86_64 x86_64 x86_64 GNU/Linux
     11:13:55 up 6 days,  7:19,  1 user,  load average: 1.12, 0.68, 0.61

commit 1f6485929497258e305a2b2da503d559885ae2f7
Author: tracer-ysyx <tracer@ysyx.org>
Date:   Sat Sep 21 11:13:55 2024 +0800

    > compile NEMU
    ysyx_100006503 杨鹏城
    Linux ypc 6.8.0-40-generic #40~22.04.3-Ubuntu SMP PREEMPT_DYNAMIC Tue Jul 30 17:30:19 UTC 2 x86_64 x86_64 x86_64 GNU/Linux
     11:13:55 up 6 days,  7:19,  1 user,  load average: 1.12, 0.68, 0.61

commit db2a8000df965a1dac6a3fdd2e8ac10b3e26810f
Author: tracer-ysyx <tracer@ysyx.org>
Date:   Sat Sep 21 11:11:13 2024 +0800

    > gdb NEMU
    ysyx_100006503 杨鹏城
    Linux ypc 6.8.0-40-generic #40~22.04.3-Ubuntu SMP PREEMPT_DYNAMIC Tue Jul 30 17:30:19 UTC 2 x86_64 x86_64 x86_64 GNU/Linux
     11:11:13 up 6 days,  7:16,  1 user,  load average: 0.34, 0.43, 0.54

commit 5f4f92910b7b3dd139c2fe104a15f037592fe47f
Author: tracer-ysyx <tracer@ysyx.org>
Date:   Sat Sep 21 11:11:13 2024 +0800

    > compile NEMU
    ysyx_100006503 杨鹏城
    Linux ypc 6.8.0-40-generic #40~22.04.3-Ubuntu SMP PREEMPT_DYNAMIC Tue Jul 30 17:30:19 UTC 2 x86_64 x86_64 x86_64 GNU/Linux
     11:11:13 up 6 days,  7:16,  1 user,  load average: 0.34, 0.43, 0.54

commit ec2a54c4eda949715720eaa6bf308983551a9c89
Author: tracer-ysyx <tracer@ysyx.org>
Date:   Sat Sep 21 11:03:14 2024 +0800

    > run NEMU
    ysyx_100006503 杨鹏城
    Linux ypc 6.8.0-40-generic #40~22.04.3-Ubuntu SMP PREEMPT_DYNAMIC Tue Jul 30 17:30:19 UTC 2 x86_64 x86_64 x86_64 GNU/Linux
     11:03:14 up 6 days,  7:08,  1 user,  load average: 0.58, 0.71, 0.69

commit 8b375f54ff3700bd57c0c323f283ed0e08f6974c
Author: tracer-ysyx <tracer@ysyx.org>
Date:   Sat Sep 21 11:03:14 2024 +0800

    > compile NEMU
    ysyx_100006503 杨鹏城
    Linux ypc 6.8.0-40-generic #40~22.04.3-Ubuntu SMP PREEMPT_DYNAMIC Tue Jul 30 17:30:19 UTC 2 x86_64 x86_64 x86_64 GNU/Linux
     11:03:14 up 6 days,  7:08,  1 user,  load average: 0.58, 0.71, 0.69

commit 90347a8f08ffad3ce8f7d09ef64d6ef93f11613a
Author: tracer-ysyx <tracer@ysyx.org>
Date:   Fri Sep 20 20:29:24 2024 +0800

    > run NEMU
    ysyx_100006503 杨鹏城
    Linux ypc 6.8.0-40-generic #40~22.04.3-Ubuntu SMP PREEMPT_DYNAMIC Tue Jul 30 17:30:19 UTC 2 x86_64 x86_64 x86_64 GNU/Linux
     20:29:24 up 6 days,  6:33,  1 user,  load average: 1.93, 1.31, 1.11

commit d7337225f748afea9ebaee2bc6b1bf674b3acf86
Author: tracer-ysyx <tracer@ysyx.org>
Date:   Fri Sep 20 20:29:24 2024 +0800

    > compile NEMU
    ysyx_100006503 杨鹏城
    Linux ypc 6.8.0-40-generic #40~22.04.3-Ubuntu SMP PREEMPT_DYNAMIC Tue Jul 30 17:30:19 UTC 2 x86_64 x86_64 x86_64 GNU/Linux
     20:29:24 up 6 days,  6:33,  1 user,  load average: 1.93, 1.31, 1.11

commit 30bc06428ffc22b9706810019feebec70c110a38
Author: tracer-ysyx <tracer@ysyx.org>
Date:   Fri Sep 20 20:29:23 2024 +0800

    > run NEMU
    ysyx_100006503 杨鹏城
    Linux ypc 6.8.0-40-generic #40~22.04.3-Ubuntu SMP PREEMPT_DYNAMIC Tue Jul 30 17:30:19 UTC 2 x86_64 x86_64 x86_64 GNU/Linux
     20:29:23 up 6 days,  6:33,  1 user,  load average: 1.93, 1.31, 1.11

commit 486a853cc744556cb38e8f6fb29715bce7652e44
Author: tracer-ysyx <tracer@ysyx.org>
Date:   Fri Sep 20 20:29:23 2024 +0800

    > compile NEMU
    ysyx_100006503 杨鹏城
    Linux ypc 6.8.0-40-generic #40~22.04.3-Ubuntu SMP PREEMPT_DYNAMIC Tue Jul 30 17:30:19 UTC 2 x86_64 x86_64 x86_64 GNU/Linux
     20:29:23 up 6 days,  6:33,  1 user,  load average: 1.93, 1.31, 1.11

commit cc8cf68017b6b69fed6b5103f6c69ee01c361749
Author: tracer-ysyx <tracer@ysyx.org>
Date:   Fri Sep 20 20:29:23 2024 +0800

    > run NEMU
    ysyx_100006503 杨鹏城
    Linux ypc 6.8.0-40-generic #40~22.04.3-Ubuntu SMP PREEMPT_DYNAMIC Tue Jul 30 17:30:19 UTC 2 x86_64 x86_64 x86_64 GNU/Linux
     20:29:23 up 6 days,  6:33,  1 user,  load average: 1.93, 1.31, 1.11

commit 3529ac07b6d80a01b4ffa0248669fc3be21d5155
Author: tracer-ysyx <tracer@ysyx.org>
Date:   Fri Sep 20 20:29:23 2024 +0800

    > compile NEMU
    ysyx_100006503 杨鹏城
    Linux ypc 6.8.0-40-generic #40~22.04.3-Ubuntu SMP PREEMPT_DYNAMIC Tue Jul 30 17:30:19 UTC 2 x86_64 x86_64 x86_64 GNU/Linux
     20:29:23 up 6 days,  6:33,  1 user,  load average: 1.93, 1.31, 1.11

commit 4bb9e87dc43ee35c3779f45bdcb2d92f41f13371
Author: tracer-ysyx <tracer@ysyx.org>
Date:   Fri Sep 20 20:29:23 2024 +0800

    > run NEMU
    ysyx_100006503 杨鹏城
    Linux ypc 6.8.0-40-generic #40~22.04.3-Ubuntu SMP PREEMPT_DYNAMIC Tue Jul 30 17:30:19 UTC 2 x86_64 x86_64 x86_64 GNU/Linux
     20:29:23 up 6 days,  6:33,  1 user,  load average: 1.93, 1.31, 1.11

commit 6342ae4892fc82457604adfc8d81a5ad97b44c51
Author: tracer-ysyx <tracer@ysyx.org>
Date:   Fri Sep 20 20:29:23 2024 +0800

    > compile NEMU
    ysyx_100006503 杨鹏城
    Linux ypc 6.8.0-40-generic #40~22.04.3-Ubuntu SMP PREEMPT_DYNAMIC Tue Jul 30 17:30:19 UTC 2 x86_64 x86_64 x86_64 GNU/Linux
     20:29:23 up 6 days,  6:33,  1 user,  load average: 1.93, 1.31, 1.11

commit 2a0174f280561f3e262a48b03463c349b7f0d93d
Author: tracer-ysyx <tracer@ysyx.org>
Date:   Fri Sep 20 20:29:22 2024 +0800

    > run NEMU
    ysyx_100006503 杨鹏城
    Linux ypc 6.8.0-40-generic #40~22.04.3-Ubuntu SMP PREEMPT_DYNAMIC Tue Jul 30 17:30:19 UTC 2 x86_64 x86_64 x86_64 GNU/Linux
     20:29:22 up 6 days,  6:33,  1 user,  load average: 1.93, 1.31, 1.11

commit 95f68e53499c83718ddaba59f9ca7571e1e076ec
Author: tracer-ysyx <tracer@ysyx.org>
Date:   Fri Sep 20 20:29:22 2024 +0800

    > compile NEMU
    ysyx_100006503 杨鹏城
    Linux ypc 6.8.0-40-generic #40~22.04.3-Ubuntu SMP PREEMPT_DYNAMIC Tue Jul 30 17:30:19 UTC 2 x86_64 x86_64 x86_64 GNU/Linux
     20:29:22 up 6 days,  6:33,  1 user,  load average: 1.93, 1.31, 1.11

commit cd7d19d54726c10dcd9490891df8bb843b88039a
Author: tracer-ysyx <tracer@ysyx.org>
Date:   Fri Sep 20 20:29:22 2024 +0800

    > run NEMU
    ysyx_100006503 杨鹏城
    Linux ypc 6.8.0-40-generic #40~22.04.3-Ubuntu SMP PREEMPT_DYNAMIC Tue Jul 30 17:30:19 UTC 2 x86_64 x86_64 x86_64 GNU/Linux
     20:29:22 up 6 days,  6:33,  1 user,  load average: 1.93, 1.31, 1.11

commit 81c7acbf8f250b698fa7c587a9b895e80606ea61
Author: tracer-ysyx <tracer@ysyx.org>
Date:   Fri Sep 20 20:29:22 2024 +0800

    > compile NEMU
    ysyx_100006503 杨鹏城
    Linux ypc 6.8.0-40-generic #40~22.04.3-Ubuntu SMP PREEMPT_DYNAMIC Tue Jul 30 17:30:19 UTC 2 x86_64 x86_64 x86_64 GNU/Linux
     20:29:22 up 6 days,  6:33,  1 user,  load average: 1.93, 1.31, 1.11

commit dc034a4e27d4b12a1334216e9344a6d1712323a3
Author: tracer-ysyx <tracer@ysyx.org>
Date:   Fri Sep 20 20:29:22 2024 +0800

    > run NEMU
    ysyx_100006503 杨鹏城
    Linux ypc 6.8.0-40-generic #40~22.04.3-Ubuntu SMP PREEMPT_DYNAMIC Tue Jul 30 17:30:19 UTC 2 x86_64 x86_64 x86_64 GNU/Linux
     20:29:22 up 6 days,  6:33,  1 user,  load average: 1.93, 1.31, 1.11

commit 561fb8f80d35eba0a2042773e67e2d8f9be4606d
Author: tracer-ysyx <tracer@ysyx.org>
Date:   Fri Sep 20 20:29:22 2024 +0800

    > compile NEMU
    ysyx_100006503 杨鹏城
    Linux ypc 6.8.0-40-generic #40~22.04.3-Ubuntu SMP PREEMPT_DYNAMIC Tue Jul 30 17:30:19 UTC 2 x86_64 x86_64 x86_64 GNU/Linux
     20:29:22 up 6 days,  6:33,  1 user,  load average: 1.93, 1.31, 1.11

commit 95af55a015bf9678e7a513857b0225a3db9d229c
Author: tracer-ysyx <tracer@ysyx.org>
Date:   Fri Sep 20 20:29:21 2024 +0800

    > run NEMU
    ysyx_100006503 杨鹏城
    Linux ypc 6.8.0-40-generic #40~22.04.3-Ubuntu SMP PREEMPT_DYNAMIC Tue Jul 30 17:30:19 UTC 2 x86_64 x86_64 x86_64 GNU/Linux
     20:29:21 up 6 days,  6:33,  1 user,  load average: 1.93, 1.31, 1.11

commit e1ff899eb3cf0ecb78a74e6395099ba09584f726
Author: tracer-ysyx <tracer@ysyx.org>
Date:   Fri Sep 20 20:29:21 2024 +0800

    > compile NEMU
    ysyx_100006503 杨鹏城
    Linux ypc 6.8.0-40-generic #40~22.04.3-Ubuntu SMP PREEMPT_DYNAMIC Tue Jul 30 17:30:19 UTC 2 x86_64 x86_64 x86_64 GNU/Linux
     20:29:21 up 6 days,  6:33,  1 user,  load average: 1.93, 1.31, 1.11

commit 64166d085e489c134227ab37be1dc88fa2528b3d
Author: tracer-ysyx <tracer@ysyx.org>
Date:   Fri Sep 20 20:29:21 2024 +0800

    > run NEMU
    ysyx_100006503 杨鹏城
    Linux ypc 6.8.0-40-generic #40~22.04.3-Ubuntu SMP PREEMPT_DYNAMIC Tue Jul 30 17:30:19 UTC 2 x86_64 x86_64 x86_64 GNU/Linux
     20:29:21 up 6 days,  6:33,  1 user,  load average: 1.93, 1.31, 1.11

commit dff92c388c1f68e8e3b59b8e1f6e9cdb292d6ab1
Author: tracer-ysyx <tracer@ysyx.org>
Date:   Fri Sep 20 20:29:21 2024 +0800

    > compile NEMU
    ysyx_100006503 杨鹏城
    Linux ypc 6.8.0-40-generic #40~22.04.3-Ubuntu SMP PREEMPT_DYNAMIC Tue Jul 30 17:30:19 UTC 2 x86_64 x86_64 x86_64 GNU/Linux
     20:29:21 up 6 days,  6:33,  1 user,  load average: 1.93, 1.31, 1.11

commit 16ba6d946fa3d7703652b3db46d09ca245e028da
Author: tracer-ysyx <tracer@ysyx.org>
Date:   Fri Sep 20 20:29:20 2024 +0800

    > run NEMU
    ysyx_100006503 杨鹏城
    Linux ypc 6.8.0-40-generic #40~22.04.3-Ubuntu SMP PREEMPT_DYNAMIC Tue Jul 30 17:30:19 UTC 2 x86_64 x86_64 x86_64 GNU/Linux
     20:29:20 up 6 days,  6:33,  1 user,  load average: 1.93, 1.31, 1.11

commit 64260a56ccefda7be562f7d9b3619a994cdb6850
Author: tracer-ysyx <tracer@ysyx.org>
Date:   Fri Sep 20 20:29:20 2024 +0800

    > compile NEMU
    ysyx_100006503 杨鹏城
    Linux ypc 6.8.0-40-generic #40~22.04.3-Ubuntu SMP PREEMPT_DYNAMIC Tue Jul 30 17:30:19 UTC 2 x86_64 x86_64 x86_64 GNU/Linux
     20:29:20 up 6 days,  6:33,  1 user,  load average: 1.58, 1.24, 1.08

commit d6effb3fd762c1d03c6d4148dcd0da94f8bafdd0
Author: tracer-ysyx <tracer@ysyx.org>
Date:   Fri Sep 20 20:29:20 2024 +0800

    > run NEMU
    ysyx_100006503 杨鹏城
    Linux ypc 6.8.0-40-generic #40~22.04.3-Ubuntu SMP PREEMPT_DYNAMIC Tue Jul 30 17:30:19 UTC 2 x86_64 x86_64 x86_64 GNU/Linux
     20:29:20 up 6 days,  6:33,  1 user,  load average: 1.58, 1.24, 1.08

commit 41581160347ff011185ccc5aefe7c53d44a97dfd
Author: tracer-ysyx <tracer@ysyx.org>
Date:   Fri Sep 20 20:29:20 2024 +0800

    > compile NEMU
    ysyx_100006503 杨鹏城
    Linux ypc 6.8.0-40-generic #40~22.04.3-Ubuntu SMP PREEMPT_DYNAMIC Tue Jul 30 17:30:19 UTC 2 x86_64 x86_64 x86_64 GNU/Linux
     20:29:20 up 6 days,  6:33,  1 user,  load average: 1.58, 1.24, 1.08

commit e9971872ff7947652d7077fdd32c3c9f4c2030f7
Author: tracer-ysyx <tracer@ysyx.org>
Date:   Fri Sep 20 20:29:20 2024 +0800

    > run NEMU
    ysyx_100006503 杨鹏城
    Linux ypc 6.8.0-40-generic #40~22.04.3-Ubuntu SMP PREEMPT_DYNAMIC Tue Jul 30 17:30:19 UTC 2 x86_64 x86_64 x86_64 GNU/Linux
     20:29:20 up 6 days,  6:33,  1 user,  load average: 1.58, 1.24, 1.08

commit bd95348d2eb78977bc3c8db9e97852cadb775a42
Author: tracer-ysyx <tracer@ysyx.org>
Date:   Fri Sep 20 20:29:20 2024 +0800

    > compile NEMU
    ysyx_100006503 杨鹏城
    Linux ypc 6.8.0-40-generic #40~22.04.3-Ubuntu SMP PREEMPT_DYNAMIC Tue Jul 30 17:30:19 UTC 2 x86_64 x86_64 x86_64 GNU/Linux
     20:29:20 up 6 days,  6:33,  1 user,  load average: 1.58, 1.24, 1.08

commit 1422ad2fe177db5e48607ea4b0701ca06366f8ee
Author: tracer-ysyx <tracer@ysyx.org>
Date:   Fri Sep 20 20:29:19 2024 +0800

    > run NEMU
    ysyx_100006503 杨鹏城
    Linux ypc 6.8.0-40-generic #40~22.04.3-Ubuntu SMP PREEMPT_DYNAMIC Tue Jul 30 17:30:19 UTC 2 x86_64 x86_64 x86_64 GNU/Linux
     20:29:19 up 6 days,  6:33,  1 user,  load average: 1.58, 1.24, 1.08

commit 7482c0ac463743879358a81ee6cde296e373bdaa
Author: tracer-ysyx <tracer@ysyx.org>
Date:   Fri Sep 20 20:29:19 2024 +0800

    > compile NEMU
    ysyx_100006503 杨鹏城
    Linux ypc 6.8.0-40-generic #40~22.04.3-Ubuntu SMP PREEMPT_DYNAMIC Tue Jul 30 17:30:19 UTC 2 x86_64 x86_64 x86_64 GNU/Linux
     20:29:19 up 6 days,  6:33,  1 user,  load average: 1.58, 1.24, 1.08

commit 1b8d3accbbd611aeb1dcada9ffa4d119d15cd5c4
Author: tracer-ysyx <tracer@ysyx.org>
Date:   Fri Sep 20 20:29:19 2024 +0800

    > run NEMU
    ysyx_100006503 杨鹏城
    Linux ypc 6.8.0-40-generic #40~22.04.3-Ubuntu SMP PREEMPT_DYNAMIC Tue Jul 30 17:30:19 UTC 2 x86_64 x86_64 x86_64 GNU/Linux
     20:29:19 up 6 days,  6:33,  1 user,  load average: 1.58, 1.24, 1.08

commit 65a457fcc9e8a9e9d47667a675b028c43769f8d1
Author: tracer-ysyx <tracer@ysyx.org>
Date:   Fri Sep 20 20:29:19 2024 +0800

    > compile NEMU
    ysyx_100006503 杨鹏城
    Linux ypc 6.8.0-40-generic #40~22.04.3-Ubuntu SMP PREEMPT_DYNAMIC Tue Jul 30 17:30:19 UTC 2 x86_64 x86_64 x86_64 GNU/Linux
     20:29:19 up 6 days,  6:33,  1 user,  load average: 1.58, 1.24, 1.08

commit 5ab584f3c4628644ad7e655081c034919edef4fc
Author: tracer-ysyx <tracer@ysyx.org>
Date:   Fri Sep 20 20:29:18 2024 +0800

    > run NEMU
    ysyx_100006503 杨鹏城
    Linux ypc 6.8.0-40-generic #40~22.04.3-Ubuntu SMP PREEMPT_DYNAMIC Tue Jul 30 17:30:19 UTC 2 x86_64 x86_64 x86_64 GNU/Linux
     20:29:18 up 6 days,  6:33,  1 user,  load average: 1.58, 1.24, 1.08

commit 44d090a8a8cde6f706fa3af29456cc3c316dacd8
Author: tracer-ysyx <tracer@ysyx.org>
Date:   Fri Sep 20 20:29:18 2024 +0800

    > compile NEMU
    ysyx_100006503 杨鹏城
    Linux ypc 6.8.0-40-generic #40~22.04.3-Ubuntu SMP PREEMPT_DYNAMIC Tue Jul 30 17:30:19 UTC 2 x86_64 x86_64 x86_64 GNU/Linux
     20:29:18 up 6 days,  6:33,  1 user,  load average: 1.58, 1.24, 1.08

commit 78056cebbb9635970d4aece163de04b5aa6b2138
Author: tracer-ysyx <tracer@ysyx.org>
Date:   Fri Sep 20 20:29:18 2024 +0800

    > run NEMU
    ysyx_100006503 杨鹏城
    Linux ypc 6.8.0-40-generic #40~22.04.3-Ubuntu SMP PREEMPT_DYNAMIC Tue Jul 30 17:30:19 UTC 2 x86_64 x86_64 x86_64 GNU/Linux
     20:29:18 up 6 days,  6:33,  1 user,  load average: 1.58, 1.24, 1.08

commit 2a2c145155db5d9d260b655caaf1e7e651a97585
Author: tracer-ysyx <tracer@ysyx.org>
Date:   Fri Sep 20 20:29:18 2024 +0800

    > compile NEMU
    ysyx_100006503 杨鹏城
    Linux ypc 6.8.0-40-generic #40~22.04.3-Ubuntu SMP PREEMPT_DYNAMIC Tue Jul 30 17:30:19 UTC 2 x86_64 x86_64 x86_64 GNU/Linux
     20:29:18 up 6 days,  6:33,  1 user,  load average: 1.58, 1.24, 1.08

commit b199eb267c531334981a963918ad88e8477daa65
Author: tracer-ysyx <tracer@ysyx.org>
Date:   Fri Sep 20 20:29:18 2024 +0800

    > run NEMU
    ysyx_100006503 杨鹏城
    Linux ypc 6.8.0-40-generic #40~22.04.3-Ubuntu SMP PREEMPT_DYNAMIC Tue Jul 30 17:30:19 UTC 2 x86_64 x86_64 x86_64 GNU/Linux
     20:29:18 up 6 days,  6:33,  1 user,  load average: 1.58, 1.24, 1.08

commit 9f35b6f0440f3240103b025916bb75b5fc32b888
Author: tracer-ysyx <tracer@ysyx.org>
Date:   Fri Sep 20 20:29:18 2024 +0800

    > compile NEMU
    ysyx_100006503 杨鹏城
    Linux ypc 6.8.0-40-generic #40~22.04.3-Ubuntu SMP PREEMPT_DYNAMIC Tue Jul 30 17:30:19 UTC 2 x86_64 x86_64 x86_64 GNU/Linux
     20:29:18 up 6 days,  6:33,  1 user,  load average: 1.58, 1.24, 1.08

commit 551d3bef611635336092946bb4946b8fe5463590
Author: tracer-ysyx <tracer@ysyx.org>
Date:   Fri Sep 20 20:29:17 2024 +0800

    > run NEMU
    ysyx_100006503 杨鹏城
    Linux ypc 6.8.0-40-generic #40~22.04.3-Ubuntu SMP PREEMPT_DYNAMIC Tue Jul 30 17:30:19 UTC 2 x86_64 x86_64 x86_64 GNU/Linux
     20:29:17 up 6 days,  6:33,  1 user,  load average: 1.58, 1.24, 1.08

commit 04787de8b5004c16fd94aa093f21eff48f033baa
Author: tracer-ysyx <tracer@ysyx.org>
Date:   Fri Sep 20 20:29:17 2024 +0800

    > compile NEMU
    ysyx_100006503 杨鹏城
    Linux ypc 6.8.0-40-generic #40~22.04.3-Ubuntu SMP PREEMPT_DYNAMIC Tue Jul 30 17:30:19 UTC 2 x86_64 x86_64 x86_64 GNU/Linux
     20:29:17 up 6 days,  6:33,  1 user,  load average: 1.58, 1.24, 1.08

commit 9bfb289cbf1f97ef763c42098929ddabb3159be8
Author: tracer-ysyx <tracer@ysyx.org>
Date:   Fri Sep 20 20:29:17 2024 +0800

    > run NEMU
    ysyx_100006503 杨鹏城
    Linux ypc 6.8.0-40-generic #40~22.04.3-Ubuntu SMP PREEMPT_DYNAMIC Tue Jul 30 17:30:19 UTC 2 x86_64 x86_64 x86_64 GNU/Linux
     20:29:17 up 6 days,  6:33,  1 user,  load average: 1.58, 1.24, 1.08

commit 24578b9897a360f9fce415c3a2487ded84b01a25
Author: tracer-ysyx <tracer@ysyx.org>
Date:   Fri Sep 20 20:29:17 2024 +0800

    > compile NEMU
    ysyx_100006503 杨鹏城
    Linux ypc 6.8.0-40-generic #40~22.04.3-Ubuntu SMP PREEMPT_DYNAMIC Tue Jul 30 17:30:19 UTC 2 x86_64 x86_64 x86_64 GNU/Linux
     20:29:17 up 6 days,  6:33,  1 user,  load average: 1.58, 1.24, 1.08

commit ebc9f0bd59632bd457991b36d1e9cb1b19417676
Author: tracer-ysyx <tracer@ysyx.org>
Date:   Fri Sep 20 20:29:17 2024 +0800

    > run NEMU
    ysyx_100006503 杨鹏城
    Linux ypc 6.8.0-40-generic #40~22.04.3-Ubuntu SMP PREEMPT_DYNAMIC Tue Jul 30 17:30:19 UTC 2 x86_64 x86_64 x86_64 GNU/Linux
     20:29:17 up 6 days,  6:33,  1 user,  load average: 1.58, 1.24, 1.08

commit 78d443e6bd08f62cfcaef27a59f97251d5399003
Author: tracer-ysyx <tracer@ysyx.org>
Date:   Fri Sep 20 20:29:17 2024 +0800

    > compile NEMU
    ysyx_100006503 杨鹏城
    Linux ypc 6.8.0-40-generic #40~22.04.3-Ubuntu SMP PREEMPT_DYNAMIC Tue Jul 30 17:30:19 UTC 2 x86_64 x86_64 x86_64 GNU/Linux
     20:29:17 up 6 days,  6:33,  1 user,  load average: 1.58, 1.24, 1.08

commit 10aeee214f3d9c7c0f49c6fb1161c271f6b06a78
Author: tracer-ysyx <tracer@ysyx.org>
Date:   Fri Sep 20 20:29:16 2024 +0800

    > run NEMU
    ysyx_100006503 杨鹏城
    Linux ypc 6.8.0-40-generic #40~22.04.3-Ubuntu SMP PREEMPT_DYNAMIC Tue Jul 30 17:30:19 UTC 2 x86_64 x86_64 x86_64 GNU/Linux
     20:29:16 up 6 days,  6:33,  1 user,  load average: 1.58, 1.24, 1.08

commit 97f97033aa83f6ade62e64f3982a003c137b60fb
Author: tracer-ysyx <tracer@ysyx.org>
Date:   Fri Sep 20 20:29:16 2024 +0800

    > compile NEMU
    ysyx_100006503 杨鹏城
    Linux ypc 6.8.0-40-generic #40~22.04.3-Ubuntu SMP PREEMPT_DYNAMIC Tue Jul 30 17:30:19 UTC 2 x86_64 x86_64 x86_64 GNU/Linux
     20:29:16 up 6 days,  6:33,  1 user,  load average: 1.58, 1.24, 1.08

commit ea8087d7d128277765394c1f4f0878366ce830b4
Author: tracer-ysyx <tracer@ysyx.org>
Date:   Fri Sep 20 20:29:16 2024 +0800

    > run NEMU
    ysyx_100006503 杨鹏城
    Linux ypc 6.8.0-40-generic #40~22.04.3-Ubuntu SMP PREEMPT_DYNAMIC Tue Jul 30 17:30:19 UTC 2 x86_64 x86_64 x86_64 GNU/Linux
     20:29:16 up 6 days,  6:33,  1 user,  load average: 1.58, 1.24, 1.08

commit 2172b27642ef4e88b5603e3b50eadfb027a56e44
Author: tracer-ysyx <tracer@ysyx.org>
Date:   Fri Sep 20 20:29:16 2024 +0800

    > compile NEMU
    ysyx_100006503 杨鹏城
    Linux ypc 6.8.0-40-generic #40~22.04.3-Ubuntu SMP PREEMPT_DYNAMIC Tue Jul 30 17:30:19 UTC 2 x86_64 x86_64 x86_64 GNU/Linux
     20:29:16 up 6 days,  6:33,  1 user,  load average: 1.58, 1.24, 1.08

commit 4bcc6cc7ce8b5af8e9df783a660341316da4b0d7
Author: tracer-ysyx <tracer@ysyx.org>
Date:   Fri Sep 20 20:29:16 2024 +0800

    > run NEMU
    ysyx_100006503 杨鹏城
    Linux ypc 6.8.0-40-generic #40~22.04.3-Ubuntu SMP PREEMPT_DYNAMIC Tue Jul 30 17:30:19 UTC 2 x86_64 x86_64 x86_64 GNU/Linux
     20:29:16 up 6 days,  6:33,  1 user,  load average: 1.58, 1.24, 1.08

commit 31a01ed6d224924a5838bccde7dd36b5b9f16cfd
Author: tracer-ysyx <tracer@ysyx.org>
Date:   Fri Sep 20 20:29:15 2024 +0800

    > compile NEMU
    ysyx_100006503 杨鹏城
    Linux ypc 6.8.0-40-generic #40~22.04.3-Ubuntu SMP PREEMPT_DYNAMIC Tue Jul 30 17:30:19 UTC 2 x86_64 x86_64 x86_64 GNU/Linux
     20:29:15 up 6 days,  6:33,  1 user,  load average: 1.58, 1.24, 1.08

commit dda5049a13233e86fcaab86ea7858612e2c49791
Author: tracer-ysyx <tracer@ysyx.org>
Date:   Fri Sep 20 20:29:15 2024 +0800

    > run NEMU
    ysyx_100006503 杨鹏城
    Linux ypc 6.8.0-40-generic #40~22.04.3-Ubuntu SMP PREEMPT_DYNAMIC Tue Jul 30 17:30:19 UTC 2 x86_64 x86_64 x86_64 GNU/Linux
     20:29:15 up 6 days,  6:33,  1 user,  load average: 1.45, 1.21, 1.07

commit cdd710c68ce108fe10cb3c1b44e72a6da567ec4b
Author: tracer-ysyx <tracer@ysyx.org>
Date:   Fri Sep 20 20:29:15 2024 +0800

    > compile NEMU
    ysyx_100006503 杨鹏城
    Linux ypc 6.8.0-40-generic #40~22.04.3-Ubuntu SMP PREEMPT_DYNAMIC Tue Jul 30 17:30:19 UTC 2 x86_64 x86_64 x86_64 GNU/Linux
     20:29:15 up 6 days,  6:33,  1 user,  load average: 1.45, 1.21, 1.07

commit 4adcb42cdb3799576114a5776f13ba2e84604f70
Author: tracer-ysyx <tracer@ysyx.org>
Date:   Fri Sep 20 20:29:15 2024 +0800

    > run NEMU
    ysyx_100006503 杨鹏城
    Linux ypc 6.8.0-40-generic #40~22.04.3-Ubuntu SMP PREEMPT_DYNAMIC Tue Jul 30 17:30:19 UTC 2 x86_64 x86_64 x86_64 GNU/Linux
     20:29:15 up 6 days,  6:33,  1 user,  load average: 1.45, 1.21, 1.07

commit 7c8effbada72f814e95a64979d63d895ac2d5140
Author: tracer-ysyx <tracer@ysyx.org>
Date:   Fri Sep 20 20:29:15 2024 +0800

    > compile NEMU
    ysyx_100006503 杨鹏城
    Linux ypc 6.8.0-40-generic #40~22.04.3-Ubuntu SMP PREEMPT_DYNAMIC Tue Jul 30 17:30:19 UTC 2 x86_64 x86_64 x86_64 GNU/Linux
     20:29:15 up 6 days,  6:33,  1 user,  load average: 1.45, 1.21, 1.07

commit a7ec92043da574459f9afb824233c13fe05e9808
Author: tracer-ysyx <tracer@ysyx.org>
Date:   Fri Sep 20 20:29:14 2024 +0800

    > run NEMU
    ysyx_100006503 杨鹏城
    Linux ypc 6.8.0-40-generic #40~22.04.3-Ubuntu SMP PREEMPT_DYNAMIC Tue Jul 30 17:30:19 UTC 2 x86_64 x86_64 x86_64 GNU/Linux
     20:29:14 up 6 days,  6:33,  1 user,  load average: 1.45, 1.21, 1.07

commit 5289c4859df500651fe05830185259a07d1c8791
Author: tracer-ysyx <tracer@ysyx.org>
Date:   Fri Sep 20 20:29:14 2024 +0800

    > compile NEMU
    ysyx_100006503 杨鹏城
    Linux ypc 6.8.0-40-generic #40~22.04.3-Ubuntu SMP PREEMPT_DYNAMIC Tue Jul 30 17:30:19 UTC 2 x86_64 x86_64 x86_64 GNU/Linux
     20:29:14 up 6 days,  6:33,  1 user,  load average: 1.45, 1.21, 1.07

commit 5ca363f2623d6058e6d1d4b5262fb130d722937f
Author: tracer-ysyx <tracer@ysyx.org>
Date:   Fri Sep 20 20:29:14 2024 +0800

    > run NEMU
    ysyx_100006503 杨鹏城
    Linux ypc 6.8.0-40-generic #40~22.04.3-Ubuntu SMP PREEMPT_DYNAMIC Tue Jul 30 17:30:19 UTC 2 x86_64 x86_64 x86_64 GNU/Linux
     20:29:14 up 6 days,  6:33,  1 user,  load average: 1.45, 1.21, 1.07

commit 131cdc94013048b01f2136f531f3c9c99e7da25d
Author: tracer-ysyx <tracer@ysyx.org>
Date:   Fri Sep 20 20:29:14 2024 +0800

    > compile NEMU
    ysyx_100006503 杨鹏城
    Linux ypc 6.8.0-40-generic #40~22.04.3-Ubuntu SMP PREEMPT_DYNAMIC Tue Jul 30 17:30:19 UTC 2 x86_64 x86_64 x86_64 GNU/Linux
     20:29:14 up 6 days,  6:33,  1 user,  load average: 1.45, 1.21, 1.07

commit 8669a88962c9fabfe9feb5894eb7f9cbcf927e24
Author: tracer-ysyx <tracer@ysyx.org>
Date:   Fri Sep 20 20:29:13 2024 +0800

    > run NEMU
    ysyx_100006503 杨鹏城
    Linux ypc 6.8.0-40-generic #40~22.04.3-Ubuntu SMP PREEMPT_DYNAMIC Tue Jul 30 17:30:19 UTC 2 x86_64 x86_64 x86_64 GNU/Linux
     20:29:13 up 6 days,  6:33,  1 user,  load average: 1.45, 1.21, 1.07

commit 60a0fd98d7228f006cf6643d06b19c3c2f19870c
Author: tracer-ysyx <tracer@ysyx.org>
Date:   Fri Sep 20 20:29:13 2024 +0800

    > compile NEMU
    ysyx_100006503 杨鹏城
    Linux ypc 6.8.0-40-generic #40~22.04.3-Ubuntu SMP PREEMPT_DYNAMIC Tue Jul 30 17:30:19 UTC 2 x86_64 x86_64 x86_64 GNU/Linux
     20:29:13 up 6 days,  6:33,  1 user,  load average: 1.45, 1.21, 1.07

commit d3e654e57805a76c4707135b80a612cc658c3243
Author: tracer-ysyx <tracer@ysyx.org>
Date:   Fri Sep 20 20:29:13 2024 +0800

    > run NEMU
    ysyx_100006503 杨鹏城
    Linux ypc 6.8.0-40-generic #40~22.04.3-Ubuntu SMP PREEMPT_DYNAMIC Tue Jul 30 17:30:19 UTC 2 x86_64 x86_64 x86_64 GNU/Linux
     20:29:13 up 6 days,  6:33,  1 user,  load average: 1.45, 1.21, 1.07

commit 9563f7398a5dd12f858d3d7f2228f386370e6a69
Author: tracer-ysyx <tracer@ysyx.org>
Date:   Fri Sep 20 20:29:13 2024 +0800

    > compile NEMU
    ysyx_100006503 杨鹏城
    Linux ypc 6.8.0-40-generic #40~22.04.3-Ubuntu SMP PREEMPT_DYNAMIC Tue Jul 30 17:30:19 UTC 2 x86_64 x86_64 x86_64 GNU/Linux
     20:29:13 up 6 days,  6:33,  1 user,  load average: 1.45, 1.21, 1.07

commit edec5d1ef0327cbed42f7364fa6f25182ddb1c4b
Author: tracer-ysyx <tracer@ysyx.org>
Date:   Fri Sep 20 20:29:13 2024 +0800

    > run NEMU
    ysyx_100006503 杨鹏城
    Linux ypc 6.8.0-40-generic #40~22.04.3-Ubuntu SMP PREEMPT_DYNAMIC Tue Jul 30 17:30:19 UTC 2 x86_64 x86_64 x86_64 GNU/Linux
     20:29:13 up 6 days,  6:33,  1 user,  load average: 1.45, 1.21, 1.07

commit 117266ecab7bbb2849c5a95a1860361c6252776c
Author: tracer-ysyx <tracer@ysyx.org>
Date:   Fri Sep 20 20:29:13 2024 +0800

    > compile NEMU
    ysyx_100006503 杨鹏城
    Linux ypc 6.8.0-40-generic #40~22.04.3-Ubuntu SMP PREEMPT_DYNAMIC Tue Jul 30 17:30:19 UTC 2 x86_64 x86_64 x86_64 GNU/Linux
     20:29:13 up 6 days,  6:33,  1 user,  load average: 1.45, 1.21, 1.07

commit cac84047cb25fb488b9dd6ffbede272a21486365
Author: tracer-ysyx <tracer@ysyx.org>
Date:   Fri Sep 20 20:29:12 2024 +0800

    > run NEMU
    ysyx_100006503 杨鹏城
    Linux ypc 6.8.0-40-generic #40~22.04.3-Ubuntu SMP PREEMPT_DYNAMIC Tue Jul 30 17:30:19 UTC 2 x86_64 x86_64 x86_64 GNU/Linux
     20:29:12 up 6 days,  6:33,  1 user,  load average: 1.45, 1.21, 1.07

commit ff78cd04b865b5790790360e054e2e7ab03b573a
Author: tracer-ysyx <tracer@ysyx.org>
Date:   Fri Sep 20 20:29:12 2024 +0800

    > compile NEMU
    ysyx_100006503 杨鹏城
    Linux ypc 6.8.0-40-generic #40~22.04.3-Ubuntu SMP PREEMPT_DYNAMIC Tue Jul 30 17:30:19 UTC 2 x86_64 x86_64 x86_64 GNU/Linux
     20:29:12 up 6 days,  6:33,  1 user,  load average: 1.45, 1.21, 1.07

commit 221443afd1d5253dc147d10373be2ed679801382
Author: tracer-ysyx <tracer@ysyx.org>
Date:   Fri Sep 20 20:29:12 2024 +0800

    > run NEMU
    ysyx_100006503 杨鹏城
    Linux ypc 6.8.0-40-generic #40~22.04.3-Ubuntu SMP PREEMPT_DYNAMIC Tue Jul 30 17:30:19 UTC 2 x86_64 x86_64 x86_64 GNU/Linux
     20:29:12 up 6 days,  6:33,  1 user,  load average: 1.45, 1.21, 1.07

commit 29d1d85bdb728eb1b75ae02241d0b58327239156
Author: tracer-ysyx <tracer@ysyx.org>
Date:   Fri Sep 20 20:29:12 2024 +0800

    > compile NEMU
    ysyx_100006503 杨鹏城
    Linux ypc 6.8.0-40-generic #40~22.04.3-Ubuntu SMP PREEMPT_DYNAMIC Tue Jul 30 17:30:19 UTC 2 x86_64 x86_64 x86_64 GNU/Linux
     20:29:12 up 6 days,  6:33,  1 user,  load average: 1.45, 1.21, 1.07

commit 4802dde82e5ccd81661a2d99ac5783a70fac0412
Author: tracer-ysyx <tracer@ysyx.org>
Date:   Fri Sep 20 20:29:12 2024 +0800

    > run NEMU
    ysyx_100006503 杨鹏城
    Linux ypc 6.8.0-40-generic #40~22.04.3-Ubuntu SMP PREEMPT_DYNAMIC Tue Jul 30 17:30:19 UTC 2 x86_64 x86_64 x86_64 GNU/Linux
     20:29:12 up 6 days,  6:33,  1 user,  load average: 1.45, 1.21, 1.07

commit e302bca644e8f7ec2dbbd403d40c601e79d7e1a9
Author: tracer-ysyx <tracer@ysyx.org>
Date:   Fri Sep 20 20:29:12 2024 +0800

    > compile NEMU
    ysyx_100006503 杨鹏城
    Linux ypc 6.8.0-40-generic #40~22.04.3-Ubuntu SMP PREEMPT_DYNAMIC Tue Jul 30 17:30:19 UTC 2 x86_64 x86_64 x86_64 GNU/Linux
     20:29:12 up 6 days,  6:33,  1 user,  load average: 1.45, 1.21, 1.07

commit ee671e4482fb141edb6ea959d3eec9e1e2642c77
Author: tracer-ysyx <tracer@ysyx.org>
Date:   Fri Sep 20 20:29:11 2024 +0800

    > run NEMU
    ysyx_100006503 杨鹏城
    Linux ypc 6.8.0-40-generic #40~22.04.3-Ubuntu SMP PREEMPT_DYNAMIC Tue Jul 30 17:30:19 UTC 2 x86_64 x86_64 x86_64 GNU/Linux
     20:29:11 up 6 days,  6:33,  1 user,  load average: 1.45, 1.21, 1.07

commit 62c8c841970966b70136c0a7035f9c49fffcd115
Author: tracer-ysyx <tracer@ysyx.org>
Date:   Fri Sep 20 20:29:11 2024 +0800

    > compile NEMU
    ysyx_100006503 杨鹏城
    Linux ypc 6.8.0-40-generic #40~22.04.3-Ubuntu SMP PREEMPT_DYNAMIC Tue Jul 30 17:30:19 UTC 2 x86_64 x86_64 x86_64 GNU/Linux
     20:29:11 up 6 days,  6:33,  1 user,  load average: 1.45, 1.21, 1.07

commit bb9c4cdd4db29f3f65cc80978be6876f2c33aff0
Author: tracer-ysyx <tracer@ysyx.org>
Date:   Fri Sep 20 20:29:11 2024 +0800

    > run NEMU
    ysyx_100006503 杨鹏城
    Linux ypc 6.8.0-40-generic #40~22.04.3-Ubuntu SMP PREEMPT_DYNAMIC Tue Jul 30 17:30:19 UTC 2 x86_64 x86_64 x86_64 GNU/Linux
     20:29:11 up 6 days,  6:33,  1 user,  load average: 1.45, 1.21, 1.07

commit 678cc91e3c2e951a0cb6e25d4d5e8a522ff0550c
Author: tracer-ysyx <tracer@ysyx.org>
Date:   Fri Sep 20 20:29:11 2024 +0800

    > compile NEMU
    ysyx_100006503 杨鹏城
    Linux ypc 6.8.0-40-generic #40~22.04.3-Ubuntu SMP PREEMPT_DYNAMIC Tue Jul 30 17:30:19 UTC 2 x86_64 x86_64 x86_64 GNU/Linux
     20:29:11 up 6 days,  6:33,  1 user,  load average: 1.45, 1.21, 1.07

commit feb1c5833d319e0babda7d512d7bf8756d249ec3
Author: tracer-ysyx <tracer@ysyx.org>
Date:   Fri Sep 20 20:28:13 2024 +0800

    > run NEMU
    ysyx_100006503 杨鹏城
    Linux ypc 6.8.0-40-generic #40~22.04.3-Ubuntu SMP PREEMPT_DYNAMIC Tue Jul 30 17:30:19 UTC 2 x86_64 x86_64 x86_64 GNU/Linux
     20:28:13 up 6 days,  6:32,  1 user,  load average: 2.17, 1.28, 1.09

commit 1867f0e39a49533ba0330e79aed389be700ed4e7
Author: tracer-ysyx <tracer@ysyx.org>
Date:   Fri Sep 20 20:28:11 2024 +0800

    > compile NEMU
    ysyx_100006503 杨鹏城
    Linux ypc 6.8.0-40-generic #40~22.04.3-Ubuntu SMP PREEMPT_DYNAMIC Tue Jul 30 17:30:19 UTC 2 x86_64 x86_64 x86_64 GNU/Linux
     20:28:11 up 6 days,  6:32,  1 user,  load average: 2.17, 1.28, 1.09

commit 146d6323bf2b42a7a579c13b12ee575a99eeca5d
Author: tracer-ysyx <tracer@ysyx.org>
Date:   Fri Sep 20 20:28:11 2024 +0800

    > run NEMU
    ysyx_100006503 杨鹏城
    Linux ypc 6.8.0-40-generic #40~22.04.3-Ubuntu SMP PREEMPT_DYNAMIC Tue Jul 30 17:30:19 UTC 2 x86_64 x86_64 x86_64 GNU/Linux
     20:28:11 up 6 days,  6:32,  1 user,  load average: 2.17, 1.28, 1.09

commit d322cd5287cc9f2616ff7ebdc4a78b4ccc129c7f
Author: tracer-ysyx <tracer@ysyx.org>
Date:   Fri Sep 20 20:28:09 2024 +0800

    > compile NEMU
    ysyx_100006503 杨鹏城
    Linux ypc 6.8.0-40-generic #40~22.04.3-Ubuntu SMP PREEMPT_DYNAMIC Tue Jul 30 17:30:19 UTC 2 x86_64 x86_64 x86_64 GNU/Linux
     20:28:09 up 6 days,  6:32,  1 user,  load average: 2.27, 1.29, 1.09

commit d52f8d6c4e015b2c378bf3f6ab5faedf9d97856f
Author: tracer-ysyx <tracer@ysyx.org>
Date:   Fri Sep 20 20:28:09 2024 +0800

    > run NEMU
    ysyx_100006503 杨鹏城
    Linux ypc 6.8.0-40-generic #40~22.04.3-Ubuntu SMP PREEMPT_DYNAMIC Tue Jul 30 17:30:19 UTC 2 x86_64 x86_64 x86_64 GNU/Linux
     20:28:09 up 6 days,  6:32,  1 user,  load average: 2.27, 1.29, 1.09

commit 631f42328fe1d227158c993f74edfb16157e2405
Author: tracer-ysyx <tracer@ysyx.org>
Date:   Fri Sep 20 20:28:07 2024 +0800

    > compile NEMU
    ysyx_100006503 杨鹏城
    Linux ypc 6.8.0-40-generic #40~22.04.3-Ubuntu SMP PREEMPT_DYNAMIC Tue Jul 30 17:30:19 UTC 2 x86_64 x86_64 x86_64 GNU/Linux
     20:28:07 up 6 days,  6:32,  1 user,  load average: 2.27, 1.29, 1.09

commit eb85a4009c103a15d7bd25a2393b103aaab0d993
Author: tracer-ysyx <tracer@ysyx.org>
Date:   Fri Sep 20 20:28:07 2024 +0800

    > run NEMU
    ysyx_100006503 杨鹏城
    Linux ypc 6.8.0-40-generic #40~22.04.3-Ubuntu SMP PREEMPT_DYNAMIC Tue Jul 30 17:30:19 UTC 2 x86_64 x86_64 x86_64 GNU/Linux
     20:28:07 up 6 days,  6:32,  1 user,  load average: 2.27, 1.29, 1.09

commit d3bdb5157f8f462533b39558884055947d3b9f5f
Author: tracer-ysyx <tracer@ysyx.org>
Date:   Fri Sep 20 20:28:05 2024 +0800

    > compile NEMU
    ysyx_100006503 杨鹏城
    Linux ypc 6.8.0-40-generic #40~22.04.3-Ubuntu SMP PREEMPT_DYNAMIC Tue Jul 30 17:30:19 UTC 2 x86_64 x86_64 x86_64 GNU/Linux
     20:28:05 up 6 days,  6:32,  1 user,  load average: 2.38, 1.29, 1.09

commit 71252260414881db90521aa022aaf9484bff5ad1
Author: tracer-ysyx <tracer@ysyx.org>
Date:   Fri Sep 20 20:28:04 2024 +0800

    > run NEMU
    ysyx_100006503 杨鹏城
    Linux ypc 6.8.0-40-generic #40~22.04.3-Ubuntu SMP PREEMPT_DYNAMIC Tue Jul 30 17:30:19 UTC 2 x86_64 x86_64 x86_64 GNU/Linux
     20:28:04 up 6 days,  6:32,  1 user,  load average: 2.38, 1.29, 1.09

commit d73439ed9d957bfe72d2852a93fafae9055e351c
Author: tracer-ysyx <tracer@ysyx.org>
Date:   Fri Sep 20 20:28:03 2024 +0800

    > compile NEMU
    ysyx_100006503 杨鹏城
    Linux ypc 6.8.0-40-generic #40~22.04.3-Ubuntu SMP PREEMPT_DYNAMIC Tue Jul 30 17:30:19 UTC 2 x86_64 x86_64 x86_64 GNU/Linux
     20:28:03 up 6 days,  6:32,  1 user,  load average: 2.38, 1.29, 1.09

commit a6e0da0d5439b118a2b74df22c44035b6fdadf42
Author: tracer-ysyx <tracer@ysyx.org>
Date:   Fri Sep 20 20:28:03 2024 +0800

    > run NEMU
    ysyx_100006503 杨鹏城
    Linux ypc 6.8.0-40-generic #40~22.04.3-Ubuntu SMP PREEMPT_DYNAMIC Tue Jul 30 17:30:19 UTC 2 x86_64 x86_64 x86_64 GNU/Linux
     20:28:03 up 6 days,  6:32,  1 user,  load average: 2.38, 1.29, 1.09

commit 64e0aef5ff6ed1c7ba81c68b5815e775552eaa50
Author: tracer-ysyx <tracer@ysyx.org>
Date:   Fri Sep 20 20:28:01 2024 +0800

    > compile NEMU
    ysyx_100006503 杨鹏城
    Linux ypc 6.8.0-40-generic #40~22.04.3-Ubuntu SMP PREEMPT_DYNAMIC Tue Jul 30 17:30:19 UTC 2 x86_64 x86_64 x86_64 GNU/Linux
     20:28:01 up 6 days,  6:32,  1 user,  load average: 2.38, 1.29, 1.09

commit eb4def18486aae8a6328e183ee28d409968390a6
Author: tracer-ysyx <tracer@ysyx.org>
Date:   Fri Sep 20 20:28:00 2024 +0800

    > run NEMU
    ysyx_100006503 杨鹏城
    Linux ypc 6.8.0-40-generic #40~22.04.3-Ubuntu SMP PREEMPT_DYNAMIC Tue Jul 30 17:30:19 UTC 2 x86_64 x86_64 x86_64 GNU/Linux
     20:28:00 up 6 days,  6:32,  1 user,  load average: 2.38, 1.29, 1.09

commit 00b2903721271dca406c8d49fcd965a86742ba10
Author: tracer-ysyx <tracer@ysyx.org>
Date:   Fri Sep 20 20:27:59 2024 +0800

    > compile NEMU
    ysyx_100006503 杨鹏城
    Linux ypc 6.8.0-40-generic #40~22.04.3-Ubuntu SMP PREEMPT_DYNAMIC Tue Jul 30 17:30:19 UTC 2 x86_64 x86_64 x86_64 GNU/Linux
     20:27:59 up 6 days,  6:32,  1 user,  load average: 2.50, 1.30, 1.09

commit a0ae562b421e14bf7ac7014429f2bc89503f11a4
Author: tracer-ysyx <tracer@ysyx.org>
Date:   Fri Sep 20 20:27:59 2024 +0800

    > run NEMU
    ysyx_100006503 杨鹏城
    Linux ypc 6.8.0-40-generic #40~22.04.3-Ubuntu SMP PREEMPT_DYNAMIC Tue Jul 30 17:30:19 UTC 2 x86_64 x86_64 x86_64 GNU/Linux
     20:27:59 up 6 days,  6:32,  1 user,  load average: 2.50, 1.30, 1.09

commit 92c8e6d78073059d574927d659ab1bd0a69c6c5e
Author: tracer-ysyx <tracer@ysyx.org>
Date:   Fri Sep 20 20:27:57 2024 +0800

    > compile NEMU
    ysyx_100006503 杨鹏城
    Linux ypc 6.8.0-40-generic #40~22.04.3-Ubuntu SMP PREEMPT_DYNAMIC Tue Jul 30 17:30:19 UTC 2 x86_64 x86_64 x86_64 GNU/Linux
     20:27:57 up 6 days,  6:32,  1 user,  load average: 2.50, 1.30, 1.09

commit be608b3439ad3ff55c1892b19ef9fa6a294eb0d6
Author: tracer-ysyx <tracer@ysyx.org>
Date:   Fri Sep 20 20:27:56 2024 +0800

    > run NEMU
    ysyx_100006503 杨鹏城
    Linux ypc 6.8.0-40-generic #40~22.04.3-Ubuntu SMP PREEMPT_DYNAMIC Tue Jul 30 17:30:19 UTC 2 x86_64 x86_64 x86_64 GNU/Linux
     20:27:56 up 6 days,  6:32,  1 user,  load average: 2.50, 1.30, 1.09

commit 5d7d5d9f721de67c57fb947ee2c8ab86ddd058ae
Author: tracer-ysyx <tracer@ysyx.org>
Date:   Fri Sep 20 20:27:54 2024 +0800

    > compile NEMU
    ysyx_100006503 杨鹏城
    Linux ypc 6.8.0-40-generic #40~22.04.3-Ubuntu SMP PREEMPT_DYNAMIC Tue Jul 30 17:30:19 UTC 2 x86_64 x86_64 x86_64 GNU/Linux
     20:27:54 up 6 days,  6:32,  1 user,  load average: 2.37, 1.25, 1.08

commit 0e18ba29cce52b3245b2c244107bb2d30fe82044
Author: tracer-ysyx <tracer@ysyx.org>
Date:   Fri Sep 20 20:27:54 2024 +0800

    > run NEMU
    ysyx_100006503 杨鹏城
    Linux ypc 6.8.0-40-generic #40~22.04.3-Ubuntu SMP PREEMPT_DYNAMIC Tue Jul 30 17:30:19 UTC 2 x86_64 x86_64 x86_64 GNU/Linux
     20:27:54 up 6 days,  6:32,  1 user,  load average: 2.37, 1.25, 1.08

commit ab8c1921ec00cebd84010ba421d066895fa7fffb
Author: tracer-ysyx <tracer@ysyx.org>
Date:   Fri Sep 20 20:27:52 2024 +0800

    > compile NEMU
    ysyx_100006503 杨鹏城
    Linux ypc 6.8.0-40-generic #40~22.04.3-Ubuntu SMP PREEMPT_DYNAMIC Tue Jul 30 17:30:19 UTC 2 x86_64 x86_64 x86_64 GNU/Linux
     20:27:52 up 6 days,  6:32,  1 user,  load average: 2.37, 1.25, 1.08

commit 78747842d8c5137b01031d8d8bab90d2a9c5ce72
Author: tracer-ysyx <tracer@ysyx.org>
Date:   Fri Sep 20 20:27:52 2024 +0800

    > run NEMU
    ysyx_100006503 杨鹏城
    Linux ypc 6.8.0-40-generic #40~22.04.3-Ubuntu SMP PREEMPT_DYNAMIC Tue Jul 30 17:30:19 UTC 2 x86_64 x86_64 x86_64 GNU/Linux
     20:27:52 up 6 days,  6:32,  1 user,  load average: 2.37, 1.25, 1.08

commit 1abf7086421e459b8799ca1907799946335901fd
Author: tracer-ysyx <tracer@ysyx.org>
Date:   Fri Sep 20 20:27:50 2024 +0800

    > compile NEMU
    ysyx_100006503 杨鹏城
    Linux ypc 6.8.0-40-generic #40~22.04.3-Ubuntu SMP PREEMPT_DYNAMIC Tue Jul 30 17:30:19 UTC 2 x86_64 x86_64 x86_64 GNU/Linux
     20:27:50 up 6 days,  6:32,  1 user,  load average: 2.37, 1.25, 1.08

commit 65ef89785f4a92a5070e6f44fcde6a993d2623ac
Author: tracer-ysyx <tracer@ysyx.org>
Date:   Fri Sep 20 20:27:50 2024 +0800

    > run NEMU
    ysyx_100006503 杨鹏城
    Linux ypc 6.8.0-40-generic #40~22.04.3-Ubuntu SMP PREEMPT_DYNAMIC Tue Jul 30 17:30:19 UTC 2 x86_64 x86_64 x86_64 GNU/Linux
     20:27:50 up 6 days,  6:32,  1 user,  load average: 1.70, 1.10, 1.03

commit 0f826eb9babe09bec4c789505e08054404dd6821
Author: tracer-ysyx <tracer@ysyx.org>
Date:   Fri Sep 20 20:27:49 2024 +0800

    > compile NEMU
    ysyx_100006503 杨鹏城
    Linux ypc 6.8.0-40-generic #40~22.04.3-Ubuntu SMP PREEMPT_DYNAMIC Tue Jul 30 17:30:19 UTC 2 x86_64 x86_64 x86_64 GNU/Linux
     20:27:49 up 6 days,  6:32,  1 user,  load average: 1.70, 1.10, 1.03

commit ef8983cf6587e69426aa370c38971b129acd7510
Author: tracer-ysyx <tracer@ysyx.org>
Date:   Fri Sep 20 20:27:48 2024 +0800

    > run NEMU
    ysyx_100006503 杨鹏城
    Linux ypc 6.8.0-40-generic #40~22.04.3-Ubuntu SMP PREEMPT_DYNAMIC Tue Jul 30 17:30:19 UTC 2 x86_64 x86_64 x86_64 GNU/Linux
     20:27:48 up 6 days,  6:32,  1 user,  load average: 1.70, 1.10, 1.03

commit 9d54947d32672497002678e325861a8a33698c96
Author: tracer-ysyx <tracer@ysyx.org>
Date:   Fri Sep 20 20:27:47 2024 +0800

    > compile NEMU
    ysyx_100006503 杨鹏城
    Linux ypc 6.8.0-40-generic #40~22.04.3-Ubuntu SMP PREEMPT_DYNAMIC Tue Jul 30 17:30:19 UTC 2 x86_64 x86_64 x86_64 GNU/Linux
     20:27:47 up 6 days,  6:32,  1 user,  load average: 1.70, 1.10, 1.03

commit 4573824798303105c633a4c0aaaa84b43dfd7cc9
Author: tracer-ysyx <tracer@ysyx.org>
Date:   Fri Sep 20 20:27:46 2024 +0800

    > run NEMU
    ysyx_100006503 杨鹏城
    Linux ypc 6.8.0-40-generic #40~22.04.3-Ubuntu SMP PREEMPT_DYNAMIC Tue Jul 30 17:30:19 UTC 2 x86_64 x86_64 x86_64 GNU/Linux
     20:27:46 up 6 days,  6:32,  1 user,  load average: 1.70, 1.10, 1.03

commit 93db0695f81fbd862a9cdda9ac5f04c5f1328a68
Author: tracer-ysyx <tracer@ysyx.org>
Date:   Fri Sep 20 20:27:45 2024 +0800

    > compile NEMU
    ysyx_100006503 杨鹏城
    Linux ypc 6.8.0-40-generic #40~22.04.3-Ubuntu SMP PREEMPT_DYNAMIC Tue Jul 30 17:30:19 UTC 2 x86_64 x86_64 x86_64 GNU/Linux
     20:27:45 up 6 days,  6:32,  1 user,  load average: 1.33, 1.02, 1.00

commit 0ba2cf9294b77219f9f1ec79036ebfd38efea42b
Author: tracer-ysyx <tracer@ysyx.org>
Date:   Fri Sep 20 20:27:44 2024 +0800

    > run NEMU
    ysyx_100006503 杨鹏城
    Linux ypc 6.8.0-40-generic #40~22.04.3-Ubuntu SMP PREEMPT_DYNAMIC Tue Jul 30 17:30:19 UTC 2 x86_64 x86_64 x86_64 GNU/Linux
     20:27:44 up 6 days,  6:32,  1 user,  load average: 1.33, 1.02, 1.00

commit 8d8fee4bda308e919643afa065645315851282f9
Author: tracer-ysyx <tracer@ysyx.org>
Date:   Fri Sep 20 20:27:43 2024 +0800

    > compile NEMU
    ysyx_100006503 杨鹏城
    Linux ypc 6.8.0-40-generic #40~22.04.3-Ubuntu SMP PREEMPT_DYNAMIC Tue Jul 30 17:30:19 UTC 2 x86_64 x86_64 x86_64 GNU/Linux
     20:27:43 up 6 days,  6:32,  1 user,  load average: 1.33, 1.02, 1.00

commit f1f93aa13f79167452673d0fb30ccd3898df2657
Author: tracer-ysyx <tracer@ysyx.org>
Date:   Fri Sep 20 20:27:42 2024 +0800

    > run NEMU
    ysyx_100006503 杨鹏城
    Linux ypc 6.8.0-40-generic #40~22.04.3-Ubuntu SMP PREEMPT_DYNAMIC Tue Jul 30 17:30:19 UTC 2 x86_64 x86_64 x86_64 GNU/Linux
     20:27:42 up 6 days,  6:32,  1 user,  load average: 1.33, 1.02, 1.00

commit 12c2004f5e78c504ff2938280b02612189da3571
Author: tracer-ysyx <tracer@ysyx.org>
Date:   Fri Sep 20 20:27:41 2024 +0800

    > compile NEMU
    ysyx_100006503 杨鹏城
    Linux ypc 6.8.0-40-generic #40~22.04.3-Ubuntu SMP PREEMPT_DYNAMIC Tue Jul 30 17:30:19 UTC 2 x86_64 x86_64 x86_64 GNU/Linux
     20:27:41 up 6 days,  6:32,  1 user,  load average: 1.33, 1.02, 1.00

commit 2c6a81ec206c2497c7d5637d76e58f224402a204
Author: tracer-ysyx <tracer@ysyx.org>
Date:   Fri Sep 20 20:27:41 2024 +0800

    > run NEMU
    ysyx_100006503 杨鹏城
    Linux ypc 6.8.0-40-generic #40~22.04.3-Ubuntu SMP PREEMPT_DYNAMIC Tue Jul 30 17:30:19 UTC 2 x86_64 x86_64 x86_64 GNU/Linux
     20:27:41 up 6 days,  6:32,  1 user,  load average: 1.33, 1.02, 1.00

commit 951612d9eabe9f326fca30c69c8c3ce2d931994c
Author: tracer-ysyx <tracer@ysyx.org>
Date:   Fri Sep 20 20:27:39 2024 +0800

    > compile NEMU
    ysyx_100006503 杨鹏城
    Linux ypc 6.8.0-40-generic #40~22.04.3-Ubuntu SMP PREEMPT_DYNAMIC Tue Jul 30 17:30:19 UTC 2 x86_64 x86_64 x86_64 GNU/Linux
     20:27:39 up 6 days,  6:32,  1 user,  load average: 1.36, 1.02, 1.00

commit 7d73e9396c13c09839186d5928edcfceb1d6f25b
Author: tracer-ysyx <tracer@ysyx.org>
Date:   Fri Sep 20 20:27:39 2024 +0800

    > run NEMU
    ysyx_100006503 杨鹏城
    Linux ypc 6.8.0-40-generic #40~22.04.3-Ubuntu SMP PREEMPT_DYNAMIC Tue Jul 30 17:30:19 UTC 2 x86_64 x86_64 x86_64 GNU/Linux
     20:27:39 up 6 days,  6:32,  1 user,  load average: 1.36, 1.02, 1.00

commit 2d7f8e38460137fc82dccc2f5e6eb9ef3bfd8186
Author: tracer-ysyx <tracer@ysyx.org>
Date:   Fri Sep 20 20:27:37 2024 +0800

    > compile NEMU
    ysyx_100006503 杨鹏城
    Linux ypc 6.8.0-40-generic #40~22.04.3-Ubuntu SMP PREEMPT_DYNAMIC Tue Jul 30 17:30:19 UTC 2 x86_64 x86_64 x86_64 GNU/Linux
     20:27:37 up 6 days,  6:32,  1 user,  load average: 1.36, 1.02, 1.00

commit 3770e501cf90b2f88f9f57948feeaa0deb45dbab
Author: tracer-ysyx <tracer@ysyx.org>
Date:   Fri Sep 20 20:27:37 2024 +0800

    > run NEMU
    ysyx_100006503 杨鹏城
    Linux ypc 6.8.0-40-generic #40~22.04.3-Ubuntu SMP PREEMPT_DYNAMIC Tue Jul 30 17:30:19 UTC 2 x86_64 x86_64 x86_64 GNU/Linux
     20:27:37 up 6 days,  6:32,  1 user,  load average: 1.36, 1.02, 1.00

commit 56f773fa5d49cd3898df6d91eabe88f0d23c9511
Author: tracer-ysyx <tracer@ysyx.org>
Date:   Fri Sep 20 20:27:35 2024 +0800

    > compile NEMU
    ysyx_100006503 杨鹏城
    Linux ypc 6.8.0-40-generic #40~22.04.3-Ubuntu SMP PREEMPT_DYNAMIC Tue Jul 30 17:30:19 UTC 2 x86_64 x86_64 x86_64 GNU/Linux
     20:27:35 up 6 days,  6:32,  1 user,  load average: 1.39, 1.02, 1.00

commit 0bc232eae097f6717cc66c17021101e88e59c622
Author: tracer-ysyx <tracer@ysyx.org>
Date:   Fri Sep 20 20:27:35 2024 +0800

    > run NEMU
    ysyx_100006503 杨鹏城
    Linux ypc 6.8.0-40-generic #40~22.04.3-Ubuntu SMP PREEMPT_DYNAMIC Tue Jul 30 17:30:19 UTC 2 x86_64 x86_64 x86_64 GNU/Linux
     20:27:35 up 6 days,  6:32,  1 user,  load average: 1.39, 1.02, 1.00

commit 232fb9832b3123b7dd8622f1d8d06f573f83c075
Author: tracer-ysyx <tracer@ysyx.org>
Date:   Fri Sep 20 20:27:33 2024 +0800

    > compile NEMU
    ysyx_100006503 杨鹏城
    Linux ypc 6.8.0-40-generic #40~22.04.3-Ubuntu SMP PREEMPT_DYNAMIC Tue Jul 30 17:30:19 UTC 2 x86_64 x86_64 x86_64 GNU/Linux
     20:27:33 up 6 days,  6:32,  1 user,  load average: 1.39, 1.02, 1.00

commit db1b60308294496b9437f769caa7336c635e9217
Author: tracer-ysyx <tracer@ysyx.org>
Date:   Fri Sep 20 20:27:33 2024 +0800

    > run NEMU
    ysyx_100006503 杨鹏城
    Linux ypc 6.8.0-40-generic #40~22.04.3-Ubuntu SMP PREEMPT_DYNAMIC Tue Jul 30 17:30:19 UTC 2 x86_64 x86_64 x86_64 GNU/Linux
     20:27:33 up 6 days,  6:32,  1 user,  load average: 1.39, 1.02, 1.00

commit fa81908632b7391d47c76238de54faf47425ca1a
Author: tracer-ysyx <tracer@ysyx.org>
Date:   Fri Sep 20 20:27:31 2024 +0800

    > compile NEMU
    ysyx_100006503 杨鹏城
    Linux ypc 6.8.0-40-generic #40~22.04.3-Ubuntu SMP PREEMPT_DYNAMIC Tue Jul 30 17:30:19 UTC 2 x86_64 x86_64 x86_64 GNU/Linux
     20:27:31 up 6 days,  6:32,  1 user,  load average: 1.39, 1.02, 1.00

commit d26ba1f011ca7fd1dc0e51c885b046fda853cc0f
Author: tracer-ysyx <tracer@ysyx.org>
Date:   Fri Sep 20 20:27:30 2024 +0800

    > run NEMU
    ysyx_100006503 杨鹏城
    Linux ypc 6.8.0-40-generic #40~22.04.3-Ubuntu SMP PREEMPT_DYNAMIC Tue Jul 30 17:30:19 UTC 2 x86_64 x86_64 x86_64 GNU/Linux
     20:27:30 up 6 days,  6:32,  1 user,  load average: 0.99, 0.94, 0.97

commit 627f8edc4e53fee2ad8ba9dc5bf5d05bcf7f5551
Author: tracer-ysyx <tracer@ysyx.org>
Date:   Fri Sep 20 20:27:28 2024 +0800

    > compile NEMU
    ysyx_100006503 杨鹏城
    Linux ypc 6.8.0-40-generic #40~22.04.3-Ubuntu SMP PREEMPT_DYNAMIC Tue Jul 30 17:30:19 UTC 2 x86_64 x86_64 x86_64 GNU/Linux
     20:27:28 up 6 days,  6:32,  1 user,  load average: 0.99, 0.94, 0.97

commit 21ee0a53848ffcafa744156d5086c57836db228e
Author: tracer-ysyx <tracer@ysyx.org>
Date:   Fri Sep 20 20:27:28 2024 +0800

    > run NEMU
    ysyx_100006503 杨鹏城
    Linux ypc 6.8.0-40-generic #40~22.04.3-Ubuntu SMP PREEMPT_DYNAMIC Tue Jul 30 17:30:19 UTC 2 x86_64 x86_64 x86_64 GNU/Linux
     20:27:28 up 6 days,  6:32,  1 user,  load average: 0.99, 0.94, 0.97

commit 5edd7769c94718399e01690fe77043a03f9b7ad7
Author: tracer-ysyx <tracer@ysyx.org>
Date:   Fri Sep 20 20:27:27 2024 +0800

    > compile NEMU
    ysyx_100006503 杨鹏城
    Linux ypc 6.8.0-40-generic #40~22.04.3-Ubuntu SMP PREEMPT_DYNAMIC Tue Jul 30 17:30:19 UTC 2 x86_64 x86_64 x86_64 GNU/Linux
     20:27:27 up 6 days,  6:32,  1 user,  load average: 0.99, 0.94, 0.97

commit 23256a1312ef3f60c7653527b1504082071f5bbc
Author: tracer-ysyx <tracer@ysyx.org>
Date:   Fri Sep 20 20:27:26 2024 +0800

    > run NEMU
    ysyx_100006503 杨鹏城
    Linux ypc 6.8.0-40-generic #40~22.04.3-Ubuntu SMP PREEMPT_DYNAMIC Tue Jul 30 17:30:19 UTC 2 x86_64 x86_64 x86_64 GNU/Linux
     20:27:26 up 6 days,  6:32,  1 user,  load average: 0.99, 0.94, 0.97

commit 388e8e071b1d31e2402a3a2b9503d1a87e536e19
Author: tracer-ysyx <tracer@ysyx.org>
Date:   Fri Sep 20 20:27:25 2024 +0800

    > compile NEMU
    ysyx_100006503 杨鹏城
    Linux ypc 6.8.0-40-generic #40~22.04.3-Ubuntu SMP PREEMPT_DYNAMIC Tue Jul 30 17:30:19 UTC 2 x86_64 x86_64 x86_64 GNU/Linux
     20:27:25 up 6 days,  6:31,  1 user,  load average: 0.90, 0.92, 0.97

commit cce2e9d7cdb236202ec040a0aec41eee623aa25d
Author: tracer-ysyx <tracer@ysyx.org>
Date:   Fri Sep 20 20:27:25 2024 +0800

    > run NEMU
    ysyx_100006503 杨鹏城
    Linux ypc 6.8.0-40-generic #40~22.04.3-Ubuntu SMP PREEMPT_DYNAMIC Tue Jul 30 17:30:19 UTC 2 x86_64 x86_64 x86_64 GNU/Linux
     20:27:25 up 6 days,  6:31,  1 user,  load average: 0.90, 0.92, 0.97

commit f9c4a4749378b60765ff90d0f76d08ed527680a6
Author: tracer-ysyx <tracer@ysyx.org>
Date:   Fri Sep 20 20:27:23 2024 +0800

    > compile NEMU
    ysyx_100006503 杨鹏城
    Linux ypc 6.8.0-40-generic #40~22.04.3-Ubuntu SMP PREEMPT_DYNAMIC Tue Jul 30 17:30:19 UTC 2 x86_64 x86_64 x86_64 GNU/Linux
     20:27:23 up 6 days,  6:31,  1 user,  load average: 0.90, 0.92, 0.97

commit 2dde3af9d5cd4b212b172625693b552ef2f111ce
Author: tracer-ysyx <tracer@ysyx.org>
Date:   Fri Sep 20 20:27:23 2024 +0800

    > run NEMU
    ysyx_100006503 杨鹏城
    Linux ypc 6.8.0-40-generic #40~22.04.3-Ubuntu SMP PREEMPT_DYNAMIC Tue Jul 30 17:30:19 UTC 2 x86_64 x86_64 x86_64 GNU/Linux
     20:27:23 up 6 days,  6:31,  1 user,  load average: 0.90, 0.92, 0.97

commit e35ba952aaf8b07fbd88d514cdccef8b017e7de5
Author: tracer-ysyx <tracer@ysyx.org>
Date:   Fri Sep 20 20:27:21 2024 +0800

    > compile NEMU
    ysyx_100006503 杨鹏城
    Linux ypc 6.8.0-40-generic #40~22.04.3-Ubuntu SMP PREEMPT_DYNAMIC Tue Jul 30 17:30:19 UTC 2 x86_64 x86_64 x86_64 GNU/Linux
     20:27:21 up 6 days,  6:31,  1 user,  load average: 0.90, 0.92, 0.97

commit 0c201ba00808e1cf0b15621309634cc8bd05becb
Author: tracer-ysyx <tracer@ysyx.org>
Date:   Fri Sep 20 20:27:21 2024 +0800

    > run NEMU
    ysyx_100006503 杨鹏城
    Linux ypc 6.8.0-40-generic #40~22.04.3-Ubuntu SMP PREEMPT_DYNAMIC Tue Jul 30 17:30:19 UTC 2 x86_64 x86_64 x86_64 GNU/Linux
     20:27:21 up 6 days,  6:31,  1 user,  load average: 0.90, 0.92, 0.97

commit 4e4336ae6b3c385ef505afedb9b093e5b51cd563
Author: tracer-ysyx <tracer@ysyx.org>
Date:   Fri Sep 20 20:27:19 2024 +0800

    > compile NEMU
    ysyx_100006503 杨鹏城
    Linux ypc 6.8.0-40-generic #40~22.04.3-Ubuntu SMP PREEMPT_DYNAMIC Tue Jul 30 17:30:19 UTC 2 x86_64 x86_64 x86_64 GNU/Linux
     20:27:19 up 6 days,  6:31,  1 user,  load average: 0.89, 0.92, 0.97

commit 8583a15bc11e25e59ce0b1cc3420a1061cf43c77
Author: tracer-ysyx <tracer@ysyx.org>
Date:   Fri Sep 20 20:27:19 2024 +0800

    > run NEMU
    ysyx_100006503 杨鹏城
    Linux ypc 6.8.0-40-generic #40~22.04.3-Ubuntu SMP PREEMPT_DYNAMIC Tue Jul 30 17:30:19 UTC 2 x86_64 x86_64 x86_64 GNU/Linux
     20:27:19 up 6 days,  6:31,  1 user,  load average: 0.89, 0.92, 0.97

commit df5abb74f7d670644bd4cb62ad69c168885e1842
Author: tracer-ysyx <tracer@ysyx.org>
Date:   Fri Sep 20 20:27:18 2024 +0800

    > compile NEMU
    ysyx_100006503 杨鹏城
    Linux ypc 6.8.0-40-generic #40~22.04.3-Ubuntu SMP PREEMPT_DYNAMIC Tue Jul 30 17:30:19 UTC 2 x86_64 x86_64 x86_64 GNU/Linux
     20:27:18 up 6 days,  6:31,  1 user,  load average: 0.89, 0.92, 0.97

commit 9747e17ad27b1f537136f2b725636cf95299e688
Author: tracer-ysyx <tracer@ysyx.org>
Date:   Fri Sep 20 20:27:17 2024 +0800

    > run NEMU
    ysyx_100006503 杨鹏城
    Linux ypc 6.8.0-40-generic #40~22.04.3-Ubuntu SMP PREEMPT_DYNAMIC Tue Jul 30 17:30:19 UTC 2 x86_64 x86_64 x86_64 GNU/Linux
     20:27:17 up 6 days,  6:31,  1 user,  load average: 0.89, 0.92, 0.97

commit 0ca8302e2e3c4166b2d3ff32b522d90f503dc561
Author: tracer-ysyx <tracer@ysyx.org>
Date:   Fri Sep 20 20:27:16 2024 +0800

    > compile NEMU
    ysyx_100006503 杨鹏城
    Linux ypc 6.8.0-40-generic #40~22.04.3-Ubuntu SMP PREEMPT_DYNAMIC Tue Jul 30 17:30:19 UTC 2 x86_64 x86_64 x86_64 GNU/Linux
     20:27:16 up 6 days,  6:31,  1 user,  load average: 0.89, 0.92, 0.97

commit 0723dfa47fea7f3fefb06962c6c77d8104f3325b
Author: tracer-ysyx <tracer@ysyx.org>
Date:   Fri Sep 20 20:27:16 2024 +0800

    > run NEMU
    ysyx_100006503 杨鹏城
    Linux ypc 6.8.0-40-generic #40~22.04.3-Ubuntu SMP PREEMPT_DYNAMIC Tue Jul 30 17:30:19 UTC 2 x86_64 x86_64 x86_64 GNU/Linux
     20:27:16 up 6 days,  6:31,  1 user,  load average: 0.89, 0.92, 0.97

commit b072e8f999d6cd3e0c11e15d728475b0243c0a4b
Author: tracer-ysyx <tracer@ysyx.org>
Date:   Fri Sep 20 20:27:14 2024 +0800

    > compile NEMU
    ysyx_100006503 杨鹏城
    Linux ypc 6.8.0-40-generic #40~22.04.3-Ubuntu SMP PREEMPT_DYNAMIC Tue Jul 30 17:30:19 UTC 2 x86_64 x86_64 x86_64 GNU/Linux
     20:27:14 up 6 days,  6:31,  1 user,  load average: 0.88, 0.92, 0.97

commit 21e9c60bf93c85b0e40fdc431232482a5503ddda
Author: tracer-ysyx <tracer@ysyx.org>
Date:   Fri Sep 20 20:27:14 2024 +0800

    > run NEMU
    ysyx_100006503 杨鹏城
    Linux ypc 6.8.0-40-generic #40~22.04.3-Ubuntu SMP PREEMPT_DYNAMIC Tue Jul 30 17:30:19 UTC 2 x86_64 x86_64 x86_64 GNU/Linux
     20:27:14 up 6 days,  6:31,  1 user,  load average: 0.88, 0.92, 0.97

commit ba8f8e54d43c178c264c0f1000d9ad1bec895589
Author: tracer-ysyx <tracer@ysyx.org>
Date:   Fri Sep 20 20:27:12 2024 +0800

    > compile NEMU
    ysyx_100006503 杨鹏城
    Linux ypc 6.8.0-40-generic #40~22.04.3-Ubuntu SMP PREEMPT_DYNAMIC Tue Jul 30 17:30:19 UTC 2 x86_64 x86_64 x86_64 GNU/Linux
     20:27:12 up 6 days,  6:31,  1 user,  load average: 0.88, 0.92, 0.97

commit e02bcd0cccff1ddd5a73862ab839701ae2973ca0
Author: tracer-ysyx <tracer@ysyx.org>
Date:   Fri Sep 20 20:27:12 2024 +0800

    > run NEMU
    ysyx_100006503 杨鹏城
    Linux ypc 6.8.0-40-generic #40~22.04.3-Ubuntu SMP PREEMPT_DYNAMIC Tue Jul 30 17:30:19 UTC 2 x86_64 x86_64 x86_64 GNU/Linux
     20:27:12 up 6 days,  6:31,  1 user,  load average: 0.88, 0.92, 0.97

commit 4bf5a079beb97f70723a563938c5424130173580
Author: tracer-ysyx <tracer@ysyx.org>
Date:   Fri Sep 20 20:27:10 2024 +0800

    > compile NEMU
    ysyx_100006503 杨鹏城
    Linux ypc 6.8.0-40-generic #40~22.04.3-Ubuntu SMP PREEMPT_DYNAMIC Tue Jul 30 17:30:19 UTC 2 x86_64 x86_64 x86_64 GNU/Linux
     20:27:10 up 6 days,  6:31,  1 user,  load average: 0.79, 0.90, 0.96

commit 51a7e7a05c35a4b22c598daec15ea12df8eac5c5
Author: tracer-ysyx <tracer@ysyx.org>
Date:   Fri Sep 20 20:27:10 2024 +0800

    > run NEMU
    ysyx_100006503 杨鹏城
    Linux ypc 6.8.0-40-generic #40~22.04.3-Ubuntu SMP PREEMPT_DYNAMIC Tue Jul 30 17:30:19 UTC 2 x86_64 x86_64 x86_64 GNU/Linux
     20:27:10 up 6 days,  6:31,  1 user,  load average: 0.79, 0.90, 0.96

commit 616f756313bafb98db6dec231b129c841e5b8117
Author: tracer-ysyx <tracer@ysyx.org>
Date:   Fri Sep 20 20:27:08 2024 +0800

    > compile NEMU
    ysyx_100006503 杨鹏城
    Linux ypc 6.8.0-40-generic #40~22.04.3-Ubuntu SMP PREEMPT_DYNAMIC Tue Jul 30 17:30:19 UTC 2 x86_64 x86_64 x86_64 GNU/Linux
     20:27:08 up 6 days,  6:31,  1 user,  load average: 0.79, 0.90, 0.96

commit c629b3ad9f6043edee1e7a0bf3ecdab6fd25d3bb
Author: tracer-ysyx <tracer@ysyx.org>
Date:   Fri Sep 20 20:27:08 2024 +0800

    > run NEMU
    ysyx_100006503 杨鹏城
    Linux ypc 6.8.0-40-generic #40~22.04.3-Ubuntu SMP PREEMPT_DYNAMIC Tue Jul 30 17:30:19 UTC 2 x86_64 x86_64 x86_64 GNU/Linux
     20:27:08 up 6 days,  6:31,  1 user,  load average: 0.79, 0.90, 0.96

commit 7ae28331de5ad052aa1271c90ae14434ada5c16b
Author: tracer-ysyx <tracer@ysyx.org>
Date:   Fri Sep 20 20:27:06 2024 +0800

    > compile NEMU
    ysyx_100006503 杨鹏城
    Linux ypc 6.8.0-40-generic #40~22.04.3-Ubuntu SMP PREEMPT_DYNAMIC Tue Jul 30 17:30:19 UTC 2 x86_64 x86_64 x86_64 GNU/Linux
     20:27:06 up 6 days,  6:31,  1 user,  load average: 0.79, 0.90, 0.96

commit dc7a7f230045e09b5c4c477a893fd607adfe25ad
Author: tracer-ysyx <tracer@ysyx.org>
Date:   Fri Sep 20 20:27:06 2024 +0800

    > run NEMU
    ysyx_100006503 杨鹏城
    Linux ypc 6.8.0-40-generic #40~22.04.3-Ubuntu SMP PREEMPT_DYNAMIC Tue Jul 30 17:30:19 UTC 2 x86_64 x86_64 x86_64 GNU/Linux
     20:27:06 up 6 days,  6:31,  1 user,  load average: 0.79, 0.90, 0.96

commit ddb9a8b76465625611addb28eeeb24dcc9167209
Author: tracer-ysyx <tracer@ysyx.org>
Date:   Fri Sep 20 20:27:04 2024 +0800

    > compile NEMU
    ysyx_100006503 杨鹏城
    Linux ypc 6.8.0-40-generic #40~22.04.3-Ubuntu SMP PREEMPT_DYNAMIC Tue Jul 30 17:30:19 UTC 2 x86_64 x86_64 x86_64 GNU/Linux
     20:27:04 up 6 days,  6:31,  1 user,  load average: 0.77, 0.90, 0.96

commit b0bc54f5cd15016371929a8e42626a576bd5aede
Author: tracer-ysyx <tracer@ysyx.org>
Date:   Fri Sep 20 20:26:58 2024 +0800

    > run NEMU
    ysyx_100006503 杨鹏城
    Linux ypc 6.8.0-40-generic #40~22.04.3-Ubuntu SMP PREEMPT_DYNAMIC Tue Jul 30 17:30:19 UTC 2 x86_64 x86_64 x86_64 GNU/Linux
     20:26:58 up 6 days,  6:31,  1 user,  load average: 0.83, 0.91, 0.97

commit 8d871bfe78b424504206e8e0743a027d1a093d60
Author: tracer-ysyx <tracer@ysyx.org>
Date:   Fri Sep 20 20:26:56 2024 +0800

    > compile NEMU
    ysyx_100006503 杨鹏城
    Linux ypc 6.8.0-40-generic #40~22.04.3-Ubuntu SMP PREEMPT_DYNAMIC Tue Jul 30 17:30:19 UTC 2 x86_64 x86_64 x86_64 GNU/Linux
     20:26:56 up 6 days,  6:31,  1 user,  load average: 0.83, 0.91, 0.97

commit 55ec313ef5c8c7a686918d94db2f1df30b734018
Author: tracer-ysyx <tracer@ysyx.org>
Date:   Fri Sep 20 20:26:36 2024 +0800

    > run NEMU
    ysyx_100006503 杨鹏城
    Linux ypc 6.8.0-40-generic #40~22.04.3-Ubuntu SMP PREEMPT_DYNAMIC Tue Jul 30 17:30:19 UTC 2 x86_64 x86_64 x86_64 GNU/Linux
     20:26:36 up 6 days,  6:31,  1 user,  load average: 0.54, 0.87, 0.95

commit 679c6c86fb22d51765b816dc01343233c3ab0fce
Author: tracer-ysyx <tracer@ysyx.org>
Date:   Fri Sep 20 20:26:34 2024 +0800

    > compile NEMU
    ysyx_100006503 杨鹏城
    Linux ypc 6.8.0-40-generic #40~22.04.3-Ubuntu SMP PREEMPT_DYNAMIC Tue Jul 30 17:30:19 UTC 2 x86_64 x86_64 x86_64 GNU/Linux
     20:26:34 up 6 days,  6:31,  1 user,  load average: 0.50, 0.87, 0.95

commit 57b6c8e44219fdafdc783dbc1688243a9b942bbe
Author: tracer-ysyx <tracer@ysyx.org>
Date:   Fri Sep 20 20:26:04 2024 +0800

    > run NEMU
    ysyx_100006503 杨鹏城
    Linux ypc 6.8.0-40-generic #40~22.04.3-Ubuntu SMP PREEMPT_DYNAMIC Tue Jul 30 17:30:19 UTC 2 x86_64 x86_64 x86_64 GNU/Linux
     20:26:04 up 6 days,  6:30,  1 user,  load average: 0.82, 0.96, 0.99

commit 7303c1f36428eb91121e6eb5fcb7e98ed353be53
Author: tracer-ysyx <tracer@ysyx.org>
Date:   Fri Sep 20 20:26:02 2024 +0800

    > compile NEMU
    ysyx_100006503 杨鹏城
    Linux ypc 6.8.0-40-generic #40~22.04.3-Ubuntu SMP PREEMPT_DYNAMIC Tue Jul 30 17:30:19 UTC 2 x86_64 x86_64 x86_64 GNU/Linux
     20:26:02 up 6 days,  6:30,  1 user,  load average: 0.82, 0.96, 0.99

commit 83ac024cc188c7ddeea123b3e2fcc54876aac333
Author: tracer-ysyx <tracer@ysyx.org>
Date:   Fri Sep 20 20:25:57 2024 +0800

    > run NEMU
    ysyx_100006503 杨鹏城
    Linux ypc 6.8.0-40-generic #40~22.04.3-Ubuntu SMP PREEMPT_DYNAMIC Tue Jul 30 17:30:19 UTC 2 x86_64 x86_64 x86_64 GNU/Linux
     20:25:57 up 6 days,  6:30,  1 user,  load average: 0.89, 0.98, 0.99

commit 0c15f6b0e6c2613b485fc7a94d79cdbad9404a95
Author: tracer-ysyx <tracer@ysyx.org>
Date:   Fri Sep 20 20:25:56 2024 +0800

    > compile NEMU
    ysyx_100006503 杨鹏城
    Linux ypc 6.8.0-40-generic #40~22.04.3-Ubuntu SMP PREEMPT_DYNAMIC Tue Jul 30 17:30:19 UTC 2 x86_64 x86_64 x86_64 GNU/Linux
     20:25:56 up 6 days,  6:30,  1 user,  load average: 0.89, 0.98, 0.99

commit 3cc84da20c07acdba3347634cae579531da86a4f
Author: tracer-ysyx <tracer@ysyx.org>
Date:   Fri Sep 20 20:25:50 2024 +0800

    > run NEMU
    ysyx_100006503 杨鹏城
    Linux ypc 6.8.0-40-generic #40~22.04.3-Ubuntu SMP PREEMPT_DYNAMIC Tue Jul 30 17:30:19 UTC 2 x86_64 x86_64 x86_64 GNU/Linux
     20:25:50 up 6 days,  6:30,  1 user,  load average: 0.52, 0.91, 0.97

commit ea130ff7f0b53dc0b0eb5d3668974382ab09c9af
Author: tracer-ysyx <tracer@ysyx.org>
Date:   Fri Sep 20 20:25:48 2024 +0800

    > compile NEMU
    ysyx_100006503 杨鹏城
    Linux ypc 6.8.0-40-generic #40~22.04.3-Ubuntu SMP PREEMPT_DYNAMIC Tue Jul 30 17:30:19 UTC 2 x86_64 x86_64 x86_64 GNU/Linux
     20:25:48 up 6 days,  6:30,  1 user,  load average: 0.52, 0.91, 0.97

commit d56055d133c8e2d6dcb84ae3259ff69b2582be23
Author: tracer-ysyx <tracer@ysyx.org>
Date:   Fri Sep 20 20:25:37 2024 +0800

    > run NEMU
    ysyx_100006503 杨鹏城
    Linux ypc 6.8.0-40-generic #40~22.04.3-Ubuntu SMP PREEMPT_DYNAMIC Tue Jul 30 17:30:19 UTC 2 x86_64 x86_64 x86_64 GNU/Linux
     20:25:37 up 6 days,  6:30,  1 user,  load average: 0.62, 0.94, 0.98

commit 5d42c13819355a38a7c9ed840e0b661423045fba
Author: tracer-ysyx <tracer@ysyx.org>
Date:   Fri Sep 20 20:25:36 2024 +0800

    > compile NEMU
    ysyx_100006503 杨鹏城
    Linux ypc 6.8.0-40-generic #40~22.04.3-Ubuntu SMP PREEMPT_DYNAMIC Tue Jul 30 17:30:19 UTC 2 x86_64 x86_64 x86_64 GNU/Linux
     20:25:36 up 6 days,  6:30,  1 user,  load average: 0.62, 0.94, 0.98

commit cb8c1722c05573d4249c9b85b43b56c6e09dfe07
Author: tracer-ysyx <tracer@ysyx.org>
Date:   Fri Sep 20 20:25:26 2024 +0800

    > run NEMU
    ysyx_100006503 杨鹏城
    Linux ypc 6.8.0-40-generic #40~22.04.3-Ubuntu SMP PREEMPT_DYNAMIC Tue Jul 30 17:30:19 UTC 2 x86_64 x86_64 x86_64 GNU/Linux
     20:25:26 up 6 days,  6:30,  1 user,  load average: 0.73, 0.97, 0.99

commit 73cb833a6fa3f2c4aa0c021348e139caaf989600
Author: tracer-ysyx <tracer@ysyx.org>
Date:   Fri Sep 20 20:25:25 2024 +0800

    > compile NEMU
    ysyx_100006503 杨鹏城
    Linux ypc 6.8.0-40-generic #40~22.04.3-Ubuntu SMP PREEMPT_DYNAMIC Tue Jul 30 17:30:19 UTC 2 x86_64 x86_64 x86_64 GNU/Linux
     20:25:25 up 6 days,  6:29,  1 user,  load average: 0.71, 0.97, 0.99

commit 7405aec858170e032a26bd8354c4d76c9772a9f5
Author: tracer-ysyx <tracer@ysyx.org>
Date:   Fri Sep 20 20:24:34 2024 +0800

    > run NEMU
    ysyx_100006503 杨鹏城
    Linux ypc 6.8.0-40-generic #40~22.04.3-Ubuntu SMP PREEMPT_DYNAMIC Tue Jul 30 17:30:19 UTC 2 x86_64 x86_64 x86_64 GNU/Linux
     20:24:34 up 6 days,  6:29,  1 user,  load average: 0.85, 1.04, 1.01

commit 5bebf3c18d0f674b2144eb9c73041fa3dee55b3f
Author: tracer-ysyx <tracer@ysyx.org>
Date:   Fri Sep 20 20:24:33 2024 +0800

    > compile NEMU
    ysyx_100006503 杨鹏城
    Linux ypc 6.8.0-40-generic #40~22.04.3-Ubuntu SMP PREEMPT_DYNAMIC Tue Jul 30 17:30:19 UTC 2 x86_64 x86_64 x86_64 GNU/Linux
     20:24:33 up 6 days,  6:29,  1 user,  load average: 0.85, 1.04, 1.01

commit 35531322401a1bb2c4c7b3fbdfed5373dfe05014
Author: tracer-ysyx <tracer@ysyx.org>
Date:   Fri Sep 20 20:24:21 2024 +0800

    > run NEMU
    ysyx_100006503 杨鹏城
    Linux ypc 6.8.0-40-generic #40~22.04.3-Ubuntu SMP PREEMPT_DYNAMIC Tue Jul 30 17:30:19 UTC 2 x86_64 x86_64 x86_64 GNU/Linux
     20:24:21 up 6 days,  6:28,  1 user,  load average: 1.01, 1.07, 1.02

commit 2f61befacd3c435edbfc15cbc89d90a6d4bef3ba
Author: tracer-ysyx <tracer@ysyx.org>
Date:   Fri Sep 20 20:24:20 2024 +0800

    > compile NEMU
    ysyx_100006503 杨鹏城
    Linux ypc 6.8.0-40-generic #40~22.04.3-Ubuntu SMP PREEMPT_DYNAMIC Tue Jul 30 17:30:19 UTC 2 x86_64 x86_64 x86_64 GNU/Linux
     20:24:20 up 6 days,  6:28,  1 user,  load average: 0.75, 1.02, 1.01

commit 3b5dcc4f5efb0dd0035084505cbf18a90cedce3e
Author: tracer-ysyx <tracer@ysyx.org>
Date:   Fri Sep 20 20:23:59 2024 +0800

    > run NEMU
    ysyx_100006503 杨鹏城
    Linux ypc 6.8.0-40-generic #40~22.04.3-Ubuntu SMP PREEMPT_DYNAMIC Tue Jul 30 17:30:19 UTC 2 x86_64 x86_64 x86_64 GNU/Linux
     20:23:59 up 6 days,  6:28,  1 user,  load average: 1.04, 1.10, 1.03

commit 18148075e8ed492c0a800c87334d663542127711
Author: tracer-ysyx <tracer@ysyx.org>
Date:   Fri Sep 20 20:23:58 2024 +0800

    > compile NEMU
    ysyx_100006503 杨鹏城
    Linux ypc 6.8.0-40-generic #40~22.04.3-Ubuntu SMP PREEMPT_DYNAMIC Tue Jul 30 17:30:19 UTC 2 x86_64 x86_64 x86_64 GNU/Linux
     20:23:58 up 6 days,  6:28,  1 user,  load average: 1.04, 1.10, 1.03

commit dc08a868c68234188dbe9e4446315a9bc413808a
Author: tracer-ysyx <tracer@ysyx.org>
Date:   Fri Sep 20 20:23:32 2024 +0800

    > run NEMU
    ysyx_100006503 杨鹏城
    Linux ypc 6.8.0-40-generic #40~22.04.3-Ubuntu SMP PREEMPT_DYNAMIC Tue Jul 30 17:30:19 UTC 2 x86_64 x86_64 x86_64 GNU/Linux
     20:23:32 up 6 days,  6:28,  1 user,  load average: 1.04, 1.10, 1.03

commit 07988c26d2bc7bfecee5a71c3d808f21ebecd707
Author: tracer-ysyx <tracer@ysyx.org>
Date:   Fri Sep 20 20:23:31 2024 +0800

    > compile NEMU
    ysyx_100006503 杨鹏城
    Linux ypc 6.8.0-40-generic #40~22.04.3-Ubuntu SMP PREEMPT_DYNAMIC Tue Jul 30 17:30:19 UTC 2 x86_64 x86_64 x86_64 GNU/Linux
     20:23:31 up 6 days,  6:28,  1 user,  load average: 1.04, 1.10, 1.03

commit f2250b1799f86eef6618bc796e2d8bc9945035bd
Author: tracer-ysyx <tracer@ysyx.org>
Date:   Fri Sep 20 20:23:00 2024 +0800

    > run NEMU
    ysyx_100006503 杨鹏城
    Linux ypc 6.8.0-40-generic #40~22.04.3-Ubuntu SMP PREEMPT_DYNAMIC Tue Jul 30 17:30:19 UTC 2 x86_64 x86_64 x86_64 GNU/Linux
     20:23:00 up 6 days,  6:27,  1 user,  load average: 1.24, 1.15, 1.05

commit 37274064936d7038f972fc40f1ffe6cf38ef6c36
Author: tracer-ysyx <tracer@ysyx.org>
Date:   Fri Sep 20 20:22:59 2024 +0800

    > compile NEMU
    ysyx_100006503 杨鹏城
    Linux ypc 6.8.0-40-generic #40~22.04.3-Ubuntu SMP PREEMPT_DYNAMIC Tue Jul 30 17:30:19 UTC 2 x86_64 x86_64 x86_64 GNU/Linux
     20:22:59 up 6 days,  6:27,  1 user,  load average: 1.26, 1.15, 1.05

commit e326c43a4fad4fa4614e4c2167124f0cb7013086
Author: tracer-ysyx <tracer@ysyx.org>
Date:   Fri Sep 20 20:21:43 2024 +0800

    > run NEMU
    ysyx_100006503 杨鹏城
    Linux ypc 6.8.0-40-generic #40~22.04.3-Ubuntu SMP PREEMPT_DYNAMIC Tue Jul 30 17:30:19 UTC 2 x86_64 x86_64 x86_64 GNU/Linux
     20:21:43 up 6 days,  6:26,  1 user,  load average: 1.18, 1.17, 1.05

commit 5c80d6009a8e1f216c8c2dddf546a28e5c83f958
Author: tracer-ysyx <tracer@ysyx.org>
Date:   Fri Sep 20 20:21:42 2024 +0800

    > compile NEMU
    ysyx_100006503 杨鹏城
    Linux ypc 6.8.0-40-generic #40~22.04.3-Ubuntu SMP PREEMPT_DYNAMIC Tue Jul 30 17:30:19 UTC 2 x86_64 x86_64 x86_64 GNU/Linux
     20:21:42 up 6 days,  6:26,  1 user,  load average: 1.18, 1.17, 1.05

commit e0bd626cc19f115f36f5c32512703378c18467f8
Author: tracer-ysyx <tracer@ysyx.org>
Date:   Fri Sep 20 20:20:43 2024 +0800

    > run NEMU
    ysyx_100006503 杨鹏城
    Linux ypc 6.8.0-40-generic #40~22.04.3-Ubuntu SMP PREEMPT_DYNAMIC Tue Jul 30 17:30:19 UTC 2 x86_64 x86_64 x86_64 GNU/Linux
     20:20:43 up 6 days,  6:25,  1 user,  load average: 1.06, 1.18, 1.05

commit 00cbcf6b3bdbafb2cd2a7d25c4b2813a1264bbc2
Author: tracer-ysyx <tracer@ysyx.org>
Date:   Fri Sep 20 20:20:41 2024 +0800

    > compile NEMU
    ysyx_100006503 杨鹏城
    Linux ypc 6.8.0-40-generic #40~22.04.3-Ubuntu SMP PREEMPT_DYNAMIC Tue Jul 30 17:30:19 UTC 2 x86_64 x86_64 x86_64 GNU/Linux
     20:20:41 up 6 days,  6:25,  1 user,  load average: 1.06, 1.18, 1.05

commit bb709de04beccc562eedb063273e428d0835175d
Author: tracer-ysyx <tracer@ysyx.org>
Date:   Fri Sep 20 20:20:36 2024 +0800

    > run NEMU
    ysyx_100006503 杨鹏城
    Linux ypc 6.8.0-40-generic #40~22.04.3-Ubuntu SMP PREEMPT_DYNAMIC Tue Jul 30 17:30:19 UTC 2 x86_64 x86_64 x86_64 GNU/Linux
     20:20:36 up 6 days,  6:25,  1 user,  load average: 1.16, 1.20, 1.05

commit e9335d969490fd10b3af9ea08397c94854ec5936
Author: tracer-ysyx <tracer@ysyx.org>
Date:   Fri Sep 20 20:20:35 2024 +0800

    > compile NEMU
    ysyx_100006503 杨鹏城
    Linux ypc 6.8.0-40-generic #40~22.04.3-Ubuntu SMP PREEMPT_DYNAMIC Tue Jul 30 17:30:19 UTC 2 x86_64 x86_64 x86_64 GNU/Linux
     20:20:35 up 6 days,  6:25,  1 user,  load average: 1.08, 1.19, 1.05

commit 6f00881eb24d8e04f716e4c8a39a56c8d1c89664
Author: tracer-ysyx <tracer@ysyx.org>
Date:   Fri Sep 20 20:20:27 2024 +0800

    > run NEMU
    ysyx_100006503 杨鹏城
    Linux ypc 6.8.0-40-generic #40~22.04.3-Ubuntu SMP PREEMPT_DYNAMIC Tue Jul 30 17:30:19 UTC 2 x86_64 x86_64 x86_64 GNU/Linux
     20:20:27 up 6 days,  6:25,  1 user,  load average: 1.18, 1.21, 1.05

commit f1db4f9dfbd1122a36ffa7ccd5164d933f4656f1
Author: tracer-ysyx <tracer@ysyx.org>
Date:   Fri Sep 20 20:20:25 2024 +0800

    > compile NEMU
    ysyx_100006503 杨鹏城
    Linux ypc 6.8.0-40-generic #40~22.04.3-Ubuntu SMP PREEMPT_DYNAMIC Tue Jul 30 17:30:19 UTC 2 x86_64 x86_64 x86_64 GNU/Linux
     20:20:25 up 6 days,  6:24,  1 user,  load average: 1.18, 1.21, 1.05

commit ac8e1684e95a0c887a3677c7a97b9872e090b4c0
Author: tracer-ysyx <tracer@ysyx.org>
Date:   Fri Sep 20 20:19:47 2024 +0800

    > run NEMU
    ysyx_100006503 杨鹏城
    Linux ypc 6.8.0-40-generic #40~22.04.3-Ubuntu SMP PREEMPT_DYNAMIC Tue Jul 30 17:30:19 UTC 2 x86_64 x86_64 x86_64 GNU/Linux
     20:19:47 up 6 days,  6:24,  1 user,  load average: 1.30, 1.21, 1.05

commit 928139be20cbc6d7beaa2c51f9a8df419d4db597
Author: tracer-ysyx <tracer@ysyx.org>
Date:   Fri Sep 20 20:19:45 2024 +0800

    > compile NEMU
    ysyx_100006503 杨鹏城
    Linux ypc 6.8.0-40-generic #40~22.04.3-Ubuntu SMP PREEMPT_DYNAMIC Tue Jul 30 17:30:19 UTC 2 x86_64 x86_64 x86_64 GNU/Linux
     20:19:45 up 6 days,  6:24,  1 user,  load average: 1.30, 1.21, 1.05

commit e4a46db8b6af23c683dda0d2f02c6e02196cc959
Author: tracer-ysyx <tracer@ysyx.org>
Date:   Fri Sep 20 20:18:58 2024 +0800

    > run NEMU
    ysyx_100006503 杨鹏城
    Linux ypc 6.8.0-40-generic #40~22.04.3-Ubuntu SMP PREEMPT_DYNAMIC Tue Jul 30 17:30:19 UTC 2 x86_64 x86_64 x86_64 GNU/Linux
     20:18:58 up 6 days,  6:23,  1 user,  load average: 1.87, 1.30, 1.06

commit acae8cacc0b97060ac36e1b35e2604f8d5d221b5
Author: tracer-ysyx <tracer@ysyx.org>
Date:   Fri Sep 20 20:18:56 2024 +0800

    > compile NEMU
    ysyx_100006503 杨鹏城
    Linux ypc 6.8.0-40-generic #40~22.04.3-Ubuntu SMP PREEMPT_DYNAMIC Tue Jul 30 17:30:19 UTC 2 x86_64 x86_64 x86_64 GNU/Linux
     20:18:56 up 6 days,  6:23,  1 user,  load average: 1.87, 1.30, 1.06

commit c130909f01159756daa2de85b93bb4b95737d41b
Author: tracer-ysyx <tracer@ysyx.org>
Date:   Fri Sep 20 20:15:59 2024 +0800

    > run NEMU
    ysyx_100006503 杨鹏城
    Linux ypc 6.8.0-40-generic #40~22.04.3-Ubuntu SMP PREEMPT_DYNAMIC Tue Jul 30 17:30:19 UTC 2 x86_64 x86_64 x86_64 GNU/Linux
     20:15:59 up 6 days,  6:20,  1 user,  load average: 1.82, 1.06, 0.96

commit 808af8c0871364e7934504054978120881590511
Author: tracer-ysyx <tracer@ysyx.org>
Date:   Fri Sep 20 20:15:57 2024 +0800

    > compile NEMU
    ysyx_100006503 杨鹏城
    Linux ypc 6.8.0-40-generic #40~22.04.3-Ubuntu SMP PREEMPT_DYNAMIC Tue Jul 30 17:30:19 UTC 2 x86_64 x86_64 x86_64 GNU/Linux
     20:15:57 up 6 days,  6:20,  1 user,  load average: 1.82, 1.06, 0.96

commit aad447a9a7b8029bb1851fa280ab4df10bb78eb3
Author: tracer-ysyx <tracer@ysyx.org>
Date:   Fri Sep 20 20:14:50 2024 +0800

    > run NEMU
    ysyx_100006503 杨鹏城
    Linux ypc 6.8.0-40-generic #40~22.04.3-Ubuntu SMP PREEMPT_DYNAMIC Tue Jul 30 17:30:19 UTC 2 x86_64 x86_64 x86_64 GNU/Linux
     20:14:50 up 6 days,  6:19,  1 user,  load average: 0.76, 0.77, 0.86

commit bac5d7c4e435d81a9c419dbd81c507f9bc4d98da
Author: tracer-ysyx <tracer@ysyx.org>
Date:   Fri Sep 20 20:14:48 2024 +0800

    > compile NEMU
    ysyx_100006503 杨鹏城
    Linux ypc 6.8.0-40-generic #40~22.04.3-Ubuntu SMP PREEMPT_DYNAMIC Tue Jul 30 17:30:19 UTC 2 x86_64 x86_64 x86_64 GNU/Linux
     20:14:48 up 6 days,  6:19,  1 user,  load average: 0.76, 0.77, 0.86

commit 86adb2ae08a9ad5d6aec6921577e8841a17e27c9
Author: tracer-ysyx <tracer@ysyx.org>
Date:   Fri Sep 20 20:11:37 2024 +0800

    > run NEMU
    ysyx_100006503 杨鹏城
    Linux ypc 6.8.0-40-generic #40~22.04.3-Ubuntu SMP PREEMPT_DYNAMIC Tue Jul 30 17:30:19 UTC 2 x86_64 x86_64 x86_64 GNU/Linux
     20:11:37 up 6 days,  6:16,  1 user,  load average: 0.70, 0.76, 0.88

commit 7cd810da83de8546d811ae860d5a72f8665a1762
Author: tracer-ysyx <tracer@ysyx.org>
Date:   Fri Sep 20 20:11:36 2024 +0800

    > compile NEMU
    ysyx_100006503 杨鹏城
    Linux ypc 6.8.0-40-generic #40~22.04.3-Ubuntu SMP PREEMPT_DYNAMIC Tue Jul 30 17:30:19 UTC 2 x86_64 x86_64 x86_64 GNU/Linux
     20:11:36 up 6 days,  6:16,  1 user,  load average: 0.70, 0.76, 0.88

commit e953bccf0e83115b324b214e4a03df7cb56ba362
Author: tracer-ysyx <tracer@ysyx.org>
Date:   Fri Sep 20 20:11:08 2024 +0800

    > run NEMU
    ysyx_100006503 杨鹏城
    Linux ypc 6.8.0-40-generic #40~22.04.3-Ubuntu SMP PREEMPT_DYNAMIC Tue Jul 30 17:30:19 UTC 2 x86_64 x86_64 x86_64 GNU/Linux
     20:11:08 up 6 days,  6:15,  1 user,  load average: 0.71, 0.77, 0.89

commit b11407faf97a1f79b20c3f495620912067e5dbcf
Author: tracer-ysyx <tracer@ysyx.org>
Date:   Fri Sep 20 20:11:07 2024 +0800

    > compile NEMU
    ysyx_100006503 杨鹏城
    Linux ypc 6.8.0-40-generic #40~22.04.3-Ubuntu SMP PREEMPT_DYNAMIC Tue Jul 30 17:30:19 UTC 2 x86_64 x86_64 x86_64 GNU/Linux
     20:11:07 up 6 days,  6:15,  1 user,  load average: 0.71, 0.77, 0.89

commit 43a9f44db9dcf5e4d06db1f35db3ca3e681b3ce1
Author: tracer-ysyx <tracer@ysyx.org>
Date:   Fri Sep 20 20:10:23 2024 +0800

    > run NEMU
    ysyx_100006503 杨鹏城
    Linux ypc 6.8.0-40-generic #40~22.04.3-Ubuntu SMP PREEMPT_DYNAMIC Tue Jul 30 17:30:19 UTC 2 x86_64 x86_64 x86_64 GNU/Linux
     20:10:23 up 6 days,  6:14,  1 user,  load average: 0.63, 0.76, 0.89

commit f3d380b895e4f757a574ca05f961519e067a0b9f
Author: tracer-ysyx <tracer@ysyx.org>
Date:   Fri Sep 20 20:10:21 2024 +0800

    > compile NEMU
    ysyx_100006503 杨鹏城
    Linux ypc 6.8.0-40-generic #40~22.04.3-Ubuntu SMP PREEMPT_DYNAMIC Tue Jul 30 17:30:19 UTC 2 x86_64 x86_64 x86_64 GNU/Linux
     20:10:21 up 6 days,  6:14,  1 user,  load average: 0.63, 0.76, 0.89

commit 6594b1235a6e986c914a79632a40ce0eee506f63
Author: tracer-ysyx <tracer@ysyx.org>
Date:   Fri Sep 20 20:09:56 2024 +0800

    > run NEMU
    ysyx_100006503 杨鹏城
    Linux ypc 6.8.0-40-generic #40~22.04.3-Ubuntu SMP PREEMPT_DYNAMIC Tue Jul 30 17:30:19 UTC 2 x86_64 x86_64 x86_64 GNU/Linux
     20:09:56 up 6 days,  6:14,  1 user,  load average: 0.73, 0.80, 0.91

commit 1f453178a13a36902d9edd8aaed14000eae13201
Author: tracer-ysyx <tracer@ysyx.org>
Date:   Fri Sep 20 20:09:54 2024 +0800

    > compile NEMU
    ysyx_100006503 杨鹏城
    Linux ypc 6.8.0-40-generic #40~22.04.3-Ubuntu SMP PREEMPT_DYNAMIC Tue Jul 30 17:30:19 UTC 2 x86_64 x86_64 x86_64 GNU/Linux
     20:09:54 up 6 days,  6:14,  1 user,  load average: 0.70, 0.79, 0.90

commit f3f983d9cfaf88217354fc07e6e9ed8ae540f0de
Author: tracer-ysyx <tracer@ysyx.org>
Date:   Fri Sep 20 20:07:33 2024 +0800

    > run NEMU
    ysyx_100006503 杨鹏城
    Linux ypc 6.8.0-40-generic #40~22.04.3-Ubuntu SMP PREEMPT_DYNAMIC Tue Jul 30 17:30:19 UTC 2 x86_64 x86_64 x86_64 GNU/Linux
     20:07:33 up 6 days,  6:12,  1 user,  load average: 0.74, 0.92, 0.96

commit 2c052231adcbc0d83bde6165f1093ac4d3edd345
Author: tracer-ysyx <tracer@ysyx.org>
Date:   Fri Sep 20 20:07:31 2024 +0800

    > compile NEMU
    ysyx_100006503 杨鹏城
    Linux ypc 6.8.0-40-generic #40~22.04.3-Ubuntu SMP PREEMPT_DYNAMIC Tue Jul 30 17:30:19 UTC 2 x86_64 x86_64 x86_64 GNU/Linux
     20:07:31 up 6 days,  6:12,  1 user,  load average: 0.74, 0.92, 0.96

commit 059d355f14679cc5153090da81ffd85d643518d9
Author: tracer-ysyx <tracer@ysyx.org>
Date:   Fri Sep 20 20:05:05 2024 +0800

    > run NEMU
    ysyx_100006503 杨鹏城
    Linux ypc 6.8.0-40-generic #40~22.04.3-Ubuntu SMP PREEMPT_DYNAMIC Tue Jul 30 17:30:19 UTC 2 x86_64 x86_64 x86_64 GNU/Linux
     20:05:05 up 6 days,  6:09,  1 user,  load average: 0.69, 1.04, 1.00

commit c1df884cc80acd93f9dd6ea73d5cccab4d9cb47c
Author: tracer-ysyx <tracer@ysyx.org>
Date:   Fri Sep 20 20:05:03 2024 +0800

    > compile NEMU
    ysyx_100006503 杨鹏城
    Linux ypc 6.8.0-40-generic #40~22.04.3-Ubuntu SMP PREEMPT_DYNAMIC Tue Jul 30 17:30:19 UTC 2 x86_64 x86_64 x86_64 GNU/Linux
     20:05:03 up 6 days,  6:09,  1 user,  load average: 0.69, 1.04, 1.00

commit f3dd7d004ba9eeab18bc38831449bef47db4f577
Author: tracer-ysyx <tracer@ysyx.org>
Date:   Fri Sep 20 20:02:04 2024 +0800

    > run NEMU
    ysyx_100006503 杨鹏城
    Linux ypc 6.8.0-40-generic #40~22.04.3-Ubuntu SMP PREEMPT_DYNAMIC Tue Jul 30 17:30:19 UTC 2 x86_64 x86_64 x86_64 GNU/Linux
     20:02:04 up 6 days,  6:06,  1 user,  load average: 2.00, 1.43, 1.10

commit 4c8b731acac4526b2b261dc1b4758ca2a6553823
Author: tracer-ysyx <tracer@ysyx.org>
Date:   Fri Sep 20 20:01:10 2024 +0800

    > compile NEMU
    ysyx_100006503 杨鹏城
    Linux ypc 6.8.0-40-generic #40~22.04.3-Ubuntu SMP PREEMPT_DYNAMIC Tue Jul 30 17:30:19 UTC 2 x86_64 x86_64 x86_64 GNU/Linux
     20:01:10 up 6 days,  6:05,  1 user,  load average: 1.05, 1.16, 1.00

commit c4cec72c7f375e11885ea76f32e1e399d31fdb2c
Author: tracer-ysyx <tracer@ysyx.org>
Date:   Fri Sep 20 19:53:09 2024 +0800

    > run NEMU
    ysyx_100006503 杨鹏城
    Linux ypc 6.8.0-40-generic #40~22.04.3-Ubuntu SMP PREEMPT_DYNAMIC Tue Jul 30 17:30:19 UTC 2 x86_64 x86_64 x86_64 GNU/Linux
     19:53:09 up 6 days,  5:57,  1 user,  load average: 1.64, 1.08, 0.85

commit b61de8d0183b75434d3fe997de1e4b0927a89215
Author: tracer-ysyx <tracer@ysyx.org>
Date:   Fri Sep 20 19:53:09 2024 +0800

    > compile NEMU
    ysyx_100006503 杨鹏城
    Linux ypc 6.8.0-40-generic #40~22.04.3-Ubuntu SMP PREEMPT_DYNAMIC Tue Jul 30 17:30:19 UTC 2 x86_64 x86_64 x86_64 GNU/Linux
     19:53:09 up 6 days,  5:57,  1 user,  load average: 1.64, 1.08, 0.85

commit 8cef1d3ff77905af669a71c2d1a9cb9538389069
Author: tracer-ysyx <tracer@ysyx.org>
Date:   Fri Sep 20 19:51:32 2024 +0800

    > compile NEMU
    ysyx_100006503 杨鹏城
    Linux ypc 6.8.0-40-generic #40~22.04.3-Ubuntu SMP PREEMPT_DYNAMIC Tue Jul 30 17:30:19 UTC 2 x86_64 x86_64 x86_64 GNU/Linux
     19:51:32 up 6 days,  5:56,  1 user,  load average: 1.05, 0.75, 0.73

commit 12c00033262a6e76e86b596d0812a1b2d23202e3
Author: tracer-ysyx <tracer@ysyx.org>
Date:   Fri Sep 20 19:48:49 2024 +0800

    > compile NEMU
    ysyx_100006503 杨鹏城
    Linux ypc 6.8.0-40-generic #40~22.04.3-Ubuntu SMP PREEMPT_DYNAMIC Tue Jul 30 17:30:19 UTC 2 x86_64 x86_64 x86_64 GNU/Linux
     19:48:49 up 6 days,  5:53,  1 user,  load average: 0.34, 0.58, 0.69

commit e990a36168feffcce0af2947d20a18f63e8829f2
Author: tracer-ysyx <tracer@ysyx.org>
Date:   Fri Sep 20 19:44:30 2024 +0800

    > run NEMU
    ysyx_100006503 杨鹏城
    Linux ypc 6.8.0-40-generic #40~22.04.3-Ubuntu SMP PREEMPT_DYNAMIC Tue Jul 30 17:30:19 UTC 2 x86_64 x86_64 x86_64 GNU/Linux
     19:44:30 up 6 days,  5:49,  1 user,  load average: 1.08, 0.89, 0.80

commit 2d0888aea78d828c40b9a8b06256d7b7ea41945c
Author: tracer-ysyx <tracer@ysyx.org>
Date:   Fri Sep 20 19:44:30 2024 +0800

    > compile NEMU
    ysyx_100006503 杨鹏城
    Linux ypc 6.8.0-40-generic #40~22.04.3-Ubuntu SMP PREEMPT_DYNAMIC Tue Jul 30 17:30:19 UTC 2 x86_64 x86_64 x86_64 GNU/Linux
     19:44:30 up 6 days,  5:49,  1 user,  load average: 1.08, 0.89, 0.80

commit 92407b2881bef57732afd09039b286d72cd3a558
Author: tracer-ysyx <tracer@ysyx.org>
Date:   Fri Sep 20 19:41:12 2024 +0800

    > run NEMU
    ysyx_100006503 杨鹏城
    Linux ypc 6.8.0-40-generic #40~22.04.3-Ubuntu SMP PREEMPT_DYNAMIC Tue Jul 30 17:30:19 UTC 2 x86_64 x86_64 x86_64 GNU/Linux
     19:41:12 up 6 days,  5:45,  1 user,  load average: 0.76, 0.87, 0.78

commit bc324dd57f13508f867c06ca36d1857b495315ce
Author: tracer-ysyx <tracer@ysyx.org>
Date:   Fri Sep 20 19:41:11 2024 +0800

    > compile NEMU
    ysyx_100006503 杨鹏城
    Linux ypc 6.8.0-40-generic #40~22.04.3-Ubuntu SMP PREEMPT_DYNAMIC Tue Jul 30 17:30:19 UTC 2 x86_64 x86_64 x86_64 GNU/Linux
     19:41:11 up 6 days,  5:45,  1 user,  load average: 0.76, 0.87, 0.78

commit 0605f3db6d7cd4982ccae35987613fe916c04089
Author: tracer-ysyx <tracer@ysyx.org>
Date:   Fri Sep 20 19:40:39 2024 +0800

    > run NEMU
    ysyx_100006503 杨鹏城
    Linux ypc 6.8.0-40-generic #40~22.04.3-Ubuntu SMP PREEMPT_DYNAMIC Tue Jul 30 17:30:19 UTC 2 x86_64 x86_64 x86_64 GNU/Linux
     19:40:39 up 6 days,  5:45,  1 user,  load average: 1.22, 0.96, 0.80

commit c98d2a2ca5709e48eaee053fad9eb2bdb2a0c72d
Author: tracer-ysyx <tracer@ysyx.org>
Date:   Fri Sep 20 19:40:39 2024 +0800

    > compile NEMU
    ysyx_100006503 杨鹏城
    Linux ypc 6.8.0-40-generic #40~22.04.3-Ubuntu SMP PREEMPT_DYNAMIC Tue Jul 30 17:30:19 UTC 2 x86_64 x86_64 x86_64 GNU/Linux
     19:40:39 up 6 days,  5:45,  1 user,  load average: 1.22, 0.96, 0.80

commit a7ddadaadb2edb01036c3454db63e30b3fc8192d
Author: tracer-ysyx <tracer@ysyx.org>
Date:   Fri Sep 20 19:40:38 2024 +0800

    > run NEMU
    ysyx_100006503 杨鹏城
    Linux ypc 6.8.0-40-generic #40~22.04.3-Ubuntu SMP PREEMPT_DYNAMIC Tue Jul 30 17:30:19 UTC 2 x86_64 x86_64 x86_64 GNU/Linux
     19:40:38 up 6 days,  5:45,  1 user,  load average: 1.22, 0.96, 0.80

commit 4c11729059630993877786e95388ce16a843d318
Author: tracer-ysyx <tracer@ysyx.org>
Date:   Fri Sep 20 19:40:38 2024 +0800

    > compile NEMU
    ysyx_100006503 杨鹏城
    Linux ypc 6.8.0-40-generic #40~22.04.3-Ubuntu SMP PREEMPT_DYNAMIC Tue Jul 30 17:30:19 UTC 2 x86_64 x86_64 x86_64 GNU/Linux
     19:40:38 up 6 days,  5:45,  1 user,  load average: 1.22, 0.96, 0.80

commit deebfae0300ca1282512235065a86cd38b55e9a8
Author: tracer-ysyx <tracer@ysyx.org>
Date:   Fri Sep 20 19:40:38 2024 +0800

    > run NEMU
    ysyx_100006503 杨鹏城
    Linux ypc 6.8.0-40-generic #40~22.04.3-Ubuntu SMP PREEMPT_DYNAMIC Tue Jul 30 17:30:19 UTC 2 x86_64 x86_64 x86_64 GNU/Linux
     19:40:38 up 6 days,  5:45,  1 user,  load average: 1.22, 0.96, 0.80

commit fb2efd12bed069450764f27469006529e9ebbb82
Author: tracer-ysyx <tracer@ysyx.org>
Date:   Fri Sep 20 19:40:38 2024 +0800

    > compile NEMU
    ysyx_100006503 杨鹏城
    Linux ypc 6.8.0-40-generic #40~22.04.3-Ubuntu SMP PREEMPT_DYNAMIC Tue Jul 30 17:30:19 UTC 2 x86_64 x86_64 x86_64 GNU/Linux
     19:40:38 up 6 days,  5:45,  1 user,  load average: 1.22, 0.96, 0.80

commit 7f47728bc5f6dd35ea62837a8fa0f8176be5b870
Author: tracer-ysyx <tracer@ysyx.org>
Date:   Fri Sep 20 19:40:37 2024 +0800

    > run NEMU
    ysyx_100006503 杨鹏城
    Linux ypc 6.8.0-40-generic #40~22.04.3-Ubuntu SMP PREEMPT_DYNAMIC Tue Jul 30 17:30:19 UTC 2 x86_64 x86_64 x86_64 GNU/Linux
     19:40:37 up 6 days,  5:45,  1 user,  load average: 1.22, 0.96, 0.80

commit 4e37d29fe29fddd5cbd1704c4dc4068796a68c5a
Author: tracer-ysyx <tracer@ysyx.org>
Date:   Fri Sep 20 19:40:37 2024 +0800

    > compile NEMU
    ysyx_100006503 杨鹏城
    Linux ypc 6.8.0-40-generic #40~22.04.3-Ubuntu SMP PREEMPT_DYNAMIC Tue Jul 30 17:30:19 UTC 2 x86_64 x86_64 x86_64 GNU/Linux
     19:40:37 up 6 days,  5:45,  1 user,  load average: 1.22, 0.96, 0.80

commit 117a5bd3e81df56c009a18ae9904dfbb686b8a98
Author: tracer-ysyx <tracer@ysyx.org>
Date:   Fri Sep 20 19:40:37 2024 +0800

    > run NEMU
    ysyx_100006503 杨鹏城
    Linux ypc 6.8.0-40-generic #40~22.04.3-Ubuntu SMP PREEMPT_DYNAMIC Tue Jul 30 17:30:19 UTC 2 x86_64 x86_64 x86_64 GNU/Linux
     19:40:37 up 6 days,  5:45,  1 user,  load average: 1.22, 0.96, 0.80

commit b3d8618ff088a41c75c36e77c6f31efdc0608ffd
Author: tracer-ysyx <tracer@ysyx.org>
Date:   Fri Sep 20 19:40:37 2024 +0800

    > compile NEMU
    ysyx_100006503 杨鹏城
    Linux ypc 6.8.0-40-generic #40~22.04.3-Ubuntu SMP PREEMPT_DYNAMIC Tue Jul 30 17:30:19 UTC 2 x86_64 x86_64 x86_64 GNU/Linux
     19:40:37 up 6 days,  5:45,  1 user,  load average: 1.22, 0.96, 0.80

commit e718a88969f02848115bb4c8d9ff58c7cc92246d
Author: tracer-ysyx <tracer@ysyx.org>
Date:   Fri Sep 20 19:40:37 2024 +0800

    > run NEMU
    ysyx_100006503 杨鹏城
    Linux ypc 6.8.0-40-generic #40~22.04.3-Ubuntu SMP PREEMPT_DYNAMIC Tue Jul 30 17:30:19 UTC 2 x86_64 x86_64 x86_64 GNU/Linux
     19:40:37 up 6 days,  5:45,  1 user,  load average: 1.22, 0.96, 0.80

commit aeaa69b13b3e9542f57bb140f246ee52f3042c56
Author: tracer-ysyx <tracer@ysyx.org>
Date:   Fri Sep 20 19:40:37 2024 +0800

    > compile NEMU
    ysyx_100006503 杨鹏城
    Linux ypc 6.8.0-40-generic #40~22.04.3-Ubuntu SMP PREEMPT_DYNAMIC Tue Jul 30 17:30:19 UTC 2 x86_64 x86_64 x86_64 GNU/Linux
     19:40:37 up 6 days,  5:45,  1 user,  load average: 1.22, 0.96, 0.80

commit 7086338bb3039f85debc893c7f20631ae0c616b9
Author: tracer-ysyx <tracer@ysyx.org>
Date:   Fri Sep 20 19:40:36 2024 +0800

    > run NEMU
    ysyx_100006503 杨鹏城
    Linux ypc 6.8.0-40-generic #40~22.04.3-Ubuntu SMP PREEMPT_DYNAMIC Tue Jul 30 17:30:19 UTC 2 x86_64 x86_64 x86_64 GNU/Linux
     19:40:36 up 6 days,  5:45,  1 user,  load average: 1.22, 0.96, 0.80

commit 3f74623ce11c54b07e3ae4b95a851e4a2b8bc592
Author: tracer-ysyx <tracer@ysyx.org>
Date:   Fri Sep 20 19:40:36 2024 +0800

    > compile NEMU
    ysyx_100006503 杨鹏城
    Linux ypc 6.8.0-40-generic #40~22.04.3-Ubuntu SMP PREEMPT_DYNAMIC Tue Jul 30 17:30:19 UTC 2 x86_64 x86_64 x86_64 GNU/Linux
     19:40:36 up 6 days,  5:45,  1 user,  load average: 1.22, 0.96, 0.80

commit 20274341592989adc06a16a96c0d14d3d68aa09c
Author: tracer-ysyx <tracer@ysyx.org>
Date:   Fri Sep 20 19:40:36 2024 +0800

    > run NEMU
    ysyx_100006503 杨鹏城
    Linux ypc 6.8.0-40-generic #40~22.04.3-Ubuntu SMP PREEMPT_DYNAMIC Tue Jul 30 17:30:19 UTC 2 x86_64 x86_64 x86_64 GNU/Linux
     19:40:36 up 6 days,  5:45,  1 user,  load average: 1.22, 0.96, 0.80

commit 9d9b4c9d730f7f8267a44cdee8eee5da46b1c294
Author: tracer-ysyx <tracer@ysyx.org>
Date:   Fri Sep 20 19:40:36 2024 +0800

    > compile NEMU
    ysyx_100006503 杨鹏城
    Linux ypc 6.8.0-40-generic #40~22.04.3-Ubuntu SMP PREEMPT_DYNAMIC Tue Jul 30 17:30:19 UTC 2 x86_64 x86_64 x86_64 GNU/Linux
     19:40:36 up 6 days,  5:45,  1 user,  load average: 1.22, 0.96, 0.80

commit 865d7d3d217c143fb92667ce9309ed082149f41b
Author: tracer-ysyx <tracer@ysyx.org>
Date:   Fri Sep 20 19:40:35 2024 +0800

    > run NEMU
    ysyx_100006503 杨鹏城
    Linux ypc 6.8.0-40-generic #40~22.04.3-Ubuntu SMP PREEMPT_DYNAMIC Tue Jul 30 17:30:19 UTC 2 x86_64 x86_64 x86_64 GNU/Linux
     19:40:35 up 6 days,  5:45,  1 user,  load average: 1.22, 0.96, 0.80

commit 582d77673bce45863d88792fe2b1c52cfc780ae8
Author: tracer-ysyx <tracer@ysyx.org>
Date:   Fri Sep 20 19:40:35 2024 +0800

    > compile NEMU
    ysyx_100006503 杨鹏城
    Linux ypc 6.8.0-40-generic #40~22.04.3-Ubuntu SMP PREEMPT_DYNAMIC Tue Jul 30 17:30:19 UTC 2 x86_64 x86_64 x86_64 GNU/Linux
     19:40:35 up 6 days,  5:45,  1 user,  load average: 1.22, 0.96, 0.80

commit fe18282ebb7a186d51553577770d747dbc52ec21
Author: tracer-ysyx <tracer@ysyx.org>
Date:   Fri Sep 20 19:40:35 2024 +0800

    > run NEMU
    ysyx_100006503 杨鹏城
    Linux ypc 6.8.0-40-generic #40~22.04.3-Ubuntu SMP PREEMPT_DYNAMIC Tue Jul 30 17:30:19 UTC 2 x86_64 x86_64 x86_64 GNU/Linux
     19:40:35 up 6 days,  5:45,  1 user,  load average: 1.22, 0.96, 0.80

commit 19d3ad99ae428fcbb8b22c80bda1c09eb6f9fda0
Author: tracer-ysyx <tracer@ysyx.org>
Date:   Fri Sep 20 19:40:35 2024 +0800

    > compile NEMU
    ysyx_100006503 杨鹏城
    Linux ypc 6.8.0-40-generic #40~22.04.3-Ubuntu SMP PREEMPT_DYNAMIC Tue Jul 30 17:30:19 UTC 2 x86_64 x86_64 x86_64 GNU/Linux
     19:40:35 up 6 days,  5:45,  1 user,  load average: 1.22, 0.96, 0.80

commit 907cb774123281d3082ae486c32d98a12e6553f3
Author: tracer-ysyx <tracer@ysyx.org>
Date:   Fri Sep 20 19:40:35 2024 +0800

    > run NEMU
    ysyx_100006503 杨鹏城
    Linux ypc 6.8.0-40-generic #40~22.04.3-Ubuntu SMP PREEMPT_DYNAMIC Tue Jul 30 17:30:19 UTC 2 x86_64 x86_64 x86_64 GNU/Linux
     19:40:35 up 6 days,  5:45,  1 user,  load average: 0.97, 0.91, 0.79

commit 1184af4c0080e356ab408329c72009cdfd97fde6
Author: tracer-ysyx <tracer@ysyx.org>
Date:   Fri Sep 20 19:40:35 2024 +0800

    > compile NEMU
    ysyx_100006503 杨鹏城
    Linux ypc 6.8.0-40-generic #40~22.04.3-Ubuntu SMP PREEMPT_DYNAMIC Tue Jul 30 17:30:19 UTC 2 x86_64 x86_64 x86_64 GNU/Linux
     19:40:35 up 6 days,  5:45,  1 user,  load average: 0.97, 0.91, 0.79

commit 998e0a5934fcfa0f3f01d1b2babb179a5f002992
Author: tracer-ysyx <tracer@ysyx.org>
Date:   Fri Sep 20 19:40:34 2024 +0800

    > run NEMU
    ysyx_100006503 杨鹏城
    Linux ypc 6.8.0-40-generic #40~22.04.3-Ubuntu SMP PREEMPT_DYNAMIC Tue Jul 30 17:30:19 UTC 2 x86_64 x86_64 x86_64 GNU/Linux
     19:40:34 up 6 days,  5:45,  1 user,  load average: 0.97, 0.91, 0.79

commit 6b062c914af1ec528fd966426825e0ddca7b9ca5
Author: tracer-ysyx <tracer@ysyx.org>
Date:   Fri Sep 20 19:40:34 2024 +0800

    > compile NEMU
    ysyx_100006503 杨鹏城
    Linux ypc 6.8.0-40-generic #40~22.04.3-Ubuntu SMP PREEMPT_DYNAMIC Tue Jul 30 17:30:19 UTC 2 x86_64 x86_64 x86_64 GNU/Linux
     19:40:34 up 6 days,  5:45,  1 user,  load average: 0.97, 0.91, 0.79

commit 6161ea5bb8ba88abdd3794783e636abffe30c3ae
Author: tracer-ysyx <tracer@ysyx.org>
Date:   Fri Sep 20 19:40:34 2024 +0800

    > run NEMU
    ysyx_100006503 杨鹏城
    Linux ypc 6.8.0-40-generic #40~22.04.3-Ubuntu SMP PREEMPT_DYNAMIC Tue Jul 30 17:30:19 UTC 2 x86_64 x86_64 x86_64 GNU/Linux
     19:40:34 up 6 days,  5:45,  1 user,  load average: 0.97, 0.91, 0.79

commit 646277494ffe814dcefb9e3ebe69ad4895b75a19
Author: tracer-ysyx <tracer@ysyx.org>
Date:   Fri Sep 20 19:40:34 2024 +0800

    > compile NEMU
    ysyx_100006503 杨鹏城
    Linux ypc 6.8.0-40-generic #40~22.04.3-Ubuntu SMP PREEMPT_DYNAMIC Tue Jul 30 17:30:19 UTC 2 x86_64 x86_64 x86_64 GNU/Linux
     19:40:34 up 6 days,  5:45,  1 user,  load average: 0.97, 0.91, 0.79

commit 4d9912b93c6d2f7c496933424febb0dbef8f4a79
Author: tracer-ysyx <tracer@ysyx.org>
Date:   Fri Sep 20 19:40:33 2024 +0800

    > run NEMU
    ysyx_100006503 杨鹏城
    Linux ypc 6.8.0-40-generic #40~22.04.3-Ubuntu SMP PREEMPT_DYNAMIC Tue Jul 30 17:30:19 UTC 2 x86_64 x86_64 x86_64 GNU/Linux
     19:40:33 up 6 days,  5:45,  1 user,  load average: 0.97, 0.91, 0.79

commit 0e864540b367424caef69930b687d4cbf0d37c5a
Author: tracer-ysyx <tracer@ysyx.org>
Date:   Fri Sep 20 19:40:33 2024 +0800

    > compile NEMU
    ysyx_100006503 杨鹏城
    Linux ypc 6.8.0-40-generic #40~22.04.3-Ubuntu SMP PREEMPT_DYNAMIC Tue Jul 30 17:30:19 UTC 2 x86_64 x86_64 x86_64 GNU/Linux
     19:40:33 up 6 days,  5:45,  1 user,  load average: 0.97, 0.91, 0.79

commit f3da4ddf62fdc7251a0d23bad07809dbce415b58
Author: tracer-ysyx <tracer@ysyx.org>
Date:   Fri Sep 20 19:40:33 2024 +0800

    > run NEMU
    ysyx_100006503 杨鹏城
    Linux ypc 6.8.0-40-generic #40~22.04.3-Ubuntu SMP PREEMPT_DYNAMIC Tue Jul 30 17:30:19 UTC 2 x86_64 x86_64 x86_64 GNU/Linux
     19:40:33 up 6 days,  5:45,  1 user,  load average: 0.97, 0.91, 0.79

commit 293e11b5104e157a1e3bdb596e96e349761e6169
Author: tracer-ysyx <tracer@ysyx.org>
Date:   Fri Sep 20 19:40:33 2024 +0800

    > compile NEMU
    ysyx_100006503 杨鹏城
    Linux ypc 6.8.0-40-generic #40~22.04.3-Ubuntu SMP PREEMPT_DYNAMIC Tue Jul 30 17:30:19 UTC 2 x86_64 x86_64 x86_64 GNU/Linux
     19:40:33 up 6 days,  5:45,  1 user,  load average: 0.97, 0.91, 0.79

commit df800ab5cbca7ce2467fb3cd75a4c73a95b8bb21
Author: tracer-ysyx <tracer@ysyx.org>
Date:   Fri Sep 20 19:40:33 2024 +0800

    > run NEMU
    ysyx_100006503 杨鹏城
    Linux ypc 6.8.0-40-generic #40~22.04.3-Ubuntu SMP PREEMPT_DYNAMIC Tue Jul 30 17:30:19 UTC 2 x86_64 x86_64 x86_64 GNU/Linux
     19:40:33 up 6 days,  5:45,  1 user,  load average: 0.97, 0.91, 0.79

commit d6ff38c7e6a9975b07ec316e143246efb91b5baa
Author: tracer-ysyx <tracer@ysyx.org>
Date:   Fri Sep 20 19:40:32 2024 +0800

    > compile NEMU
    ysyx_100006503 杨鹏城
    Linux ypc 6.8.0-40-generic #40~22.04.3-Ubuntu SMP PREEMPT_DYNAMIC Tue Jul 30 17:30:19 UTC 2 x86_64 x86_64 x86_64 GNU/Linux
     19:40:32 up 6 days,  5:45,  1 user,  load average: 0.97, 0.91, 0.79

commit 437f285214dc3153d82d8bb16beca7f62b4f45a6
Author: tracer-ysyx <tracer@ysyx.org>
Date:   Fri Sep 20 19:40:32 2024 +0800

    > run NEMU
    ysyx_100006503 杨鹏城
    Linux ypc 6.8.0-40-generic #40~22.04.3-Ubuntu SMP PREEMPT_DYNAMIC Tue Jul 30 17:30:19 UTC 2 x86_64 x86_64 x86_64 GNU/Linux
     19:40:32 up 6 days,  5:45,  1 user,  load average: 0.97, 0.91, 0.79

commit 8449c099d6d1be8c75b477960db33c2f0ec72711
Author: tracer-ysyx <tracer@ysyx.org>
Date:   Fri Sep 20 19:40:32 2024 +0800

    > compile NEMU
    ysyx_100006503 杨鹏城
    Linux ypc 6.8.0-40-generic #40~22.04.3-Ubuntu SMP PREEMPT_DYNAMIC Tue Jul 30 17:30:19 UTC 2 x86_64 x86_64 x86_64 GNU/Linux
     19:40:32 up 6 days,  5:45,  1 user,  load average: 0.97, 0.91, 0.79

commit 3ee3963fd72d87f176d7048a037a89432fd43bd1
Author: tracer-ysyx <tracer@ysyx.org>
Date:   Fri Sep 20 19:40:32 2024 +0800

    > run NEMU
    ysyx_100006503 杨鹏城
    Linux ypc 6.8.0-40-generic #40~22.04.3-Ubuntu SMP PREEMPT_DYNAMIC Tue Jul 30 17:30:19 UTC 2 x86_64 x86_64 x86_64 GNU/Linux
     19:40:32 up 6 days,  5:45,  1 user,  load average: 0.97, 0.91, 0.79

commit 28798ca124bd18874e339b10cb1ab6cd0c89ca4d
Author: tracer-ysyx <tracer@ysyx.org>
Date:   Fri Sep 20 19:40:31 2024 +0800

    > compile NEMU
    ysyx_100006503 杨鹏城
    Linux ypc 6.8.0-40-generic #40~22.04.3-Ubuntu SMP PREEMPT_DYNAMIC Tue Jul 30 17:30:19 UTC 2 x86_64 x86_64 x86_64 GNU/Linux
     19:40:31 up 6 days,  5:45,  1 user,  load average: 0.97, 0.91, 0.79

commit d9aa59c680c9f1f8de326de9891e3f7563a4a126
Author: tracer-ysyx <tracer@ysyx.org>
Date:   Fri Sep 20 19:40:31 2024 +0800

    > run NEMU
    ysyx_100006503 杨鹏城
    Linux ypc 6.8.0-40-generic #40~22.04.3-Ubuntu SMP PREEMPT_DYNAMIC Tue Jul 30 17:30:19 UTC 2 x86_64 x86_64 x86_64 GNU/Linux
     19:40:31 up 6 days,  5:45,  1 user,  load average: 0.97, 0.91, 0.79

commit d1fbe26fbeed40a2e3ce1cdc07160b7a13b9fe19
Author: tracer-ysyx <tracer@ysyx.org>
Date:   Fri Sep 20 19:40:31 2024 +0800

    > compile NEMU
    ysyx_100006503 杨鹏城
    Linux ypc 6.8.0-40-generic #40~22.04.3-Ubuntu SMP PREEMPT_DYNAMIC Tue Jul 30 17:30:19 UTC 2 x86_64 x86_64 x86_64 GNU/Linux
     19:40:31 up 6 days,  5:45,  1 user,  load average: 0.97, 0.91, 0.79

commit a326c40c3fff9b2a17916d655d581f0afb767d27
Author: tracer-ysyx <tracer@ysyx.org>
Date:   Fri Sep 20 19:40:31 2024 +0800

    > run NEMU
    ysyx_100006503 杨鹏城
    Linux ypc 6.8.0-40-generic #40~22.04.3-Ubuntu SMP PREEMPT_DYNAMIC Tue Jul 30 17:30:19 UTC 2 x86_64 x86_64 x86_64 GNU/Linux
     19:40:31 up 6 days,  5:45,  1 user,  load average: 0.97, 0.91, 0.79

commit 7effa4516c0f63bff7ef7627fa36aa6c6525cf68
Author: tracer-ysyx <tracer@ysyx.org>
Date:   Fri Sep 20 19:40:31 2024 +0800

    > compile NEMU
    ysyx_100006503 杨鹏城
    Linux ypc 6.8.0-40-generic #40~22.04.3-Ubuntu SMP PREEMPT_DYNAMIC Tue Jul 30 17:30:19 UTC 2 x86_64 x86_64 x86_64 GNU/Linux
     19:40:31 up 6 days,  5:45,  1 user,  load average: 0.97, 0.91, 0.79

commit ffa129889e00b36ef9b4a38fd3eefd4ac1167351
Author: tracer-ysyx <tracer@ysyx.org>
Date:   Fri Sep 20 19:40:30 2024 +0800

    > run NEMU
    ysyx_100006503 杨鹏城
    Linux ypc 6.8.0-40-generic #40~22.04.3-Ubuntu SMP PREEMPT_DYNAMIC Tue Jul 30 17:30:19 UTC 2 x86_64 x86_64 x86_64 GNU/Linux
     19:40:30 up 6 days,  5:45,  1 user,  load average: 0.97, 0.91, 0.79

commit 85c025a3560e9d971f0fee0c435038c865d2856a
Author: tracer-ysyx <tracer@ysyx.org>
Date:   Fri Sep 20 19:40:30 2024 +0800

    > compile NEMU
    ysyx_100006503 杨鹏城
    Linux ypc 6.8.0-40-generic #40~22.04.3-Ubuntu SMP PREEMPT_DYNAMIC Tue Jul 30 17:30:19 UTC 2 x86_64 x86_64 x86_64 GNU/Linux
     19:40:30 up 6 days,  5:45,  1 user,  load average: 0.97, 0.91, 0.79

commit d6035c814290be795434115e382c2c9f2cc24fc8
Author: tracer-ysyx <tracer@ysyx.org>
Date:   Fri Sep 20 19:40:30 2024 +0800

    > run NEMU
    ysyx_100006503 杨鹏城
    Linux ypc 6.8.0-40-generic #40~22.04.3-Ubuntu SMP PREEMPT_DYNAMIC Tue Jul 30 17:30:19 UTC 2 x86_64 x86_64 x86_64 GNU/Linux
     19:40:30 up 6 days,  5:45,  1 user,  load average: 0.97, 0.91, 0.79

commit f3bbd3f03d85b81ccec026cb146d18c58b412df5
Author: tracer-ysyx <tracer@ysyx.org>
Date:   Fri Sep 20 19:40:30 2024 +0800

    > compile NEMU
    ysyx_100006503 杨鹏城
    Linux ypc 6.8.0-40-generic #40~22.04.3-Ubuntu SMP PREEMPT_DYNAMIC Tue Jul 30 17:30:19 UTC 2 x86_64 x86_64 x86_64 GNU/Linux
     19:40:30 up 6 days,  5:45,  1 user,  load average: 0.97, 0.91, 0.79

commit 91130723f74cd77ebd6e911f452d2a529cda8a74
Author: tracer-ysyx <tracer@ysyx.org>
Date:   Fri Sep 20 19:40:30 2024 +0800

    > run NEMU
    ysyx_100006503 杨鹏城
    Linux ypc 6.8.0-40-generic #40~22.04.3-Ubuntu SMP PREEMPT_DYNAMIC Tue Jul 30 17:30:19 UTC 2 x86_64 x86_64 x86_64 GNU/Linux
     19:40:30 up 6 days,  5:45,  1 user,  load average: 0.89, 0.89, 0.78

commit f36017f5b74e42f9ba6a1545f1e88ccf2c05bde1
Author: tracer-ysyx <tracer@ysyx.org>
Date:   Fri Sep 20 19:40:30 2024 +0800

    > compile NEMU
    ysyx_100006503 杨鹏城
    Linux ypc 6.8.0-40-generic #40~22.04.3-Ubuntu SMP PREEMPT_DYNAMIC Tue Jul 30 17:30:19 UTC 2 x86_64 x86_64 x86_64 GNU/Linux
     19:40:30 up 6 days,  5:45,  1 user,  load average: 0.89, 0.89, 0.78

commit b4da7a658c941916d785f7648452efe07e968731
Author: tracer-ysyx <tracer@ysyx.org>
Date:   Fri Sep 20 19:40:29 2024 +0800

    > run NEMU
    ysyx_100006503 杨鹏城
    Linux ypc 6.8.0-40-generic #40~22.04.3-Ubuntu SMP PREEMPT_DYNAMIC Tue Jul 30 17:30:19 UTC 2 x86_64 x86_64 x86_64 GNU/Linux
     19:40:29 up 6 days,  5:45,  1 user,  load average: 0.89, 0.89, 0.78

commit 7618d098d9575c0aeb79e19c76bda2deb3c7e57f
Author: tracer-ysyx <tracer@ysyx.org>
Date:   Fri Sep 20 19:40:29 2024 +0800

    > compile NEMU
    ysyx_100006503 杨鹏城
    Linux ypc 6.8.0-40-generic #40~22.04.3-Ubuntu SMP PREEMPT_DYNAMIC Tue Jul 30 17:30:19 UTC 2 x86_64 x86_64 x86_64 GNU/Linux
     19:40:29 up 6 days,  5:45,  1 user,  load average: 0.89, 0.89, 0.78

commit bdba110494388d78393705028a283b018d8fab61
Author: tracer-ysyx <tracer@ysyx.org>
Date:   Fri Sep 20 19:40:29 2024 +0800

    > run NEMU
    ysyx_100006503 杨鹏城
    Linux ypc 6.8.0-40-generic #40~22.04.3-Ubuntu SMP PREEMPT_DYNAMIC Tue Jul 30 17:30:19 UTC 2 x86_64 x86_64 x86_64 GNU/Linux
     19:40:29 up 6 days,  5:45,  1 user,  load average: 0.89, 0.89, 0.78

commit 8fe78c6da7928bd30f6b54d795d1582250d6c7e2
Author: tracer-ysyx <tracer@ysyx.org>
Date:   Fri Sep 20 19:40:29 2024 +0800

    > compile NEMU
    ysyx_100006503 杨鹏城
    Linux ypc 6.8.0-40-generic #40~22.04.3-Ubuntu SMP PREEMPT_DYNAMIC Tue Jul 30 17:30:19 UTC 2 x86_64 x86_64 x86_64 GNU/Linux
     19:40:29 up 6 days,  5:45,  1 user,  load average: 0.89, 0.89, 0.78

commit 73a9611f0324310ecaad56e8b4961d72d9e27385
Author: tracer-ysyx <tracer@ysyx.org>
Date:   Fri Sep 20 19:40:29 2024 +0800

    > run NEMU
    ysyx_100006503 杨鹏城
    Linux ypc 6.8.0-40-generic #40~22.04.3-Ubuntu SMP PREEMPT_DYNAMIC Tue Jul 30 17:30:19 UTC 2 x86_64 x86_64 x86_64 GNU/Linux
     19:40:29 up 6 days,  5:45,  1 user,  load average: 0.89, 0.89, 0.78

commit 3d4b2c881d859cdd7a958ecc9caded0192708b2c
Author: tracer-ysyx <tracer@ysyx.org>
Date:   Fri Sep 20 19:40:29 2024 +0800

    > compile NEMU
    ysyx_100006503 杨鹏城
    Linux ypc 6.8.0-40-generic #40~22.04.3-Ubuntu SMP PREEMPT_DYNAMIC Tue Jul 30 17:30:19 UTC 2 x86_64 x86_64 x86_64 GNU/Linux
     19:40:28 up 6 days,  5:45,  1 user,  load average: 0.89, 0.89, 0.78

commit 889a9ee5d2b6a462d1c8618426f4feb07c07b3d3
Author: tracer-ysyx <tracer@ysyx.org>
Date:   Fri Sep 20 19:40:28 2024 +0800

    > run NEMU
    ysyx_100006503 杨鹏城
    Linux ypc 6.8.0-40-generic #40~22.04.3-Ubuntu SMP PREEMPT_DYNAMIC Tue Jul 30 17:30:19 UTC 2 x86_64 x86_64 x86_64 GNU/Linux
     19:40:28 up 6 days,  5:45,  1 user,  load average: 0.89, 0.89, 0.78

commit b4d168afc4317b3aef33dfc88d502348e59296cd
Author: tracer-ysyx <tracer@ysyx.org>
Date:   Fri Sep 20 19:40:28 2024 +0800

    > compile NEMU
    ysyx_100006503 杨鹏城
    Linux ypc 6.8.0-40-generic #40~22.04.3-Ubuntu SMP PREEMPT_DYNAMIC Tue Jul 30 17:30:19 UTC 2 x86_64 x86_64 x86_64 GNU/Linux
     19:40:28 up 6 days,  5:45,  1 user,  load average: 0.89, 0.89, 0.78

commit 7832169f44f430821ce665be5421db00d92fa6e3
Author: tracer-ysyx <tracer@ysyx.org>
Date:   Fri Sep 20 19:40:28 2024 +0800

    > run NEMU
    ysyx_100006503 杨鹏城
    Linux ypc 6.8.0-40-generic #40~22.04.3-Ubuntu SMP PREEMPT_DYNAMIC Tue Jul 30 17:30:19 UTC 2 x86_64 x86_64 x86_64 GNU/Linux
     19:40:28 up 6 days,  5:45,  1 user,  load average: 0.89, 0.89, 0.78

commit 689fa296fcf1d3ba58ed0167ecb2b1b7b54f3a84
Author: tracer-ysyx <tracer@ysyx.org>
Date:   Fri Sep 20 19:40:28 2024 +0800

    > compile NEMU
    ysyx_100006503 杨鹏城
    Linux ypc 6.8.0-40-generic #40~22.04.3-Ubuntu SMP PREEMPT_DYNAMIC Tue Jul 30 17:30:19 UTC 2 x86_64 x86_64 x86_64 GNU/Linux
     19:40:28 up 6 days,  5:45,  1 user,  load average: 0.89, 0.89, 0.78

commit d866c2e69e1ff17ce896b6cc14ec732308dbd100
Author: tracer-ysyx <tracer@ysyx.org>
Date:   Fri Sep 20 19:40:27 2024 +0800

    > run NEMU
    ysyx_100006503 杨鹏城
    Linux ypc 6.8.0-40-generic #40~22.04.3-Ubuntu SMP PREEMPT_DYNAMIC Tue Jul 30 17:30:19 UTC 2 x86_64 x86_64 x86_64 GNU/Linux
     19:40:27 up 6 days,  5:45,  1 user,  load average: 0.89, 0.89, 0.78

commit c25ee7fae336af5b69b985b1b3274e5e8c2eb784
Author: tracer-ysyx <tracer@ysyx.org>
Date:   Fri Sep 20 19:40:27 2024 +0800

    > compile NEMU
    ysyx_100006503 杨鹏城
    Linux ypc 6.8.0-40-generic #40~22.04.3-Ubuntu SMP PREEMPT_DYNAMIC Tue Jul 30 17:30:19 UTC 2 x86_64 x86_64 x86_64 GNU/Linux
     19:40:27 up 6 days,  5:45,  1 user,  load average: 0.89, 0.89, 0.78

commit 5378d226cd7030a2dc303c314b2be0502a09228b
Author: tracer-ysyx <tracer@ysyx.org>
Date:   Fri Sep 20 19:40:27 2024 +0800

    > run NEMU
    ysyx_100006503 杨鹏城
    Linux ypc 6.8.0-40-generic #40~22.04.3-Ubuntu SMP PREEMPT_DYNAMIC Tue Jul 30 17:30:19 UTC 2 x86_64 x86_64 x86_64 GNU/Linux
     19:40:27 up 6 days,  5:45,  1 user,  load average: 0.89, 0.89, 0.78

commit 95eac3ed5d91c0ce6e5c8e8b662ed54be0494b14
Author: tracer-ysyx <tracer@ysyx.org>
Date:   Fri Sep 20 19:40:27 2024 +0800

    > compile NEMU
    ysyx_100006503 杨鹏城
    Linux ypc 6.8.0-40-generic #40~22.04.3-Ubuntu SMP PREEMPT_DYNAMIC Tue Jul 30 17:30:19 UTC 2 x86_64 x86_64 x86_64 GNU/Linux
     19:40:27 up 6 days,  5:45,  1 user,  load average: 0.89, 0.89, 0.78

commit 484a87cbf8fbff553b93661e6de62781cb106195
Author: tracer-ysyx <tracer@ysyx.org>
Date:   Fri Sep 20 19:40:27 2024 +0800

    > run NEMU
    ysyx_100006503 杨鹏城
    Linux ypc 6.8.0-40-generic #40~22.04.3-Ubuntu SMP PREEMPT_DYNAMIC Tue Jul 30 17:30:19 UTC 2 x86_64 x86_64 x86_64 GNU/Linux
     19:40:27 up 6 days,  5:45,  1 user,  load average: 0.89, 0.89, 0.78

commit fbe246c6e57a11db6fd56d65e5412d83e737ef4e
Author: tracer-ysyx <tracer@ysyx.org>
Date:   Fri Sep 20 19:40:27 2024 +0800

    > compile NEMU
    ysyx_100006503 杨鹏城
    Linux ypc 6.8.0-40-generic #40~22.04.3-Ubuntu SMP PREEMPT_DYNAMIC Tue Jul 30 17:30:19 UTC 2 x86_64 x86_64 x86_64 GNU/Linux
     19:40:27 up 6 days,  5:45,  1 user,  load average: 0.89, 0.89, 0.78

commit ebf86a23446fcfcb76a89d24794f7b15484acf90
Author: tracer-ysyx <tracer@ysyx.org>
Date:   Fri Sep 20 19:40:26 2024 +0800

    > run NEMU
    ysyx_100006503 杨鹏城
    Linux ypc 6.8.0-40-generic #40~22.04.3-Ubuntu SMP PREEMPT_DYNAMIC Tue Jul 30 17:30:19 UTC 2 x86_64 x86_64 x86_64 GNU/Linux
     19:40:26 up 6 days,  5:45,  1 user,  load average: 0.89, 0.89, 0.78

commit f5e849cd7d2dea9104977773df49bcb393eb33e2
Author: tracer-ysyx <tracer@ysyx.org>
Date:   Fri Sep 20 19:40:26 2024 +0800

    > compile NEMU
    ysyx_100006503 杨鹏城
    Linux ypc 6.8.0-40-generic #40~22.04.3-Ubuntu SMP PREEMPT_DYNAMIC Tue Jul 30 17:30:19 UTC 2 x86_64 x86_64 x86_64 GNU/Linux
     19:40:26 up 6 days,  5:45,  1 user,  load average: 0.89, 0.89, 0.78

commit 0648640d9cf2f8fefae328ce4ff5d13319cc4d3d
Author: tracer-ysyx <tracer@ysyx.org>
Date:   Fri Sep 20 19:40:26 2024 +0800

    > run NEMU
    ysyx_100006503 杨鹏城
    Linux ypc 6.8.0-40-generic #40~22.04.3-Ubuntu SMP PREEMPT_DYNAMIC Tue Jul 30 17:30:19 UTC 2 x86_64 x86_64 x86_64 GNU/Linux
     19:40:26 up 6 days,  5:44,  1 user,  load average: 0.89, 0.89, 0.78

commit cf394b037623732dbb3802261cbe9546f4aa818c
Author: tracer-ysyx <tracer@ysyx.org>
Date:   Fri Sep 20 19:40:26 2024 +0800

    > compile NEMU
    ysyx_100006503 杨鹏城
    Linux ypc 6.8.0-40-generic #40~22.04.3-Ubuntu SMP PREEMPT_DYNAMIC Tue Jul 30 17:30:19 UTC 2 x86_64 x86_64 x86_64 GNU/Linux
     19:40:26 up 6 days,  5:44,  1 user,  load average: 0.89, 0.89, 0.78

commit cb389adf5a0cd399caac5a17f0a19b8ac38b9597
Author: tracer-ysyx <tracer@ysyx.org>
Date:   Fri Sep 20 19:40:25 2024 +0800

    > run NEMU
    ysyx_100006503 杨鹏城
    Linux ypc 6.8.0-40-generic #40~22.04.3-Ubuntu SMP PREEMPT_DYNAMIC Tue Jul 30 17:30:19 UTC 2 x86_64 x86_64 x86_64 GNU/Linux
     19:40:25 up 6 days,  5:44,  1 user,  load average: 0.89, 0.89, 0.78

commit 6008594c39395aa0a028f0c15fc94763918d6b53
Author: tracer-ysyx <tracer@ysyx.org>
Date:   Fri Sep 20 19:40:25 2024 +0800

    > compile NEMU
    ysyx_100006503 杨鹏城
    Linux ypc 6.8.0-40-generic #40~22.04.3-Ubuntu SMP PREEMPT_DYNAMIC Tue Jul 30 17:30:19 UTC 2 x86_64 x86_64 x86_64 GNU/Linux
     19:40:25 up 6 days,  5:44,  1 user,  load average: 0.89, 0.89, 0.78

commit 9be6fe3cdd1a95e3baba5bd4cb0155a0b2491a98
Author: tracer-ysyx <tracer@ysyx.org>
Date:   Fri Sep 20 19:40:25 2024 +0800

    > run NEMU
    ysyx_100006503 杨鹏城
    Linux ypc 6.8.0-40-generic #40~22.04.3-Ubuntu SMP PREEMPT_DYNAMIC Tue Jul 30 17:30:19 UTC 2 x86_64 x86_64 x86_64 GNU/Linux
     19:40:25 up 6 days,  5:44,  1 user,  load average: 0.89, 0.89, 0.78

commit 6738b7ea5f7584b1947f95cc63604019c6c6bc1f
Author: tracer-ysyx <tracer@ysyx.org>
Date:   Fri Sep 20 19:40:25 2024 +0800

    > compile NEMU
    ysyx_100006503 杨鹏城
    Linux ypc 6.8.0-40-generic #40~22.04.3-Ubuntu SMP PREEMPT_DYNAMIC Tue Jul 30 17:30:19 UTC 2 x86_64 x86_64 x86_64 GNU/Linux
     19:40:25 up 6 days,  5:44,  1 user,  load average: 0.89, 0.89, 0.78

commit 647921f391ab1e0096e706f52476d9733f924918
Author: tracer-ysyx <tracer@ysyx.org>
Date:   Fri Sep 20 19:36:53 2024 +0800

    > run NEMU
    ysyx_100006503 杨鹏城
    Linux ypc 6.8.0-40-generic #40~22.04.3-Ubuntu SMP PREEMPT_DYNAMIC Tue Jul 30 17:30:19 UTC 2 x86_64 x86_64 x86_64 GNU/Linux
     19:36:53 up 6 days,  5:41,  1 user,  load average: 1.44, 1.12, 0.81

commit 2c7a17ee8ebda430dccf3b5835525c8522b7b413
Author: tracer-ysyx <tracer@ysyx.org>
Date:   Fri Sep 20 19:36:53 2024 +0800

    > compile NEMU
    ysyx_100006503 杨鹏城
    Linux ypc 6.8.0-40-generic #40~22.04.3-Ubuntu SMP PREEMPT_DYNAMIC Tue Jul 30 17:30:19 UTC 2 x86_64 x86_64 x86_64 GNU/Linux
     19:36:53 up 6 days,  5:41,  1 user,  load average: 1.44, 1.12, 0.81

commit 2cfe1367b29fa8e2fc0e2350bdadf99c6935ef0c
Author: tracer-ysyx <tracer@ysyx.org>
Date:   Fri Sep 20 19:36:31 2024 +0800

    > run NEMU
    ysyx_100006503 杨鹏城
    Linux ypc 6.8.0-40-generic #40~22.04.3-Ubuntu SMP PREEMPT_DYNAMIC Tue Jul 30 17:30:19 UTC 2 x86_64 x86_64 x86_64 GNU/Linux
     19:36:31 up 6 days,  5:41,  1 user,  load average: 1.39, 1.09, 0.79

commit 457aa1d17b2ca4d42a82fefb23c2db5dba80ed71
Author: tracer-ysyx <tracer@ysyx.org>
Date:   Fri Sep 20 19:36:31 2024 +0800

    > compile NEMU
    ysyx_100006503 杨鹏城
    Linux ypc 6.8.0-40-generic #40~22.04.3-Ubuntu SMP PREEMPT_DYNAMIC Tue Jul 30 17:30:19 UTC 2 x86_64 x86_64 x86_64 GNU/Linux
     19:36:31 up 6 days,  5:41,  1 user,  load average: 1.39, 1.09, 0.79

commit 7d25dce182f1ae5a3ef881bfd2e0a982e1e1fd9f
Author: tracer-ysyx <tracer@ysyx.org>
Date:   Fri Sep 20 19:31:07 2024 +0800

    > run NEMU
    ysyx_100006503 杨鹏城
    Linux ypc 6.8.0-40-generic #40~22.04.3-Ubuntu SMP PREEMPT_DYNAMIC Tue Jul 30 17:30:19 UTC 2 x86_64 x86_64 x86_64 GNU/Linux
     19:31:07 up 6 days,  5:35,  1 user,  load average: 0.91, 0.73, 0.59

commit 59ba205a7ff6738e4b254912a786d8cae7bd5b31
Author: tracer-ysyx <tracer@ysyx.org>
Date:   Fri Sep 20 19:31:07 2024 +0800

    > compile NEMU
    ysyx_100006503 杨鹏城
    Linux ypc 6.8.0-40-generic #40~22.04.3-Ubuntu SMP PREEMPT_DYNAMIC Tue Jul 30 17:30:19 UTC 2 x86_64 x86_64 x86_64 GNU/Linux
     19:31:07 up 6 days,  5:35,  1 user,  load average: 0.91, 0.73, 0.59

commit a0f4b97175a08a0a1f1192a82b5cc092bd55f12d
Author: tracer-ysyx <tracer@ysyx.org>
Date:   Fri Sep 20 19:30:37 2024 +0800

    > run NEMU
    ysyx_100006503 杨鹏城
    Linux ypc 6.8.0-40-generic #40~22.04.3-Ubuntu SMP PREEMPT_DYNAMIC Tue Jul 30 17:30:19 UTC 2 x86_64 x86_64 x86_64 GNU/Linux
     19:30:37 up 6 days,  5:35,  1 user,  load average: 1.31, 0.78, 0.60

commit 88bef2b447e93a671ddd49c96e3f8dd5960e33dd
Author: tracer-ysyx <tracer@ysyx.org>
Date:   Fri Sep 20 19:30:37 2024 +0800

    > compile NEMU
    ysyx_100006503 杨鹏城
    Linux ypc 6.8.0-40-generic #40~22.04.3-Ubuntu SMP PREEMPT_DYNAMIC Tue Jul 30 17:30:19 UTC 2 x86_64 x86_64 x86_64 GNU/Linux
     19:30:37 up 6 days,  5:35,  1 user,  load average: 1.31, 0.78, 0.60

commit a42bfaa2916da73ea30e13006b4fcc068ca87b85
Author: tracer-ysyx <tracer@ysyx.org>
Date:   Fri Sep 20 19:29:35 2024 +0800

    > run NEMU
    ysyx_100006503 杨鹏城
    Linux ypc 6.8.0-40-generic #40~22.04.3-Ubuntu SMP PREEMPT_DYNAMIC Tue Jul 30 17:30:19 UTC 2 x86_64 x86_64 x86_64 GNU/Linux
     19:29:35 up 6 days,  5:34,  1 user,  load average: 1.09, 0.68, 0.57

commit dab3cb356977b57419cbd4f3a6c65b9f0bbe0627
Author: tracer-ysyx <tracer@ysyx.org>
Date:   Fri Sep 20 19:29:35 2024 +0800

    > compile NEMU
    ysyx_100006503 杨鹏城
    Linux ypc 6.8.0-40-generic #40~22.04.3-Ubuntu SMP PREEMPT_DYNAMIC Tue Jul 30 17:30:19 UTC 2 x86_64 x86_64 x86_64 GNU/Linux
     19:29:35 up 6 days,  5:34,  1 user,  load average: 1.09, 0.68, 0.57

commit f8f0fa40a6284e5d6cfec38c553e9b971af92d57
Author: tracer-ysyx <tracer@ysyx.org>
Date:   Fri Sep 20 19:27:35 2024 +0800

    > run NEMU
    ysyx_100006503 杨鹏城
    Linux ypc 6.8.0-40-generic #40~22.04.3-Ubuntu SMP PREEMPT_DYNAMIC Tue Jul 30 17:30:19 UTC 2 x86_64 x86_64 x86_64 GNU/Linux
     19:27:35 up 6 days,  5:32,  1 user,  load average: 0.56, 0.53, 0.52

commit 51248caa4e08ba3e3c96d59cdf328d5161d254ae
Author: tracer-ysyx <tracer@ysyx.org>
Date:   Fri Sep 20 19:27:35 2024 +0800

    > compile NEMU
    ysyx_100006503 杨鹏城
    Linux ypc 6.8.0-40-generic #40~22.04.3-Ubuntu SMP PREEMPT_DYNAMIC Tue Jul 30 17:30:19 UTC 2 x86_64 x86_64 x86_64 GNU/Linux
     19:27:35 up 6 days,  5:32,  1 user,  load average: 0.56, 0.53, 0.52

commit 319b14c9142b14f15744dd870747365ecb362d88
Author: tracer-ysyx <tracer@ysyx.org>
Date:   Fri Sep 20 19:23:27 2024 +0800

    > run NEMU
    ysyx_100006503 杨鹏城
    Linux ypc 6.8.0-40-generic #40~22.04.3-Ubuntu SMP PREEMPT_DYNAMIC Tue Jul 30 17:30:19 UTC 2 x86_64 x86_64 x86_64 GNU/Linux
     19:23:27 up 6 days,  5:28,  1 user,  load average: 0.72, 0.60, 0.53

commit a052fb92158068672bcefc766a23f78c07f86aee
Author: tracer-ysyx <tracer@ysyx.org>
Date:   Fri Sep 20 19:23:27 2024 +0800

    > compile NEMU
    ysyx_100006503 杨鹏城
    Linux ypc 6.8.0-40-generic #40~22.04.3-Ubuntu SMP PREEMPT_DYNAMIC Tue Jul 30 17:30:19 UTC 2 x86_64 x86_64 x86_64 GNU/Linux
     19:23:27 up 6 days,  5:28,  1 user,  load average: 0.72, 0.60, 0.53

commit 8fde76854178686572735556db3093151a678623
Author: tracer-ysyx <tracer@ysyx.org>
Date:   Fri Sep 20 19:22:50 2024 +0800

    > run NEMU
    ysyx_100006503 杨鹏城
    Linux ypc 6.8.0-40-generic #40~22.04.3-Ubuntu SMP PREEMPT_DYNAMIC Tue Jul 30 17:30:19 UTC 2 x86_64 x86_64 x86_64 GNU/Linux
     19:22:50 up 6 days,  5:27,  1 user,  load average: 0.58, 0.57, 0.52

commit 097136efdbf43a5b65d1a84291bd814c5d9db096
Author: tracer-ysyx <tracer@ysyx.org>
Date:   Fri Sep 20 19:22:50 2024 +0800

    > compile NEMU
    ysyx_100006503 杨鹏城
    Linux ypc 6.8.0-40-generic #40~22.04.3-Ubuntu SMP PREEMPT_DYNAMIC Tue Jul 30 17:30:19 UTC 2 x86_64 x86_64 x86_64 GNU/Linux
     19:22:50 up 6 days,  5:27,  1 user,  load average: 0.58, 0.57, 0.52

commit 8fe6931180dc22954249eb43b1260b24c693573e
Author: tracer-ysyx <tracer@ysyx.org>
Date:   Fri Sep 20 19:21:27 2024 +0800

    > run NEMU
    ysyx_100006503 杨鹏城
    Linux ypc 6.8.0-40-generic #40~22.04.3-Ubuntu SMP PREEMPT_DYNAMIC Tue Jul 30 17:30:19 UTC 2 x86_64 x86_64 x86_64 GNU/Linux
     19:21:27 up 6 days,  5:26,  1 user,  load average: 0.86, 0.57, 0.51

commit cf1fbfa9256a8eba3a35d71eec522e8ef048f575
Author: tracer-ysyx <tracer@ysyx.org>
Date:   Fri Sep 20 19:21:27 2024 +0800

    > compile NEMU
    ysyx_100006503 杨鹏城
    Linux ypc 6.8.0-40-generic #40~22.04.3-Ubuntu SMP PREEMPT_DYNAMIC Tue Jul 30 17:30:19 UTC 2 x86_64 x86_64 x86_64 GNU/Linux
     19:21:27 up 6 days,  5:26,  1 user,  load average: 0.86, 0.57, 0.51

commit 8ff06fdad3d6fc4d1eb30567ecff050d17b0d702
Author: tracer-ysyx <tracer@ysyx.org>
Date:   Fri Sep 20 18:56:58 2024 +0800

    > run NEMU
    ysyx_100006503 杨鹏城
    Linux ypc 6.8.0-40-generic #40~22.04.3-Ubuntu SMP PREEMPT_DYNAMIC Tue Jul 30 17:30:19 UTC 2 x86_64 x86_64 x86_64 GNU/Linux
     18:56:58 up 6 days,  5:01,  1 user,  load average: 1.31, 1.14, 0.80

commit 6a32255f7787accc25a5ca7ff48675295caff116
Author: tracer-ysyx <tracer@ysyx.org>
Date:   Fri Sep 20 18:56:58 2024 +0800

    > compile NEMU
    ysyx_100006503 杨鹏城
    Linux ypc 6.8.0-40-generic #40~22.04.3-Ubuntu SMP PREEMPT_DYNAMIC Tue Jul 30 17:30:19 UTC 2 x86_64 x86_64 x86_64 GNU/Linux
     18:56:58 up 6 days,  5:01,  1 user,  load average: 1.31, 1.14, 0.80

commit 64b58f075083d8a127f95f3f791a009a16c9bedb
Author: tracer-ysyx <tracer@ysyx.org>
Date:   Fri Sep 20 16:32:37 2024 +0800

    > run NEMU
    ysyx_100006503 杨鹏城
    Linux ypc 6.8.0-40-generic #40~22.04.3-Ubuntu SMP PREEMPT_DYNAMIC Tue Jul 30 17:30:19 UTC 2 x86_64 x86_64 x86_64 GNU/Linux
     16:32:37 up 6 days,  2:37,  1 user,  load average: 0.45, 0.44, 0.55

commit 4c566843280019cd7e28de899b82dc2c92b8cc6e
Author: tracer-ysyx <tracer@ysyx.org>
Date:   Fri Sep 20 16:32:37 2024 +0800

    > compile NEMU
    ysyx_100006503 杨鹏城
    Linux ypc 6.8.0-40-generic #40~22.04.3-Ubuntu SMP PREEMPT_DYNAMIC Tue Jul 30 17:30:19 UTC 2 x86_64 x86_64 x86_64 GNU/Linux
     16:32:37 up 6 days,  2:37,  1 user,  load average: 0.45, 0.44, 0.55

commit c2b35e2a3b3f77b00f2de9b4798101b0ce933433
Author: tracer-ysyx <tracer@ysyx.org>
Date:   Fri Sep 20 16:31:37 2024 +0800

    > run NEMU
    ysyx_100006503 杨鹏城
    Linux ypc 6.8.0-40-generic #40~22.04.3-Ubuntu SMP PREEMPT_DYNAMIC Tue Jul 30 17:30:19 UTC 2 x86_64 x86_64 x86_64 GNU/Linux
     16:31:37 up 6 days,  2:36,  1 user,  load average: 0.31, 0.40, 0.54

commit 9e27ca62b304f15c4b9680ef54f8e6cb8713a7a7
Author: tracer-ysyx <tracer@ysyx.org>
Date:   Fri Sep 20 16:31:37 2024 +0800

    > compile NEMU
    ysyx_100006503 杨鹏城
    Linux ypc 6.8.0-40-generic #40~22.04.3-Ubuntu SMP PREEMPT_DYNAMIC Tue Jul 30 17:30:19 UTC 2 x86_64 x86_64 x86_64 GNU/Linux
     16:31:37 up 6 days,  2:36,  1 user,  load average: 0.31, 0.40, 0.54

commit 8dfd84f4db360f90edf270d0760d72ab40380151
Author: tracer-ysyx <tracer@ysyx.org>
Date:   Fri Sep 20 16:25:43 2024 +0800

    > run NEMU
    ysyx_100006503 杨鹏城
    Linux ypc 6.8.0-40-generic #40~22.04.3-Ubuntu SMP PREEMPT_DYNAMIC Tue Jul 30 17:30:19 UTC 2 x86_64 x86_64 x86_64 GNU/Linux
     16:25:43 up 6 days,  2:30,  1 user,  load average: 0.67, 0.58, 0.65

commit 40fcc1c4605da911c9a768264e0d922f4b6128d3
Author: tracer-ysyx <tracer@ysyx.org>
Date:   Fri Sep 20 16:25:43 2024 +0800

    > compile NEMU
    ysyx_100006503 杨鹏城
    Linux ypc 6.8.0-40-generic #40~22.04.3-Ubuntu SMP PREEMPT_DYNAMIC Tue Jul 30 17:30:19 UTC 2 x86_64 x86_64 x86_64 GNU/Linux
     16:25:43 up 6 days,  2:30,  1 user,  load average: 0.67, 0.58, 0.65

commit 550d312b24ec03b4079cd5101cc7be34d9150b5b
Author: tracer-ysyx <tracer@ysyx.org>
Date:   Fri Sep 20 16:25:34 2024 +0800

    > run NEMU
    ysyx_100006503 杨鹏城
    Linux ypc 6.8.0-40-generic #40~22.04.3-Ubuntu SMP PREEMPT_DYNAMIC Tue Jul 30 17:30:19 UTC 2 x86_64 x86_64 x86_64 GNU/Linux
     16:25:34 up 6 days,  2:30,  1 user,  load average: 0.70, 0.58, 0.65

commit c43269756d7f38505b5d2a81b7edb5ae8b07314c
Author: tracer-ysyx <tracer@ysyx.org>
Date:   Fri Sep 20 16:25:34 2024 +0800

    > compile NEMU
    ysyx_100006503 杨鹏城
    Linux ypc 6.8.0-40-generic #40~22.04.3-Ubuntu SMP PREEMPT_DYNAMIC Tue Jul 30 17:30:19 UTC 2 x86_64 x86_64 x86_64 GNU/Linux
     16:25:34 up 6 days,  2:30,  1 user,  load average: 0.70, 0.58, 0.65

commit 3f0073d8a56656740319b479e42ae3daffba5138
Author: tracer-ysyx <tracer@ysyx.org>
Date:   Fri Sep 20 16:25:21 2024 +0800

    > run NEMU
    ysyx_100006503 杨鹏城
    Linux ypc 6.8.0-40-generic #40~22.04.3-Ubuntu SMP PREEMPT_DYNAMIC Tue Jul 30 17:30:19 UTC 2 x86_64 x86_64 x86_64 GNU/Linux
     16:25:21 up 6 days,  2:29,  1 user,  load average: 0.90, 0.61, 0.67

commit c533c69aa44b83ffe8ea5aae9c76f8a582399e19
Author: tracer-ysyx <tracer@ysyx.org>
Date:   Fri Sep 20 16:25:21 2024 +0800

    > compile NEMU
    ysyx_100006503 杨鹏城
    Linux ypc 6.8.0-40-generic #40~22.04.3-Ubuntu SMP PREEMPT_DYNAMIC Tue Jul 30 17:30:19 UTC 2 x86_64 x86_64 x86_64 GNU/Linux
     16:25:21 up 6 days,  2:29,  1 user,  load average: 0.90, 0.61, 0.67

commit 39060cef8039a88c32523e0647d702117929758e
Author: tracer-ysyx <tracer@ysyx.org>
Date:   Fri Sep 20 16:25:10 2024 +0800

    > run NEMU
    ysyx_100006503 杨鹏城
    Linux ypc 6.8.0-40-generic #40~22.04.3-Ubuntu SMP PREEMPT_DYNAMIC Tue Jul 30 17:30:19 UTC 2 x86_64 x86_64 x86_64 GNU/Linux
     16:25:10 up 6 days,  2:29,  1 user,  load average: 0.79, 0.58, 0.66

commit 9449ad0d29f080a6d1dc26573220b9b40091094c
Author: tracer-ysyx <tracer@ysyx.org>
Date:   Fri Sep 20 16:25:10 2024 +0800

    > compile NEMU
    ysyx_100006503 杨鹏城
    Linux ypc 6.8.0-40-generic #40~22.04.3-Ubuntu SMP PREEMPT_DYNAMIC Tue Jul 30 17:30:19 UTC 2 x86_64 x86_64 x86_64 GNU/Linux
     16:25:10 up 6 days,  2:29,  1 user,  load average: 0.79, 0.58, 0.66

commit 163b69b288a295c6e54c1a13c6ae1d0a56017e30
Author: tracer-ysyx <tracer@ysyx.org>
Date:   Fri Sep 20 16:19:47 2024 +0800

    > run NEMU
    ysyx_100006503 杨鹏城
    Linux ypc 6.8.0-40-generic #40~22.04.3-Ubuntu SMP PREEMPT_DYNAMIC Tue Jul 30 17:30:19 UTC 2 x86_64 x86_64 x86_64 GNU/Linux
     16:19:47 up 6 days,  2:24,  1 user,  load average: 0.59, 0.75, 0.75

commit 23d3fcca6be434eb96d672b34c8f48778f3e111b
Author: tracer-ysyx <tracer@ysyx.org>
Date:   Fri Sep 20 16:19:47 2024 +0800

    > compile NEMU
    ysyx_100006503 杨鹏城
    Linux ypc 6.8.0-40-generic #40~22.04.3-Ubuntu SMP PREEMPT_DYNAMIC Tue Jul 30 17:30:19 UTC 2 x86_64 x86_64 x86_64 GNU/Linux
     16:19:47 up 6 days,  2:24,  1 user,  load average: 0.59, 0.75, 0.75

commit f40b5273e64db39cd76eca5309f907f3828d3df7
Author: tracer-ysyx <tracer@ysyx.org>
Date:   Fri Sep 20 16:17:37 2024 +0800

    > run NEMU
    ysyx_100006503 杨鹏城
    Linux ypc 6.8.0-40-generic #40~22.04.3-Ubuntu SMP PREEMPT_DYNAMIC Tue Jul 30 17:30:19 UTC 2 x86_64 x86_64 x86_64 GNU/Linux
     16:17:37 up 6 days,  2:22,  1 user,  load average: 0.84, 0.79, 0.76

commit 8d30f254b0c308670157e43c856f56491c6952f8
Author: tracer-ysyx <tracer@ysyx.org>
Date:   Fri Sep 20 16:17:37 2024 +0800

    > compile NEMU
    ysyx_100006503 杨鹏城
    Linux ypc 6.8.0-40-generic #40~22.04.3-Ubuntu SMP PREEMPT_DYNAMIC Tue Jul 30 17:30:19 UTC 2 x86_64 x86_64 x86_64 GNU/Linux
     16:17:37 up 6 days,  2:22,  1 user,  load average: 0.84, 0.79, 0.76

commit 9c1a3b63c5e101e320f2ab8041bcf7d3df81f226
Author: tracer-ysyx <tracer@ysyx.org>
Date:   Fri Sep 20 15:56:51 2024 +0800

    > run NEMU
    ysyx_100006503 杨鹏城
    Linux ypc 6.8.0-40-generic #40~22.04.3-Ubuntu SMP PREEMPT_DYNAMIC Tue Jul 30 17:30:19 UTC 2 x86_64 x86_64 x86_64 GNU/Linux
     15:56:51 up 6 days,  2:01,  1 user,  load average: 1.15, 0.79, 0.70

commit e24fe65ddadbfae99d98df092d225aa7b3d7986e
Author: tracer-ysyx <tracer@ysyx.org>
Date:   Fri Sep 20 15:56:51 2024 +0800

    > compile NEMU
    ysyx_100006503 杨鹏城
    Linux ypc 6.8.0-40-generic #40~22.04.3-Ubuntu SMP PREEMPT_DYNAMIC Tue Jul 30 17:30:19 UTC 2 x86_64 x86_64 x86_64 GNU/Linux
     15:56:51 up 6 days,  2:01,  1 user,  load average: 1.15, 0.79, 0.70

commit 590b861c275b1f1ab1065e209701f986b149b918
Author: tracer-ysyx <tracer@ysyx.org>
Date:   Fri Sep 20 15:56:00 2024 +0800

    > run NEMU
    ysyx_100006503 杨鹏城
    Linux ypc 6.8.0-40-generic #40~22.04.3-Ubuntu SMP PREEMPT_DYNAMIC Tue Jul 30 17:30:19 UTC 2 x86_64 x86_64 x86_64 GNU/Linux
     15:56:00 up 6 days,  2:00,  1 user,  load average: 0.55, 0.61, 0.64

commit f6b90f2f4b06f9427901b9b8a70b1ce3e4953da7
Author: tracer-ysyx <tracer@ysyx.org>
Date:   Fri Sep 20 15:56:00 2024 +0800

    > compile NEMU
    ysyx_100006503 杨鹏城
    Linux ypc 6.8.0-40-generic #40~22.04.3-Ubuntu SMP PREEMPT_DYNAMIC Tue Jul 30 17:30:19 UTC 2 x86_64 x86_64 x86_64 GNU/Linux
     15:56:00 up 6 days,  2:00,  1 user,  load average: 0.55, 0.61, 0.64

commit f99e390107b22f3a799d3bc1f1125aeacdc1b17b
Author: tracer-ysyx <tracer@ysyx.org>
Date:   Fri Sep 20 14:34:01 2024 +0800

    > run NEMU
    ysyx_100006503 杨鹏城
    Linux ypc 6.8.0-40-generic #40~22.04.3-Ubuntu SMP PREEMPT_DYNAMIC Tue Jul 30 17:30:19 UTC 2 x86_64 x86_64 x86_64 GNU/Linux
     14:34:01 up 6 days, 38 min,  1 user,  load average: 0.36, 0.50, 0.62

commit 630f3250d4355c399569655e5d87ca387eae4bb8
Author: tracer-ysyx <tracer@ysyx.org>
Date:   Fri Sep 20 14:34:01 2024 +0800

    > compile NEMU
    ysyx_100006503 杨鹏城
    Linux ypc 6.8.0-40-generic #40~22.04.3-Ubuntu SMP PREEMPT_DYNAMIC Tue Jul 30 17:30:19 UTC 2 x86_64 x86_64 x86_64 GNU/Linux
     14:34:01 up 6 days, 38 min,  1 user,  load average: 0.36, 0.50, 0.62

commit f2db0a0e15dccb530e2379df3a0b443352da8291
Author: tracer-ysyx <tracer@ysyx.org>
Date:   Fri Sep 20 14:32:56 2024 +0800

    > run NEMU
    ysyx_100006503 杨鹏城
    Linux ypc 6.8.0-40-generic #40~22.04.3-Ubuntu SMP PREEMPT_DYNAMIC Tue Jul 30 17:30:19 UTC 2 x86_64 x86_64 x86_64 GNU/Linux
     14:32:56 up 6 days, 37 min,  1 user,  load average: 0.39, 0.54, 0.63

commit dcda80521e3285e2698f1667535cb9dcf579b27a
Author: tracer-ysyx <tracer@ysyx.org>
Date:   Fri Sep 20 14:32:56 2024 +0800

    > compile NEMU
    ysyx_100006503 杨鹏城
    Linux ypc 6.8.0-40-generic #40~22.04.3-Ubuntu SMP PREEMPT_DYNAMIC Tue Jul 30 17:30:19 UTC 2 x86_64 x86_64 x86_64 GNU/Linux
     14:32:56 up 6 days, 37 min,  1 user,  load average: 0.39, 0.54, 0.63

commit d405848cde9ae1c8333181dbda54ed39592a4fa4
Author: tracer-ysyx <tracer@ysyx.org>
Date:   Fri Sep 20 14:29:06 2024 +0800

    > run NEMU
    ysyx_100006503 杨鹏城
    Linux ypc 6.8.0-40-generic #40~22.04.3-Ubuntu SMP PREEMPT_DYNAMIC Tue Jul 30 17:30:19 UTC 2 x86_64 x86_64 x86_64 GNU/Linux
     14:29:06 up 6 days, 33 min,  1 user,  load average: 0.58, 0.68, 0.70

commit 3bd67fd2746b7af398d8def91f97ef5ac5c83983
Author: tracer-ysyx <tracer@ysyx.org>
Date:   Fri Sep 20 14:29:06 2024 +0800

    > compile NEMU
    ysyx_100006503 杨鹏城
    Linux ypc 6.8.0-40-generic #40~22.04.3-Ubuntu SMP PREEMPT_DYNAMIC Tue Jul 30 17:30:19 UTC 2 x86_64 x86_64 x86_64 GNU/Linux
     14:29:06 up 6 days, 33 min,  1 user,  load average: 0.58, 0.68, 0.70

commit 517789a9c3ae34332067eb25d5898acf8fccd7ee
Author: tracer-ysyx <tracer@ysyx.org>
Date:   Fri Sep 20 11:59:16 2024 +0800

    > run NEMU
    ysyx_100006503 杨鹏城
    Linux ypc 6.8.0-40-generic #40~22.04.3-Ubuntu SMP PREEMPT_DYNAMIC Tue Jul 30 17:30:19 UTC 2 x86_64 x86_64 x86_64 GNU/Linux
     11:59:16 up 5 days, 22:03,  1 user,  load average: 1.43, 1.37, 1.09

commit 4b426d34d3fb505c5f75ff633e19222eb411f93d
Author: tracer-ysyx <tracer@ysyx.org>
Date:   Fri Sep 20 11:59:15 2024 +0800

    > compile NEMU
    ysyx_100006503 杨鹏城
    Linux ypc 6.8.0-40-generic #40~22.04.3-Ubuntu SMP PREEMPT_DYNAMIC Tue Jul 30 17:30:19 UTC 2 x86_64 x86_64 x86_64 GNU/Linux
     11:59:15 up 5 days, 22:03,  1 user,  load average: 1.43, 1.37, 1.09

commit 055b6c2cd1ddbb91badd9cc48056a4d2a27c8442
Author: tracer-ysyx <tracer@ysyx.org>
Date:   Fri Sep 20 11:55:20 2024 +0800

    > run NEMU
    ysyx_100006503 杨鹏城
    Linux ypc 6.8.0-40-generic #40~22.04.3-Ubuntu SMP PREEMPT_DYNAMIC Tue Jul 30 17:30:19 UTC 2 x86_64 x86_64 x86_64 GNU/Linux
     11:55:20 up 5 days, 21:59,  1 user,  load average: 1.68, 1.08, 0.93

commit 9f7152f49727d4a418b6fb6fe3e4ad7c1924d99e
Author: tracer-ysyx <tracer@ysyx.org>
Date:   Fri Sep 20 11:55:20 2024 +0800

    > compile NEMU
    ysyx_100006503 杨鹏城
    Linux ypc 6.8.0-40-generic #40~22.04.3-Ubuntu SMP PREEMPT_DYNAMIC Tue Jul 30 17:30:19 UTC 2 x86_64 x86_64 x86_64 GNU/Linux
     11:55:20 up 5 days, 21:59,  1 user,  load average: 1.68, 1.08, 0.93

commit 093695007fcfdc7a7b2bdcb273eef2ae20f9d156
Author: tracer-ysyx <tracer@ysyx.org>
Date:   Fri Sep 20 11:37:03 2024 +0800

    > run NEMU
    ysyx_100006503 杨鹏城
    Linux ypc 6.8.0-40-generic #40~22.04.3-Ubuntu SMP PREEMPT_DYNAMIC Tue Jul 30 17:30:19 UTC 2 x86_64 x86_64 x86_64 GNU/Linux
     11:37:03 up 5 days, 21:41,  1 user,  load average: 1.21, 1.05, 0.93

commit 5f834bdc1fb422098dc127814868196b97a74062
Author: tracer-ysyx <tracer@ysyx.org>
Date:   Fri Sep 20 11:37:03 2024 +0800

    > compile NEMU
    ysyx_100006503 杨鹏城
    Linux ypc 6.8.0-40-generic #40~22.04.3-Ubuntu SMP PREEMPT_DYNAMIC Tue Jul 30 17:30:19 UTC 2 x86_64 x86_64 x86_64 GNU/Linux
     11:37:03 up 5 days, 21:41,  1 user,  load average: 1.21, 1.05, 0.93

commit 89d79529821615e9f5a76ad50ba5bd89cc11d345
Author: tracer-ysyx <tracer@ysyx.org>
Date:   Fri Sep 20 11:36:56 2024 +0800

    > run NEMU
    ysyx_100006503 杨鹏城
    Linux ypc 6.8.0-40-generic #40~22.04.3-Ubuntu SMP PREEMPT_DYNAMIC Tue Jul 30 17:30:19 UTC 2 x86_64 x86_64 x86_64 GNU/Linux
     11:36:56 up 5 days, 21:41,  1 user,  load average: 1.31, 1.07, 0.94

commit 6b1cfbd7ed913e9b45a86506ebcc062c8c99afb3
Author: tracer-ysyx <tracer@ysyx.org>
Date:   Fri Sep 20 11:36:56 2024 +0800

    > compile NEMU
    ysyx_100006503 杨鹏城
    Linux ypc 6.8.0-40-generic #40~22.04.3-Ubuntu SMP PREEMPT_DYNAMIC Tue Jul 30 17:30:19 UTC 2 x86_64 x86_64 x86_64 GNU/Linux
     11:36:56 up 5 days, 21:41,  1 user,  load average: 1.31, 1.07, 0.94

commit 2defccc3adac77b55880b0230f79e09b35e00455
Author: tracer-ysyx <tracer@ysyx.org>
Date:   Fri Sep 20 11:36:29 2024 +0800

    > run NEMU
    ysyx_100006503 杨鹏城
    Linux ypc 6.8.0-40-generic #40~22.04.3-Ubuntu SMP PREEMPT_DYNAMIC Tue Jul 30 17:30:19 UTC 2 x86_64 x86_64 x86_64 GNU/Linux
     11:36:29 up 5 days, 21:41,  1 user,  load average: 1.20, 1.02, 0.92

commit 00f7230be6d169da31ab24bbc939c3dc4063f34a
Author: tracer-ysyx <tracer@ysyx.org>
Date:   Fri Sep 20 11:36:29 2024 +0800

    > compile NEMU
    ysyx_100006503 杨鹏城
    Linux ypc 6.8.0-40-generic #40~22.04.3-Ubuntu SMP PREEMPT_DYNAMIC Tue Jul 30 17:30:19 UTC 2 x86_64 x86_64 x86_64 GNU/Linux
     11:36:29 up 5 days, 21:41,  1 user,  load average: 1.20, 1.02, 0.92

commit b9f8ae2465b0c0e5dcb6dd15774d7ccbcd931cff
Author: tracer-ysyx <tracer@ysyx.org>
Date:   Fri Sep 20 11:25:19 2024 +0800

    > run NEMU
    ysyx_100006503 杨鹏城
    Linux ypc 6.8.0-40-generic #40~22.04.3-Ubuntu SMP PREEMPT_DYNAMIC Tue Jul 30 17:30:19 UTC 2 x86_64 x86_64 x86_64 GNU/Linux
     11:25:19 up 5 days, 21:29,  1 user,  load average: 0.89, 0.72, 0.84

commit f42c5b7e9e7ab4f5acdcf66c2fcbe854ac95a8b6
Author: tracer-ysyx <tracer@ysyx.org>
Date:   Fri Sep 20 11:25:19 2024 +0800

    > compile NEMU
    ysyx_100006503 杨鹏城
    Linux ypc 6.8.0-40-generic #40~22.04.3-Ubuntu SMP PREEMPT_DYNAMIC Tue Jul 30 17:30:19 UTC 2 x86_64 x86_64 x86_64 GNU/Linux
     11:25:19 up 5 days, 21:29,  1 user,  load average: 0.89, 0.72, 0.84

commit bd419eb84df578d6cb2636e2cc5e1d285dbe12e4
Author: tracer-ysyx <tracer@ysyx.org>
Date:   Fri Sep 20 11:24:56 2024 +0800

    > run NEMU
    ysyx_100006503 杨鹏城
    Linux ypc 6.8.0-40-generic #40~22.04.3-Ubuntu SMP PREEMPT_DYNAMIC Tue Jul 30 17:30:19 UTC 2 x86_64 x86_64 x86_64 GNU/Linux
     11:24:56 up 5 days, 21:29,  1 user,  load average: 0.73, 0.68, 0.83

commit 8662d3a086e019ee3215501548f266b7facb2d44
Author: tracer-ysyx <tracer@ysyx.org>
Date:   Fri Sep 20 11:24:56 2024 +0800

    > compile NEMU
    ysyx_100006503 杨鹏城
    Linux ypc 6.8.0-40-generic #40~22.04.3-Ubuntu SMP PREEMPT_DYNAMIC Tue Jul 30 17:30:19 UTC 2 x86_64 x86_64 x86_64 GNU/Linux
     11:24:56 up 5 days, 21:29,  1 user,  load average: 0.73, 0.68, 0.83

commit fec0c8c172bb435a4480cdb7fa1df5bb77465868
Author: tracer-ysyx <tracer@ysyx.org>
Date:   Fri Sep 20 11:17:04 2024 +0800

    > run NEMU
    ysyx_100006503 杨鹏城
    Linux ypc 6.8.0-40-generic #40~22.04.3-Ubuntu SMP PREEMPT_DYNAMIC Tue Jul 30 17:30:19 UTC 2 x86_64 x86_64 x86_64 GNU/Linux
     11:17:04 up 5 days, 21:21,  1 user,  load average: 2.09, 1.45, 1.09

commit 5aaaa4b278dfc6a0d84b970ce717c352af8ebf6d
Author: tracer-ysyx <tracer@ysyx.org>
Date:   Fri Sep 20 11:17:04 2024 +0800

    > compile NEMU
    ysyx_100006503 杨鹏城
    Linux ypc 6.8.0-40-generic #40~22.04.3-Ubuntu SMP PREEMPT_DYNAMIC Tue Jul 30 17:30:19 UTC 2 x86_64 x86_64 x86_64 GNU/Linux
     11:17:04 up 5 days, 21:21,  1 user,  load average: 2.09, 1.45, 1.09

commit 67c2f3f52ff3c707e794d3f5b4bbcafb3e6bc674
Author: tracer-ysyx <tracer@ysyx.org>
Date:   Fri Sep 20 11:15:47 2024 +0800

    > run NEMU
    ysyx_100006503 杨鹏城
    Linux ypc 6.8.0-40-generic #40~22.04.3-Ubuntu SMP PREEMPT_DYNAMIC Tue Jul 30 17:30:19 UTC 2 x86_64 x86_64 x86_64 GNU/Linux
     11:15:47 up 5 days, 21:20,  1 user,  load average: 2.02, 1.22, 0.99

commit 6d4d7de0268d5fb9e256b8ba4a83d60a0cbb4355
Author: tracer-ysyx <tracer@ysyx.org>
Date:   Fri Sep 20 11:15:47 2024 +0800

    > compile NEMU
    ysyx_100006503 杨鹏城
    Linux ypc 6.8.0-40-generic #40~22.04.3-Ubuntu SMP PREEMPT_DYNAMIC Tue Jul 30 17:30:19 UTC 2 x86_64 x86_64 x86_64 GNU/Linux
     11:15:47 up 5 days, 21:20,  1 user,  load average: 2.02, 1.22, 0.99

commit 591d95f747b2700c598cf4011761d25ae7e94cc2
Author: tracer-ysyx <tracer@ysyx.org>
Date:   Fri Sep 20 11:10:47 2024 +0800

    > run NEMU
    ysyx_100006503 杨鹏城
    Linux ypc 6.8.0-40-generic #40~22.04.3-Ubuntu SMP PREEMPT_DYNAMIC Tue Jul 30 17:30:19 UTC 2 x86_64 x86_64 x86_64 GNU/Linux
     11:10:47 up 5 days, 21:15,  1 user,  load average: 1.17, 0.79, 0.85

commit e48ef5f82af61319e1c3d720dce384223cfe8326
Author: tracer-ysyx <tracer@ysyx.org>
Date:   Fri Sep 20 11:10:47 2024 +0800

    > compile NEMU
    ysyx_100006503 杨鹏城
    Linux ypc 6.8.0-40-generic #40~22.04.3-Ubuntu SMP PREEMPT_DYNAMIC Tue Jul 30 17:30:19 UTC 2 x86_64 x86_64 x86_64 GNU/Linux
     11:10:47 up 5 days, 21:15,  1 user,  load average: 1.17, 0.79, 0.85

commit 8a1ffb6506ff53c828a2d5b01fe0929ba775a215
Author: tracer-ysyx <tracer@ysyx.org>
Date:   Fri Sep 20 10:57:45 2024 +0800

    > run NEMU
    ysyx_100006503 杨鹏城
    Linux ypc 6.8.0-40-generic #40~22.04.3-Ubuntu SMP PREEMPT_DYNAMIC Tue Jul 30 17:30:19 UTC 2 x86_64 x86_64 x86_64 GNU/Linux
     10:57:45 up 5 days, 21:02,  1 user,  load average: 2.06, 1.66, 1.18

commit 3dad4315c704780eced19c31489d963937fa4f2d
Author: tracer-ysyx <tracer@ysyx.org>
Date:   Fri Sep 20 10:57:45 2024 +0800

    > compile NEMU
    ysyx_100006503 杨鹏城
    Linux ypc 6.8.0-40-generic #40~22.04.3-Ubuntu SMP PREEMPT_DYNAMIC Tue Jul 30 17:30:19 UTC 2 x86_64 x86_64 x86_64 GNU/Linux
     10:57:45 up 5 days, 21:02,  1 user,  load average: 2.06, 1.66, 1.18

commit cb858168022fbc747e548ee57959277d523ec608
Author: tracer-ysyx <tracer@ysyx.org>
Date:   Fri Sep 20 10:56:46 2024 +0800

    > run NEMU
    ysyx_100006503 杨鹏城
    Linux ypc 6.8.0-40-generic #40~22.04.3-Ubuntu SMP PREEMPT_DYNAMIC Tue Jul 30 17:30:19 UTC 2 x86_64 x86_64 x86_64 GNU/Linux
     10:56:46 up 5 days, 21:01,  1 user,  load average: 1.84, 1.57, 1.12

commit d38e7d55be01f820de64ada9a7f5790f0360b702
Author: tracer-ysyx <tracer@ysyx.org>
Date:   Fri Sep 20 10:56:46 2024 +0800

    > compile NEMU
    ysyx_100006503 杨鹏城
    Linux ypc 6.8.0-40-generic #40~22.04.3-Ubuntu SMP PREEMPT_DYNAMIC Tue Jul 30 17:30:19 UTC 2 x86_64 x86_64 x86_64 GNU/Linux
     10:56:46 up 5 days, 21:01,  1 user,  load average: 1.84, 1.57, 1.12

commit 2a7c6613caa1da80dd2f5c5f488696c7e3d70529
Author: tracer-ysyx <tracer@ysyx.org>
Date:   Thu Sep 19 22:36:00 2024 +0800

    > run NEMU
    ysyx_100006503 杨鹏城
    Linux ypc 6.8.0-40-generic #40~22.04.3-Ubuntu SMP PREEMPT_DYNAMIC Tue Jul 30 17:30:19 UTC 2 x86_64 x86_64 x86_64 GNU/Linux
     22:36:00 up 5 days, 21:00,  1 user,  load average: 2.62, 1.60, 1.10

commit f9ce7719bc66bba8eded550dfe491ca8a08af9a3
Author: tracer-ysyx <tracer@ysyx.org>
Date:   Thu Sep 19 22:36:00 2024 +0800

    > compile NEMU
    ysyx_100006503 杨鹏城
    Linux ypc 6.8.0-40-generic #40~22.04.3-Ubuntu SMP PREEMPT_DYNAMIC Tue Jul 30 17:30:19 UTC 2 x86_64 x86_64 x86_64 GNU/Linux
     22:36:00 up 5 days, 21:00,  1 user,  load average: 2.62, 1.60, 1.10

commit b06a19cebd6c5114898921aad493b492401f1d35
Author: tracer-ysyx <tracer@ysyx.org>
Date:   Thu Sep 19 22:33:02 2024 +0800

    > run NEMU
    ysyx_100006503 杨鹏城
    Linux ypc 6.8.0-40-generic #40~22.04.3-Ubuntu SMP PREEMPT_DYNAMIC Tue Jul 30 17:30:19 UTC 2 x86_64 x86_64 x86_64 GNU/Linux
     22:33:02 up 5 days, 20:57,  1 user,  load average: 1.58, 0.95, 0.83

commit c226f8c66509ff9eb58270ecc7fa2e6770c4997d
Author: tracer-ysyx <tracer@ysyx.org>
Date:   Thu Sep 19 22:33:02 2024 +0800

    > compile NEMU
    ysyx_100006503 杨鹏城
    Linux ypc 6.8.0-40-generic #40~22.04.3-Ubuntu SMP PREEMPT_DYNAMIC Tue Jul 30 17:30:19 UTC 2 x86_64 x86_64 x86_64 GNU/Linux
     22:33:02 up 5 days, 20:57,  1 user,  load average: 1.58, 0.95, 0.83

commit e82ed5f37e5c65e6b7d6f49e810d922771d63b0e
Author: tracer-ysyx <tracer@ysyx.org>
Date:   Thu Sep 19 22:32:27 2024 +0800

    > run NEMU
    ysyx_100006503 杨鹏城
    Linux ypc 6.8.0-40-generic #40~22.04.3-Ubuntu SMP PREEMPT_DYNAMIC Tue Jul 30 17:30:19 UTC 2 x86_64 x86_64 x86_64 GNU/Linux
     22:32:27 up 5 days, 20:56,  1 user,  load average: 1.01, 0.80, 0.78

commit e8c46dc331c471134106d1cf0b26ac0ab371128b
Author: tracer-ysyx <tracer@ysyx.org>
Date:   Thu Sep 19 22:32:27 2024 +0800

    > compile NEMU
    ysyx_100006503 杨鹏城
    Linux ypc 6.8.0-40-generic #40~22.04.3-Ubuntu SMP PREEMPT_DYNAMIC Tue Jul 30 17:30:19 UTC 2 x86_64 x86_64 x86_64 GNU/Linux
     22:32:27 up 5 days, 20:56,  1 user,  load average: 1.01, 0.80, 0.78

commit e518e3834f6528669830cdb809161e65d48b6f37
Author: tracer-ysyx <tracer@ysyx.org>
Date:   Thu Sep 19 22:29:23 2024 +0800

    > run NEMU
    ysyx_100006503 杨鹏城
    Linux ypc 6.8.0-40-generic #40~22.04.3-Ubuntu SMP PREEMPT_DYNAMIC Tue Jul 30 17:30:19 UTC 2 x86_64 x86_64 x86_64 GNU/Linux
     22:29:23 up 5 days, 20:53,  1 user,  load average: 0.88, 0.82, 0.79

commit 22d23e86d8424e7ad52df3aaf521deb30d228278
Author: tracer-ysyx <tracer@ysyx.org>
Date:   Thu Sep 19 22:29:23 2024 +0800

    > compile NEMU
    ysyx_100006503 杨鹏城
    Linux ypc 6.8.0-40-generic #40~22.04.3-Ubuntu SMP PREEMPT_DYNAMIC Tue Jul 30 17:30:19 UTC 2 x86_64 x86_64 x86_64 GNU/Linux
     22:29:23 up 5 days, 20:53,  1 user,  load average: 0.88, 0.82, 0.79

commit 30c76bf39c0227327e2f00dc2359dc18f7ae7745
Author: tracer-ysyx <tracer@ysyx.org>
Date:   Thu Sep 19 22:26:34 2024 +0800

    > run NEMU
    ysyx_100006503 杨鹏城
    Linux ypc 6.8.0-40-generic #40~22.04.3-Ubuntu SMP PREEMPT_DYNAMIC Tue Jul 30 17:30:19 UTC 2 x86_64 x86_64 x86_64 GNU/Linux
     22:26:34 up 5 days, 20:50,  1 user,  load average: 0.98, 0.81, 0.78

commit 61c71936c7aaaba9cb77c0a79203149591b7d3c6
Author: tracer-ysyx <tracer@ysyx.org>
Date:   Thu Sep 19 22:26:34 2024 +0800

    > compile NEMU
    ysyx_100006503 杨鹏城
    Linux ypc 6.8.0-40-generic #40~22.04.3-Ubuntu SMP PREEMPT_DYNAMIC Tue Jul 30 17:30:19 UTC 2 x86_64 x86_64 x86_64 GNU/Linux
     22:26:34 up 5 days, 20:50,  1 user,  load average: 0.98, 0.81, 0.78

commit 2824e469426c7691083f0e4b0a983d37ba30e00d
Author: tracer-ysyx <tracer@ysyx.org>
Date:   Thu Sep 19 22:25:05 2024 +0800

    > run NEMU
    ysyx_100006503 杨鹏城
    Linux ypc 6.8.0-40-generic #40~22.04.3-Ubuntu SMP PREEMPT_DYNAMIC Tue Jul 30 17:30:19 UTC 2 x86_64 x86_64 x86_64 GNU/Linux
     22:25:05 up 5 days, 20:49,  1 user,  load average: 0.96, 0.81, 0.78

commit 4f37d71fc17f761cf99112b4998d743cd43ef103
Author: tracer-ysyx <tracer@ysyx.org>
Date:   Thu Sep 19 22:25:05 2024 +0800

    > compile NEMU
    ysyx_100006503 杨鹏城
    Linux ypc 6.8.0-40-generic #40~22.04.3-Ubuntu SMP PREEMPT_DYNAMIC Tue Jul 30 17:30:19 UTC 2 x86_64 x86_64 x86_64 GNU/Linux
     22:25:05 up 5 days, 20:49,  1 user,  load average: 0.96, 0.81, 0.78

commit bc028254048b5ddfe3543e81c38105be9824adb8
Author: tracer-ysyx <tracer@ysyx.org>
Date:   Thu Sep 19 22:22:15 2024 +0800

    > run NEMU
    ysyx_100006503 杨鹏城
    Linux ypc 6.8.0-40-generic #40~22.04.3-Ubuntu SMP PREEMPT_DYNAMIC Tue Jul 30 17:30:19 UTC 2 x86_64 x86_64 x86_64 GNU/Linux
     22:22:15 up 5 days, 20:46,  1 user,  load average: 0.94, 0.92, 0.82

commit 548c82a1fe7526c1be9de96f25b6dd00cd0c64b3
Author: tracer-ysyx <tracer@ysyx.org>
Date:   Thu Sep 19 22:22:15 2024 +0800

    > compile NEMU
    ysyx_100006503 杨鹏城
    Linux ypc 6.8.0-40-generic #40~22.04.3-Ubuntu SMP PREEMPT_DYNAMIC Tue Jul 30 17:30:19 UTC 2 x86_64 x86_64 x86_64 GNU/Linux
     22:22:15 up 5 days, 20:46,  1 user,  load average: 0.94, 0.92, 0.82

commit 334435076b758d4a68a96a4a9f9784327204af8c
Author: tracer-ysyx <tracer@ysyx.org>
Date:   Thu Sep 19 22:21:12 2024 +0800

    > run NEMU
    ysyx_100006503 杨鹏城
    Linux ypc 6.8.0-40-generic #40~22.04.3-Ubuntu SMP PREEMPT_DYNAMIC Tue Jul 30 17:30:19 UTC 2 x86_64 x86_64 x86_64 GNU/Linux
     22:21:12 up 5 days, 20:45,  1 user,  load average: 0.87, 0.93, 0.81

commit 68780874cd29098d04f0ae1b877c13aa8392071f
Author: tracer-ysyx <tracer@ysyx.org>
Date:   Thu Sep 19 22:21:12 2024 +0800

    > compile NEMU
    ysyx_100006503 杨鹏城
    Linux ypc 6.8.0-40-generic #40~22.04.3-Ubuntu SMP PREEMPT_DYNAMIC Tue Jul 30 17:30:19 UTC 2 x86_64 x86_64 x86_64 GNU/Linux
     22:21:12 up 5 days, 20:45,  1 user,  load average: 0.87, 0.93, 0.81

commit e044c4e0daf231849585bf399d5107c9c7730508
Author: tracer-ysyx <tracer@ysyx.org>
Date:   Thu Sep 19 17:23:23 2024 +0800

    > run NEMU
    ysyx_100006503 杨鹏城
    Linux ypc 6.8.0-40-generic #40~22.04.3-Ubuntu SMP PREEMPT_DYNAMIC Tue Jul 30 17:30:19 UTC 2 x86_64 x86_64 x86_64 GNU/Linux
     17:23:23 up 5 days, 19:34,  1 user,  load average: 0.36, 0.44, 0.52

commit 2cf9aebea910cb2dfa17f3e3f6335631e683aa36
Author: tracer-ysyx <tracer@ysyx.org>
Date:   Thu Sep 19 17:23:23 2024 +0800

    > compile NEMU
    ysyx_100006503 杨鹏城
    Linux ypc 6.8.0-40-generic #40~22.04.3-Ubuntu SMP PREEMPT_DYNAMIC Tue Jul 30 17:30:19 UTC 2 x86_64 x86_64 x86_64 GNU/Linux
     17:23:23 up 5 days, 19:34,  1 user,  load average: 0.36, 0.44, 0.52

commit 363b950387cd7d3109aa40fb6156b5b3e494182d
Author: tracer-ysyx <tracer@ysyx.org>
Date:   Thu Sep 19 17:18:15 2024 +0800

    > run NEMU
    ysyx_100006503 杨鹏城
    Linux ypc 6.8.0-40-generic #40~22.04.3-Ubuntu SMP PREEMPT_DYNAMIC Tue Jul 30 17:30:19 UTC 2 x86_64 x86_64 x86_64 GNU/Linux
     17:18:15 up 5 days, 19:29,  1 user,  load average: 0.45, 0.48, 0.57

commit c96eafcf447502a777c3da63647d8ae2f7f88656
Author: tracer-ysyx <tracer@ysyx.org>
Date:   Thu Sep 19 17:18:15 2024 +0800

    > compile NEMU
    ysyx_100006503 杨鹏城
    Linux ypc 6.8.0-40-generic #40~22.04.3-Ubuntu SMP PREEMPT_DYNAMIC Tue Jul 30 17:30:19 UTC 2 x86_64 x86_64 x86_64 GNU/Linux
     17:18:15 up 5 days, 19:29,  1 user,  load average: 0.45, 0.48, 0.57

commit 1fdd58e7f054b800022a32dac21b64ba4c85c1eb
Author: tracer-ysyx <tracer@ysyx.org>
Date:   Thu Sep 19 16:30:09 2024 +0800

    > run NEMU
    ysyx_100006503 杨鹏城
    Linux ypc 6.8.0-40-generic #40~22.04.3-Ubuntu SMP PREEMPT_DYNAMIC Tue Jul 30 17:30:19 UTC 2 x86_64 x86_64 x86_64 GNU/Linux
     16:30:09 up 5 days, 18:41,  1 user,  load average: 0.87, 0.66, 0.66

commit 59e4fd6556d4c263b1ed0c219a0c682fdd75006a
Author: tracer-ysyx <tracer@ysyx.org>
Date:   Thu Sep 19 16:30:09 2024 +0800

    > compile NEMU
    ysyx_100006503 杨鹏城
    Linux ypc 6.8.0-40-generic #40~22.04.3-Ubuntu SMP PREEMPT_DYNAMIC Tue Jul 30 17:30:19 UTC 2 x86_64 x86_64 x86_64 GNU/Linux
     16:30:09 up 5 days, 18:41,  1 user,  load average: 0.87, 0.66, 0.66

commit 4100aa60c9a5068c4f6a2da4ce37582dce05c5ca
Author: tracer-ysyx <tracer@ysyx.org>
Date:   Thu Sep 19 16:30:00 2024 +0800

    > run NEMU
    ysyx_100006503 杨鹏城
    Linux ypc 6.8.0-40-generic #40~22.04.3-Ubuntu SMP PREEMPT_DYNAMIC Tue Jul 30 17:30:19 UTC 2 x86_64 x86_64 x86_64 GNU/Linux
     16:30:00 up 5 days, 18:41,  1 user,  load average: 0.41, 0.56, 0.63

commit 44eb7ac6afaa60114f6b493689609ea34039b9c5
Author: tracer-ysyx <tracer@ysyx.org>
Date:   Thu Sep 19 16:30:00 2024 +0800

    > compile NEMU
    ysyx_100006503 杨鹏城
    Linux ypc 6.8.0-40-generic #40~22.04.3-Ubuntu SMP PREEMPT_DYNAMIC Tue Jul 30 17:30:19 UTC 2 x86_64 x86_64 x86_64 GNU/Linux
     16:30:00 up 5 days, 18:41,  1 user,  load average: 0.41, 0.56, 0.63

commit f62e49237ae160e7c5a388a9dadca1e6de692d24
Author: tracer-ysyx <tracer@ysyx.org>
Date:   Thu Sep 19 16:29:51 2024 +0800

    > run NEMU
    ysyx_100006503 杨鹏城
    Linux ypc 6.8.0-40-generic #40~22.04.3-Ubuntu SMP PREEMPT_DYNAMIC Tue Jul 30 17:30:19 UTC 2 x86_64 x86_64 x86_64 GNU/Linux
     16:29:51 up 5 days, 18:41,  1 user,  load average: 0.36, 0.55, 0.63

commit 5829bc30424ca0718be51dac69ee5c942db046c2
Author: tracer-ysyx <tracer@ysyx.org>
Date:   Thu Sep 19 16:29:51 2024 +0800

    > compile NEMU
    ysyx_100006503 杨鹏城
    Linux ypc 6.8.0-40-generic #40~22.04.3-Ubuntu SMP PREEMPT_DYNAMIC Tue Jul 30 17:30:19 UTC 2 x86_64 x86_64 x86_64 GNU/Linux
     16:29:51 up 5 days, 18:41,  1 user,  load average: 0.36, 0.55, 0.63

commit 984464281a76183be5c58b669af7dd86b14d0966
Author: tracer-ysyx <tracer@ysyx.org>
Date:   Thu Sep 19 16:11:30 2024 +0800

    > run NEMU
    ysyx_100006503 杨鹏城
    Linux ypc 6.8.0-40-generic #40~22.04.3-Ubuntu SMP PREEMPT_DYNAMIC Tue Jul 30 17:30:19 UTC 2 x86_64 x86_64 x86_64 GNU/Linux
     16:11:30 up 5 days, 18:23,  1 user,  load average: 1.04, 0.86, 0.68

commit 602d12612b65128eb4e8b634ac2be6bbff297330
Author: tracer-ysyx <tracer@ysyx.org>
Date:   Thu Sep 19 16:11:30 2024 +0800

    > compile NEMU
    ysyx_100006503 杨鹏城
    Linux ypc 6.8.0-40-generic #40~22.04.3-Ubuntu SMP PREEMPT_DYNAMIC Tue Jul 30 17:30:19 UTC 2 x86_64 x86_64 x86_64 GNU/Linux
     16:11:30 up 5 days, 18:23,  1 user,  load average: 1.04, 0.86, 0.68

commit cae3f942090816ce3965dcc0c5d1c1b01b8840c2
Author: tracer-ysyx <tracer@ysyx.org>
Date:   Thu Sep 19 16:10:31 2024 +0800

    > run NEMU
    ysyx_100006503 杨鹏城
    Linux ypc 6.8.0-40-generic #40~22.04.3-Ubuntu SMP PREEMPT_DYNAMIC Tue Jul 30 17:30:19 UTC 2 x86_64 x86_64 x86_64 GNU/Linux
     16:10:31 up 5 days, 18:22,  1 user,  load average: 1.17, 0.85, 0.67

commit 320315aaf689dee68f39a7009cb48b759f8cdccc
Author: tracer-ysyx <tracer@ysyx.org>
Date:   Thu Sep 19 16:10:31 2024 +0800

    > compile NEMU
    ysyx_100006503 杨鹏城
    Linux ypc 6.8.0-40-generic #40~22.04.3-Ubuntu SMP PREEMPT_DYNAMIC Tue Jul 30 17:30:19 UTC 2 x86_64 x86_64 x86_64 GNU/Linux
     16:10:31 up 5 days, 18:22,  1 user,  load average: 1.17, 0.85, 0.67

commit c52967710ce701abb275279b3254a71376ea4a65
Author: tracer-ysyx <tracer@ysyx.org>
Date:   Thu Sep 19 16:00:11 2024 +0800

    > run NEMU
    ysyx_100006503 杨鹏城
    Linux ypc 6.8.0-40-generic #40~22.04.3-Ubuntu SMP PREEMPT_DYNAMIC Tue Jul 30 17:30:19 UTC 2 x86_64 x86_64 x86_64 GNU/Linux
     16:00:11 up 5 days, 18:11,  1 user,  load average: 1.11, 0.66, 0.60

commit 8a8fd7be1d282b49aae40b1866cda42b2b99fad1
Author: tracer-ysyx <tracer@ysyx.org>
Date:   Thu Sep 19 16:00:11 2024 +0800

    > compile NEMU
    ysyx_100006503 杨鹏城
    Linux ypc 6.8.0-40-generic #40~22.04.3-Ubuntu SMP PREEMPT_DYNAMIC Tue Jul 30 17:30:19 UTC 2 x86_64 x86_64 x86_64 GNU/Linux
     16:00:11 up 5 days, 18:11,  1 user,  load average: 1.11, 0.66, 0.60

commit f81480a61446a96c4bb4dfb11cd2a109114e87e6
Author: tracer-ysyx <tracer@ysyx.org>
Date:   Thu Sep 19 15:59:01 2024 +0800

    > run NEMU
    ysyx_100006503 杨鹏城
    Linux ypc 6.8.0-40-generic #40~22.04.3-Ubuntu SMP PREEMPT_DYNAMIC Tue Jul 30 17:30:19 UTC 2 x86_64 x86_64 x86_64 GNU/Linux
     15:59:01 up 5 days, 18:10,  1 user,  load average: 0.78, 0.55, 0.57

commit 3f35392555b220670830bc0a938eff13c8d202a2
Author: tracer-ysyx <tracer@ysyx.org>
Date:   Thu Sep 19 15:59:01 2024 +0800

    > compile NEMU
    ysyx_100006503 杨鹏城
    Linux ypc 6.8.0-40-generic #40~22.04.3-Ubuntu SMP PREEMPT_DYNAMIC Tue Jul 30 17:30:19 UTC 2 x86_64 x86_64 x86_64 GNU/Linux
     15:59:01 up 5 days, 18:10,  1 user,  load average: 0.78, 0.55, 0.57

commit 91c5eabaf60a1d32b0ca2f02eaa68de7b90dfc15
Author: tracer-ysyx <tracer@ysyx.org>
Date:   Thu Sep 19 15:54:53 2024 +0800

    > run NEMU
    ysyx_100006503 杨鹏城
    Linux ypc 6.8.0-40-generic #40~22.04.3-Ubuntu SMP PREEMPT_DYNAMIC Tue Jul 30 17:30:19 UTC 2 x86_64 x86_64 x86_64 GNU/Linux
     15:54:53 up 5 days, 18:06,  1 user,  load average: 0.47, 0.48, 0.57

commit d39735302709c94bb1fc3f81b0db0c73cbc5b023
Author: tracer-ysyx <tracer@ysyx.org>
Date:   Thu Sep 19 15:54:53 2024 +0800

    > compile NEMU
    ysyx_100006503 杨鹏城
    Linux ypc 6.8.0-40-generic #40~22.04.3-Ubuntu SMP PREEMPT_DYNAMIC Tue Jul 30 17:30:19 UTC 2 x86_64 x86_64 x86_64 GNU/Linux
     15:54:53 up 5 days, 18:06,  1 user,  load average: 0.47, 0.48, 0.57

commit 54db51b6cf4f280de2e9344f6dee6bcd515a3a11
Author: tracer-ysyx <tracer@ysyx.org>
Date:   Thu Sep 19 15:46:43 2024 +0800

    > run NEMU
    ysyx_100006503 杨鹏城
    Linux ypc 6.8.0-40-generic #40~22.04.3-Ubuntu SMP PREEMPT_DYNAMIC Tue Jul 30 17:30:19 UTC 2 x86_64 x86_64 x86_64 GNU/Linux
     15:46:43 up 5 days, 17:58,  1 user,  load average: 0.41, 0.68, 0.68

commit e655e15cfb4bfb53e1ec7f09cb383afa57086178
Author: tracer-ysyx <tracer@ysyx.org>
Date:   Thu Sep 19 15:46:43 2024 +0800

    > compile NEMU
    ysyx_100006503 杨鹏城
    Linux ypc 6.8.0-40-generic #40~22.04.3-Ubuntu SMP PREEMPT_DYNAMIC Tue Jul 30 17:30:19 UTC 2 x86_64 x86_64 x86_64 GNU/Linux
     15:46:43 up 5 days, 17:58,  1 user,  load average: 0.41, 0.68, 0.68

commit 41a6f6c7ac39806375104d73376712dd3145e6e1
Author: tracer-ysyx <tracer@ysyx.org>
Date:   Thu Sep 19 15:45:28 2024 +0800

    > run NEMU
    ysyx_100006503 杨鹏城
    Linux ypc 6.8.0-40-generic #40~22.04.3-Ubuntu SMP PREEMPT_DYNAMIC Tue Jul 30 17:30:19 UTC 2 x86_64 x86_64 x86_64 GNU/Linux
     15:45:28 up 5 days, 17:57,  1 user,  load average: 0.66, 0.78, 0.71

commit 53661729256135840f9d1eb08b5e6617046760d1
Author: tracer-ysyx <tracer@ysyx.org>
Date:   Thu Sep 19 15:45:28 2024 +0800

    > compile NEMU
    ysyx_100006503 杨鹏城
    Linux ypc 6.8.0-40-generic #40~22.04.3-Ubuntu SMP PREEMPT_DYNAMIC Tue Jul 30 17:30:19 UTC 2 x86_64 x86_64 x86_64 GNU/Linux
     15:45:28 up 5 days, 17:57,  1 user,  load average: 0.66, 0.78, 0.71

commit 4480bca083035c8308d2779903eeadd819c7028d
Author: tracer-ysyx <tracer@ysyx.org>
Date:   Thu Sep 19 15:44:46 2024 +0800

    > run NEMU
    ysyx_100006503 杨鹏城
    Linux ypc 6.8.0-40-generic #40~22.04.3-Ubuntu SMP PREEMPT_DYNAMIC Tue Jul 30 17:30:19 UTC 2 x86_64 x86_64 x86_64 GNU/Linux
     15:44:46 up 5 days, 17:56,  1 user,  load average: 0.50, 0.77, 0.70

commit cefd96d34aca444eab9b890898cdeae2e80ea083
Author: tracer-ysyx <tracer@ysyx.org>
Date:   Thu Sep 19 15:44:46 2024 +0800

    > compile NEMU
    ysyx_100006503 杨鹏城
    Linux ypc 6.8.0-40-generic #40~22.04.3-Ubuntu SMP PREEMPT_DYNAMIC Tue Jul 30 17:30:19 UTC 2 x86_64 x86_64 x86_64 GNU/Linux
     15:44:46 up 5 days, 17:56,  1 user,  load average: 0.50, 0.77, 0.70

commit 58d41356d9d965c813301e1a71f5ae78b4eec1d1
Author: tracer-ysyx <tracer@ysyx.org>
Date:   Thu Sep 19 15:44:04 2024 +0800

    > run NEMU
    ysyx_100006503 杨鹏城
    Linux ypc 6.8.0-40-generic #40~22.04.3-Ubuntu SMP PREEMPT_DYNAMIC Tue Jul 30 17:30:19 UTC 2 x86_64 x86_64 x86_64 GNU/Linux
     15:44:04 up 5 days, 17:55,  1 user,  load average: 0.83, 0.86, 0.72

commit 63a5a4e53203219f5e8f14b1ca550e99c6930277
Author: tracer-ysyx <tracer@ysyx.org>
Date:   Thu Sep 19 15:44:04 2024 +0800

    > compile NEMU
    ysyx_100006503 杨鹏城
    Linux ypc 6.8.0-40-generic #40~22.04.3-Ubuntu SMP PREEMPT_DYNAMIC Tue Jul 30 17:30:19 UTC 2 x86_64 x86_64 x86_64 GNU/Linux
     15:44:04 up 5 days, 17:55,  1 user,  load average: 0.83, 0.86, 0.72

commit d5fb1079dcaae571e1a29c0313cc935ed5ba5db6
Author: tracer-ysyx <tracer@ysyx.org>
Date:   Thu Sep 19 15:32:22 2024 +0800

    > run NEMU
    ysyx_100006503 杨鹏城
    Linux ypc 6.8.0-40-generic #40~22.04.3-Ubuntu SMP PREEMPT_DYNAMIC Tue Jul 30 17:30:19 UTC 2 x86_64 x86_64 x86_64 GNU/Linux
     15:32:22 up 5 days, 17:43,  1 user,  load average: 0.59, 0.57, 0.58

commit d5f8f162e5229ea711340987141bf1b09273f4ee
Author: tracer-ysyx <tracer@ysyx.org>
Date:   Thu Sep 19 15:32:22 2024 +0800

    > compile NEMU
    ysyx_100006503 杨鹏城
    Linux ypc 6.8.0-40-generic #40~22.04.3-Ubuntu SMP PREEMPT_DYNAMIC Tue Jul 30 17:30:19 UTC 2 x86_64 x86_64 x86_64 GNU/Linux
     15:32:22 up 5 days, 17:43,  1 user,  load average: 0.59, 0.57, 0.58

commit d6cdf524638963aeede3a18d52e1baca268d9de7
Author: tracer-ysyx <tracer@ysyx.org>
Date:   Thu Sep 19 15:29:59 2024 +0800

    > run NEMU
    ysyx_100006503 杨鹏城
    Linux ypc 6.8.0-40-generic #40~22.04.3-Ubuntu SMP PREEMPT_DYNAMIC Tue Jul 30 17:30:19 UTC 2 x86_64 x86_64 x86_64 GNU/Linux
     15:29:59 up 5 days, 17:41,  1 user,  load average: 0.34, 0.55, 0.58

commit 8f2a903f607e904c5aba6c91be96917eb6bfcde5
Author: tracer-ysyx <tracer@ysyx.org>
Date:   Thu Sep 19 15:29:59 2024 +0800

    > compile NEMU
    ysyx_100006503 杨鹏城
    Linux ypc 6.8.0-40-generic #40~22.04.3-Ubuntu SMP PREEMPT_DYNAMIC Tue Jul 30 17:30:19 UTC 2 x86_64 x86_64 x86_64 GNU/Linux
     15:29:59 up 5 days, 17:41,  1 user,  load average: 0.34, 0.55, 0.58

commit ded3c72013adf1341ae58f497a577a6edea129e7
Author: tracer-ysyx <tracer@ysyx.org>
Date:   Thu Sep 19 15:26:21 2024 +0800

    > run NEMU
    ysyx_100006503 杨鹏城
    Linux ypc 6.8.0-40-generic #40~22.04.3-Ubuntu SMP PREEMPT_DYNAMIC Tue Jul 30 17:30:19 UTC 2 x86_64 x86_64 x86_64 GNU/Linux
     15:26:21 up 5 days, 17:37,  1 user,  load average: 0.58, 0.60, 0.60

commit 58c51b97ddcc8edce863a669ea0df0de894399ab
Author: tracer-ysyx <tracer@ysyx.org>
Date:   Thu Sep 19 15:26:21 2024 +0800

    > compile NEMU
    ysyx_100006503 杨鹏城
    Linux ypc 6.8.0-40-generic #40~22.04.3-Ubuntu SMP PREEMPT_DYNAMIC Tue Jul 30 17:30:19 UTC 2 x86_64 x86_64 x86_64 GNU/Linux
     15:26:21 up 5 days, 17:37,  1 user,  load average: 0.58, 0.60, 0.60

commit 11578a4cc31dcebe0695b189a717eb89087e7464
Author: tracer-ysyx <tracer@ysyx.org>
Date:   Thu Sep 19 15:23:57 2024 +0800

    > run NEMU
    ysyx_100006503 杨鹏城
    Linux ypc 6.8.0-40-generic #40~22.04.3-Ubuntu SMP PREEMPT_DYNAMIC Tue Jul 30 17:30:19 UTC 2 x86_64 x86_64 x86_64 GNU/Linux
     15:23:57 up 5 days, 17:35,  1 user,  load average: 0.47, 0.61, 0.61

commit db41f7e1b5e2f28f3f7740fc395c3a7fb5cf24e6
Author: tracer-ysyx <tracer@ysyx.org>
Date:   Thu Sep 19 15:23:57 2024 +0800

    > compile NEMU
    ysyx_100006503 杨鹏城
    Linux ypc 6.8.0-40-generic #40~22.04.3-Ubuntu SMP PREEMPT_DYNAMIC Tue Jul 30 17:30:19 UTC 2 x86_64 x86_64 x86_64 GNU/Linux
     15:23:57 up 5 days, 17:35,  1 user,  load average: 0.47, 0.61, 0.61

commit 92ffffd0c0a2dbf6c14344348835e0af52311b8c
Author: tracer-ysyx <tracer@ysyx.org>
Date:   Thu Sep 19 15:23:46 2024 +0800

    > run NEMU
    ysyx_100006503 杨鹏城
    Linux ypc 6.8.0-40-generic #40~22.04.3-Ubuntu SMP PREEMPT_DYNAMIC Tue Jul 30 17:30:19 UTC 2 x86_64 x86_64 x86_64 GNU/Linux
     15:23:46 up 5 days, 17:35,  1 user,  load average: 0.56, 0.64, 0.61

commit 1cd896ea2b343a6f88a23d168de4f2f345fb57da
Author: tracer-ysyx <tracer@ysyx.org>
Date:   Thu Sep 19 15:23:46 2024 +0800

    > compile NEMU
    ysyx_100006503 杨鹏城
    Linux ypc 6.8.0-40-generic #40~22.04.3-Ubuntu SMP PREEMPT_DYNAMIC Tue Jul 30 17:30:19 UTC 2 x86_64 x86_64 x86_64 GNU/Linux
     15:23:46 up 5 days, 17:35,  1 user,  load average: 0.56, 0.64, 0.61

commit 17a90ab8d29d649e449261096df8bdabadad2181
Author: tracer-ysyx <tracer@ysyx.org>
Date:   Thu Sep 19 15:09:44 2024 +0800

    > run NEMU
    ysyx_100006503 杨鹏城
    Linux ypc 6.8.0-40-generic #40~22.04.3-Ubuntu SMP PREEMPT_DYNAMIC Tue Jul 30 17:30:19 UTC 2 x86_64 x86_64 x86_64 GNU/Linux
     15:09:44 up 5 days, 17:21,  1 user,  load average: 0.83, 0.67, 0.61

commit 0e7f2296f3ada6ea921acb3f3fe257a7322bb4f3
Author: tracer-ysyx <tracer@ysyx.org>
Date:   Thu Sep 19 15:09:44 2024 +0800

    > compile NEMU
    ysyx_100006503 杨鹏城
    Linux ypc 6.8.0-40-generic #40~22.04.3-Ubuntu SMP PREEMPT_DYNAMIC Tue Jul 30 17:30:19 UTC 2 x86_64 x86_64 x86_64 GNU/Linux
     15:09:44 up 5 days, 17:21,  1 user,  load average: 0.83, 0.67, 0.61

commit ea0749d7b6794738c624d4d1629cdc689cdfa35a
Author: tracer-ysyx <tracer@ysyx.org>
Date:   Thu Sep 19 15:07:12 2024 +0800

    > run NEMU
    ysyx_100006503 杨鹏城
    Linux ypc 6.8.0-40-generic #40~22.04.3-Ubuntu SMP PREEMPT_DYNAMIC Tue Jul 30 17:30:19 UTC 2 x86_64 x86_64 x86_64 GNU/Linux
     15:07:12 up 5 days, 17:18,  1 user,  load average: 0.36, 0.62, 0.59

commit 615628a05ac08e2905ef8d828f7cd511e081d87d
Author: tracer-ysyx <tracer@ysyx.org>
Date:   Thu Sep 19 15:07:12 2024 +0800

    > compile NEMU
    ysyx_100006503 杨鹏城
    Linux ypc 6.8.0-40-generic #40~22.04.3-Ubuntu SMP PREEMPT_DYNAMIC Tue Jul 30 17:30:19 UTC 2 x86_64 x86_64 x86_64 GNU/Linux
     15:07:12 up 5 days, 17:18,  1 user,  load average: 0.36, 0.62, 0.59

commit 3197b1688ae14f0860325c1bb2e9e802f86c7c58
Author: tracer-ysyx <tracer@ysyx.org>
Date:   Thu Sep 19 15:02:58 2024 +0800

    > run NEMU
    ysyx_100006503 杨鹏城
    Linux ypc 6.8.0-40-generic #40~22.04.3-Ubuntu SMP PREEMPT_DYNAMIC Tue Jul 30 17:30:19 UTC 2 x86_64 x86_64 x86_64 GNU/Linux
     15:02:58 up 5 days, 17:14,  1 user,  load average: 0.83, 0.89, 0.65

commit 10d74acb992539e64dad6f689cdc8137c39ac9a2
Author: tracer-ysyx <tracer@ysyx.org>
Date:   Thu Sep 19 15:02:58 2024 +0800

    > compile NEMU
    ysyx_100006503 杨鹏城
    Linux ypc 6.8.0-40-generic #40~22.04.3-Ubuntu SMP PREEMPT_DYNAMIC Tue Jul 30 17:30:19 UTC 2 x86_64 x86_64 x86_64 GNU/Linux
     15:02:58 up 5 days, 17:14,  1 user,  load average: 0.83, 0.89, 0.65

commit d21f3740d3360b4bd17f7eae8b737449fcb4a2aa
Author: tracer-ysyx <tracer@ysyx.org>
Date:   Thu Sep 19 15:02:23 2024 +0800

    > run NEMU
    ysyx_100006503 杨鹏城
    Linux ypc 6.8.0-40-generic #40~22.04.3-Ubuntu SMP PREEMPT_DYNAMIC Tue Jul 30 17:30:19 UTC 2 x86_64 x86_64 x86_64 GNU/Linux
     15:02:23 up 5 days, 17:13,  1 user,  load average: 0.49, 0.83, 0.62

commit bed5d67f5f0d1d977a95979bc046f8135eb6b547
Author: tracer-ysyx <tracer@ysyx.org>
Date:   Thu Sep 19 15:02:23 2024 +0800

    > compile NEMU
    ysyx_100006503 杨鹏城
    Linux ypc 6.8.0-40-generic #40~22.04.3-Ubuntu SMP PREEMPT_DYNAMIC Tue Jul 30 17:30:19 UTC 2 x86_64 x86_64 x86_64 GNU/Linux
     15:02:23 up 5 days, 17:13,  1 user,  load average: 0.49, 0.83, 0.62

commit 67ad66e8bfd819e1bbfd47c9039cc0a697d9e5f1
Author: tracer-ysyx <tracer@ysyx.org>
Date:   Thu Sep 19 15:02:12 2024 +0800

    > run NEMU
    ysyx_100006503 杨鹏城
    Linux ypc 6.8.0-40-generic #40~22.04.3-Ubuntu SMP PREEMPT_DYNAMIC Tue Jul 30 17:30:19 UTC 2 x86_64 x86_64 x86_64 GNU/Linux
     15:02:12 up 5 days, 17:13,  1 user,  load average: 0.58, 0.86, 0.62

commit d017e49fe01112cb97e3dfdb78d35bf6402cff1f
Author: tracer-ysyx <tracer@ysyx.org>
Date:   Thu Sep 19 15:02:12 2024 +0800

    > compile NEMU
    ysyx_100006503 杨鹏城
    Linux ypc 6.8.0-40-generic #40~22.04.3-Ubuntu SMP PREEMPT_DYNAMIC Tue Jul 30 17:30:19 UTC 2 x86_64 x86_64 x86_64 GNU/Linux
     15:02:12 up 5 days, 17:13,  1 user,  load average: 0.58, 0.86, 0.62

commit d5e4fb4134fb45d65227935349bef49e018824a6
Author: tracer-ysyx <tracer@ysyx.org>
Date:   Thu Sep 19 15:02:03 2024 +0800

    > run NEMU
    ysyx_100006503 杨鹏城
    Linux ypc 6.8.0-40-generic #40~22.04.3-Ubuntu SMP PREEMPT_DYNAMIC Tue Jul 30 17:30:19 UTC 2 x86_64 x86_64 x86_64 GNU/Linux
     15:02:03 up 5 days, 17:13,  1 user,  load average: 0.59, 0.87, 0.62

commit abf27782cd87dcb2023eeeadebfd18fc185d552b
Author: tracer-ysyx <tracer@ysyx.org>
Date:   Thu Sep 19 15:02:03 2024 +0800

    > compile NEMU
    ysyx_100006503 杨鹏城
    Linux ypc 6.8.0-40-generic #40~22.04.3-Ubuntu SMP PREEMPT_DYNAMIC Tue Jul 30 17:30:19 UTC 2 x86_64 x86_64 x86_64 GNU/Linux
     15:02:03 up 5 days, 17:13,  1 user,  load average: 0.59, 0.87, 0.62

commit c7ffae3b6c95ee97cfec3f653663f4a24068075a
Author: tracer-ysyx <tracer@ysyx.org>
Date:   Thu Sep 19 15:01:53 2024 +0800

    > run NEMU
    ysyx_100006503 杨鹏城
    Linux ypc 6.8.0-40-generic #40~22.04.3-Ubuntu SMP PREEMPT_DYNAMIC Tue Jul 30 17:30:19 UTC 2 x86_64 x86_64 x86_64 GNU/Linux
     15:01:53 up 5 days, 17:13,  1 user,  load average: 0.70, 0.90, 0.63

commit 7fcab7310a79d750497e008ca528879f60a714da
Author: tracer-ysyx <tracer@ysyx.org>
Date:   Thu Sep 19 15:01:53 2024 +0800

    > compile NEMU
    ysyx_100006503 杨鹏城
    Linux ypc 6.8.0-40-generic #40~22.04.3-Ubuntu SMP PREEMPT_DYNAMIC Tue Jul 30 17:30:19 UTC 2 x86_64 x86_64 x86_64 GNU/Linux
     15:01:53 up 5 days, 17:13,  1 user,  load average: 0.70, 0.90, 0.63

commit 13acbcd64c5c5a1e7225db7b0bd1c542d798308e
Author: tracer-ysyx <tracer@ysyx.org>
Date:   Wed Sep 18 22:53:21 2024 +0800

    > run NEMU
    ysyx_100006503 杨鹏城
    Linux ypc 6.8.0-40-generic #40~22.04.3-Ubuntu SMP PREEMPT_DYNAMIC Tue Jul 30 17:30:19 UTC 2 x86_64 x86_64 x86_64 GNU/Linux
     22:53:21 up 5 days,  1:04,  1 user,  load average: 0.44, 0.50, 0.66

commit 9d9893ddfc9a996aeabfe8e183a8bc68074e698e
Author: tracer-ysyx <tracer@ysyx.org>
Date:   Wed Sep 18 22:53:21 2024 +0800

    > compile NEMU
    ysyx_100006503 杨鹏城
    Linux ypc 6.8.0-40-generic #40~22.04.3-Ubuntu SMP PREEMPT_DYNAMIC Tue Jul 30 17:30:19 UTC 2 x86_64 x86_64 x86_64 GNU/Linux
     22:53:21 up 5 days,  1:04,  1 user,  load average: 0.44, 0.50, 0.66

commit 9f3bebb4c97f31633dd4a839388f246789727b9f
Author: tracer-ysyx <tracer@ysyx.org>
Date:   Wed Sep 18 22:42:26 2024 +0800

    > run NEMU
    ysyx_100006503 杨鹏城
    Linux ypc 6.8.0-40-generic #40~22.04.3-Ubuntu SMP PREEMPT_DYNAMIC Tue Jul 30 17:30:19 UTC 2 x86_64 x86_64 x86_64 GNU/Linux
     22:42:26 up 5 days, 54 min,  1 user,  load average: 0.58, 0.92, 0.87

commit e3ccc7eb6c3c18c171ba73c6cd1665606fec6449
Author: tracer-ysyx <tracer@ysyx.org>
Date:   Wed Sep 18 22:42:26 2024 +0800

    > compile NEMU
    ysyx_100006503 杨鹏城
    Linux ypc 6.8.0-40-generic #40~22.04.3-Ubuntu SMP PREEMPT_DYNAMIC Tue Jul 30 17:30:19 UTC 2 x86_64 x86_64 x86_64 GNU/Linux
     22:42:26 up 5 days, 54 min,  1 user,  load average: 0.58, 0.92, 0.87

commit 517d3f14fe4aaef6ab1caf7869e285708e6715df
Author: tracer-ysyx <tracer@ysyx.org>
Date:   Wed Sep 18 22:42:13 2024 +0800

    > run NEMU
    ysyx_100006503 杨鹏城
    Linux ypc 6.8.0-40-generic #40~22.04.3-Ubuntu SMP PREEMPT_DYNAMIC Tue Jul 30 17:30:19 UTC 2 x86_64 x86_64 x86_64 GNU/Linux
     22:42:13 up 5 days, 53 min,  1 user,  load average: 0.69, 0.95, 0.88

commit 572e60e0ccfd1415528257473494c42fec8f2695
Author: tracer-ysyx <tracer@ysyx.org>
Date:   Wed Sep 18 22:42:13 2024 +0800

    > compile NEMU
    ysyx_100006503 杨鹏城
    Linux ypc 6.8.0-40-generic #40~22.04.3-Ubuntu SMP PREEMPT_DYNAMIC Tue Jul 30 17:30:19 UTC 2 x86_64 x86_64 x86_64 GNU/Linux
     22:42:13 up 5 days, 53 min,  1 user,  load average: 0.69, 0.95, 0.88

commit 82a5b0cb15b0e782b39f6214f00b6ae10c04eff9
Author: tracer-ysyx <tracer@ysyx.org>
Date:   Wed Sep 18 22:41:53 2024 +0800

    > run NEMU
    ysyx_100006503 杨鹏城
    Linux ypc 6.8.0-40-generic #40~22.04.3-Ubuntu SMP PREEMPT_DYNAMIC Tue Jul 30 17:30:19 UTC 2 x86_64 x86_64 x86_64 GNU/Linux
     22:41:53 up 5 days, 53 min,  1 user,  load average: 0.58, 0.95, 0.88

commit 28ab095be1865b87d05e6de3772dd34b96402ba0
Author: tracer-ysyx <tracer@ysyx.org>
Date:   Wed Sep 18 22:41:53 2024 +0800

    > compile NEMU
    ysyx_100006503 杨鹏城
    Linux ypc 6.8.0-40-generic #40~22.04.3-Ubuntu SMP PREEMPT_DYNAMIC Tue Jul 30 17:30:19 UTC 2 x86_64 x86_64 x86_64 GNU/Linux
     22:41:53 up 5 days, 53 min,  1 user,  load average: 0.58, 0.95, 0.88

commit 17da7e45b058866801f5248d68595f7d33a8a97f
Author: tracer-ysyx <tracer@ysyx.org>
Date:   Wed Sep 18 22:40:18 2024 +0800

    > run NEMU
    ysyx_100006503 杨鹏城
    Linux ypc 6.8.0-40-generic #40~22.04.3-Ubuntu SMP PREEMPT_DYNAMIC Tue Jul 30 17:30:19 UTC 2 x86_64 x86_64 x86_64 GNU/Linux
     22:40:18 up 5 days, 51 min,  1 user,  load average: 1.03, 1.04, 0.89

commit 0823aa36302b49a3ba21f355042c2cadd18af25b
Author: tracer-ysyx <tracer@ysyx.org>
Date:   Wed Sep 18 22:40:18 2024 +0800

    > compile NEMU
    ysyx_100006503 杨鹏城
    Linux ypc 6.8.0-40-generic #40~22.04.3-Ubuntu SMP PREEMPT_DYNAMIC Tue Jul 30 17:30:19 UTC 2 x86_64 x86_64 x86_64 GNU/Linux
     22:40:18 up 5 days, 51 min,  1 user,  load average: 1.03, 1.04, 0.89

commit 40a6d3b66d42d34a62ab44c8f6728939e90bcf0d
Author: tracer-ysyx <tracer@ysyx.org>
Date:   Wed Sep 18 22:38:53 2024 +0800

    > run NEMU
    ysyx_100006503 杨鹏城
    Linux ypc 6.8.0-40-generic #40~22.04.3-Ubuntu SMP PREEMPT_DYNAMIC Tue Jul 30 17:30:19 UTC 2 x86_64 x86_64 x86_64 GNU/Linux
     22:38:53 up 5 days, 50 min,  1 user,  load average: 0.94, 1.02, 0.87

commit 98981b2797739285bb4da0e5aedb6e24f051a53f
Author: tracer-ysyx <tracer@ysyx.org>
Date:   Wed Sep 18 22:38:53 2024 +0800

    > compile NEMU
    ysyx_100006503 杨鹏城
    Linux ypc 6.8.0-40-generic #40~22.04.3-Ubuntu SMP PREEMPT_DYNAMIC Tue Jul 30 17:30:19 UTC 2 x86_64 x86_64 x86_64 GNU/Linux
     22:38:53 up 5 days, 50 min,  1 user,  load average: 0.94, 1.02, 0.87

commit 7dbce2b87cef0cf6bb559197a2a09359ce7af513
Author: tracer-ysyx <tracer@ysyx.org>
Date:   Wed Sep 18 22:36:27 2024 +0800

    > run NEMU
    ysyx_100006503 杨鹏城
    Linux ypc 6.8.0-40-generic #40~22.04.3-Ubuntu SMP PREEMPT_DYNAMIC Tue Jul 30 17:30:19 UTC 2 x86_64 x86_64 x86_64 GNU/Linux
     22:36:27 up 5 days, 48 min,  1 user,  load average: 1.26, 1.03, 0.84

commit 143c90277f724cf6c1dcf08797813a5f43d1314c
Author: tracer-ysyx <tracer@ysyx.org>
Date:   Wed Sep 18 22:36:27 2024 +0800

    > compile NEMU
    ysyx_100006503 杨鹏城
    Linux ypc 6.8.0-40-generic #40~22.04.3-Ubuntu SMP PREEMPT_DYNAMIC Tue Jul 30 17:30:19 UTC 2 x86_64 x86_64 x86_64 GNU/Linux
     22:36:27 up 5 days, 48 min,  1 user,  load average: 1.26, 1.03, 0.84

commit c7053ea66cba1c3b884baeafeac42025d500c080
Author: tracer-ysyx <tracer@ysyx.org>
Date:   Wed Sep 18 22:30:43 2024 +0800

    > run NEMU
    ysyx_100006503 杨鹏城
    Linux ypc 6.8.0-40-generic #40~22.04.3-Ubuntu SMP PREEMPT_DYNAMIC Tue Jul 30 17:30:19 UTC 2 x86_64 x86_64 x86_64 GNU/Linux
     22:30:43 up 5 days, 42 min,  1 user,  load average: 0.98, 0.78, 0.73

commit c31e585f618982d23ae50e84fd8c8030a6e47b21
Author: tracer-ysyx <tracer@ysyx.org>
Date:   Wed Sep 18 22:30:43 2024 +0800

    > compile NEMU
    ysyx_100006503 杨鹏城
    Linux ypc 6.8.0-40-generic #40~22.04.3-Ubuntu SMP PREEMPT_DYNAMIC Tue Jul 30 17:30:19 UTC 2 x86_64 x86_64 x86_64 GNU/Linux
     22:30:43 up 5 days, 42 min,  1 user,  load average: 0.98, 0.78, 0.73

commit 4a18d35df35d74ae59141068c473990becca5e2d
Author: tracer-ysyx <tracer@ysyx.org>
Date:   Wed Sep 18 22:29:55 2024 +0800

    > run NEMU
    ysyx_100006503 杨鹏城
    Linux ypc 6.8.0-40-generic #40~22.04.3-Ubuntu SMP PREEMPT_DYNAMIC Tue Jul 30 17:30:19 UTC 2 x86_64 x86_64 x86_64 GNU/Linux
     22:29:55 up 5 days, 41 min,  1 user,  load average: 0.82, 0.71, 0.70

commit 347b15cfe23f39b6a8b141703da7cb1a5ef1b78c
Author: tracer-ysyx <tracer@ysyx.org>
Date:   Wed Sep 18 22:29:55 2024 +0800

    > compile NEMU
    ysyx_100006503 杨鹏城
    Linux ypc 6.8.0-40-generic #40~22.04.3-Ubuntu SMP PREEMPT_DYNAMIC Tue Jul 30 17:30:19 UTC 2 x86_64 x86_64 x86_64 GNU/Linux
     22:29:55 up 5 days, 41 min,  1 user,  load average: 0.82, 0.71, 0.70

commit 6b973b9ae2604a90760c6c65c86c0e2d3343d129
Author: tracer-ysyx <tracer@ysyx.org>
Date:   Wed Sep 18 22:29:39 2024 +0800

    > run NEMU
    ysyx_100006503 杨鹏城
    Linux ypc 6.8.0-40-generic #40~22.04.3-Ubuntu SMP PREEMPT_DYNAMIC Tue Jul 30 17:30:19 UTC 2 x86_64 x86_64 x86_64 GNU/Linux
     22:29:39 up 5 days, 41 min,  1 user,  load average: 0.86, 0.71, 0.70

commit 05adaf5a7aae6d100f8a97d6c6f1cb44aab5eac7
Author: tracer-ysyx <tracer@ysyx.org>
Date:   Wed Sep 18 22:29:39 2024 +0800

    > compile NEMU
    ysyx_100006503 杨鹏城
    Linux ypc 6.8.0-40-generic #40~22.04.3-Ubuntu SMP PREEMPT_DYNAMIC Tue Jul 30 17:30:19 UTC 2 x86_64 x86_64 x86_64 GNU/Linux
     22:29:39 up 5 days, 41 min,  1 user,  load average: 0.86, 0.71, 0.70

commit d67e7d2b841ac6f1cca015eb810d503ecf178a15
Author: tracer-ysyx <tracer@ysyx.org>
Date:   Wed Sep 18 22:28:49 2024 +0800

    > run NEMU
    ysyx_100006503 杨鹏城
    Linux ypc 6.8.0-40-generic #40~22.04.3-Ubuntu SMP PREEMPT_DYNAMIC Tue Jul 30 17:30:19 UTC 2 x86_64 x86_64 x86_64 GNU/Linux
     22:28:49 up 5 days, 40 min,  1 user,  load average: 1.35, 0.77, 0.72

commit abd675e8e035c07764a4433aadc6fb9181cf98e9
Author: tracer-ysyx <tracer@ysyx.org>
Date:   Wed Sep 18 22:28:49 2024 +0800

    > compile NEMU
    ysyx_100006503 杨鹏城
    Linux ypc 6.8.0-40-generic #40~22.04.3-Ubuntu SMP PREEMPT_DYNAMIC Tue Jul 30 17:30:19 UTC 2 x86_64 x86_64 x86_64 GNU/Linux
     22:28:48 up 5 days, 40 min,  1 user,  load average: 1.35, 0.77, 0.72

commit 4c05e26aca73f22a1a90b8bee8cbd0db9b147578
Author: tracer-ysyx <tracer@ysyx.org>
Date:   Wed Sep 18 22:27:06 2024 +0800

    > run NEMU
    ysyx_100006503 杨鹏城
    Linux ypc 6.8.0-40-generic #40~22.04.3-Ubuntu SMP PREEMPT_DYNAMIC Tue Jul 30 17:30:19 UTC 2 x86_64 x86_64 x86_64 GNU/Linux
     22:27:06 up 5 days, 38 min,  1 user,  load average: 0.49, 0.65, 0.69

commit cd087f049621c979b5a3fda620c77041914018c7
Author: tracer-ysyx <tracer@ysyx.org>
Date:   Wed Sep 18 22:27:06 2024 +0800

    > compile NEMU
    ysyx_100006503 杨鹏城
    Linux ypc 6.8.0-40-generic #40~22.04.3-Ubuntu SMP PREEMPT_DYNAMIC Tue Jul 30 17:30:19 UTC 2 x86_64 x86_64 x86_64 GNU/Linux
     22:27:06 up 5 days, 38 min,  1 user,  load average: 0.49, 0.65, 0.69

commit 4f5557317a2dad48b1d398f9002842e07b61aa9b
Author: tracer-ysyx <tracer@ysyx.org>
Date:   Wed Sep 18 22:22:56 2024 +0800

    > run NEMU
    ysyx_100006503 杨鹏城
    Linux ypc 6.8.0-40-generic #40~22.04.3-Ubuntu SMP PREEMPT_DYNAMIC Tue Jul 30 17:30:19 UTC 2 x86_64 x86_64 x86_64 GNU/Linux
     22:22:56 up 5 days, 34 min,  1 user,  load average: 0.54, 0.93, 0.78

commit 1f8646056c6ca037611b2cf1d99eaf0cd2d55de2
Author: tracer-ysyx <tracer@ysyx.org>
Date:   Wed Sep 18 22:22:56 2024 +0800

    > compile NEMU
    ysyx_100006503 杨鹏城
    Linux ypc 6.8.0-40-generic #40~22.04.3-Ubuntu SMP PREEMPT_DYNAMIC Tue Jul 30 17:30:19 UTC 2 x86_64 x86_64 x86_64 GNU/Linux
     22:22:56 up 5 days, 34 min,  1 user,  load average: 0.54, 0.93, 0.78

commit 3940099bd47758bbccaff927350a4bf741ade4ef
Author: tracer-ysyx <tracer@ysyx.org>
Date:   Wed Sep 18 22:22:46 2024 +0800

    > run NEMU
    ysyx_100006503 杨鹏城
    Linux ypc 6.8.0-40-generic #40~22.04.3-Ubuntu SMP PREEMPT_DYNAMIC Tue Jul 30 17:30:19 UTC 2 x86_64 x86_64 x86_64 GNU/Linux
     22:22:46 up 5 days, 34 min,  1 user,  load average: 0.63, 0.96, 0.79

commit 6ebe336f3c23f3461f069f7765e2aebd5a205556
Author: tracer-ysyx <tracer@ysyx.org>
Date:   Wed Sep 18 22:22:45 2024 +0800

    > compile NEMU
    ysyx_100006503 杨鹏城
    Linux ypc 6.8.0-40-generic #40~22.04.3-Ubuntu SMP PREEMPT_DYNAMIC Tue Jul 30 17:30:19 UTC 2 x86_64 x86_64 x86_64 GNU/Linux
     22:22:45 up 5 days, 34 min,  1 user,  load average: 0.63, 0.96, 0.79

commit db38af3ab2ebd03d6df5fc49b6e9c9aaec39a7f4
Author: tracer-ysyx <tracer@ysyx.org>
Date:   Wed Sep 18 22:17:31 2024 +0800

    > run NEMU
    ysyx_100006503 杨鹏城
    Linux ypc 6.8.0-40-generic #40~22.04.3-Ubuntu SMP PREEMPT_DYNAMIC Tue Jul 30 17:30:19 UTC 2 x86_64 x86_64 x86_64 GNU/Linux
     22:17:31 up 5 days, 29 min,  1 user,  load average: 1.82, 0.91, 0.66

commit 620a9507b2961c66311ab9b0e4d231ae86df24f1
Author: tracer-ysyx <tracer@ysyx.org>
Date:   Wed Sep 18 22:17:31 2024 +0800

    > compile NEMU
    ysyx_100006503 杨鹏城
    Linux ypc 6.8.0-40-generic #40~22.04.3-Ubuntu SMP PREEMPT_DYNAMIC Tue Jul 30 17:30:19 UTC 2 x86_64 x86_64 x86_64 GNU/Linux
     22:17:31 up 5 days, 29 min,  1 user,  load average: 1.82, 0.91, 0.66

commit 67f9631886273ec4092b08c99d46c5250a427dd3
Author: tracer-ysyx <tracer@ysyx.org>
Date:   Wed Sep 18 22:17:27 2024 +0800

    > run NEMU
    ysyx_100006503 杨鹏城
    Linux ypc 6.8.0-40-generic #40~22.04.3-Ubuntu SMP PREEMPT_DYNAMIC Tue Jul 30 17:30:19 UTC 2 x86_64 x86_64 x86_64 GNU/Linux
     22:17:27 up 5 days, 29 min,  1 user,  load average: 1.11, 0.75, 0.61

commit 03fb18bb07843e716b0b529751db8478c7aa2242
Author: tracer-ysyx <tracer@ysyx.org>
Date:   Wed Sep 18 22:17:27 2024 +0800

    > compile NEMU
    ysyx_100006503 杨鹏城
    Linux ypc 6.8.0-40-generic #40~22.04.3-Ubuntu SMP PREEMPT_DYNAMIC Tue Jul 30 17:30:19 UTC 2 x86_64 x86_64 x86_64 GNU/Linux
     22:17:27 up 5 days, 29 min,  1 user,  load average: 1.11, 0.75, 0.61

commit b761c24144461aeac1f6da1b1e7e37940f1f6fc6
Author: tracer-ysyx <tracer@ysyx.org>
Date:   Wed Sep 18 22:17:24 2024 +0800

    > run NEMU
    ysyx_100006503 杨鹏城
    Linux ypc 6.8.0-40-generic #40~22.04.3-Ubuntu SMP PREEMPT_DYNAMIC Tue Jul 30 17:30:19 UTC 2 x86_64 x86_64 x86_64 GNU/Linux
     22:17:24 up 5 days, 28 min,  1 user,  load average: 1.11, 0.75, 0.61

commit 2d1b6b9204e1dca7fb0d764c56451a5bd0793cdf
Author: tracer-ysyx <tracer@ysyx.org>
Date:   Wed Sep 18 22:17:24 2024 +0800

    > compile NEMU
    ysyx_100006503 杨鹏城
    Linux ypc 6.8.0-40-generic #40~22.04.3-Ubuntu SMP PREEMPT_DYNAMIC Tue Jul 30 17:30:19 UTC 2 x86_64 x86_64 x86_64 GNU/Linux
     22:17:24 up 5 days, 28 min,  1 user,  load average: 1.11, 0.75, 0.61

commit 0ba63abf82e6df5d8d80d627dc7e162255298221
Author: tracer-ysyx <tracer@ysyx.org>
Date:   Wed Sep 18 22:14:32 2024 +0800

    > run NEMU
    ysyx_100006503 杨鹏城
    Linux ypc 6.8.0-40-generic #40~22.04.3-Ubuntu SMP PREEMPT_DYNAMIC Tue Jul 30 17:30:19 UTC 2 x86_64 x86_64 x86_64 GNU/Linux
     22:14:32 up 5 days, 26 min,  1 user,  load average: 0.67, 0.58, 0.54

commit b0656ed53c11c73d7b83f17da9f306e6677aae3e
Author: tracer-ysyx <tracer@ysyx.org>
Date:   Wed Sep 18 22:14:32 2024 +0800

    > compile NEMU
    ysyx_100006503 杨鹏城
    Linux ypc 6.8.0-40-generic #40~22.04.3-Ubuntu SMP PREEMPT_DYNAMIC Tue Jul 30 17:30:19 UTC 2 x86_64 x86_64 x86_64 GNU/Linux
     22:14:32 up 5 days, 26 min,  1 user,  load average: 0.67, 0.58, 0.54

commit 8d685b26fa270af6d67feffc9a57ab34990704c7
Author: tracer-ysyx <tracer@ysyx.org>
Date:   Wed Sep 18 22:13:43 2024 +0800

    > run NEMU
    ysyx_100006503 杨鹏城
    Linux ypc 6.8.0-40-generic #40~22.04.3-Ubuntu SMP PREEMPT_DYNAMIC Tue Jul 30 17:30:19 UTC 2 x86_64 x86_64 x86_64 GNU/Linux
     22:13:43 up 5 days, 25 min,  1 user,  load average: 0.74, 0.60, 0.54

commit acf51102877ba04c00f4a7679d9d3e1d33562ec6
Author: tracer-ysyx <tracer@ysyx.org>
Date:   Wed Sep 18 22:13:43 2024 +0800

    > compile NEMU
    ysyx_100006503 杨鹏城
    Linux ypc 6.8.0-40-generic #40~22.04.3-Ubuntu SMP PREEMPT_DYNAMIC Tue Jul 30 17:30:19 UTC 2 x86_64 x86_64 x86_64 GNU/Linux
     22:13:43 up 5 days, 25 min,  1 user,  load average: 0.74, 0.60, 0.54

commit e5010bfed270a491b37eea4061907ca790175cea
Author: tracer-ysyx <tracer@ysyx.org>
Date:   Wed Sep 18 22:11:33 2024 +0800

    > run NEMU
    ysyx_100006503 杨鹏城
    Linux ypc 6.8.0-40-generic #40~22.04.3-Ubuntu SMP PREEMPT_DYNAMIC Tue Jul 30 17:30:19 UTC 2 x86_64 x86_64 x86_64 GNU/Linux
     22:11:33 up 5 days, 23 min,  1 user,  load average: 0.95, 0.59, 0.53

commit 51a47f5596af93f4aa5745525310e73671667e23
Author: tracer-ysyx <tracer@ysyx.org>
Date:   Wed Sep 18 22:11:33 2024 +0800

    > compile NEMU
    ysyx_100006503 杨鹏城
    Linux ypc 6.8.0-40-generic #40~22.04.3-Ubuntu SMP PREEMPT_DYNAMIC Tue Jul 30 17:30:19 UTC 2 x86_64 x86_64 x86_64 GNU/Linux
     22:11:33 up 5 days, 23 min,  1 user,  load average: 0.95, 0.59, 0.53

commit cc16824a7d4ce310e579f8707828b64585388acc
Author: tracer-ysyx <tracer@ysyx.org>
Date:   Wed Sep 18 22:09:47 2024 +0800

    > run NEMU
    ysyx_100006503 杨鹏城
    Linux ypc 6.8.0-40-generic #40~22.04.3-Ubuntu SMP PREEMPT_DYNAMIC Tue Jul 30 17:30:19 UTC 2 x86_64 x86_64 x86_64 GNU/Linux
     22:09:47 up 5 days, 21 min,  1 user,  load average: 0.46, 0.52, 0.51

commit 2014fe19f1168d8d84ac64b417c39fe5353ed747
Author: tracer-ysyx <tracer@ysyx.org>
Date:   Wed Sep 18 22:09:47 2024 +0800

    > compile NEMU
    ysyx_100006503 杨鹏城
    Linux ypc 6.8.0-40-generic #40~22.04.3-Ubuntu SMP PREEMPT_DYNAMIC Tue Jul 30 17:30:19 UTC 2 x86_64 x86_64 x86_64 GNU/Linux
     22:09:47 up 5 days, 21 min,  1 user,  load average: 0.46, 0.52, 0.51

commit 529f834bc660372b4410ea07f16ea5d0b150ddfa
Author: tracer-ysyx <tracer@ysyx.org>
Date:   Wed Sep 18 22:02:27 2024 +0800

    > run NEMU
    ysyx_100006503 杨鹏城
    Linux ypc 6.8.0-40-generic #40~22.04.3-Ubuntu SMP PREEMPT_DYNAMIC Tue Jul 30 17:30:19 UTC 2 x86_64 x86_64 x86_64 GNU/Linux
     22:02:27 up 5 days, 14 min,  1 user,  load average: 0.47, 0.52, 0.49

commit 3cd36f039ba902f3199533a2bad8d8d6cc2ce977
Author: tracer-ysyx <tracer@ysyx.org>
Date:   Wed Sep 18 22:02:27 2024 +0800

    > compile NEMU
    ysyx_100006503 杨鹏城
    Linux ypc 6.8.0-40-generic #40~22.04.3-Ubuntu SMP PREEMPT_DYNAMIC Tue Jul 30 17:30:19 UTC 2 x86_64 x86_64 x86_64 GNU/Linux
     22:02:27 up 5 days, 14 min,  1 user,  load average: 0.47, 0.52, 0.49

commit abec159fdc69b47fe8792b8b48f1caf6c8ba815b
Author: tracer-ysyx <tracer@ysyx.org>
Date:   Wed Sep 18 22:01:44 2024 +0800

    > run NEMU
    ysyx_100006503 杨鹏城
    Linux ypc 6.8.0-40-generic #40~22.04.3-Ubuntu SMP PREEMPT_DYNAMIC Tue Jul 30 17:30:19 UTC 2 x86_64 x86_64 x86_64 GNU/Linux
     22:01:44 up 5 days, 13 min,  1 user,  load average: 0.81, 0.58, 0.51

commit 6b799471aaa250ee7f12843cc85e849ffd6aff7f
Author: tracer-ysyx <tracer@ysyx.org>
Date:   Wed Sep 18 22:01:44 2024 +0800

    > compile NEMU
    ysyx_100006503 杨鹏城
    Linux ypc 6.8.0-40-generic #40~22.04.3-Ubuntu SMP PREEMPT_DYNAMIC Tue Jul 30 17:30:19 UTC 2 x86_64 x86_64 x86_64 GNU/Linux
     22:01:44 up 5 days, 13 min,  1 user,  load average: 0.81, 0.58, 0.51

commit 03699e79d9381de0dbd7fc69f4bfdc9d2efa04ec
Author: tracer-ysyx <tracer@ysyx.org>
Date:   Wed Sep 4 20:48:33 2024 +0800

    > run NEMU
    ysyx_100006503 杨鹏城
    Linux ypc 6.8.0-40-generic #40~22.04.3-Ubuntu SMP PREEMPT_DYNAMIC Tue Jul 30 17:30:19 UTC 2 x86_64 x86_64 x86_64 GNU/Linux
     20:48:33 up 1 day,  4:54,  1 user,  load average: 0.74, 0.88, 0.84

commit 2ac843b1f876d6c456e46209201531b874e5c34c
Author: tracer-ysyx <tracer@ysyx.org>
Date:   Wed Sep 4 20:48:32 2024 +0800

    > compile NEMU
    ysyx_100006503 杨鹏城
    Linux ypc 6.8.0-40-generic #40~22.04.3-Ubuntu SMP PREEMPT_DYNAMIC Tue Jul 30 17:30:19 UTC 2 x86_64 x86_64 x86_64 GNU/Linux
     20:48:32 up 1 day,  4:54,  1 user,  load average: 0.74, 0.88, 0.84

commit e2e82cd0bba8beed2d5b3a732b536711bb3c50ce
Author: tracer-ysyx <tracer@ysyx.org>
Date:   Wed Sep 4 20:48:19 2024 +0800

    > run NEMU
    ysyx_100006503 杨鹏城
    Linux ypc 6.8.0-40-generic #40~22.04.3-Ubuntu SMP PREEMPT_DYNAMIC Tue Jul 30 17:30:19 UTC 2 x86_64 x86_64 x86_64 GNU/Linux
     20:48:19 up 1 day,  4:53,  1 user,  load average: 0.87, 0.91, 0.85

commit 32c97538dd552ac5b0025e62d679a155ee5c84e8
Author: tracer-ysyx <tracer@ysyx.org>
Date:   Wed Sep 4 20:48:18 2024 +0800

    > compile NEMU
    ysyx_100006503 杨鹏城
    Linux ypc 6.8.0-40-generic #40~22.04.3-Ubuntu SMP PREEMPT_DYNAMIC Tue Jul 30 17:30:19 UTC 2 x86_64 x86_64 x86_64 GNU/Linux
     20:48:18 up 1 day,  4:53,  1 user,  load average: 0.87, 0.91, 0.85

commit 3fbf355787c67b5880dbbca48cf8e8dacf300267
Author: tracer-ysyx <tracer@ysyx.org>
Date:   Wed Sep 4 20:40:56 2024 +0800

    > run NEMU
    ysyx_100006503 杨鹏城
    Linux ypc 6.8.0-40-generic #40~22.04.3-Ubuntu SMP PREEMPT_DYNAMIC Tue Jul 30 17:30:19 UTC 2 x86_64 x86_64 x86_64 GNU/Linux
     20:40:56 up 1 day,  4:46,  1 user,  load average: 0.40, 0.55, 0.72

commit 741066c493b2f030fe3cf6d59711c8ed16a77e55
Author: tracer-ysyx <tracer@ysyx.org>
Date:   Wed Sep 4 20:40:56 2024 +0800

    > compile NEMU
    ysyx_100006503 杨鹏城
    Linux ypc 6.8.0-40-generic #40~22.04.3-Ubuntu SMP PREEMPT_DYNAMIC Tue Jul 30 17:30:19 UTC 2 x86_64 x86_64 x86_64 GNU/Linux
     20:40:56 up 1 day,  4:46,  1 user,  load average: 0.40, 0.55, 0.72

commit a42da48da25b4b22c2a478fb22c79b900fcc15aa
Author: tracer-ysyx <tracer@ysyx.org>
Date:   Wed Sep 4 20:40:30 2024 +0800

    > run NEMU
    ysyx_100006503 杨鹏城
    Linux ypc 6.8.0-40-generic #40~22.04.3-Ubuntu SMP PREEMPT_DYNAMIC Tue Jul 30 17:30:19 UTC 2 x86_64 x86_64 x86_64 GNU/Linux
     20:40:30 up 1 day,  4:46,  1 user,  load average: 0.61, 0.60, 0.74

commit 5f63e023f0f7c1225d3e3c939ced5f9e094e1762
Author: tracer-ysyx <tracer@ysyx.org>
Date:   Wed Sep 4 20:40:30 2024 +0800

    > compile NEMU
    ysyx_100006503 杨鹏城
    Linux ypc 6.8.0-40-generic #40~22.04.3-Ubuntu SMP PREEMPT_DYNAMIC Tue Jul 30 17:30:19 UTC 2 x86_64 x86_64 x86_64 GNU/Linux
     20:40:30 up 1 day,  4:46,  1 user,  load average: 0.61, 0.60, 0.74

commit cfeb6ae1faf8dde6972795026f4666d949fdbdbc
Author: tracer-ysyx <tracer@ysyx.org>
Date:   Wed Sep 4 20:25:14 2024 +0800

    > run NEMU
    ysyx_100006503 杨鹏城
    Linux ypc 6.8.0-40-generic #40~22.04.3-Ubuntu SMP PREEMPT_DYNAMIC Tue Jul 30 17:30:19 UTC 2 x86_64 x86_64 x86_64 GNU/Linux
     20:25:14 up 1 day,  4:30,  1 user,  load average: 1.06, 1.31, 0.95

commit d4cf87c71183ba8dde673b8998baf8ac1bf7c55f
Author: tracer-ysyx <tracer@ysyx.org>
Date:   Wed Sep 4 20:25:14 2024 +0800

    > compile NEMU
    ysyx_100006503 杨鹏城
    Linux ypc 6.8.0-40-generic #40~22.04.3-Ubuntu SMP PREEMPT_DYNAMIC Tue Jul 30 17:30:19 UTC 2 x86_64 x86_64 x86_64 GNU/Linux
     20:25:14 up 1 day,  4:30,  1 user,  load average: 1.06, 1.31, 0.95

commit 7d13ab4db1d165537c79a95c9dc25273d87d20af
Author: tracer-ysyx <tracer@ysyx.org>
Date:   Wed Sep 4 20:23:53 2024 +0800

    > run NEMU
    ysyx_100006503 杨鹏城
    Linux ypc 6.8.0-40-generic #40~22.04.3-Ubuntu SMP PREEMPT_DYNAMIC Tue Jul 30 17:30:19 UTC 2 x86_64 x86_64 x86_64 GNU/Linux
     20:23:53 up 1 day,  4:29,  1 user,  load average: 1.49, 1.41, 0.94

commit 74ef1bd282e17200bfff1b20c0e8973a02806f25
Author: tracer-ysyx <tracer@ysyx.org>
Date:   Wed Sep 4 20:23:53 2024 +0800

    > compile NEMU
    ysyx_100006503 杨鹏城
    Linux ypc 6.8.0-40-generic #40~22.04.3-Ubuntu SMP PREEMPT_DYNAMIC Tue Jul 30 17:30:19 UTC 2 x86_64 x86_64 x86_64 GNU/Linux
     20:23:53 up 1 day,  4:29,  1 user,  load average: 1.49, 1.41, 0.94

commit 031eb5e88fde0228b8a06bc8f5d2c818a4e88619
Author: tracer-ysyx <tracer@ysyx.org>
Date:   Wed Sep 4 20:22:31 2024 +0800

    > run NEMU
    ysyx_100006503 杨鹏城
    Linux ypc 6.8.0-40-generic #40~22.04.3-Ubuntu SMP PREEMPT_DYNAMIC Tue Jul 30 17:30:19 UTC 2 x86_64 x86_64 x86_64 GNU/Linux
     20:22:31 up 1 day,  4:28,  1 user,  load average: 1.90, 1.44, 0.90

commit 7dadfdf33a880f37ec463fa173f296e31c9e1f59
Author: tracer-ysyx <tracer@ysyx.org>
Date:   Wed Sep 4 20:22:31 2024 +0800

    > compile NEMU
    ysyx_100006503 杨鹏城
    Linux ypc 6.8.0-40-generic #40~22.04.3-Ubuntu SMP PREEMPT_DYNAMIC Tue Jul 30 17:30:19 UTC 2 x86_64 x86_64 x86_64 GNU/Linux
     20:22:31 up 1 day,  4:28,  1 user,  load average: 1.90, 1.44, 0.90

commit d19ec3239eb43962b823cc91d7f0252d4978d267
Author: tracer-ysyx <tracer@ysyx.org>
Date:   Wed Sep 4 20:22:14 2024 +0800

    > run NEMU
    ysyx_100006503 杨鹏城
    Linux ypc 6.8.0-40-generic #40~22.04.3-Ubuntu SMP PREEMPT_DYNAMIC Tue Jul 30 17:30:19 UTC 2 x86_64 x86_64 x86_64 GNU/Linux
     20:22:14 up 1 day,  4:27,  1 user,  load average: 1.81, 1.39, 0.88

commit acec4405011a7cf446243fb67efbaf120c232918
Author: tracer-ysyx <tracer@ysyx.org>
Date:   Wed Sep 4 20:22:13 2024 +0800

    > compile NEMU
    ysyx_100006503 杨鹏城
    Linux ypc 6.8.0-40-generic #40~22.04.3-Ubuntu SMP PREEMPT_DYNAMIC Tue Jul 30 17:30:19 UTC 2 x86_64 x86_64 x86_64 GNU/Linux
     20:22:13 up 1 day,  4:27,  1 user,  load average: 1.81, 1.39, 0.88

commit ad08afda7cffcd9d874176578105473c3d6d5243
Author: tracer-ysyx <tracer@ysyx.org>
Date:   Wed Sep 4 20:22:06 2024 +0800

    > run NEMU
    ysyx_100006503 杨鹏城
    Linux ypc 6.8.0-40-generic #40~22.04.3-Ubuntu SMP PREEMPT_DYNAMIC Tue Jul 30 17:30:19 UTC 2 x86_64 x86_64 x86_64 GNU/Linux
     20:22:06 up 1 day,  4:27,  1 user,  load average: 1.96, 1.41, 0.88

commit e11bc01c04b9cefc8b01b2f4e45dafdf0e54d8b4
Author: tracer-ysyx <tracer@ysyx.org>
Date:   Wed Sep 4 20:22:06 2024 +0800

    > compile NEMU
    ysyx_100006503 杨鹏城
    Linux ypc 6.8.0-40-generic #40~22.04.3-Ubuntu SMP PREEMPT_DYNAMIC Tue Jul 30 17:30:19 UTC 2 x86_64 x86_64 x86_64 GNU/Linux
     20:22:06 up 1 day,  4:27,  1 user,  load average: 1.96, 1.41, 0.88

commit 6bb4c1ffee5b8b436bd56c52a04fb9a24a6cd926
Author: tracer-ysyx <tracer@ysyx.org>
Date:   Wed Sep 4 20:22:01 2024 +0800

    > run NEMU
    ysyx_100006503 杨鹏城
    Linux ypc 6.8.0-40-generic #40~22.04.3-Ubuntu SMP PREEMPT_DYNAMIC Tue Jul 30 17:30:19 UTC 2 x86_64 x86_64 x86_64 GNU/Linux
     20:22:01 up 1 day,  4:27,  1 user,  load average: 1.96, 1.40, 0.87

commit c2e0f0a4d2250f4d4ebcc87fef911cf3639eb8a5
Author: tracer-ysyx <tracer@ysyx.org>
Date:   Wed Sep 4 20:22:01 2024 +0800

    > compile NEMU
    ysyx_100006503 杨鹏城
    Linux ypc 6.8.0-40-generic #40~22.04.3-Ubuntu SMP PREEMPT_DYNAMIC Tue Jul 30 17:30:19 UTC 2 x86_64 x86_64 x86_64 GNU/Linux
     20:22:01 up 1 day,  4:27,  1 user,  load average: 1.96, 1.40, 0.87

commit 9855d75d93f3cdfb9ea9c8773b795daa3a741f06
Author: tracer-ysyx <tracer@ysyx.org>
Date:   Wed Sep 4 20:21:57 2024 +0800

    > run NEMU
    ysyx_100006503 杨鹏城
    Linux ypc 6.8.0-40-generic #40~22.04.3-Ubuntu SMP PREEMPT_DYNAMIC Tue Jul 30 17:30:19 UTC 2 x86_64 x86_64 x86_64 GNU/Linux
     20:21:57 up 1 day,  4:27,  1 user,  load average: 1.96, 1.40, 0.87

commit c6e1cccec5c5e4476f7ad64ec114a0820c15f9ec
Author: tracer-ysyx <tracer@ysyx.org>
Date:   Wed Sep 4 20:21:57 2024 +0800

    > compile NEMU
    ysyx_100006503 杨鹏城
    Linux ypc 6.8.0-40-generic #40~22.04.3-Ubuntu SMP PREEMPT_DYNAMIC Tue Jul 30 17:30:19 UTC 2 x86_64 x86_64 x86_64 GNU/Linux
     20:21:57 up 1 day,  4:27,  1 user,  load average: 1.96, 1.40, 0.87

commit 3ff4e95f3a8cfa093dde8d1c6865468b5c4e3364
Author: tracer-ysyx <tracer@ysyx.org>
Date:   Wed Sep 4 20:21:39 2024 +0800

    > run NEMU
    ysyx_100006503 杨鹏城
    Linux ypc 6.8.0-40-generic #40~22.04.3-Ubuntu SMP PREEMPT_DYNAMIC Tue Jul 30 17:30:19 UTC 2 x86_64 x86_64 x86_64 GNU/Linux
     20:21:39 up 1 day,  4:27,  1 user,  load average: 2.05, 1.37, 0.85

commit 84bec7a44b22278b900c748ca1863a6733da1241
Author: tracer-ysyx <tracer@ysyx.org>
Date:   Wed Sep 4 20:21:39 2024 +0800

    > compile NEMU
    ysyx_100006503 杨鹏城
    Linux ypc 6.8.0-40-generic #40~22.04.3-Ubuntu SMP PREEMPT_DYNAMIC Tue Jul 30 17:30:19 UTC 2 x86_64 x86_64 x86_64 GNU/Linux
     20:21:39 up 1 day,  4:27,  1 user,  load average: 2.05, 1.37, 0.85

commit c36f428bc2f44f106733884d36b35d8fb3d7bb79
Author: tracer-ysyx <tracer@ysyx.org>
Date:   Wed Sep 4 20:17:19 2024 +0800

    > run NEMU
    ysyx_100006503 杨鹏城
    Linux ypc 6.8.0-40-generic #40~22.04.3-Ubuntu SMP PREEMPT_DYNAMIC Tue Jul 30 17:30:19 UTC 2 x86_64 x86_64 x86_64 GNU/Linux
     20:17:19 up 1 day,  4:22,  1 user,  load average: 1.48, 0.87, 0.59

commit ed1c9ba8676df47689b40bed5bfdbb4ed6770e4c
Author: tracer-ysyx <tracer@ysyx.org>
Date:   Wed Sep 4 20:17:19 2024 +0800

    > compile NEMU
    ysyx_100006503 杨鹏城
    Linux ypc 6.8.0-40-generic #40~22.04.3-Ubuntu SMP PREEMPT_DYNAMIC Tue Jul 30 17:30:19 UTC 2 x86_64 x86_64 x86_64 GNU/Linux
     20:17:19 up 1 day,  4:22,  1 user,  load average: 1.48, 0.87, 0.59

commit 1b5027d955dd307462302b76fd61742eb46eaff0
Author: tracer-ysyx <tracer@ysyx.org>
Date:   Wed Sep 4 20:15:56 2024 +0800

    > run NEMU
    ysyx_100006503 杨鹏城
    Linux ypc 6.8.0-40-generic #40~22.04.3-Ubuntu SMP PREEMPT_DYNAMIC Tue Jul 30 17:30:19 UTC 2 x86_64 x86_64 x86_64 GNU/Linux
     20:15:56 up 1 day,  4:21,  1 user,  load average: 0.84, 0.60, 0.48

commit db241e9f89c659b7a7fe0d1670395d849b36ff85
Author: tracer-ysyx <tracer@ysyx.org>
Date:   Wed Sep 4 20:15:56 2024 +0800

    > compile NEMU
    ysyx_100006503 杨鹏城
    Linux ypc 6.8.0-40-generic #40~22.04.3-Ubuntu SMP PREEMPT_DYNAMIC Tue Jul 30 17:30:19 UTC 2 x86_64 x86_64 x86_64 GNU/Linux
     20:15:56 up 1 day,  4:21,  1 user,  load average: 0.84, 0.60, 0.48

commit 5a60d5e6e8dca185973fed424e2cafcc649d4a0c
Author: tracer-ysyx <tracer@ysyx.org>
Date:   Wed Sep 4 20:15:50 2024 +0800

    > run NEMU
    ysyx_100006503 杨鹏城
    Linux ypc 6.8.0-40-generic #40~22.04.3-Ubuntu SMP PREEMPT_DYNAMIC Tue Jul 30 17:30:19 UTC 2 x86_64 x86_64 x86_64 GNU/Linux
     20:15:50 up 1 day,  4:21,  1 user,  load average: 0.83, 0.59, 0.48

commit af68c25c46ba4f60cc16ccd1f92ad90ec810de3b
Author: tracer-ysyx <tracer@ysyx.org>
Date:   Wed Sep 4 20:15:50 2024 +0800

    > compile NEMU
    ysyx_100006503 杨鹏城
    Linux ypc 6.8.0-40-generic #40~22.04.3-Ubuntu SMP PREEMPT_DYNAMIC Tue Jul 30 17:30:19 UTC 2 x86_64 x86_64 x86_64 GNU/Linux
     20:15:50 up 1 day,  4:21,  1 user,  load average: 0.83, 0.59, 0.48

commit 49785c326b78c1a46d4cfa8565e2318c6a204a0c
Author: tracer-ysyx <tracer@ysyx.org>
Date:   Wed Sep 4 20:15:18 2024 +0800

    > run NEMU
    ysyx_100006503 杨鹏城
    Linux ypc 6.8.0-40-generic #40~22.04.3-Ubuntu SMP PREEMPT_DYNAMIC Tue Jul 30 17:30:19 UTC 2 x86_64 x86_64 x86_64 GNU/Linux
     20:15:18 up 1 day,  4:20,  1 user,  load average: 0.74, 0.55, 0.46

commit 03d5e38ef8a4670256ede37db60c19e50ab1e14c
Author: tracer-ysyx <tracer@ysyx.org>
Date:   Wed Sep 4 20:15:18 2024 +0800

    > compile NEMU
    ysyx_100006503 杨鹏城
    Linux ypc 6.8.0-40-generic #40~22.04.3-Ubuntu SMP PREEMPT_DYNAMIC Tue Jul 30 17:30:19 UTC 2 x86_64 x86_64 x86_64 GNU/Linux
     20:15:18 up 1 day,  4:20,  1 user,  load average: 0.74, 0.55, 0.46

commit fb43e1feb65591de5801c0caf23431d78e6d196d
Author: tracer-ysyx <tracer@ysyx.org>
Date:   Wed Sep 4 20:15:17 2024 +0800

    > run NEMU
    ysyx_100006503 杨鹏城
    Linux ypc 6.8.0-40-generic #40~22.04.3-Ubuntu SMP PREEMPT_DYNAMIC Tue Jul 30 17:30:19 UTC 2 x86_64 x86_64 x86_64 GNU/Linux
     20:15:17 up 1 day,  4:20,  1 user,  load average: 0.45, 0.49, 0.44

commit 46186e572df74aba015af81b533495e51c38c1d2
Author: tracer-ysyx <tracer@ysyx.org>
Date:   Wed Sep 4 20:15:17 2024 +0800

    > compile NEMU
    ysyx_100006503 杨鹏城
    Linux ypc 6.8.0-40-generic #40~22.04.3-Ubuntu SMP PREEMPT_DYNAMIC Tue Jul 30 17:30:19 UTC 2 x86_64 x86_64 x86_64 GNU/Linux
     20:15:17 up 1 day,  4:20,  1 user,  load average: 0.45, 0.49, 0.44

commit d77949420a5d5838bb03068fe69fe213b213a022
Author: tracer-ysyx <tracer@ysyx.org>
Date:   Wed Sep 4 20:15:15 2024 +0800

    > run NEMU
    ysyx_100006503 杨鹏城
    Linux ypc 6.8.0-40-generic #40~22.04.3-Ubuntu SMP PREEMPT_DYNAMIC Tue Jul 30 17:30:19 UTC 2 x86_64 x86_64 x86_64 GNU/Linux
     20:15:15 up 1 day,  4:20,  1 user,  load average: 0.45, 0.49, 0.44

commit d31c5166062e77c86f884be924fce78ecd16c316
Author: tracer-ysyx <tracer@ysyx.org>
Date:   Wed Sep 4 20:15:15 2024 +0800

    > compile NEMU
    ysyx_100006503 杨鹏城
    Linux ypc 6.8.0-40-generic #40~22.04.3-Ubuntu SMP PREEMPT_DYNAMIC Tue Jul 30 17:30:19 UTC 2 x86_64 x86_64 x86_64 GNU/Linux
     20:15:15 up 1 day,  4:20,  1 user,  load average: 0.45, 0.49, 0.44

commit ee98123037a47d0d5a5c06c9d627c7bb5118243b
Author: tracer-ysyx <tracer@ysyx.org>
Date:   Wed Sep 4 20:15:09 2024 +0800

    > run NEMU
    ysyx_100006503 杨鹏城
    Linux ypc 6.8.0-40-generic #40~22.04.3-Ubuntu SMP PREEMPT_DYNAMIC Tue Jul 30 17:30:19 UTC 2 x86_64 x86_64 x86_64 GNU/Linux
     20:15:09 up 1 day,  4:20,  1 user,  load average: 0.49, 0.50, 0.45

commit fae75929ebf3fec046ee04cab3a50ef1915fe9cd
Author: tracer-ysyx <tracer@ysyx.org>
Date:   Wed Sep 4 20:15:08 2024 +0800

    > compile NEMU
    ysyx_100006503 杨鹏城
    Linux ypc 6.8.0-40-generic #40~22.04.3-Ubuntu SMP PREEMPT_DYNAMIC Tue Jul 30 17:30:19 UTC 2 x86_64 x86_64 x86_64 GNU/Linux
     20:15:08 up 1 day,  4:20,  1 user,  load average: 0.49, 0.50, 0.45

commit 29feef8699541ddc90362d1cf3be9b3906acc6ee
Author: tracer-ysyx <tracer@ysyx.org>
Date:   Wed Sep 4 20:13:40 2024 +0800

    > run NEMU
    ysyx_100006503 杨鹏城
    Linux ypc 6.8.0-40-generic #40~22.04.3-Ubuntu SMP PREEMPT_DYNAMIC Tue Jul 30 17:30:19 UTC 2 x86_64 x86_64 x86_64 GNU/Linux
     20:13:40 up 1 day,  4:19,  1 user,  load average: 0.80, 0.49, 0.44

commit a1b109abfbec037fdd40e9d8a029ac8e6fd4ac74
Author: tracer-ysyx <tracer@ysyx.org>
Date:   Wed Sep 4 20:13:40 2024 +0800

    > compile NEMU
    ysyx_100006503 杨鹏城
    Linux ypc 6.8.0-40-generic #40~22.04.3-Ubuntu SMP PREEMPT_DYNAMIC Tue Jul 30 17:30:19 UTC 2 x86_64 x86_64 x86_64 GNU/Linux
     20:13:40 up 1 day,  4:19,  1 user,  load average: 0.80, 0.49, 0.44

commit 3f4422e6a021c264470508595cf5cee009e56048
Author: tracer-ysyx <tracer@ysyx.org>
Date:   Wed Sep 4 20:13:33 2024 +0800

    > run NEMU
    ysyx_100006503 杨鹏城
    Linux ypc 6.8.0-40-generic #40~22.04.3-Ubuntu SMP PREEMPT_DYNAMIC Tue Jul 30 17:30:19 UTC 2 x86_64 x86_64 x86_64 GNU/Linux
     20:13:33 up 1 day,  4:19,  1 user,  load average: 0.79, 0.48, 0.43

commit e11f166ba7d817ac6b9987d9b7cbf7a849b942c5
Author: tracer-ysyx <tracer@ysyx.org>
Date:   Wed Sep 4 20:13:33 2024 +0800

    > compile NEMU
    ysyx_100006503 杨鹏城
    Linux ypc 6.8.0-40-generic #40~22.04.3-Ubuntu SMP PREEMPT_DYNAMIC Tue Jul 30 17:30:19 UTC 2 x86_64 x86_64 x86_64 GNU/Linux
     20:13:33 up 1 day,  4:19,  1 user,  load average: 0.79, 0.48, 0.43

commit 0eae38a03cd418aee9908db27e277664672284f9
Author: tracer-ysyx <tracer@ysyx.org>
Date:   Wed Sep 4 20:13:30 2024 +0800

    > run NEMU
    ysyx_100006503 杨鹏城
    Linux ypc 6.8.0-40-generic #40~22.04.3-Ubuntu SMP PREEMPT_DYNAMIC Tue Jul 30 17:30:19 UTC 2 x86_64 x86_64 x86_64 GNU/Linux
     20:13:30 up 1 day,  4:19,  1 user,  load average: 0.77, 0.47, 0.43

commit ce9c66892ad49a210d02de321972bdddaebaf012
Author: tracer-ysyx <tracer@ysyx.org>
Date:   Wed Sep 4 20:13:30 2024 +0800

    > compile NEMU
    ysyx_100006503 杨鹏城
    Linux ypc 6.8.0-40-generic #40~22.04.3-Ubuntu SMP PREEMPT_DYNAMIC Tue Jul 30 17:30:19 UTC 2 x86_64 x86_64 x86_64 GNU/Linux
     20:13:30 up 1 day,  4:19,  1 user,  load average: 0.77, 0.47, 0.43

commit 21f0efda6daa0598f694932787bd4758a3dc6f96
Author: tracer-ysyx <tracer@ysyx.org>
Date:   Wed Sep 4 17:32:41 2024 +0800

    > run NEMU
    ysyx_100006503 杨鹏城
    Linux ypc 6.8.0-40-generic #40~22.04.3-Ubuntu SMP PREEMPT_DYNAMIC Tue Jul 30 17:30:19 UTC 2 x86_64 x86_64 x86_64 GNU/Linux
     17:32:41 up 1 day,  1:38,  1 user,  load average: 0.88, 0.85, 0.83

commit b60fb970107b5c6dc41c395bb6d1845d9d39c17c
Author: tracer-ysyx <tracer@ysyx.org>
Date:   Wed Sep 4 17:32:41 2024 +0800

    > compile NEMU
    ysyx_100006503 杨鹏城
    Linux ypc 6.8.0-40-generic #40~22.04.3-Ubuntu SMP PREEMPT_DYNAMIC Tue Jul 30 17:30:19 UTC 2 x86_64 x86_64 x86_64 GNU/Linux
     17:32:41 up 1 day,  1:38,  1 user,  load average: 0.88, 0.85, 0.83

commit b2033205475ddc28555af409bfa4f59aff786e16
Author: tracer-ysyx <tracer@ysyx.org>
Date:   Wed Sep 4 17:32:40 2024 +0800

    > run NEMU
    ysyx_100006503 杨鹏城
    Linux ypc 6.8.0-40-generic #40~22.04.3-Ubuntu SMP PREEMPT_DYNAMIC Tue Jul 30 17:30:19 UTC 2 x86_64 x86_64 x86_64 GNU/Linux
     17:32:40 up 1 day,  1:38,  1 user,  load average: 0.88, 0.85, 0.83

commit f637cf0bf0a7d247355e1228d7f3781b7f674e06
Author: tracer-ysyx <tracer@ysyx.org>
Date:   Wed Sep 4 17:32:40 2024 +0800

    > compile NEMU
    ysyx_100006503 杨鹏城
    Linux ypc 6.8.0-40-generic #40~22.04.3-Ubuntu SMP PREEMPT_DYNAMIC Tue Jul 30 17:30:19 UTC 2 x86_64 x86_64 x86_64 GNU/Linux
     17:32:40 up 1 day,  1:38,  1 user,  load average: 0.88, 0.85, 0.83

commit c81c4f0062f65140e6b7c49e687e2ed306cbfd9a
Author: tracer-ysyx <tracer@ysyx.org>
Date:   Wed Sep 4 17:32:38 2024 +0800

    > run NEMU
    ysyx_100006503 杨鹏城
    Linux ypc 6.8.0-40-generic #40~22.04.3-Ubuntu SMP PREEMPT_DYNAMIC Tue Jul 30 17:30:19 UTC 2 x86_64 x86_64 x86_64 GNU/Linux
     17:32:38 up 1 day,  1:38,  1 user,  load average: 0.61, 0.80, 0.81

commit 298448b3d96dd205b2395be813042da9301f7918
Author: tracer-ysyx <tracer@ysyx.org>
Date:   Wed Sep 4 17:32:38 2024 +0800

    > compile NEMU
    ysyx_100006503 杨鹏城
    Linux ypc 6.8.0-40-generic #40~22.04.3-Ubuntu SMP PREEMPT_DYNAMIC Tue Jul 30 17:30:19 UTC 2 x86_64 x86_64 x86_64 GNU/Linux
     17:32:38 up 1 day,  1:38,  1 user,  load average: 0.61, 0.80, 0.81

commit d5f1ea34370f8857efe6c97ad17cf2d1a52c6ea5
Author: tracer-ysyx <tracer@ysyx.org>
Date:   Wed Sep 4 17:32:32 2024 +0800

    > run NEMU
    ysyx_100006503 杨鹏城
    Linux ypc 6.8.0-40-generic #40~22.04.3-Ubuntu SMP PREEMPT_DYNAMIC Tue Jul 30 17:30:19 UTC 2 x86_64 x86_64 x86_64 GNU/Linux
     17:32:32 up 1 day,  1:38,  1 user,  load average: 0.48, 0.77, 0.80

commit 8ccfa90c1282f6d5f35dea2012550302d31c3309
Author: tracer-ysyx <tracer@ysyx.org>
Date:   Wed Sep 4 17:32:32 2024 +0800

    > compile NEMU
    ysyx_100006503 杨鹏城
    Linux ypc 6.8.0-40-generic #40~22.04.3-Ubuntu SMP PREEMPT_DYNAMIC Tue Jul 30 17:30:19 UTC 2 x86_64 x86_64 x86_64 GNU/Linux
     17:32:32 up 1 day,  1:38,  1 user,  load average: 0.48, 0.77, 0.80

commit 11fd52b826505f4b21eb5ed6f7805d7fb37742f5
Author: tracer-ysyx <tracer@ysyx.org>
Date:   Wed Sep 4 17:32:05 2024 +0800

    > run NEMU
    ysyx_100006503 杨鹏城
    Linux ypc 6.8.0-40-generic #40~22.04.3-Ubuntu SMP PREEMPT_DYNAMIC Tue Jul 30 17:30:19 UTC 2 x86_64 x86_64 x86_64 GNU/Linux
     17:32:05 up 1 day,  1:37,  1 user,  load average: 0.74, 0.84, 0.83

commit 75e2c7972cfc81d08de2aedaecc937868a2de217
Author: tracer-ysyx <tracer@ysyx.org>
Date:   Wed Sep 4 17:32:05 2024 +0800

    > compile NEMU
    ysyx_100006503 杨鹏城
    Linux ypc 6.8.0-40-generic #40~22.04.3-Ubuntu SMP PREEMPT_DYNAMIC Tue Jul 30 17:30:19 UTC 2 x86_64 x86_64 x86_64 GNU/Linux
     17:32:05 up 1 day,  1:37,  1 user,  load average: 0.74, 0.84, 0.83

commit 238d57bc6ff8433a67e3d61d963f05bf64257904
Author: tracer-ysyx <tracer@ysyx.org>
Date:   Wed Sep 4 17:17:54 2024 +0800

    > run NEMU
    ysyx_100006503 杨鹏城
    Linux ypc 6.8.0-40-generic #40~22.04.3-Ubuntu SMP PREEMPT_DYNAMIC Tue Jul 30 17:30:19 UTC 2 x86_64 x86_64 x86_64 GNU/Linux
     17:17:54 up 1 day,  1:23,  1 user,  load average: 0.92, 1.12, 0.85

commit 1304d4e38ce0db5c1c42ceb05cbb9a4aeb1635be
Author: tracer-ysyx <tracer@ysyx.org>
Date:   Wed Sep 4 17:17:54 2024 +0800

    > compile NEMU
    ysyx_100006503 杨鹏城
    Linux ypc 6.8.0-40-generic #40~22.04.3-Ubuntu SMP PREEMPT_DYNAMIC Tue Jul 30 17:30:19 UTC 2 x86_64 x86_64 x86_64 GNU/Linux
     17:17:54 up 1 day,  1:23,  1 user,  load average: 0.92, 1.12, 0.85

commit d0076518f8f506aee6f0851218e715aebeff4203
Author: tracer-ysyx <tracer@ysyx.org>
Date:   Wed Sep 4 16:55:08 2024 +0800

    > run NEMU
    ysyx_100006503 杨鹏城
    Linux ypc 6.8.0-40-generic #40~22.04.3-Ubuntu SMP PREEMPT_DYNAMIC Tue Jul 30 17:30:19 UTC 2 x86_64 x86_64 x86_64 GNU/Linux
     16:55:08 up 1 day,  1:00,  1 user,  load average: 0.33, 0.47, 0.61

commit 0a0e8cd84ec3c9e12b57a6d393e5f32a361eca05
Author: tracer-ysyx <tracer@ysyx.org>
Date:   Wed Sep 4 16:55:08 2024 +0800

    > compile NEMU
    ysyx_100006503 杨鹏城
    Linux ypc 6.8.0-40-generic #40~22.04.3-Ubuntu SMP PREEMPT_DYNAMIC Tue Jul 30 17:30:19 UTC 2 x86_64 x86_64 x86_64 GNU/Linux
     16:55:08 up 1 day,  1:00,  1 user,  load average: 0.33, 0.47, 0.61

commit 70ef323f6e565b57617a50a12ee1cb503f8c6b95
Author: tracer-ysyx <tracer@ysyx.org>
Date:   Wed Sep 4 16:39:50 2024 +0800

    > run NEMU
    ysyx_100006503 杨鹏城
    Linux ypc 6.8.0-40-generic #40~22.04.3-Ubuntu SMP PREEMPT_DYNAMIC Tue Jul 30 17:30:19 UTC 2 x86_64 x86_64 x86_64 GNU/Linux
     16:39:50 up 1 day, 45 min,  1 user,  load average: 0.53, 0.77, 0.76

commit 004585e0a98251a311e3b0307818a37da6246344
Author: tracer-ysyx <tracer@ysyx.org>
Date:   Wed Sep 4 16:39:50 2024 +0800

    > compile NEMU
    ysyx_100006503 杨鹏城
    Linux ypc 6.8.0-40-generic #40~22.04.3-Ubuntu SMP PREEMPT_DYNAMIC Tue Jul 30 17:30:19 UTC 2 x86_64 x86_64 x86_64 GNU/Linux
     16:39:50 up 1 day, 45 min,  1 user,  load average: 0.53, 0.77, 0.76

commit 0ec2052c13148ffe8be15a711e7afcf3b2a53b31
Author: tracer-ysyx <tracer@ysyx.org>
Date:   Wed Sep 4 16:33:58 2024 +0800

    > run NEMU
    ysyx_100006503 杨鹏城
    Linux ypc 6.8.0-40-generic #40~22.04.3-Ubuntu SMP PREEMPT_DYNAMIC Tue Jul 30 17:30:19 UTC 2 x86_64 x86_64 x86_64 GNU/Linux
     16:33:58 up 1 day, 39 min,  1 user,  load average: 1.89, 1.17, 0.81

commit 8762e5a72a3d69bd1d53ad84d00e83ac97db4b29
Author: tracer-ysyx <tracer@ysyx.org>
Date:   Wed Sep 4 16:33:58 2024 +0800

    > compile NEMU
    ysyx_100006503 杨鹏城
    Linux ypc 6.8.0-40-generic #40~22.04.3-Ubuntu SMP PREEMPT_DYNAMIC Tue Jul 30 17:30:19 UTC 2 x86_64 x86_64 x86_64 GNU/Linux
     16:33:58 up 1 day, 39 min,  1 user,  load average: 1.89, 1.17, 0.81

commit 79ccfd7581b486a3286d0b3eda653418d4c77479
Author: tracer-ysyx <tracer@ysyx.org>
Date:   Wed Sep 4 16:33:54 2024 +0800

    > run NEMU
    ysyx_100006503 杨鹏城
    Linux ypc 6.8.0-40-generic #40~22.04.3-Ubuntu SMP PREEMPT_DYNAMIC Tue Jul 30 17:30:19 UTC 2 x86_64 x86_64 x86_64 GNU/Linux
     16:33:54 up 1 day, 39 min,  1 user,  load average: 1.89, 1.17, 0.81

commit ebf1f04d18c2600be5dea6cc0034673797d8e26d
Author: tracer-ysyx <tracer@ysyx.org>
Date:   Wed Sep 4 16:33:54 2024 +0800

    > compile NEMU
    ysyx_100006503 杨鹏城
    Linux ypc 6.8.0-40-generic #40~22.04.3-Ubuntu SMP PREEMPT_DYNAMIC Tue Jul 30 17:30:19 UTC 2 x86_64 x86_64 x86_64 GNU/Linux
     16:33:54 up 1 day, 39 min,  1 user,  load average: 1.89, 1.17, 0.81

commit 7e1cb736c51e600dc0407a9422bdca5279af91fd
Author: tracer-ysyx <tracer@ysyx.org>
Date:   Wed Sep 4 16:33:42 2024 +0800

    > run NEMU
    ysyx_100006503 杨鹏城
    Linux ypc 6.8.0-40-generic #40~22.04.3-Ubuntu SMP PREEMPT_DYNAMIC Tue Jul 30 17:30:19 UTC 2 x86_64 x86_64 x86_64 GNU/Linux
     16:33:42 up 1 day, 39 min,  1 user,  load average: 1.55, 1.08, 0.78

commit 4cfc291fd6a1a05ee8e136842f0c5e5844076d4e
Author: tracer-ysyx <tracer@ysyx.org>
Date:   Wed Sep 4 16:33:42 2024 +0800

    > compile NEMU
    ysyx_100006503 杨鹏城
    Linux ypc 6.8.0-40-generic #40~22.04.3-Ubuntu SMP PREEMPT_DYNAMIC Tue Jul 30 17:30:19 UTC 2 x86_64 x86_64 x86_64 GNU/Linux
     16:33:42 up 1 day, 39 min,  1 user,  load average: 1.55, 1.08, 0.78

commit 138bb741028100bc27dcfa90825642fa777dda3d
Author: tracer-ysyx <tracer@ysyx.org>
Date:   Wed Sep 4 16:30:42 2024 +0800

    > run NEMU
    ysyx_100006503 杨鹏城
    Linux ypc 6.8.0-40-generic #40~22.04.3-Ubuntu SMP PREEMPT_DYNAMIC Tue Jul 30 17:30:19 UTC 2 x86_64 x86_64 x86_64 GNU/Linux
     16:30:42 up 1 day, 36 min,  1 user,  load average: 0.43, 0.51, 0.56

commit 8bf3b066032d8ac1368c6167965964c33f345f13
Author: tracer-ysyx <tracer@ysyx.org>
Date:   Wed Sep 4 16:30:42 2024 +0800

    > compile NEMU
    ysyx_100006503 杨鹏城
    Linux ypc 6.8.0-40-generic #40~22.04.3-Ubuntu SMP PREEMPT_DYNAMIC Tue Jul 30 17:30:19 UTC 2 x86_64 x86_64 x86_64 GNU/Linux
     16:30:42 up 1 day, 36 min,  1 user,  load average: 0.43, 0.51, 0.56

commit bfbf0823f525b66b5666e486aaf52d6ce5743391
Author: tracer-ysyx <tracer@ysyx.org>
Date:   Wed Sep 4 16:28:47 2024 +0800

    > run NEMU
    ysyx_100006503 杨鹏城
    Linux ypc 6.8.0-40-generic #40~22.04.3-Ubuntu SMP PREEMPT_DYNAMIC Tue Jul 30 17:30:19 UTC 2 x86_64 x86_64 x86_64 GNU/Linux
     16:28:47 up 1 day, 34 min,  1 user,  load average: 0.85, 0.58, 0.58

commit d333e6b204dd98c76b4791546ee6d06a724e327f
Author: tracer-ysyx <tracer@ysyx.org>
Date:   Wed Sep 4 16:28:47 2024 +0800

    > compile NEMU
    ysyx_100006503 杨鹏城
    Linux ypc 6.8.0-40-generic #40~22.04.3-Ubuntu SMP PREEMPT_DYNAMIC Tue Jul 30 17:30:19 UTC 2 x86_64 x86_64 x86_64 GNU/Linux
     16:28:47 up 1 day, 34 min,  1 user,  load average: 0.85, 0.58, 0.58

commit 477cc2ccf6a9f1638d36ef70c90db09448a35210
Author: tracer-ysyx <tracer@ysyx.org>
Date:   Wed Sep 4 16:28:46 2024 +0800

    > run NEMU
    ysyx_100006503 杨鹏城
    Linux ypc 6.8.0-40-generic #40~22.04.3-Ubuntu SMP PREEMPT_DYNAMIC Tue Jul 30 17:30:19 UTC 2 x86_64 x86_64 x86_64 GNU/Linux
     16:28:46 up 1 day, 34 min,  1 user,  load average: 0.85, 0.58, 0.58

commit ee626eb8ba961c97cb5ee9ba03daeaebd28e2962
Author: tracer-ysyx <tracer@ysyx.org>
Date:   Wed Sep 4 16:28:46 2024 +0800

    > compile NEMU
    ysyx_100006503 杨鹏城
    Linux ypc 6.8.0-40-generic #40~22.04.3-Ubuntu SMP PREEMPT_DYNAMIC Tue Jul 30 17:30:19 UTC 2 x86_64 x86_64 x86_64 GNU/Linux
     16:28:46 up 1 day, 34 min,  1 user,  load average: 0.85, 0.58, 0.58

commit ab80c21a5a6ba06bd37f1b5d5cdd796ad3734a0f
Author: tracer-ysyx <tracer@ysyx.org>
Date:   Wed Sep 4 16:28:45 2024 +0800

    > run NEMU
    ysyx_100006503 杨鹏城
    Linux ypc 6.8.0-40-generic #40~22.04.3-Ubuntu SMP PREEMPT_DYNAMIC Tue Jul 30 17:30:19 UTC 2 x86_64 x86_64 x86_64 GNU/Linux
     16:28:45 up 1 day, 34 min,  1 user,  load average: 0.85, 0.58, 0.58

commit 0fd6e76e7f5fbbbd2f21fc19c1ffac14bf818a77
Author: tracer-ysyx <tracer@ysyx.org>
Date:   Wed Sep 4 16:28:45 2024 +0800

    > compile NEMU
    ysyx_100006503 杨鹏城
    Linux ypc 6.8.0-40-generic #40~22.04.3-Ubuntu SMP PREEMPT_DYNAMIC Tue Jul 30 17:30:19 UTC 2 x86_64 x86_64 x86_64 GNU/Linux
     16:28:45 up 1 day, 34 min,  1 user,  load average: 0.85, 0.58, 0.58

commit e1b2cb68116afd873adda79bff7342c82a13fb4b
Author: tracer-ysyx <tracer@ysyx.org>
Date:   Wed Sep 4 16:28:44 2024 +0800

    > run NEMU
    ysyx_100006503 杨鹏城
    Linux ypc 6.8.0-40-generic #40~22.04.3-Ubuntu SMP PREEMPT_DYNAMIC Tue Jul 30 17:30:19 UTC 2 x86_64 x86_64 x86_64 GNU/Linux
     16:28:44 up 1 day, 34 min,  1 user,  load average: 0.85, 0.58, 0.58

commit 1021380822c889c25cac8c54ae0d337799f46ece
Author: tracer-ysyx <tracer@ysyx.org>
Date:   Wed Sep 4 16:28:44 2024 +0800

    > compile NEMU
    ysyx_100006503 杨鹏城
    Linux ypc 6.8.0-40-generic #40~22.04.3-Ubuntu SMP PREEMPT_DYNAMIC Tue Jul 30 17:30:19 UTC 2 x86_64 x86_64 x86_64 GNU/Linux
     16:28:44 up 1 day, 34 min,  1 user,  load average: 0.84, 0.57, 0.58

commit 9ddda5543c40270ef90079f32cf0142d7d4633cf
Author: tracer-ysyx <tracer@ysyx.org>
Date:   Wed Sep 4 16:28:43 2024 +0800

    > run NEMU
    ysyx_100006503 杨鹏城
    Linux ypc 6.8.0-40-generic #40~22.04.3-Ubuntu SMP PREEMPT_DYNAMIC Tue Jul 30 17:30:19 UTC 2 x86_64 x86_64 x86_64 GNU/Linux
     16:28:43 up 1 day, 34 min,  1 user,  load average: 0.84, 0.57, 0.58

commit 491b379ed8b519a373928a4fca2ac2775269ef3e
Author: tracer-ysyx <tracer@ysyx.org>
Date:   Wed Sep 4 16:28:43 2024 +0800

    > compile NEMU
    ysyx_100006503 杨鹏城
    Linux ypc 6.8.0-40-generic #40~22.04.3-Ubuntu SMP PREEMPT_DYNAMIC Tue Jul 30 17:30:19 UTC 2 x86_64 x86_64 x86_64 GNU/Linux
     16:28:43 up 1 day, 34 min,  1 user,  load average: 0.84, 0.57, 0.58

commit 8f9910dead26a1a7a4dd2a610056c9dcc25ff931
Author: tracer-ysyx <tracer@ysyx.org>
Date:   Wed Sep 4 16:28:41 2024 +0800

    > run NEMU
    ysyx_100006503 杨鹏城
    Linux ypc 6.8.0-40-generic #40~22.04.3-Ubuntu SMP PREEMPT_DYNAMIC Tue Jul 30 17:30:19 UTC 2 x86_64 x86_64 x86_64 GNU/Linux
     16:28:41 up 1 day, 34 min,  1 user,  load average: 0.84, 0.57, 0.58

commit cfd8932d6c69a7b076ece9b1bb653469de2c9158
Author: tracer-ysyx <tracer@ysyx.org>
Date:   Wed Sep 4 16:28:41 2024 +0800

    > compile NEMU
    ysyx_100006503 杨鹏城
    Linux ypc 6.8.0-40-generic #40~22.04.3-Ubuntu SMP PREEMPT_DYNAMIC Tue Jul 30 17:30:19 UTC 2 x86_64 x86_64 x86_64 GNU/Linux
     16:28:41 up 1 day, 34 min,  1 user,  load average: 0.84, 0.57, 0.58

commit 4625267c57e2674bb53bd979801814b367e553b0
Author: tracer-ysyx <tracer@ysyx.org>
Date:   Wed Sep 4 16:28:24 2024 +0800

    > run NEMU
    ysyx_100006503 杨鹏城
    Linux ypc 6.8.0-40-generic #40~22.04.3-Ubuntu SMP PREEMPT_DYNAMIC Tue Jul 30 17:30:19 UTC 2 x86_64 x86_64 x86_64 GNU/Linux
     16:28:24 up 1 day, 33 min,  1 user,  load average: 0.67, 0.52, 0.57

commit 16c4b147dcfaf82da8dfdc924e80f97ab7ed0e39
Author: tracer-ysyx <tracer@ysyx.org>
Date:   Wed Sep 4 16:28:24 2024 +0800

    > compile NEMU
    ysyx_100006503 杨鹏城
    Linux ypc 6.8.0-40-generic #40~22.04.3-Ubuntu SMP PREEMPT_DYNAMIC Tue Jul 30 17:30:19 UTC 2 x86_64 x86_64 x86_64 GNU/Linux
     16:28:24 up 1 day, 33 min,  1 user,  load average: 0.67, 0.52, 0.57

commit 5403409e9ab10d0f0f57de95c0d474f3140467e4
Author: tracer-ysyx <tracer@ysyx.org>
Date:   Wed Sep 4 16:24:13 2024 +0800

    > run NEMU
    ysyx_100006503 杨鹏城
    Linux ypc 6.8.0-40-generic #40~22.04.3-Ubuntu SMP PREEMPT_DYNAMIC Tue Jul 30 17:30:19 UTC 2 x86_64 x86_64 x86_64 GNU/Linux
     16:24:13 up 1 day, 29 min,  1 user,  load average: 0.41, 0.48, 0.59

commit 99b788e214e2d902ab888e0ca2d5f85d07d2a3f2
Author: tracer-ysyx <tracer@ysyx.org>
Date:   Wed Sep 4 16:24:13 2024 +0800

    > compile NEMU
    ysyx_100006503 杨鹏城
    Linux ypc 6.8.0-40-generic #40~22.04.3-Ubuntu SMP PREEMPT_DYNAMIC Tue Jul 30 17:30:19 UTC 2 x86_64 x86_64 x86_64 GNU/Linux
     16:24:13 up 1 day, 29 min,  1 user,  load average: 0.41, 0.48, 0.59

commit b760aa75e8b6d53e3337731d2a3abf341174a8a2
Author: tracer-ysyx <tracer@ysyx.org>
Date:   Wed Sep 4 16:21:23 2024 +0800

    > run NEMU
    ysyx_100006503 杨鹏城
    Linux ypc 6.8.0-40-generic #40~22.04.3-Ubuntu SMP PREEMPT_DYNAMIC Tue Jul 30 17:30:19 UTC 2 x86_64 x86_64 x86_64 GNU/Linux
     16:21:23 up 1 day, 26 min,  1 user,  load average: 0.41, 0.53, 0.62

commit 5dfde6804828060bfe0bfa7d9609d46285860c6a
Author: tracer-ysyx <tracer@ysyx.org>
Date:   Wed Sep 4 16:21:23 2024 +0800

    > compile NEMU
    ysyx_100006503 杨鹏城
    Linux ypc 6.8.0-40-generic #40~22.04.3-Ubuntu SMP PREEMPT_DYNAMIC Tue Jul 30 17:30:19 UTC 2 x86_64 x86_64 x86_64 GNU/Linux
     16:21:23 up 1 day, 26 min,  1 user,  load average: 0.41, 0.53, 0.62

commit 6d3461c1957e3be132fd0d5ffc9fb430984e4c2d
Author: tracer-ysyx <tracer@ysyx.org>
Date:   Wed Sep 4 16:20:15 2024 +0800

    > run NEMU
    ysyx_100006503 杨鹏城
    Linux ypc 6.8.0-40-generic #40~22.04.3-Ubuntu SMP PREEMPT_DYNAMIC Tue Jul 30 17:30:19 UTC 2 x86_64 x86_64 x86_64 GNU/Linux
     16:20:15 up 1 day, 25 min,  1 user,  load average: 0.65, 0.58, 0.64

commit 6bdeb999e2ff0cf3967cbf96fe922ee7c8974d44
Author: tracer-ysyx <tracer@ysyx.org>
Date:   Wed Sep 4 16:20:15 2024 +0800

    > compile NEMU
    ysyx_100006503 杨鹏城
    Linux ypc 6.8.0-40-generic #40~22.04.3-Ubuntu SMP PREEMPT_DYNAMIC Tue Jul 30 17:30:19 UTC 2 x86_64 x86_64 x86_64 GNU/Linux
     16:20:15 up 1 day, 25 min,  1 user,  load average: 0.65, 0.58, 0.64

commit 9c7840fe38fb631e218c0ac71e7ca49ef3797668
Author: tracer-ysyx <tracer@ysyx.org>
Date:   Wed Sep 4 16:05:41 2024 +0800

    > run NEMU
    ysyx_100006503 杨鹏城
    Linux ypc 6.8.0-40-generic #40~22.04.3-Ubuntu SMP PREEMPT_DYNAMIC Tue Jul 30 17:30:19 UTC 2 x86_64 x86_64 x86_64 GNU/Linux
     16:05:41 up 1 day, 11 min,  1 user,  load average: 1.10, 0.71, 0.75

commit ec7e7dedc6bf2b1780fe8db372aaf2e819981ff4
Author: tracer-ysyx <tracer@ysyx.org>
Date:   Wed Sep 4 16:05:41 2024 +0800

    > compile NEMU
    ysyx_100006503 杨鹏城
    Linux ypc 6.8.0-40-generic #40~22.04.3-Ubuntu SMP PREEMPT_DYNAMIC Tue Jul 30 17:30:19 UTC 2 x86_64 x86_64 x86_64 GNU/Linux
     16:05:41 up 1 day, 11 min,  1 user,  load average: 1.10, 0.71, 0.75

commit c0c77943b1bbb4693fb65bb60224576929fc7fb4
Author: tracer-ysyx <tracer@ysyx.org>
Date:   Wed Sep 4 16:05:06 2024 +0800

    > run NEMU
    ysyx_100006503 杨鹏城
    Linux ypc 6.8.0-40-generic #40~22.04.3-Ubuntu SMP PREEMPT_DYNAMIC Tue Jul 30 17:30:19 UTC 2 x86_64 x86_64 x86_64 GNU/Linux
     16:05:06 up 1 day, 10 min,  1 user,  load average: 0.53, 0.58, 0.71

commit 3ffddd4bf079b0ea7f19de42f6b6662873127d3f
Author: tracer-ysyx <tracer@ysyx.org>
Date:   Wed Sep 4 16:05:06 2024 +0800

    > compile NEMU
    ysyx_100006503 杨鹏城
    Linux ypc 6.8.0-40-generic #40~22.04.3-Ubuntu SMP PREEMPT_DYNAMIC Tue Jul 30 17:30:19 UTC 2 x86_64 x86_64 x86_64 GNU/Linux
     16:05:06 up 1 day, 10 min,  1 user,  load average: 0.53, 0.58, 0.71

commit 9d93c5cdc04679545504ad89b4cda46668399c80
Author: tracer-ysyx <tracer@ysyx.org>
Date:   Wed Sep 4 16:05:02 2024 +0800

    > run NEMU
    ysyx_100006503 杨鹏城
    Linux ypc 6.8.0-40-generic #40~22.04.3-Ubuntu SMP PREEMPT_DYNAMIC Tue Jul 30 17:30:19 UTC 2 x86_64 x86_64 x86_64 GNU/Linux
     16:05:02 up 1 day, 10 min,  1 user,  load average: 0.58, 0.59, 0.71

commit 5a5068567657b29b557e2c145054f9c2c666ae83
Author: tracer-ysyx <tracer@ysyx.org>
Date:   Wed Sep 4 16:05:01 2024 +0800

    > compile NEMU
    ysyx_100006503 杨鹏城
    Linux ypc 6.8.0-40-generic #40~22.04.3-Ubuntu SMP PREEMPT_DYNAMIC Tue Jul 30 17:30:19 UTC 2 x86_64 x86_64 x86_64 GNU/Linux
     16:05:01 up 1 day, 10 min,  1 user,  load average: 0.58, 0.59, 0.71

commit 4569045aeb7ae2bd8ca22cc037fd8c008102483d
Author: tracer-ysyx <tracer@ysyx.org>
Date:   Wed Sep 4 16:04:56 2024 +0800

    > run NEMU
    ysyx_100006503 杨鹏城
    Linux ypc 6.8.0-40-generic #40~22.04.3-Ubuntu SMP PREEMPT_DYNAMIC Tue Jul 30 17:30:19 UTC 2 x86_64 x86_64 x86_64 GNU/Linux
     16:04:56 up 1 day, 10 min,  1 user,  load average: 0.63, 0.60, 0.72

commit 6c03a534fabc72ca637075dab2fcec358f334b51
Author: tracer-ysyx <tracer@ysyx.org>
Date:   Wed Sep 4 16:04:56 2024 +0800

    > compile NEMU
    ysyx_100006503 杨鹏城
    Linux ypc 6.8.0-40-generic #40~22.04.3-Ubuntu SMP PREEMPT_DYNAMIC Tue Jul 30 17:30:19 UTC 2 x86_64 x86_64 x86_64 GNU/Linux
     16:04:56 up 1 day, 10 min,  1 user,  load average: 0.63, 0.60, 0.72

commit a79fff67de7d243dcc0a3a6019f438aeca39e447
Author: tracer-ysyx <tracer@ysyx.org>
Date:   Wed Sep 4 15:52:58 2024 +0800

    > run NEMU
    ysyx_100006503 杨鹏城
    Linux ypc 6.8.0-40-generic #40~22.04.3-Ubuntu SMP PREEMPT_DYNAMIC Tue Jul 30 17:30:19 UTC 2 x86_64 x86_64 x86_64 GNU/Linux
     15:52:58 up 23:58,  1 user,  load average: 1.87, 1.28, 0.95

commit f8baedffac608fc79ba2a61617c1900816321897
Author: tracer-ysyx <tracer@ysyx.org>
Date:   Wed Sep 4 15:52:58 2024 +0800

    > compile NEMU
    ysyx_100006503 杨鹏城
    Linux ypc 6.8.0-40-generic #40~22.04.3-Ubuntu SMP PREEMPT_DYNAMIC Tue Jul 30 17:30:19 UTC 2 x86_64 x86_64 x86_64 GNU/Linux
     15:52:58 up 23:58,  1 user,  load average: 1.87, 1.28, 0.95

commit 747f1c924cbafa2d97e1cab8cb8b9aa42c669371
Author: tracer-ysyx <tracer@ysyx.org>
Date:   Wed Sep 4 15:52:31 2024 +0800

    > run NEMU
    ysyx_100006503 杨鹏城
    Linux ypc 6.8.0-40-generic #40~22.04.3-Ubuntu SMP PREEMPT_DYNAMIC Tue Jul 30 17:30:19 UTC 2 x86_64 x86_64 x86_64 GNU/Linux
     15:52:31 up 23:58,  1 user,  load average: 2.13, 1.27, 0.94

commit 4d6cb50fa669462eb4c6128e8e00e1a217713f61
Author: tracer-ysyx <tracer@ysyx.org>
Date:   Wed Sep 4 15:52:31 2024 +0800

    > compile NEMU
    ysyx_100006503 杨鹏城
    Linux ypc 6.8.0-40-generic #40~22.04.3-Ubuntu SMP PREEMPT_DYNAMIC Tue Jul 30 17:30:19 UTC 2 x86_64 x86_64 x86_64 GNU/Linux
     15:52:31 up 23:58,  1 user,  load average: 2.13, 1.27, 0.94

commit df903a7fa365963748fdeda98d722be2014cbe94
Author: tracer-ysyx <tracer@ysyx.org>
Date:   Wed Sep 4 15:45:27 2024 +0800

    > run NEMU
    ysyx_100006503 杨鹏城
    Linux ypc 6.8.0-40-generic #40~22.04.3-Ubuntu SMP PREEMPT_DYNAMIC Tue Jul 30 17:30:19 UTC 2 x86_64 x86_64 x86_64 GNU/Linux
     15:45:27 up 23:51,  1 user,  load average: 1.65, 0.96, 0.78

commit 45bb42b5641a84b16c2ee15925323b2bb894ece4
Author: tracer-ysyx <tracer@ysyx.org>
Date:   Wed Sep 4 15:45:27 2024 +0800

    > compile NEMU
    ysyx_100006503 杨鹏城
    Linux ypc 6.8.0-40-generic #40~22.04.3-Ubuntu SMP PREEMPT_DYNAMIC Tue Jul 30 17:30:19 UTC 2 x86_64 x86_64 x86_64 GNU/Linux
     15:45:27 up 23:51,  1 user,  load average: 1.65, 0.96, 0.78

commit b1f4eaca9754699f086df1f782da7525e74b87ce
Author: tracer-ysyx <tracer@ysyx.org>
Date:   Wed Sep 4 15:29:13 2024 +0800

    > run NEMU
    ysyx_100006503 杨鹏城
    Linux ypc 6.8.0-40-generic #40~22.04.3-Ubuntu SMP PREEMPT_DYNAMIC Tue Jul 30 17:30:19 UTC 2 x86_64 x86_64 x86_64 GNU/Linux
     15:29:13 up 23:34,  1 user,  load average: 1.31, 1.01, 0.86

commit fcfc1b9c77bc022204f5f828145b0e876c9d6fd5
Author: tracer-ysyx <tracer@ysyx.org>
Date:   Wed Sep 4 15:29:13 2024 +0800

    > compile NEMU
    ysyx_100006503 杨鹏城
    Linux ypc 6.8.0-40-generic #40~22.04.3-Ubuntu SMP PREEMPT_DYNAMIC Tue Jul 30 17:30:19 UTC 2 x86_64 x86_64 x86_64 GNU/Linux
     15:29:13 up 23:34,  1 user,  load average: 1.31, 1.01, 0.86

commit 816f2fe109864a6a366c73175854ce55148eb76c
Author: tracer-ysyx <tracer@ysyx.org>
Date:   Wed Sep 4 15:29:01 2024 +0800

    > run NEMU
    ysyx_100006503 杨鹏城
    Linux ypc 6.8.0-40-generic #40~22.04.3-Ubuntu SMP PREEMPT_DYNAMIC Tue Jul 30 17:30:19 UTC 2 x86_64 x86_64 x86_64 GNU/Linux
     15:29:01 up 23:34,  1 user,  load average: 1.55, 1.04, 0.87

commit 4bbea02a7b35c5f7d579440961e4b18cf1642aef
Author: tracer-ysyx <tracer@ysyx.org>
Date:   Wed Sep 4 15:29:01 2024 +0800

    > compile NEMU
    ysyx_100006503 杨鹏城
    Linux ypc 6.8.0-40-generic #40~22.04.3-Ubuntu SMP PREEMPT_DYNAMIC Tue Jul 30 17:30:19 UTC 2 x86_64 x86_64 x86_64 GNU/Linux
     15:29:01 up 23:34,  1 user,  load average: 1.55, 1.04, 0.87

commit 85a4209119b2cef25c2d80a6d4e0dc3621ba7c57
Author: tracer-ysyx <tracer@ysyx.org>
Date:   Wed Sep 4 15:19:11 2024 +0800

    > run NEMU
    ysyx_100006503 杨鹏城
    Linux ypc 6.8.0-40-generic #40~22.04.3-Ubuntu SMP PREEMPT_DYNAMIC Tue Jul 30 17:30:19 UTC 2 x86_64 x86_64 x86_64 GNU/Linux
     15:19:11 up 23:24,  1 user,  load average: 1.18, 0.83, 0.73

commit 24991b2df9a280c14b1f83711fc02b7328bade6d
Author: tracer-ysyx <tracer@ysyx.org>
Date:   Wed Sep 4 15:19:11 2024 +0800

    > compile NEMU
    ysyx_100006503 杨鹏城
    Linux ypc 6.8.0-40-generic #40~22.04.3-Ubuntu SMP PREEMPT_DYNAMIC Tue Jul 30 17:30:19 UTC 2 x86_64 x86_64 x86_64 GNU/Linux
     15:19:11 up 23:24,  1 user,  load average: 1.18, 0.83, 0.73

commit a5df1a89584ede108fcd8d5eb7d7a644221360f0
Author: tracer-ysyx <tracer@ysyx.org>
Date:   Wed Sep 4 15:13:33 2024 +0800

    > run NEMU
    ysyx_100006503 杨鹏城
    Linux ypc 6.8.0-40-generic #40~22.04.3-Ubuntu SMP PREEMPT_DYNAMIC Tue Jul 30 17:30:19 UTC 2 x86_64 x86_64 x86_64 GNU/Linux
     15:13:33 up 23:19,  1 user,  load average: 0.41, 0.90, 0.75

commit 99cd5cb1087d9f880d65a14efbb165eda0648081
Author: tracer-ysyx <tracer@ysyx.org>
Date:   Wed Sep 4 15:13:33 2024 +0800

    > compile NEMU
    ysyx_100006503 杨鹏城
    Linux ypc 6.8.0-40-generic #40~22.04.3-Ubuntu SMP PREEMPT_DYNAMIC Tue Jul 30 17:30:19 UTC 2 x86_64 x86_64 x86_64 GNU/Linux
     15:13:33 up 23:19,  1 user,  load average: 0.45, 0.92, 0.75

commit f11b32cbedaef43318f357def4b08eec07da6700
Author: tracer-ysyx <tracer@ysyx.org>
Date:   Wed Sep 4 15:10:25 2024 +0800

    > run NEMU
    ysyx_100006503 杨鹏城
    Linux ypc 6.8.0-40-generic #40~22.04.3-Ubuntu SMP PREEMPT_DYNAMIC Tue Jul 30 17:30:19 UTC 2 x86_64 x86_64 x86_64 GNU/Linux
     15:10:25 up 23:15,  1 user,  load average: 1.72, 1.10, 0.74

commit 02ad14a1681cba198bd55aa99eca4587d8d5fb8a
Author: tracer-ysyx <tracer@ysyx.org>
Date:   Wed Sep 4 15:10:25 2024 +0800

    > compile NEMU
    ysyx_100006503 杨鹏城
    Linux ypc 6.8.0-40-generic #40~22.04.3-Ubuntu SMP PREEMPT_DYNAMIC Tue Jul 30 17:30:19 UTC 2 x86_64 x86_64 x86_64 GNU/Linux
     15:10:25 up 23:15,  1 user,  load average: 1.72, 1.10, 0.74

commit 66ef66e1f19a6bc5aa99cbbae77163861df8a6e7
Author: tracer-ysyx <tracer@ysyx.org>
Date:   Wed Sep 4 15:08:44 2024 +0800

    > gdb NEMU
    ysyx_100006503 杨鹏城
    Linux ypc 6.8.0-40-generic #40~22.04.3-Ubuntu SMP PREEMPT_DYNAMIC Tue Jul 30 17:30:19 UTC 2 x86_64 x86_64 x86_64 GNU/Linux
     15:08:44 up 23:14,  1 user,  load average: 1.19, 0.77, 0.60

commit 0f032cc439dd6737964074c26e1bece496a2f346
Author: tracer-ysyx <tracer@ysyx.org>
Date:   Wed Sep 4 15:08:44 2024 +0800

    > compile NEMU
    ysyx_100006503 杨鹏城
    Linux ypc 6.8.0-40-generic #40~22.04.3-Ubuntu SMP PREEMPT_DYNAMIC Tue Jul 30 17:30:19 UTC 2 x86_64 x86_64 x86_64 GNU/Linux
     15:08:44 up 23:14,  1 user,  load average: 1.19, 0.77, 0.60

commit c6261b5da0c3a627d4303c4280cbfee1aaad3383
Author: tracer-ysyx <tracer@ysyx.org>
Date:   Wed Sep 4 15:04:54 2024 +0800

    > gdb NEMU
    ysyx_100006503 杨鹏城
    Linux ypc 6.8.0-40-generic #40~22.04.3-Ubuntu SMP PREEMPT_DYNAMIC Tue Jul 30 17:30:19 UTC 2 x86_64 x86_64 x86_64 GNU/Linux
     15:04:54 up 23:10,  1 user,  load average: 0.57, 0.66, 0.54

commit 1a98fe81001a0d2b41dcf44ed06da562b03bbcee
Author: tracer-ysyx <tracer@ysyx.org>
Date:   Wed Sep 4 15:04:54 2024 +0800

    > compile NEMU
    ysyx_100006503 杨鹏城
    Linux ypc 6.8.0-40-generic #40~22.04.3-Ubuntu SMP PREEMPT_DYNAMIC Tue Jul 30 17:30:19 UTC 2 x86_64 x86_64 x86_64 GNU/Linux
     15:04:54 up 23:10,  1 user,  load average: 0.57, 0.66, 0.54

commit 67ff395d3ce2a7ea68984efc9a0c400c3b2b426a
Author: tracer-ysyx <tracer@ysyx.org>
Date:   Wed Sep 4 15:02:31 2024 +0800

    > run NEMU
    ysyx_100006503 杨鹏城
    Linux ypc 6.8.0-40-generic #40~22.04.3-Ubuntu SMP PREEMPT_DYNAMIC Tue Jul 30 17:30:19 UTC 2 x86_64 x86_64 x86_64 GNU/Linux
     15:02:31 up 23:08,  1 user,  load average: 1.48, 0.81, 0.57

commit 20fd249863e42fc90c26e4ff30bba5a6deddd8a5
Author: tracer-ysyx <tracer@ysyx.org>
Date:   Wed Sep 4 15:02:31 2024 +0800

    > compile NEMU
    ysyx_100006503 杨鹏城
    Linux ypc 6.8.0-40-generic #40~22.04.3-Ubuntu SMP PREEMPT_DYNAMIC Tue Jul 30 17:30:19 UTC 2 x86_64 x86_64 x86_64 GNU/Linux
     15:02:31 up 23:08,  1 user,  load average: 1.48, 0.81, 0.57

commit 91bbc9baf17555a186f1255d57ccda329b31567e
Author: tracer-ysyx <tracer@ysyx.org>
Date:   Wed Sep 4 15:02:19 2024 +0800

    > run NEMU
    ysyx_100006503 杨鹏城
    Linux ypc 6.8.0-40-generic #40~22.04.3-Ubuntu SMP PREEMPT_DYNAMIC Tue Jul 30 17:30:19 UTC 2 x86_64 x86_64 x86_64 GNU/Linux
     15:02:19 up 23:07,  1 user,  load average: 1.75, 0.84, 0.58

commit 2bd40a3fe88b55acc146d2d246cbca4c9234ff43
Author: tracer-ysyx <tracer@ysyx.org>
Date:   Wed Sep 4 15:02:19 2024 +0800

    > compile NEMU
    ysyx_100006503 杨鹏城
    Linux ypc 6.8.0-40-generic #40~22.04.3-Ubuntu SMP PREEMPT_DYNAMIC Tue Jul 30 17:30:19 UTC 2 x86_64 x86_64 x86_64 GNU/Linux
     15:02:18 up 23:07,  1 user,  load average: 1.75, 0.84, 0.58

commit 6349b58ee7f23a15c55a8c40b5bf5bad50d33530
Author: tracer-ysyx <tracer@ysyx.org>
Date:   Wed Sep 4 15:00:39 2024 +0800

    > run NEMU
    ysyx_100006503 杨鹏城
    Linux ypc 6.8.0-40-generic #40~22.04.3-Ubuntu SMP PREEMPT_DYNAMIC Tue Jul 30 17:30:19 UTC 2 x86_64 x86_64 x86_64 GNU/Linux
     15:00:39 up 23:06,  1 user,  load average: 0.89, 0.61, 0.50

commit eaba800f3c6fb0782cb8f04296cb3d32bdeff5d6
Author: tracer-ysyx <tracer@ysyx.org>
Date:   Wed Sep 4 15:00:39 2024 +0800

    > compile NEMU
    ysyx_100006503 杨鹏城
    Linux ypc 6.8.0-40-generic #40~22.04.3-Ubuntu SMP PREEMPT_DYNAMIC Tue Jul 30 17:30:19 UTC 2 x86_64 x86_64 x86_64 GNU/Linux
     15:00:39 up 23:06,  1 user,  load average: 0.89, 0.61, 0.50

commit fbc1af92efbb544fd1972f3ada0ac483d8b618e6
Author: tracer-ysyx <tracer@ysyx.org>
Date:   Wed Sep 4 14:56:07 2024 +0800

    > run NEMU
    ysyx_100006503 杨鹏城
    Linux ypc 6.8.0-40-generic #40~22.04.3-Ubuntu SMP PREEMPT_DYNAMIC Tue Jul 30 17:30:19 UTC 2 x86_64 x86_64 x86_64 GNU/Linux
     14:56:07 up 23:01,  1 user,  load average: 0.90, 0.57, 0.47

commit 7b83f18159fe8a3169a59e01d0f1f13718d9b40b
Author: tracer-ysyx <tracer@ysyx.org>
Date:   Wed Sep 4 14:56:07 2024 +0800

    > compile NEMU
    ysyx_100006503 杨鹏城
    Linux ypc 6.8.0-40-generic #40~22.04.3-Ubuntu SMP PREEMPT_DYNAMIC Tue Jul 30 17:30:19 UTC 2 x86_64 x86_64 x86_64 GNU/Linux
     14:56:07 up 23:01,  1 user,  load average: 0.90, 0.57, 0.47

commit 545682d50ef6fdc970801fd298e2e9adfb0c329a
Author: tracer-ysyx <tracer@ysyx.org>
Date:   Wed Sep 4 14:55:35 2024 +0800

    > run NEMU
    ysyx_100006503 杨鹏城
    Linux ypc 6.8.0-40-generic #40~22.04.3-Ubuntu SMP PREEMPT_DYNAMIC Tue Jul 30 17:30:19 UTC 2 x86_64 x86_64 x86_64 GNU/Linux
     14:55:35 up 23:01,  1 user,  load average: 0.83, 0.53, 0.46

commit b54404d52cbe064131791e5d3db05a7d44c31088
Author: tracer-ysyx <tracer@ysyx.org>
Date:   Wed Sep 4 14:55:35 2024 +0800

    > compile NEMU
    ysyx_100006503 杨鹏城
    Linux ypc 6.8.0-40-generic #40~22.04.3-Ubuntu SMP PREEMPT_DYNAMIC Tue Jul 30 17:30:19 UTC 2 x86_64 x86_64 x86_64 GNU/Linux
     14:55:35 up 23:01,  1 user,  load average: 0.83, 0.53, 0.46

commit 7c4efcc1abc8e283b10b11d2acc7ab6817ad5bcf
Author: tracer-ysyx <tracer@ysyx.org>
Date:   Wed Sep 4 14:49:04 2024 +0800

    > run NEMU
    ysyx_100006503 杨鹏城
    Linux ypc 6.8.0-40-generic #40~22.04.3-Ubuntu SMP PREEMPT_DYNAMIC Tue Jul 30 17:30:19 UTC 2 x86_64 x86_64 x86_64 GNU/Linux
     14:49:04 up 22:54,  1 user,  load average: 1.02, 0.61, 0.46

commit ba41d44fb66510c1833aa8920e204447a8a6df4b
Author: tracer-ysyx <tracer@ysyx.org>
Date:   Wed Sep 4 14:49:04 2024 +0800

    > compile NEMU
    ysyx_100006503 杨鹏城
    Linux ypc 6.8.0-40-generic #40~22.04.3-Ubuntu SMP PREEMPT_DYNAMIC Tue Jul 30 17:30:19 UTC 2 x86_64 x86_64 x86_64 GNU/Linux
     14:49:04 up 22:54,  1 user,  load average: 1.02, 0.61, 0.46

commit 2f17247bdbd4f5c70b8524ceb9d0c8c4eb60fca6
Author: tracer-ysyx <tracer@ysyx.org>
Date:   Wed Sep 4 10:47:51 2024 +0800

    > run NEMU
    ysyx_100006503 杨鹏城
    Linux ypc 6.8.0-40-generic #40~22.04.3-Ubuntu SMP PREEMPT_DYNAMIC Tue Jul 30 17:30:19 UTC 2 x86_64 x86_64 x86_64 GNU/Linux
     10:47:51 up 18:53,  1 user,  load average: 0.31, 0.52, 0.60

commit cb159e9de123f86761f08d3e1bf8877822f61ff4
Author: tracer-ysyx <tracer@ysyx.org>
Date:   Wed Sep 4 10:47:51 2024 +0800

    > compile NEMU
    ysyx_100006503 杨鹏城
    Linux ypc 6.8.0-40-generic #40~22.04.3-Ubuntu SMP PREEMPT_DYNAMIC Tue Jul 30 17:30:19 UTC 2 x86_64 x86_64 x86_64 GNU/Linux
     10:47:51 up 18:53,  1 user,  load average: 0.31, 0.52, 0.60

commit c2a38b0a078e7828eb83930f73fbd951ced4bc92
Author: tracer-ysyx <tracer@ysyx.org>
Date:   Wed Sep 4 10:44:23 2024 +0800

    > run NEMU
    ysyx_100006503 杨鹏城
    Linux ypc 6.8.0-40-generic #40~22.04.3-Ubuntu SMP PREEMPT_DYNAMIC Tue Jul 30 17:30:19 UTC 2 x86_64 x86_64 x86_64 GNU/Linux
     10:44:23 up 18:49,  1 user,  load average: 0.59, 0.71, 0.68

commit 955336851bfeb1a5dbb6cfc7acd95d0605a33da3
Author: tracer-ysyx <tracer@ysyx.org>
Date:   Wed Sep 4 10:44:22 2024 +0800

    > compile NEMU
    ysyx_100006503 杨鹏城
    Linux ypc 6.8.0-40-generic #40~22.04.3-Ubuntu SMP PREEMPT_DYNAMIC Tue Jul 30 17:30:19 UTC 2 x86_64 x86_64 x86_64 GNU/Linux
     10:44:22 up 18:49,  1 user,  load average: 0.59, 0.71, 0.68

commit bc81efff3e8a3aae78d4fedb67008823f5501929
Author: tracer-ysyx <tracer@ysyx.org>
Date:   Sat Aug 31 10:09:49 2024 +0800

    > run NEMU
    ysyx_100006503 杨鹏城
    Linux ypc 6.8.0-40-generic #40~22.04.3-Ubuntu SMP PREEMPT_DYNAMIC Tue Jul 30 17:30:19 UTC 2 x86_64 x86_64 x86_64 GNU/Linux
     10:09:49 up 53 min,  1 user,  load average: 0.91, 1.53, 1.55

commit 87482dea63091046fe2c4b88ba4cd7f6a9072832
Author: tracer-ysyx <tracer@ysyx.org>
Date:   Sat Aug 31 10:09:49 2024 +0800

    > compile NEMU
    ysyx_100006503 杨鹏城
    Linux ypc 6.8.0-40-generic #40~22.04.3-Ubuntu SMP PREEMPT_DYNAMIC Tue Jul 30 17:30:19 UTC 2 x86_64 x86_64 x86_64 GNU/Linux
     10:09:49 up 53 min,  1 user,  load average: 0.91, 1.53, 1.55

commit a825e7c7c1e88fc5e0b3d4c28bae9bc28f0c5cf0
Author: tracer-ysyx <tracer@ysyx.org>
Date:   Sat Aug 31 10:08:18 2024 +0800

    > run NEMU
    ysyx_100006503 杨鹏城
    Linux ypc 6.8.0-40-generic #40~22.04.3-Ubuntu SMP PREEMPT_DYNAMIC Tue Jul 30 17:30:19 UTC 2 x86_64 x86_64 x86_64 GNU/Linux
     10:08:18 up 52 min,  1 user,  load average: 1.35, 1.78, 1.62

commit 4c659e96f5cf563ab324f639c1846efe85d503a6
Author: tracer-ysyx <tracer@ysyx.org>
Date:   Sat Aug 31 10:08:18 2024 +0800

    > compile NEMU
    ysyx_100006503 杨鹏城
    Linux ypc 6.8.0-40-generic #40~22.04.3-Ubuntu SMP PREEMPT_DYNAMIC Tue Jul 30 17:30:19 UTC 2 x86_64 x86_64 x86_64 GNU/Linux
     10:08:18 up 52 min,  1 user,  load average: 1.35, 1.78, 1.62

commit ea2f978b73cd80fa5efe69d4831c661d06658f66
Author: tracer-ysyx <tracer@ysyx.org>
Date:   Sat Aug 31 10:02:50 2024 +0800

    > run NEMU
    ysyx_100006503 杨鹏城
    Linux ypc 6.8.0-40-generic #40~22.04.3-Ubuntu SMP PREEMPT_DYNAMIC Tue Jul 30 17:30:19 UTC 2 x86_64 x86_64 x86_64 GNU/Linux
     10:02:50 up 46 min,  1 user,  load average: 1.76, 2.11, 1.60

commit d43f860b8ef06f6b50ca2e1bcb17cd79952314c2
Author: tracer-ysyx <tracer@ysyx.org>
Date:   Sat Aug 31 10:02:50 2024 +0800

    > compile NEMU
    ysyx_100006503 杨鹏城
    Linux ypc 6.8.0-40-generic #40~22.04.3-Ubuntu SMP PREEMPT_DYNAMIC Tue Jul 30 17:30:19 UTC 2 x86_64 x86_64 x86_64 GNU/Linux
     10:02:49 up 46 min,  1 user,  load average: 1.76, 2.11, 1.60

commit 3da6be9b454fa8864675c7e40c035d479d6775c2
Author: tracer-ysyx <tracer@ysyx.org>
Date:   Sat Aug 31 09:47:37 2024 +0800

    > run NEMU
    ysyx_100006503 杨鹏城
    Linux ypc 6.8.0-40-generic #40~22.04.3-Ubuntu SMP PREEMPT_DYNAMIC Tue Jul 30 17:30:19 UTC 2 x86_64 x86_64 x86_64 GNU/Linux
     09:47:37 up 31 min,  1 user,  load average: 1.22, 0.80, 0.78

commit 94a5f358c0458d83bb2d6433779ef9b26a86ea96
Author: tracer-ysyx <tracer@ysyx.org>
Date:   Sat Aug 31 09:47:37 2024 +0800

    > compile NEMU
    ysyx_100006503 杨鹏城
    Linux ypc 6.8.0-40-generic #40~22.04.3-Ubuntu SMP PREEMPT_DYNAMIC Tue Jul 30 17:30:19 UTC 2 x86_64 x86_64 x86_64 GNU/Linux
     09:47:37 up 31 min,  1 user,  load average: 1.22, 0.80, 0.78

commit e2fad7611e5f8bc199ed96bfdac6d04663573c14
Author: tracer-ysyx <tracer@ysyx.org>
Date:   Sun Aug 25 15:59:32 2024 +0800

    > run NEMU
    ysyx_100006503 杨鹏城
    Linux ypc 6.8.0-40-generic #40~22.04.3-Ubuntu SMP PREEMPT_DYNAMIC Tue Jul 30 17:30:19 UTC 2 x86_64 x86_64 x86_64 GNU/Linux
     15:59:32 up 15 min,  1 user,  load average: 0.30, 0.41, 0.35

commit 83895b51a87c9e794ce7bcded884f699c92767d8
Author: tracer-ysyx <tracer@ysyx.org>
Date:   Sun Aug 25 15:59:32 2024 +0800

    > compile NEMU
    ysyx_100006503 杨鹏城
    Linux ypc 6.8.0-40-generic #40~22.04.3-Ubuntu SMP PREEMPT_DYNAMIC Tue Jul 30 17:30:19 UTC 2 x86_64 x86_64 x86_64 GNU/Linux
     15:59:32 up 15 min,  1 user,  load average: 0.30, 0.41, 0.35

commit 291bdd3933b141091414ab4a63a85bddc088410f
Author: tracer-ysyx <tracer@ysyx.org>
Date:   Sun Aug 25 15:59:17 2024 +0800

    > run NEMU
    ysyx_100006503 杨鹏城
    Linux ypc 6.8.0-40-generic #40~22.04.3-Ubuntu SMP PREEMPT_DYNAMIC Tue Jul 30 17:30:19 UTC 2 x86_64 x86_64 x86_64 GNU/Linux
     15:59:17 up 15 min,  1 user,  load average: 0.38, 0.43, 0.36

commit 1c7ffa0ea1020d2a64ace934e849b90835ad2832
Author: tracer-ysyx <tracer@ysyx.org>
Date:   Sun Aug 25 15:59:17 2024 +0800

    > compile NEMU
    ysyx_100006503 杨鹏城
    Linux ypc 6.8.0-40-generic #40~22.04.3-Ubuntu SMP PREEMPT_DYNAMIC Tue Jul 30 17:30:19 UTC 2 x86_64 x86_64 x86_64 GNU/Linux
     15:59:17 up 15 min,  1 user,  load average: 0.38, 0.43, 0.36

commit 9ecbe5b986dc04c3d2d16ef8224338087c947eb4
Author: tracer-ysyx <tracer@ysyx.org>
Date:   Sun Aug 25 15:58:17 2024 +0800

    > run NEMU
    ysyx_100006503 杨鹏城
    Linux ypc 6.8.0-40-generic #40~22.04.3-Ubuntu SMP PREEMPT_DYNAMIC Tue Jul 30 17:30:19 UTC 2 x86_64 x86_64 x86_64 GNU/Linux
     15:58:17 up 14 min,  1 user,  load average: 0.34, 0.44, 0.36

commit ab7a04c3c3b436b2c3bf8458969eda83b0260016
Author: tracer-ysyx <tracer@ysyx.org>
Date:   Sun Aug 25 15:58:17 2024 +0800

    > compile NEMU
    ysyx_100006503 杨鹏城
    Linux ypc 6.8.0-40-generic #40~22.04.3-Ubuntu SMP PREEMPT_DYNAMIC Tue Jul 30 17:30:19 UTC 2 x86_64 x86_64 x86_64 GNU/Linux
     15:58:17 up 14 min,  1 user,  load average: 0.34, 0.44, 0.36

commit 428a640ac13ea8abf5dfcacef66e0105a8d4fdaa
Author: tracer-ysyx <tracer@ysyx.org>
Date:   Sun Aug 25 15:57:29 2024 +0800

    > run NEMU
    ysyx_100006503 杨鹏城
    Linux ypc 6.8.0-40-generic #40~22.04.3-Ubuntu SMP PREEMPT_DYNAMIC Tue Jul 30 17:30:19 UTC 2 x86_64 x86_64 x86_64 GNU/Linux
     15:57:29 up 13 min,  1 user,  load average: 0.32, 0.45, 0.35

commit 6ee5ad70d5bfb6683a2ffbaeb21568d43335a0e6
Author: tracer-ysyx <tracer@ysyx.org>
Date:   Sun Aug 25 15:57:29 2024 +0800

    > compile NEMU
    ysyx_100006503 杨鹏城
    Linux ypc 6.8.0-40-generic #40~22.04.3-Ubuntu SMP PREEMPT_DYNAMIC Tue Jul 30 17:30:19 UTC 2 x86_64 x86_64 x86_64 GNU/Linux
     15:57:29 up 13 min,  1 user,  load average: 0.32, 0.45, 0.35

commit 1febe0475219646483d53eaf8b224f8ab3bb7a86
Author: 100006503 -Yang Pengcheng <24241214835@stu.xidian.edu.cn>
Date:   Sun Aug 25 15:56:22 2024 +0800

    before starting pa2

commit 95dca026b0726277b3aea531a93a6a532672c412
Author: tracer-ysyx <tracer@ysyx.org>
Date:   Thu Aug 22 14:04:58 2024 +0800

    > run NEMU
    ysyx_100006503 杨鹏城
    Linux ypc 6.8.0-40-generic #40~22.04.3-Ubuntu SMP PREEMPT_DYNAMIC Tue Jul 30 17:30:19 UTC 2 x86_64 x86_64 x86_64 GNU/Linux
     14:04:58 up  8:15,  1 user,  load average: 0.94, 1.05, 1.00

commit 3bf35101122fdd691e65a3526c954c0f2f2b4f94
Author: tracer-ysyx <tracer@ysyx.org>
Date:   Thu Aug 22 14:04:58 2024 +0800

    > compile NEMU
    ysyx_100006503 杨鹏城
    Linux ypc 6.8.0-40-generic #40~22.04.3-Ubuntu SMP PREEMPT_DYNAMIC Tue Jul 30 17:30:19 UTC 2 x86_64 x86_64 x86_64 GNU/Linux
     14:04:58 up  8:15,  1 user,  load average: 0.94, 1.05, 1.00

commit 74680eb65f4bf97be216c80fa6ceb55e9411f0ce
Author: tracer-ysyx <tracer@ysyx.org>
Date:   Thu Aug 22 13:57:43 2024 +0800

    > compile NEMU
    ysyx_100006503 杨鹏城
    Linux ypc 6.8.0-40-generic #40~22.04.3-Ubuntu SMP PREEMPT_DYNAMIC Tue Jul 30 17:30:19 UTC 2 x86_64 x86_64 x86_64 GNU/Linux
     13:57:43 up  8:08,  1 user,  load average: 1.54, 1.03, 0.97

commit e27b34f3ec6d08eac9ea492464ab3b0717c78deb
Author: tracer-ysyx <tracer@ysyx.org>
Date:   Thu Aug 22 13:56:08 2024 +0800

    > run NEMU
    ysyx_100006503 杨鹏城
    Linux ypc 6.8.0-40-generic #40~22.04.3-Ubuntu SMP PREEMPT_DYNAMIC Tue Jul 30 17:30:19 UTC 2 x86_64 x86_64 x86_64 GNU/Linux
     13:56:08 up  8:06,  1 user,  load average: 0.84, 0.84, 0.91

commit e496bab2cbc53f50d080b98619ec82a18fd0e490
Author: tracer-ysyx <tracer@ysyx.org>
Date:   Thu Aug 22 13:56:08 2024 +0800

    > compile NEMU
    ysyx_100006503 杨鹏城
    Linux ypc 6.8.0-40-generic #40~22.04.3-Ubuntu SMP PREEMPT_DYNAMIC Tue Jul 30 17:30:19 UTC 2 x86_64 x86_64 x86_64 GNU/Linux
     13:56:08 up  8:06,  1 user,  load average: 0.84, 0.84, 0.91

commit 33c2dd1f0e9a9625737cb717ae173dd830e6b685
Author: tracer-ysyx <tracer@ysyx.org>
Date:   Thu Aug 22 13:55:59 2024 +0800

    > compile NEMU
    ysyx_100006503 杨鹏城
    Linux ypc 6.8.0-40-generic #40~22.04.3-Ubuntu SMP PREEMPT_DYNAMIC Tue Jul 30 17:30:19 UTC 2 x86_64 x86_64 x86_64 GNU/Linux
     13:55:59 up  8:06,  1 user,  load average: 0.99, 0.87, 0.92

commit 8bb27b2550189abb5e3d61e282c318c289967145
Author: tracer-ysyx <tracer@ysyx.org>
Date:   Wed Aug 21 17:42:20 2024 +0800

    > run NEMU
    ysyx_100006503 杨鹏城
    Linux ypc 6.8.0-40-generic #40~22.04.3-Ubuntu SMP PREEMPT_DYNAMIC Tue Jul 30 17:30:19 UTC 2 x86_64 x86_64 x86_64 GNU/Linux
     17:42:20 up  5:41,  1 user,  load average: 0.36, 0.85, 1.12

commit 67e9d38ecf6d7f079af650d477b39b61dc3986ae
Author: tracer-ysyx <tracer@ysyx.org>
Date:   Wed Aug 21 17:42:20 2024 +0800

    > compile NEMU
    ysyx_100006503 杨鹏城
    Linux ypc 6.8.0-40-generic #40~22.04.3-Ubuntu SMP PREEMPT_DYNAMIC Tue Jul 30 17:30:19 UTC 2 x86_64 x86_64 x86_64 GNU/Linux
     17:42:20 up  5:41,  1 user,  load average: 0.36, 0.85, 1.12

commit 1ac50cb1eabea0d57eb2c2d8002c70337b254c8a
Author: tracer-ysyx <tracer@ysyx.org>
Date:   Wed Aug 21 17:39:40 2024 +0800

    > run NEMU
    ysyx_100006503 杨鹏城
    Linux ypc 6.8.0-40-generic #40~22.04.3-Ubuntu SMP PREEMPT_DYNAMIC Tue Jul 30 17:30:19 UTC 2 x86_64 x86_64 x86_64 GNU/Linux
     17:39:40 up  5:38,  1 user,  load average: 1.01, 1.16, 1.25

commit 1b8140452988597a0fae533d1a53d522c372975a
Author: tracer-ysyx <tracer@ysyx.org>
Date:   Wed Aug 21 17:39:40 2024 +0800

    > compile NEMU
    ysyx_100006503 杨鹏城
    Linux ypc 6.8.0-40-generic #40~22.04.3-Ubuntu SMP PREEMPT_DYNAMIC Tue Jul 30 17:30:19 UTC 2 x86_64 x86_64 x86_64 GNU/Linux
     17:39:40 up  5:38,  1 user,  load average: 1.01, 1.16, 1.25

commit b76d3896d3f4475c3e289c3be0ce2308b1932728
Author: tracer-ysyx <tracer@ysyx.org>
Date:   Wed Aug 21 16:49:45 2024 +0800

    > run NEMU
    ysyx_100006503 杨鹏城
    Linux ypc 6.8.0-40-generic #40~22.04.3-Ubuntu SMP PREEMPT_DYNAMIC Tue Jul 30 17:30:19 UTC 2 x86_64 x86_64 x86_64 GNU/Linux
     16:49:45 up  4:48,  1 user,  load average: 1.79, 1.53, 1.39

commit c5b6223ae693b48234e3c1043104f810544220c3
Author: tracer-ysyx <tracer@ysyx.org>
Date:   Wed Aug 21 16:49:45 2024 +0800

    > compile NEMU
    ysyx_100006503 杨鹏城
    Linux ypc 6.8.0-40-generic #40~22.04.3-Ubuntu SMP PREEMPT_DYNAMIC Tue Jul 30 17:30:19 UTC 2 x86_64 x86_64 x86_64 GNU/Linux
     16:49:45 up  4:48,  1 user,  load average: 1.79, 1.53, 1.39

commit 68c08f011453ac816852117bbb0d9810d54e47a5
Author: tracer-ysyx <tracer@ysyx.org>
Date:   Tue Aug 20 22:48:58 2024 +0800

    > run NEMU
    ysyx_100006503 杨鹏城
    Linux ypc 6.8.0-40-generic #40~22.04.3-Ubuntu SMP PREEMPT_DYNAMIC Tue Jul 30 17:30:19 UTC 2 x86_64 x86_64 x86_64 GNU/Linux
     22:48:58 up 2 min,  1 user,  load average: 2.12, 0.85, 0.32

commit 1b98cbea29881cb80feba54325850ea91491ad70
Author: tracer-ysyx <tracer@ysyx.org>
Date:   Tue Aug 20 22:48:57 2024 +0800

    > compile NEMU
    ysyx_100006503 杨鹏城
    Linux ypc 6.8.0-40-generic #40~22.04.3-Ubuntu SMP PREEMPT_DYNAMIC Tue Jul 30 17:30:19 UTC 2 x86_64 x86_64 x86_64 GNU/Linux
     22:48:57 up 2 min,  1 user,  load average: 2.12, 0.85, 0.32

commit e982e073107ff4b5f3939424c81c03eed616be25
Author: tracer-ysyx <tracer@ysyx.org>
Date:   Tue Aug 20 22:19:19 2024 +0800

    > run NEMU
    ysyx_100006503 杨鹏城
    Linux ypc 6.5.0-44-generic #44~22.04.1-Ubuntu SMP PREEMPT_DYNAMIC Tue Jun 18 14:36:16 UTC 2 x86_64 x86_64 x86_64 GNU/Linux
     22:19:19 up 1 day, 22:21,  1 user,  load average: 0.59, 0.91, 1.06

commit fbe023f2ad0c7bbd31af9a27bf3f92758d1cdfd0
Author: tracer-ysyx <tracer@ysyx.org>
Date:   Tue Aug 20 22:19:19 2024 +0800

    > compile NEMU
    ysyx_100006503 杨鹏城
    Linux ypc 6.5.0-44-generic #44~22.04.1-Ubuntu SMP PREEMPT_DYNAMIC Tue Jun 18 14:36:16 UTC 2 x86_64 x86_64 x86_64 GNU/Linux
     22:19:19 up 1 day, 22:21,  1 user,  load average: 0.59, 0.91, 1.06

commit b03789571438d9c460fb8db0467bfbde82d28dba
Author: tracer-ysyx <tracer@ysyx.org>
Date:   Tue Aug 20 22:18:15 2024 +0800

    > run NEMU
    ysyx_100006503 杨鹏城
    Linux ypc 6.5.0-44-generic #44~22.04.1-Ubuntu SMP PREEMPT_DYNAMIC Tue Jun 18 14:36:16 UTC 2 x86_64 x86_64 x86_64 GNU/Linux
     22:18:15 up 1 day, 22:20,  1 user,  load average: 0.84, 1.01, 1.10

commit 67755742e99b9fec459e60f3829538ee3316c2ef
Author: tracer-ysyx <tracer@ysyx.org>
Date:   Tue Aug 20 22:18:15 2024 +0800

    > compile NEMU
    ysyx_100006503 杨鹏城
    Linux ypc 6.5.0-44-generic #44~22.04.1-Ubuntu SMP PREEMPT_DYNAMIC Tue Jun 18 14:36:16 UTC 2 x86_64 x86_64 x86_64 GNU/Linux
     22:18:15 up 1 day, 22:20,  1 user,  load average: 0.84, 1.01, 1.10

commit 8541d6144b2daa96d9c8e898e4dc884c7b5fb119
Author: tracer-ysyx <tracer@ysyx.org>
Date:   Tue Aug 20 22:06:53 2024 +0800

    > run NEMU
    ysyx_100006503 杨鹏城
    Linux ypc 6.5.0-44-generic #44~22.04.1-Ubuntu SMP PREEMPT_DYNAMIC Tue Jun 18 14:36:16 UTC 2 x86_64 x86_64 x86_64 GNU/Linux
     22:06:53 up 1 day, 22:09,  1 user,  load average: 1.01, 0.98, 1.07

commit 261968121121c142966cedd395fc9fe7a63f2b33
Author: tracer-ysyx <tracer@ysyx.org>
Date:   Tue Aug 20 22:06:53 2024 +0800

    > compile NEMU
    ysyx_100006503 杨鹏城
    Linux ypc 6.5.0-44-generic #44~22.04.1-Ubuntu SMP PREEMPT_DYNAMIC Tue Jun 18 14:36:16 UTC 2 x86_64 x86_64 x86_64 GNU/Linux
     22:06:53 up 1 day, 22:09,  1 user,  load average: 1.01, 0.98, 1.07

commit 99047adfa2f4629077d560e8802ee73c33c20d28
Author: tracer-ysyx <tracer@ysyx.org>
Date:   Tue Aug 20 20:58:43 2024 +0800

    > run NEMU
    ysyx_100006503 杨鹏城
    Linux ypc 6.5.0-44-generic #44~22.04.1-Ubuntu SMP PREEMPT_DYNAMIC Tue Jun 18 14:36:16 UTC 2 x86_64 x86_64 x86_64 GNU/Linux
     20:58:43 up 1 day, 21:01,  1 user,  load average: 0.97, 0.88, 0.85

commit 405741747fdef500f6d3e089ed1982bffac2535f
Author: tracer-ysyx <tracer@ysyx.org>
Date:   Tue Aug 20 20:58:43 2024 +0800

    > compile NEMU
    ysyx_100006503 杨鹏城
    Linux ypc 6.5.0-44-generic #44~22.04.1-Ubuntu SMP PREEMPT_DYNAMIC Tue Jun 18 14:36:16 UTC 2 x86_64 x86_64 x86_64 GNU/Linux
     20:58:43 up 1 day, 21:01,  1 user,  load average: 0.97, 0.88, 0.85

commit 07233117debac4c6fe23ccf81f66f96134154d7c
Author: tracer-ysyx <tracer@ysyx.org>
Date:   Tue Aug 20 20:57:30 2024 +0800

    > run NEMU
    ysyx_100006503 杨鹏城
    Linux ypc 6.5.0-44-generic #44~22.04.1-Ubuntu SMP PREEMPT_DYNAMIC Tue Jun 18 14:36:16 UTC 2 x86_64 x86_64 x86_64 GNU/Linux
     20:57:30 up 1 day, 20:59,  1 user,  load average: 0.88, 0.91, 0.86

commit 4767c9f6177f781ce049ca6af5b791ca3a5c0c72
Author: tracer-ysyx <tracer@ysyx.org>
Date:   Tue Aug 20 20:57:30 2024 +0800

    > compile NEMU
    ysyx_100006503 杨鹏城
    Linux ypc 6.5.0-44-generic #44~22.04.1-Ubuntu SMP PREEMPT_DYNAMIC Tue Jun 18 14:36:16 UTC 2 x86_64 x86_64 x86_64 GNU/Linux
     20:57:30 up 1 day, 20:59,  1 user,  load average: 0.88, 0.91, 0.86

commit f0d7f119f044cce2d564ba343052853b28d64c6c
Author: tracer-ysyx <tracer@ysyx.org>
Date:   Tue Aug 20 20:57:19 2024 +0800

    > run NEMU
    ysyx_100006503 杨鹏城
    Linux ypc 6.5.0-44-generic #44~22.04.1-Ubuntu SMP PREEMPT_DYNAMIC Tue Jun 18 14:36:16 UTC 2 x86_64 x86_64 x86_64 GNU/Linux
     20:57:19 up 1 day, 20:59,  1 user,  load average: 0.67, 0.87, 0.85

commit ede198c46e184831c2314cb387c3fdb9366c020f
Author: tracer-ysyx <tracer@ysyx.org>
Date:   Tue Aug 20 20:57:19 2024 +0800

    > compile NEMU
    ysyx_100006503 杨鹏城
    Linux ypc 6.5.0-44-generic #44~22.04.1-Ubuntu SMP PREEMPT_DYNAMIC Tue Jun 18 14:36:16 UTC 2 x86_64 x86_64 x86_64 GNU/Linux
     20:57:19 up 1 day, 20:59,  1 user,  load average: 0.67, 0.87, 0.85

commit c6a6c48863d4d65d23a5035f45ea590db71577dd
Author: tracer-ysyx <tracer@ysyx.org>
Date:   Tue Aug 20 20:56:46 2024 +0800

    > run NEMU
    ysyx_100006503 杨鹏城
    Linux ypc 6.5.0-44-generic #44~22.04.1-Ubuntu SMP PREEMPT_DYNAMIC Tue Jun 18 14:36:16 UTC 2 x86_64 x86_64 x86_64 GNU/Linux
     20:56:46 up 1 day, 20:59,  1 user,  load average: 0.94, 0.94, 0.87

commit 00372cba78218129e5e6e02c5ae810efb8cf2b87
Author: tracer-ysyx <tracer@ysyx.org>
Date:   Tue Aug 20 20:56:46 2024 +0800

    > compile NEMU
    ysyx_100006503 杨鹏城
    Linux ypc 6.5.0-44-generic #44~22.04.1-Ubuntu SMP PREEMPT_DYNAMIC Tue Jun 18 14:36:16 UTC 2 x86_64 x86_64 x86_64 GNU/Linux
     20:56:46 up 1 day, 20:59,  1 user,  load average: 0.94, 0.94, 0.87

commit 97f5a079511292cee7d76fea8d9fc9db871c0d1f
Author: tracer-ysyx <tracer@ysyx.org>
Date:   Tue Aug 20 20:56:14 2024 +0800

    > run NEMU
    ysyx_100006503 杨鹏城
    Linux ypc 6.5.0-44-generic #44~22.04.1-Ubuntu SMP PREEMPT_DYNAMIC Tue Jun 18 14:36:16 UTC 2 x86_64 x86_64 x86_64 GNU/Linux
     20:56:14 up 1 day, 20:58,  1 user,  load average: 0.90, 0.93, 0.87

commit 22a5b30b8007ab35d4500b9a10c65dc9e912e301
Author: tracer-ysyx <tracer@ysyx.org>
Date:   Tue Aug 20 20:56:14 2024 +0800

    > compile NEMU
    ysyx_100006503 杨鹏城
    Linux ypc 6.5.0-44-generic #44~22.04.1-Ubuntu SMP PREEMPT_DYNAMIC Tue Jun 18 14:36:16 UTC 2 x86_64 x86_64 x86_64 GNU/Linux
     20:56:14 up 1 day, 20:58,  1 user,  load average: 0.90, 0.93, 0.87

commit 18cf3ff5e4bec4ec1a18eb8b327f81fdc22c85d7
Author: tracer-ysyx <tracer@ysyx.org>
Date:   Tue Aug 20 20:55:05 2024 +0800

    > run NEMU
    ysyx_100006503 杨鹏城
    Linux ypc 6.5.0-44-generic #44~22.04.1-Ubuntu SMP PREEMPT_DYNAMIC Tue Jun 18 14:36:16 UTC 2 x86_64 x86_64 x86_64 GNU/Linux
     20:55:05 up 1 day, 20:57,  1 user,  load average: 1.11, 0.96, 0.87

commit 621c008b5cdff47cff6db03d515211921ba7510d
Author: tracer-ysyx <tracer@ysyx.org>
Date:   Tue Aug 20 20:55:05 2024 +0800

    > compile NEMU
    ysyx_100006503 杨鹏城
    Linux ypc 6.5.0-44-generic #44~22.04.1-Ubuntu SMP PREEMPT_DYNAMIC Tue Jun 18 14:36:16 UTC 2 x86_64 x86_64 x86_64 GNU/Linux
     20:55:05 up 1 day, 20:57,  1 user,  load average: 1.11, 0.96, 0.87

commit e2bd6c39846de387e4a379e9e1528f53bdb91b3b
Author: tracer-ysyx <tracer@ysyx.org>
Date:   Tue Aug 20 20:53:36 2024 +0800

    > run NEMU
    ysyx_100006503 杨鹏城
    Linux ypc 6.5.0-44-generic #44~22.04.1-Ubuntu SMP PREEMPT_DYNAMIC Tue Jun 18 14:36:16 UTC 2 x86_64 x86_64 x86_64 GNU/Linux
     20:53:36 up 1 day, 20:55,  1 user,  load average: 1.41, 0.94, 0.86

commit 2c2b1331964e1726c3d03b0b773d09759f47be5b
Author: tracer-ysyx <tracer@ysyx.org>
Date:   Tue Aug 20 20:53:36 2024 +0800

    > compile NEMU
    ysyx_100006503 杨鹏城
    Linux ypc 6.5.0-44-generic #44~22.04.1-Ubuntu SMP PREEMPT_DYNAMIC Tue Jun 18 14:36:16 UTC 2 x86_64 x86_64 x86_64 GNU/Linux
     20:53:36 up 1 day, 20:55,  1 user,  load average: 1.41, 0.94, 0.86

commit 2b9f6ece6b222222860ea2a04036348c54acd4b7
Author: tracer-ysyx <tracer@ysyx.org>
Date:   Tue Aug 20 20:49:01 2024 +0800

    > run NEMU
    ysyx_100006503 杨鹏城
    Linux ypc 6.5.0-44-generic #44~22.04.1-Ubuntu SMP PREEMPT_DYNAMIC Tue Jun 18 14:36:16 UTC 2 x86_64 x86_64 x86_64 GNU/Linux
     20:49:01 up 1 day, 20:51,  1 user,  load average: 0.74, 0.86, 0.84

commit 74314cf191610538e3cbe006136b8e3503e1041f
Author: tracer-ysyx <tracer@ysyx.org>
Date:   Tue Aug 20 20:49:01 2024 +0800

    > compile NEMU
    ysyx_100006503 杨鹏城
    Linux ypc 6.5.0-44-generic #44~22.04.1-Ubuntu SMP PREEMPT_DYNAMIC Tue Jun 18 14:36:16 UTC 2 x86_64 x86_64 x86_64 GNU/Linux
     20:49:01 up 1 day, 20:51,  1 user,  load average: 0.74, 0.86, 0.84

commit 501ba630777338804afb4312ea25411437539522
Author: tracer-ysyx <tracer@ysyx.org>
Date:   Tue Aug 20 20:48:21 2024 +0800

    > run NEMU
    ysyx_100006503 杨鹏城
    Linux ypc 6.5.0-44-generic #44~22.04.1-Ubuntu SMP PREEMPT_DYNAMIC Tue Jun 18 14:36:16 UTC 2 x86_64 x86_64 x86_64 GNU/Linux
     20:48:21 up 1 day, 20:50,  1 user,  load average: 0.65, 0.86, 0.84

commit 3fdee80750a3f2e5fbc839859adcb10fb16e0de6
Author: tracer-ysyx <tracer@ysyx.org>
Date:   Tue Aug 20 20:48:21 2024 +0800

    > compile NEMU
    ysyx_100006503 杨鹏城
    Linux ypc 6.5.0-44-generic #44~22.04.1-Ubuntu SMP PREEMPT_DYNAMIC Tue Jun 18 14:36:16 UTC 2 x86_64 x86_64 x86_64 GNU/Linux
     20:48:21 up 1 day, 20:50,  1 user,  load average: 0.65, 0.86, 0.84

commit 7da0c74c0dd07b3f10ac762e3fe79286150be9c9
Author: tracer-ysyx <tracer@ysyx.org>
Date:   Tue Aug 20 20:47:50 2024 +0800

    > run NEMU
    ysyx_100006503 杨鹏城
    Linux ypc 6.5.0-44-generic #44~22.04.1-Ubuntu SMP PREEMPT_DYNAMIC Tue Jun 18 14:36:16 UTC 2 x86_64 x86_64 x86_64 GNU/Linux
     20:47:50 up 1 day, 20:50,  1 user,  load average: 1.08, 0.95, 0.87

commit cb21cf9be12dc4509e0fe0ac094c11305a29ad02
Author: tracer-ysyx <tracer@ysyx.org>
Date:   Tue Aug 20 20:47:50 2024 +0800

    > compile NEMU
    ysyx_100006503 杨鹏城
    Linux ypc 6.5.0-44-generic #44~22.04.1-Ubuntu SMP PREEMPT_DYNAMIC Tue Jun 18 14:36:16 UTC 2 x86_64 x86_64 x86_64 GNU/Linux
     20:47:50 up 1 day, 20:50,  1 user,  load average: 1.08, 0.95, 0.87

commit 0bcb0cec8b9c2dd0146aed395474e83a9dad25ff
Author: tracer-ysyx <tracer@ysyx.org>
Date:   Tue Aug 20 20:44:30 2024 +0800

    > run NEMU
    ysyx_100006503 杨鹏城
    Linux ypc 6.5.0-44-generic #44~22.04.1-Ubuntu SMP PREEMPT_DYNAMIC Tue Jun 18 14:36:16 UTC 2 x86_64 x86_64 x86_64 GNU/Linux
     20:44:30 up 1 day, 20:46,  1 user,  load average: 1.47, 0.92, 0.85

commit 86adb2ae863a86414e6e0e318339e9132d959022
Author: tracer-ysyx <tracer@ysyx.org>
Date:   Tue Aug 20 20:44:30 2024 +0800

    > compile NEMU
    ysyx_100006503 杨鹏城
    Linux ypc 6.5.0-44-generic #44~22.04.1-Ubuntu SMP PREEMPT_DYNAMIC Tue Jun 18 14:36:16 UTC 2 x86_64 x86_64 x86_64 GNU/Linux
     20:44:30 up 1 day, 20:46,  1 user,  load average: 1.47, 0.92, 0.85

commit ecfd8272b15597175a5afeb3edf39748f320fbe4
Author: tracer-ysyx <tracer@ysyx.org>
Date:   Tue Aug 20 20:43:05 2024 +0800

    > run NEMU
    ysyx_100006503 杨鹏城
    Linux ypc 6.5.0-44-generic #44~22.04.1-Ubuntu SMP PREEMPT_DYNAMIC Tue Jun 18 14:36:16 UTC 2 x86_64 x86_64 x86_64 GNU/Linux
     20:43:05 up 1 day, 20:45,  1 user,  load average: 0.87, 0.77, 0.81

commit 623e0108841d405f925a233dea681c7751dcd3e2
Author: tracer-ysyx <tracer@ysyx.org>
Date:   Tue Aug 20 20:43:05 2024 +0800

    > compile NEMU
    ysyx_100006503 杨鹏城
    Linux ypc 6.5.0-44-generic #44~22.04.1-Ubuntu SMP PREEMPT_DYNAMIC Tue Jun 18 14:36:16 UTC 2 x86_64 x86_64 x86_64 GNU/Linux
     20:43:05 up 1 day, 20:45,  1 user,  load average: 0.87, 0.77, 0.81

commit 857546dd41371a99200b491cb33d36ea48b344ca
Author: tracer-ysyx <tracer@ysyx.org>
Date:   Tue Aug 20 20:42:28 2024 +0800

    > run NEMU
    ysyx_100006503 杨鹏城
    Linux ypc 6.5.0-44-generic #44~22.04.1-Ubuntu SMP PREEMPT_DYNAMIC Tue Jun 18 14:36:16 UTC 2 x86_64 x86_64 x86_64 GNU/Linux
     20:42:28 up 1 day, 20:44,  1 user,  load average: 0.53, 0.71, 0.79

commit ac40f599754d1f900776d8f702f2b637d35b50f5
Author: tracer-ysyx <tracer@ysyx.org>
Date:   Tue Aug 20 20:42:28 2024 +0800

    > compile NEMU
    ysyx_100006503 杨鹏城
    Linux ypc 6.5.0-44-generic #44~22.04.1-Ubuntu SMP PREEMPT_DYNAMIC Tue Jun 18 14:36:16 UTC 2 x86_64 x86_64 x86_64 GNU/Linux
     20:42:28 up 1 day, 20:44,  1 user,  load average: 0.53, 0.71, 0.79

commit acbc77bbfd9d98646d1ad06c5723b37bd721d739
Author: tracer-ysyx <tracer@ysyx.org>
Date:   Tue Aug 20 20:36:31 2024 +0800

    > run NEMU
    ysyx_100006503 杨鹏城
    Linux ypc 6.5.0-44-generic #44~22.04.1-Ubuntu SMP PREEMPT_DYNAMIC Tue Jun 18 14:36:16 UTC 2 x86_64 x86_64 x86_64 GNU/Linux
     20:36:31 up 1 day, 20:38,  1 user,  load average: 1.01, 0.89, 0.86

commit 0ac687a31d511ef6715d180fd2f7049cdd4751de
Author: tracer-ysyx <tracer@ysyx.org>
Date:   Tue Aug 20 20:36:31 2024 +0800

    > compile NEMU
    ysyx_100006503 杨鹏城
    Linux ypc 6.5.0-44-generic #44~22.04.1-Ubuntu SMP PREEMPT_DYNAMIC Tue Jun 18 14:36:16 UTC 2 x86_64 x86_64 x86_64 GNU/Linux
     20:36:31 up 1 day, 20:38,  1 user,  load average: 1.01, 0.89, 0.86

commit 161375fe77976b7a31bd3ff808390c02ce7031f9
Author: tracer-ysyx <tracer@ysyx.org>
Date:   Tue Aug 20 20:32:13 2024 +0800

    > run NEMU
    ysyx_100006503 杨鹏城
    Linux ypc 6.5.0-44-generic #44~22.04.1-Ubuntu SMP PREEMPT_DYNAMIC Tue Jun 18 14:36:16 UTC 2 x86_64 x86_64 x86_64 GNU/Linux
     20:32:13 up 1 day, 20:34,  1 user,  load average: 0.64, 0.88, 0.87

commit d1e9f665fdbf3407f474ddded557a0d9338845b2
Author: tracer-ysyx <tracer@ysyx.org>
Date:   Tue Aug 20 20:32:13 2024 +0800

    > compile NEMU
    ysyx_100006503 杨鹏城
    Linux ypc 6.5.0-44-generic #44~22.04.1-Ubuntu SMP PREEMPT_DYNAMIC Tue Jun 18 14:36:16 UTC 2 x86_64 x86_64 x86_64 GNU/Linux
     20:32:13 up 1 day, 20:34,  1 user,  load average: 0.64, 0.88, 0.87

commit 0dbe5b76d2727b47a884b4d6dc5c4b6d6488e874
Author: tracer-ysyx <tracer@ysyx.org>
Date:   Tue Aug 20 20:31:54 2024 +0800

    > run NEMU
    ysyx_100006503 杨鹏城
    Linux ypc 6.5.0-44-generic #44~22.04.1-Ubuntu SMP PREEMPT_DYNAMIC Tue Jun 18 14:36:16 UTC 2 x86_64 x86_64 x86_64 GNU/Linux
     20:31:54 up 1 day, 20:34,  1 user,  load average: 0.90, 0.94, 0.89

commit e55c6908b9d4892403d00b4a1d7da8d0038fa696
Author: tracer-ysyx <tracer@ysyx.org>
Date:   Tue Aug 20 20:31:54 2024 +0800

    > compile NEMU
    ysyx_100006503 杨鹏城
    Linux ypc 6.5.0-44-generic #44~22.04.1-Ubuntu SMP PREEMPT_DYNAMIC Tue Jun 18 14:36:16 UTC 2 x86_64 x86_64 x86_64 GNU/Linux
     20:31:54 up 1 day, 20:34,  1 user,  load average: 0.90, 0.94, 0.89

commit eeff17ac0486c0ff327568e0d60e752ea1886548
Author: tracer-ysyx <tracer@ysyx.org>
Date:   Tue Aug 20 20:30:34 2024 +0800

    > run NEMU
    ysyx_100006503 杨鹏城
    Linux ypc 6.5.0-44-generic #44~22.04.1-Ubuntu SMP PREEMPT_DYNAMIC Tue Jun 18 14:36:16 UTC 2 x86_64 x86_64 x86_64 GNU/Linux
     20:30:34 up 1 day, 20:32,  1 user,  load average: 0.76, 0.90, 0.86

commit e305d19546945c350b2a1cd97927dd4687fcdc37
Author: tracer-ysyx <tracer@ysyx.org>
Date:   Tue Aug 20 20:30:34 2024 +0800

    > compile NEMU
    ysyx_100006503 杨鹏城
    Linux ypc 6.5.0-44-generic #44~22.04.1-Ubuntu SMP PREEMPT_DYNAMIC Tue Jun 18 14:36:16 UTC 2 x86_64 x86_64 x86_64 GNU/Linux
     20:30:34 up 1 day, 20:32,  1 user,  load average: 0.76, 0.90, 0.86

commit 193ad6afe16ffd976ca83d55d507f33a65fbf46e
Author: tracer-ysyx <tracer@ysyx.org>
Date:   Tue Aug 20 20:26:45 2024 +0800

    > run NEMU
    ysyx_100006503 杨鹏城
    Linux ypc 6.5.0-44-generic #44~22.04.1-Ubuntu SMP PREEMPT_DYNAMIC Tue Jun 18 14:36:16 UTC 2 x86_64 x86_64 x86_64 GNU/Linux
     20:26:45 up 1 day, 20:29,  1 user,  load average: 0.84, 0.92, 0.86

commit fe003a327924045200f37dbbe068a3792e12a942
Author: tracer-ysyx <tracer@ysyx.org>
Date:   Tue Aug 20 20:26:45 2024 +0800

    > compile NEMU
    ysyx_100006503 杨鹏城
    Linux ypc 6.5.0-44-generic #44~22.04.1-Ubuntu SMP PREEMPT_DYNAMIC Tue Jun 18 14:36:16 UTC 2 x86_64 x86_64 x86_64 GNU/Linux
     20:26:45 up 1 day, 20:29,  1 user,  load average: 0.84, 0.92, 0.86

commit 7bb08015e987b33e1e67e50213c37d5225c56a33
Author: tracer-ysyx <tracer@ysyx.org>
Date:   Tue Aug 20 20:23:14 2024 +0800

    > run NEMU
    ysyx_100006503 杨鹏城
    Linux ypc 6.5.0-44-generic #44~22.04.1-Ubuntu SMP PREEMPT_DYNAMIC Tue Jun 18 14:36:16 UTC 2 x86_64 x86_64 x86_64 GNU/Linux
     20:23:14 up 1 day, 20:25,  1 user,  load average: 0.67, 0.78, 0.80

commit 0347da4dff3f07b0709b84567efc8dc0bb0040cc
Author: tracer-ysyx <tracer@ysyx.org>
Date:   Tue Aug 20 20:23:14 2024 +0800

    > compile NEMU
    ysyx_100006503 杨鹏城
    Linux ypc 6.5.0-44-generic #44~22.04.1-Ubuntu SMP PREEMPT_DYNAMIC Tue Jun 18 14:36:16 UTC 2 x86_64 x86_64 x86_64 GNU/Linux
     20:23:14 up 1 day, 20:25,  1 user,  load average: 0.67, 0.78, 0.80

commit 50f83d6f24e2c49a422b6082cea4b2f577e2b9d3
Author: tracer-ysyx <tracer@ysyx.org>
Date:   Tue Aug 20 20:22:44 2024 +0800

    > run NEMU
    ysyx_100006503 杨鹏城
    Linux ypc 6.5.0-44-generic #44~22.04.1-Ubuntu SMP PREEMPT_DYNAMIC Tue Jun 18 14:36:16 UTC 2 x86_64 x86_64 x86_64 GNU/Linux
     20:22:44 up 1 day, 20:25,  1 user,  load average: 0.53, 0.77, 0.79

commit 1cb0903e0b27e148ad1c56ee3fe13b0095a40420
Author: tracer-ysyx <tracer@ysyx.org>
Date:   Tue Aug 20 20:22:44 2024 +0800

    > compile NEMU
    ysyx_100006503 杨鹏城
    Linux ypc 6.5.0-44-generic #44~22.04.1-Ubuntu SMP PREEMPT_DYNAMIC Tue Jun 18 14:36:16 UTC 2 x86_64 x86_64 x86_64 GNU/Linux
     20:22:44 up 1 day, 20:25,  1 user,  load average: 0.53, 0.77, 0.79

commit 7fe6a2a47eed835085de765ab046eae2f75cfff2
Author: tracer-ysyx <tracer@ysyx.org>
Date:   Tue Aug 20 20:15:05 2024 +0800

    > run NEMU
    ysyx_100006503 杨鹏城
    Linux ypc 6.5.0-44-generic #44~22.04.1-Ubuntu SMP PREEMPT_DYNAMIC Tue Jun 18 14:36:16 UTC 2 x86_64 x86_64 x86_64 GNU/Linux
     20:15:05 up 1 day, 20:17,  1 user,  load average: 0.93, 1.00, 0.84

commit ca6477e2e205d907e70dfd53ca02c30cec3647d7
Author: tracer-ysyx <tracer@ysyx.org>
Date:   Tue Aug 20 20:15:05 2024 +0800

    > compile NEMU
    ysyx_100006503 杨鹏城
    Linux ypc 6.5.0-44-generic #44~22.04.1-Ubuntu SMP PREEMPT_DYNAMIC Tue Jun 18 14:36:16 UTC 2 x86_64 x86_64 x86_64 GNU/Linux
     20:15:05 up 1 day, 20:17,  1 user,  load average: 0.93, 1.00, 0.84

commit f478a1675969e9577807c7885639e91b0fb8e616
Author: tracer-ysyx <tracer@ysyx.org>
Date:   Tue Aug 20 20:14:41 2024 +0800

    > run NEMU
    ysyx_100006503 杨鹏城
    Linux ypc 6.5.0-44-generic #44~22.04.1-Ubuntu SMP PREEMPT_DYNAMIC Tue Jun 18 14:36:16 UTC 2 x86_64 x86_64 x86_64 GNU/Linux
     20:14:41 up 1 day, 20:17,  1 user,  load average: 0.76, 0.98, 0.83

commit 2ab6c6c8dfc9a33aedfb99286da656da1a907dd9
Author: tracer-ysyx <tracer@ysyx.org>
Date:   Tue Aug 20 20:14:41 2024 +0800

    > compile NEMU
    ysyx_100006503 杨鹏城
    Linux ypc 6.5.0-44-generic #44~22.04.1-Ubuntu SMP PREEMPT_DYNAMIC Tue Jun 18 14:36:16 UTC 2 x86_64 x86_64 x86_64 GNU/Linux
     20:14:41 up 1 day, 20:17,  1 user,  load average: 0.76, 0.98, 0.83

commit 7bea43311badb5d1588bd1451727a975cc142aba
Author: tracer-ysyx <tracer@ysyx.org>
Date:   Tue Aug 20 20:13:33 2024 +0800

    > run NEMU
    ysyx_100006503 杨鹏城
    Linux ypc 6.5.0-44-generic #44~22.04.1-Ubuntu SMP PREEMPT_DYNAMIC Tue Jun 18 14:36:16 UTC 2 x86_64 x86_64 x86_64 GNU/Linux
     20:13:33 up 1 day, 20:15,  1 user,  load average: 1.08, 1.09, 0.85

commit cd25f9f5b76daf3087dec3dc268abc40783a1c40
Author: tracer-ysyx <tracer@ysyx.org>
Date:   Tue Aug 20 20:13:33 2024 +0800

    > compile NEMU
    ysyx_100006503 杨鹏城
    Linux ypc 6.5.0-44-generic #44~22.04.1-Ubuntu SMP PREEMPT_DYNAMIC Tue Jun 18 14:36:16 UTC 2 x86_64 x86_64 x86_64 GNU/Linux
     20:13:33 up 1 day, 20:15,  1 user,  load average: 1.08, 1.09, 0.85

commit a0ccd86e385a540b58e2ed6e3c8843820f7bd4d6
Author: tracer-ysyx <tracer@ysyx.org>
Date:   Tue Aug 20 20:08:58 2024 +0800

    > run NEMU
    ysyx_100006503 杨鹏城
    Linux ypc 6.5.0-44-generic #44~22.04.1-Ubuntu SMP PREEMPT_DYNAMIC Tue Jun 18 14:36:16 UTC 2 x86_64 x86_64 x86_64 GNU/Linux
     20:08:58 up 1 day, 20:11,  1 user,  load average: 0.96, 0.73, 0.66

commit a9077d29187f19a2d8e755204398ce4eb0749393
Author: tracer-ysyx <tracer@ysyx.org>
Date:   Tue Aug 20 20:08:58 2024 +0800

    > compile NEMU
    ysyx_100006503 杨鹏城
    Linux ypc 6.5.0-44-generic #44~22.04.1-Ubuntu SMP PREEMPT_DYNAMIC Tue Jun 18 14:36:16 UTC 2 x86_64 x86_64 x86_64 GNU/Linux
     20:08:58 up 1 day, 20:11,  1 user,  load average: 0.96, 0.73, 0.66

commit 88d9adb343c678fbd3b1230de227db14d99f5495
Author: tracer-ysyx <tracer@ysyx.org>
Date:   Tue Aug 20 18:40:36 2024 +0800

    > run NEMU
    ysyx_100006503 杨鹏城
    Linux ypc 6.5.0-44-generic #44~22.04.1-Ubuntu SMP PREEMPT_DYNAMIC Tue Jun 18 14:36:16 UTC 2 x86_64 x86_64 x86_64 GNU/Linux
     18:40:36 up 1 day, 19:47,  1 user,  load average: 0.67, 0.79, 0.84

commit a012ff63385d58e42293353293b53178502080d1
Author: tracer-ysyx <tracer@ysyx.org>
Date:   Tue Aug 20 18:40:36 2024 +0800

    > compile NEMU
    ysyx_100006503 杨鹏城
    Linux ypc 6.5.0-44-generic #44~22.04.1-Ubuntu SMP PREEMPT_DYNAMIC Tue Jun 18 14:36:16 UTC 2 x86_64 x86_64 x86_64 GNU/Linux
     18:40:36 up 1 day, 19:47,  1 user,  load average: 0.67, 0.79, 0.84

commit 0cec0f14ed3d1acccb6dd3aef3dd4e3d51f5aa77
Author: tracer-ysyx <tracer@ysyx.org>
Date:   Tue Aug 20 18:39:58 2024 +0800

    > run NEMU
    ysyx_100006503 杨鹏城
    Linux ypc 6.5.0-44-generic #44~22.04.1-Ubuntu SMP PREEMPT_DYNAMIC Tue Jun 18 14:36:16 UTC 2 x86_64 x86_64 x86_64 GNU/Linux
     18:39:58 up 1 day, 19:46,  1 user,  load average: 0.61, 0.79, 0.85

commit f505cd6f21f3fda6321622468f8ec1e8dad153f3
Author: tracer-ysyx <tracer@ysyx.org>
Date:   Tue Aug 20 18:39:58 2024 +0800

    > compile NEMU
    ysyx_100006503 杨鹏城
    Linux ypc 6.5.0-44-generic #44~22.04.1-Ubuntu SMP PREEMPT_DYNAMIC Tue Jun 18 14:36:16 UTC 2 x86_64 x86_64 x86_64 GNU/Linux
     18:39:58 up 1 day, 19:46,  1 user,  load average: 0.61, 0.79, 0.85

commit d2bd253aa9a41c6fb63504fda91cb4fe367baef9
Author: tracer-ysyx <tracer@ysyx.org>
Date:   Tue Aug 20 18:38:46 2024 +0800

    > run NEMU
    ysyx_100006503 杨鹏城
    Linux ypc 6.5.0-44-generic #44~22.04.1-Ubuntu SMP PREEMPT_DYNAMIC Tue Jun 18 14:36:16 UTC 2 x86_64 x86_64 x86_64 GNU/Linux
     18:38:46 up 1 day, 19:45,  1 user,  load average: 0.98, 0.88, 0.87

commit 394bd7f1b049296280df5d1383f34fa259386329
Author: tracer-ysyx <tracer@ysyx.org>
Date:   Tue Aug 20 18:38:46 2024 +0800

    > compile NEMU
    ysyx_100006503 杨鹏城
    Linux ypc 6.5.0-44-generic #44~22.04.1-Ubuntu SMP PREEMPT_DYNAMIC Tue Jun 18 14:36:16 UTC 2 x86_64 x86_64 x86_64 GNU/Linux
     18:38:46 up 1 day, 19:45,  1 user,  load average: 0.98, 0.88, 0.87

commit 5790832bdd911ba9d29e61ced4bc5ff09a76d9bd
Author: tracer-ysyx <tracer@ysyx.org>
Date:   Tue Aug 20 18:38:08 2024 +0800

    > run NEMU
    ysyx_100006503 杨鹏城
    Linux ypc 6.5.0-44-generic #44~22.04.1-Ubuntu SMP PREEMPT_DYNAMIC Tue Jun 18 14:36:16 UTC 2 x86_64 x86_64 x86_64 GNU/Linux
     18:38:08 up 1 day, 19:44,  1 user,  load average: 0.78, 0.84, 0.86

commit bb9aa92d9f1f09f64160bd10471369826b4b5158
Author: tracer-ysyx <tracer@ysyx.org>
Date:   Tue Aug 20 18:38:07 2024 +0800

    > compile NEMU
    ysyx_100006503 杨鹏城
    Linux ypc 6.5.0-44-generic #44~22.04.1-Ubuntu SMP PREEMPT_DYNAMIC Tue Jun 18 14:36:16 UTC 2 x86_64 x86_64 x86_64 GNU/Linux
     18:38:07 up 1 day, 19:44,  1 user,  load average: 0.78, 0.84, 0.86

commit 3ac78ecce25eb56c6992b67d2ef50da74e4dd0e9
Author: tracer-ysyx <tracer@ysyx.org>
Date:   Tue Aug 20 18:37:51 2024 +0800

    > run NEMU
    ysyx_100006503 杨鹏城
    Linux ypc 6.5.0-44-generic #44~22.04.1-Ubuntu SMP PREEMPT_DYNAMIC Tue Jun 18 14:36:16 UTC 2 x86_64 x86_64 x86_64 GNU/Linux
     18:37:51 up 1 day, 19:44,  1 user,  load average: 0.56, 0.80, 0.85

commit 197b01e33603111130bc20de447ec8917c113dde
Author: tracer-ysyx <tracer@ysyx.org>
Date:   Tue Aug 20 18:37:51 2024 +0800

    > compile NEMU
    ysyx_100006503 杨鹏城
    Linux ypc 6.5.0-44-generic #44~22.04.1-Ubuntu SMP PREEMPT_DYNAMIC Tue Jun 18 14:36:16 UTC 2 x86_64 x86_64 x86_64 GNU/Linux
     18:37:51 up 1 day, 19:44,  1 user,  load average: 0.56, 0.80, 0.85

commit 7384d59b20a8d25211f5f94684cfee4f4d2b5707
Author: tracer-ysyx <tracer@ysyx.org>
Date:   Tue Aug 20 18:37:32 2024 +0800

    > run NEMU
    ysyx_100006503 杨鹏城
    Linux ypc 6.5.0-44-generic #44~22.04.1-Ubuntu SMP PREEMPT_DYNAMIC Tue Jun 18 14:36:16 UTC 2 x86_64 x86_64 x86_64 GNU/Linux
     18:37:32 up 1 day, 19:43,  1 user,  load average: 0.78, 0.85, 0.87

commit b27c137cc9af8551fcea8ba71229c1993b4c9bee
Author: tracer-ysyx <tracer@ysyx.org>
Date:   Tue Aug 20 18:37:32 2024 +0800

    > compile NEMU
    ysyx_100006503 杨鹏城
    Linux ypc 6.5.0-44-generic #44~22.04.1-Ubuntu SMP PREEMPT_DYNAMIC Tue Jun 18 14:36:16 UTC 2 x86_64 x86_64 x86_64 GNU/Linux
     18:37:32 up 1 day, 19:43,  1 user,  load average: 0.78, 0.85, 0.87

commit 0bbb7c1ab67f1382abc1fbd63ed0a173f7f1c013
Author: tracer-ysyx <tracer@ysyx.org>
Date:   Tue Aug 20 18:37:16 2024 +0800

    > run NEMU
    ysyx_100006503 杨鹏城
    Linux ypc 6.5.0-44-generic #44~22.04.1-Ubuntu SMP PREEMPT_DYNAMIC Tue Jun 18 14:36:16 UTC 2 x86_64 x86_64 x86_64 GNU/Linux
     18:37:16 up 1 day, 19:43,  1 user,  load average: 0.81, 0.86, 0.87

commit b7634373027af8e237e4d206b404315af25609df
Author: tracer-ysyx <tracer@ysyx.org>
Date:   Tue Aug 20 18:37:16 2024 +0800

    > compile NEMU
    ysyx_100006503 杨鹏城
    Linux ypc 6.5.0-44-generic #44~22.04.1-Ubuntu SMP PREEMPT_DYNAMIC Tue Jun 18 14:36:16 UTC 2 x86_64 x86_64 x86_64 GNU/Linux
     18:37:16 up 1 day, 19:43,  1 user,  load average: 0.81, 0.86, 0.87

commit 9bec90fce3cff7b834a6ffe2bc58a900c3a6b426
Author: tracer-ysyx <tracer@ysyx.org>
Date:   Tue Aug 20 18:36:06 2024 +0800

    > run NEMU
    ysyx_100006503 杨鹏城
    Linux ypc 6.5.0-44-generic #44~22.04.1-Ubuntu SMP PREEMPT_DYNAMIC Tue Jun 18 14:36:16 UTC 2 x86_64 x86_64 x86_64 GNU/Linux
     18:36:06 up 1 day, 19:42,  1 user,  load average: 0.71, 0.88, 0.88

commit ce0d0b466f8aabc818278f2a92fe1b2edafba557
Author: tracer-ysyx <tracer@ysyx.org>
Date:   Tue Aug 20 18:36:06 2024 +0800

    > compile NEMU
    ysyx_100006503 杨鹏城
    Linux ypc 6.5.0-44-generic #44~22.04.1-Ubuntu SMP PREEMPT_DYNAMIC Tue Jun 18 14:36:16 UTC 2 x86_64 x86_64 x86_64 GNU/Linux
     18:36:06 up 1 day, 19:42,  1 user,  load average: 0.71, 0.88, 0.88

commit 413e40439580b32c6463c3c7a7989bfa8fdb8b61
Author: tracer-ysyx <tracer@ysyx.org>
Date:   Tue Aug 20 18:35:38 2024 +0800

    > run NEMU
    ysyx_100006503 杨鹏城
    Linux ypc 6.5.0-44-generic #44~22.04.1-Ubuntu SMP PREEMPT_DYNAMIC Tue Jun 18 14:36:16 UTC 2 x86_64 x86_64 x86_64 GNU/Linux
     18:35:38 up 1 day, 19:42,  1 user,  load average: 0.73, 0.90, 0.89

commit b844ee0292764fe9aa200811435bed00edb0cdad
Author: tracer-ysyx <tracer@ysyx.org>
Date:   Tue Aug 20 18:35:38 2024 +0800

    > compile NEMU
    ysyx_100006503 杨鹏城
    Linux ypc 6.5.0-44-generic #44~22.04.1-Ubuntu SMP PREEMPT_DYNAMIC Tue Jun 18 14:36:16 UTC 2 x86_64 x86_64 x86_64 GNU/Linux
     18:35:38 up 1 day, 19:42,  1 user,  load average: 0.73, 0.90, 0.89

commit 27431167feb2187a4d45e61119b3406b394f36c9
Author: tracer-ysyx <tracer@ysyx.org>
Date:   Tue Aug 20 18:35:02 2024 +0800

    > run NEMU
    ysyx_100006503 杨鹏城
    Linux ypc 6.5.0-44-generic #44~22.04.1-Ubuntu SMP PREEMPT_DYNAMIC Tue Jun 18 14:36:16 UTC 2 x86_64 x86_64 x86_64 GNU/Linux
     18:35:02 up 1 day, 19:41,  1 user,  load average: 0.90, 0.96, 0.91

commit 8deb89aa314bc5f6fffe176c1864e0965f3a4271
Author: tracer-ysyx <tracer@ysyx.org>
Date:   Tue Aug 20 18:35:02 2024 +0800

    > compile NEMU
    ysyx_100006503 杨鹏城
    Linux ypc 6.5.0-44-generic #44~22.04.1-Ubuntu SMP PREEMPT_DYNAMIC Tue Jun 18 14:36:16 UTC 2 x86_64 x86_64 x86_64 GNU/Linux
     18:35:02 up 1 day, 19:41,  1 user,  load average: 0.90, 0.96, 0.91

commit c978316b2ad96af09a21b6a9e6ef957a089d943a
Author: tracer-ysyx <tracer@ysyx.org>
Date:   Tue Aug 20 18:33:37 2024 +0800

    > run NEMU
    ysyx_100006503 杨鹏城
    Linux ypc 6.5.0-44-generic #44~22.04.1-Ubuntu SMP PREEMPT_DYNAMIC Tue Jun 18 14:36:16 UTC 2 x86_64 x86_64 x86_64 GNU/Linux
     18:33:37 up 1 day, 19:40,  1 user,  load average: 1.19, 1.04, 0.93

commit 62d00c09c093254453f6a38311fc133321e32ed6
Author: tracer-ysyx <tracer@ysyx.org>
Date:   Tue Aug 20 18:33:37 2024 +0800

    > compile NEMU
    ysyx_100006503 杨鹏城
    Linux ypc 6.5.0-44-generic #44~22.04.1-Ubuntu SMP PREEMPT_DYNAMIC Tue Jun 18 14:36:16 UTC 2 x86_64 x86_64 x86_64 GNU/Linux
     18:33:37 up 1 day, 19:40,  1 user,  load average: 1.19, 1.04, 0.93

commit 773a5858d29e4b7d244e54eaa330860f36f8fbc6
Author: tracer-ysyx <tracer@ysyx.org>
Date:   Tue Aug 20 18:31:57 2024 +0800

    > run NEMU
    ysyx_100006503 杨鹏城
    Linux ypc 6.5.0-44-generic #44~22.04.1-Ubuntu SMP PREEMPT_DYNAMIC Tue Jun 18 14:36:16 UTC 2 x86_64 x86_64 x86_64 GNU/Linux
     18:31:57 up 1 day, 19:38,  1 user,  load average: 0.97, 0.89, 0.87

commit 849a3eb17a7a14b7d37105ef50bb15bfaf836b37
Author: tracer-ysyx <tracer@ysyx.org>
Date:   Tue Aug 20 18:31:57 2024 +0800

    > compile NEMU
    ysyx_100006503 杨鹏城
    Linux ypc 6.5.0-44-generic #44~22.04.1-Ubuntu SMP PREEMPT_DYNAMIC Tue Jun 18 14:36:16 UTC 2 x86_64 x86_64 x86_64 GNU/Linux
     18:31:57 up 1 day, 19:38,  1 user,  load average: 0.97, 0.89, 0.87

commit 0c6e5dc9d8ec72277c81a27640699a6d831cbc03
Author: tracer-ysyx <tracer@ysyx.org>
Date:   Tue Aug 20 18:31:07 2024 +0800

    > run NEMU
    ysyx_100006503 杨鹏城
    Linux ypc 6.5.0-44-generic #44~22.04.1-Ubuntu SMP PREEMPT_DYNAMIC Tue Jun 18 14:36:16 UTC 2 x86_64 x86_64 x86_64 GNU/Linux
     18:31:07 up 1 day, 19:37,  1 user,  load average: 1.17, 0.93, 0.89

commit ad677897fbb87dc6c662d08d55bcffb50e2770f6
Author: tracer-ysyx <tracer@ysyx.org>
Date:   Tue Aug 20 18:31:07 2024 +0800

    > compile NEMU
    ysyx_100006503 杨鹏城
    Linux ypc 6.5.0-44-generic #44~22.04.1-Ubuntu SMP PREEMPT_DYNAMIC Tue Jun 18 14:36:16 UTC 2 x86_64 x86_64 x86_64 GNU/Linux
     18:31:07 up 1 day, 19:37,  1 user,  load average: 1.17, 0.93, 0.89

commit de01afb2a587c6d186e5a19fb999ec3d24c1fec1
Author: tracer-ysyx <tracer@ysyx.org>
Date:   Tue Aug 20 18:28:33 2024 +0800

    > run NEMU
    ysyx_100006503 杨鹏城
    Linux ypc 6.5.0-44-generic #44~22.04.1-Ubuntu SMP PREEMPT_DYNAMIC Tue Jun 18 14:36:16 UTC 2 x86_64 x86_64 x86_64 GNU/Linux
     18:28:33 up 1 day, 19:35,  1 user,  load average: 0.99, 0.88, 0.87

commit 16ba125239b84576ba1581450e8bac64f734722f
Author: tracer-ysyx <tracer@ysyx.org>
Date:   Tue Aug 20 18:28:33 2024 +0800

    > compile NEMU
    ysyx_100006503 杨鹏城
    Linux ypc 6.5.0-44-generic #44~22.04.1-Ubuntu SMP PREEMPT_DYNAMIC Tue Jun 18 14:36:16 UTC 2 x86_64 x86_64 x86_64 GNU/Linux
     18:28:33 up 1 day, 19:35,  1 user,  load average: 0.99, 0.88, 0.87

commit 79f1fb466e74f21812f4e271edeab7e8bd8a0085
Author: tracer-ysyx <tracer@ysyx.org>
Date:   Tue Aug 20 18:24:52 2024 +0800

    > run NEMU
    ysyx_100006503 杨鹏城
    Linux ypc 6.5.0-44-generic #44~22.04.1-Ubuntu SMP PREEMPT_DYNAMIC Tue Jun 18 14:36:16 UTC 2 x86_64 x86_64 x86_64 GNU/Linux
     18:24:52 up 1 day, 19:31,  1 user,  load average: 0.49, 0.74, 0.84

commit 6811b9e69a77afa906131a3a59d3ce7da074011a
Author: tracer-ysyx <tracer@ysyx.org>
Date:   Tue Aug 20 18:24:52 2024 +0800

    > compile NEMU
    ysyx_100006503 杨鹏城
    Linux ypc 6.5.0-44-generic #44~22.04.1-Ubuntu SMP PREEMPT_DYNAMIC Tue Jun 18 14:36:16 UTC 2 x86_64 x86_64 x86_64 GNU/Linux
     18:24:52 up 1 day, 19:31,  1 user,  load average: 0.49, 0.74, 0.84

commit 48ac22d8e5f94c751d824b4bcb4c6ac0e5963e7d
Author: tracer-ysyx <tracer@ysyx.org>
Date:   Tue Aug 20 18:24:15 2024 +0800

    > run NEMU
    ysyx_100006503 杨鹏城
    Linux ypc 6.5.0-44-generic #44~22.04.1-Ubuntu SMP PREEMPT_DYNAMIC Tue Jun 18 14:36:16 UTC 2 x86_64 x86_64 x86_64 GNU/Linux
     18:24:15 up 1 day, 19:30,  1 user,  load average: 0.69, 0.80, 0.86

commit 7ca693c588c892482b651bb9c6049f94bf7145a0
Author: tracer-ysyx <tracer@ysyx.org>
Date:   Tue Aug 20 18:24:15 2024 +0800

    > compile NEMU
    ysyx_100006503 杨鹏城
    Linux ypc 6.5.0-44-generic #44~22.04.1-Ubuntu SMP PREEMPT_DYNAMIC Tue Jun 18 14:36:16 UTC 2 x86_64 x86_64 x86_64 GNU/Linux
     18:24:15 up 1 day, 19:30,  1 user,  load average: 0.69, 0.80, 0.86

commit 7e527f5d4f9df83a6cd9377f44337ed2281370c1
Author: tracer-ysyx <tracer@ysyx.org>
Date:   Tue Aug 20 18:24:02 2024 +0800

    > run NEMU
    ysyx_100006503 杨鹏城
    Linux ypc 6.5.0-44-generic #44~22.04.1-Ubuntu SMP PREEMPT_DYNAMIC Tue Jun 18 14:36:16 UTC 2 x86_64 x86_64 x86_64 GNU/Linux
     18:24:02 up 1 day, 19:30,  1 user,  load average: 0.78, 0.82, 0.87

commit cb787f527e6ca2e904f38e873f048d96a26cd301
Author: tracer-ysyx <tracer@ysyx.org>
Date:   Tue Aug 20 18:24:01 2024 +0800

    > compile NEMU
    ysyx_100006503 杨鹏城
    Linux ypc 6.5.0-44-generic #44~22.04.1-Ubuntu SMP PREEMPT_DYNAMIC Tue Jun 18 14:36:16 UTC 2 x86_64 x86_64 x86_64 GNU/Linux
     18:24:01 up 1 day, 19:30,  1 user,  load average: 0.78, 0.82, 0.87

commit 66cfe2a7eb3cb2a5bd544455423f5eca8734e743
Author: tracer-ysyx <tracer@ysyx.org>
Date:   Tue Aug 20 18:19:00 2024 +0800

    > run NEMU
    ysyx_100006503 杨鹏城
    Linux ypc 6.5.0-44-generic #44~22.04.1-Ubuntu SMP PREEMPT_DYNAMIC Tue Jun 18 14:36:16 UTC 2 x86_64 x86_64 x86_64 GNU/Linux
     18:19:00 up 1 day, 19:25,  1 user,  load average: 1.00, 0.91, 0.90

commit 9a9ddc15fa8d1b17ba6f2730be046c2adf94a917
Author: tracer-ysyx <tracer@ysyx.org>
Date:   Tue Aug 20 18:19:00 2024 +0800

    > compile NEMU
    ysyx_100006503 杨鹏城
    Linux ypc 6.5.0-44-generic #44~22.04.1-Ubuntu SMP PREEMPT_DYNAMIC Tue Jun 18 14:36:16 UTC 2 x86_64 x86_64 x86_64 GNU/Linux
     18:19:00 up 1 day, 19:25,  1 user,  load average: 1.00, 0.91, 0.90

commit 765e31f0891dabcd8dbddf0dad04047f2486aac8
Author: tracer-ysyx <tracer@ysyx.org>
Date:   Tue Aug 20 18:11:44 2024 +0800

    > run NEMU
    ysyx_100006503 杨鹏城
    Linux ypc 6.5.0-44-generic #44~22.04.1-Ubuntu SMP PREEMPT_DYNAMIC Tue Jun 18 14:36:16 UTC 2 x86_64 x86_64 x86_64 GNU/Linux
     18:11:44 up 1 day, 19:18,  1 user,  load average: 0.78, 0.95, 0.91

commit a003fbb447c40b6a8355bac550ea6beb7276bccc
Author: tracer-ysyx <tracer@ysyx.org>
Date:   Tue Aug 20 18:11:44 2024 +0800

    > compile NEMU
    ysyx_100006503 杨鹏城
    Linux ypc 6.5.0-44-generic #44~22.04.1-Ubuntu SMP PREEMPT_DYNAMIC Tue Jun 18 14:36:16 UTC 2 x86_64 x86_64 x86_64 GNU/Linux
     18:11:44 up 1 day, 19:18,  1 user,  load average: 0.78, 0.95, 0.91

commit e07dd495bdd9df8fe72faad1e1d10c11e11ab6c7
Author: tracer-ysyx <tracer@ysyx.org>
Date:   Tue Aug 20 18:10:30 2024 +0800

    > run NEMU
    ysyx_100006503 杨鹏城
    Linux ypc 6.5.0-44-generic #44~22.04.1-Ubuntu SMP PREEMPT_DYNAMIC Tue Jun 18 14:36:16 UTC 2 x86_64 x86_64 x86_64 GNU/Linux
     18:10:30 up 1 day, 19:16,  1 user,  load average: 0.92, 1.02, 0.94

commit ee34cdd545a707ded2f89586b8b405b401ce8449
Author: tracer-ysyx <tracer@ysyx.org>
Date:   Tue Aug 20 18:10:30 2024 +0800

    > compile NEMU
    ysyx_100006503 杨鹏城
    Linux ypc 6.5.0-44-generic #44~22.04.1-Ubuntu SMP PREEMPT_DYNAMIC Tue Jun 18 14:36:16 UTC 2 x86_64 x86_64 x86_64 GNU/Linux
     18:10:30 up 1 day, 19:16,  1 user,  load average: 0.92, 1.02, 0.94

commit 26b82be5ee47354cec8d30be9a61b59711365e08
Author: tracer-ysyx <tracer@ysyx.org>
Date:   Tue Aug 20 18:10:14 2024 +0800

    > run NEMU
    ysyx_100006503 杨鹏城
    Linux ypc 6.5.0-44-generic #44~22.04.1-Ubuntu SMP PREEMPT_DYNAMIC Tue Jun 18 14:36:16 UTC 2 x86_64 x86_64 x86_64 GNU/Linux
     18:10:14 up 1 day, 19:16,  1 user,  load average: 0.84, 1.01, 0.93

commit db041cd83f7d5fecaf6bb0631528158d0ec9c304
Author: tracer-ysyx <tracer@ysyx.org>
Date:   Tue Aug 20 18:10:14 2024 +0800

    > compile NEMU
    ysyx_100006503 杨鹏城
    Linux ypc 6.5.0-44-generic #44~22.04.1-Ubuntu SMP PREEMPT_DYNAMIC Tue Jun 18 14:36:16 UTC 2 x86_64 x86_64 x86_64 GNU/Linux
     18:10:14 up 1 day, 19:16,  1 user,  load average: 0.84, 1.01, 0.93

commit 07699f099a9ae9b3a34cba93035c144f3dd577d2
Author: tracer-ysyx <tracer@ysyx.org>
Date:   Tue Aug 20 18:02:41 2024 +0800

    > run NEMU
    ysyx_100006503 杨鹏城
    Linux ypc 6.5.0-44-generic #44~22.04.1-Ubuntu SMP PREEMPT_DYNAMIC Tue Jun 18 14:36:16 UTC 2 x86_64 x86_64 x86_64 GNU/Linux
     18:02:41 up 1 day, 19:09,  1 user,  load average: 0.81, 0.89, 0.86

commit 79ba1c9b5fdfb9b80f99c6a8a42cb0285c8208f5
Author: tracer-ysyx <tracer@ysyx.org>
Date:   Tue Aug 20 18:02:41 2024 +0800

    > compile NEMU
    ysyx_100006503 杨鹏城
    Linux ypc 6.5.0-44-generic #44~22.04.1-Ubuntu SMP PREEMPT_DYNAMIC Tue Jun 18 14:36:16 UTC 2 x86_64 x86_64 x86_64 GNU/Linux
     18:02:41 up 1 day, 19:09,  1 user,  load average: 0.81, 0.89, 0.86

commit 66f26d950663bc7b190cb8825974bf68838823a5
Author: tracer-ysyx <tracer@ysyx.org>
Date:   Tue Aug 20 18:02:13 2024 +0800

    > run NEMU
    ysyx_100006503 杨鹏城
    Linux ypc 6.5.0-44-generic #44~22.04.1-Ubuntu SMP PREEMPT_DYNAMIC Tue Jun 18 14:36:16 UTC 2 x86_64 x86_64 x86_64 GNU/Linux
     18:02:13 up 1 day, 19:08,  1 user,  load average: 0.88, 0.90, 0.86

commit 7d36fb88653a87fa7ea347eb4641452cc0fc6e80
Author: tracer-ysyx <tracer@ysyx.org>
Date:   Tue Aug 20 18:02:13 2024 +0800

    > compile NEMU
    ysyx_100006503 杨鹏城
    Linux ypc 6.5.0-44-generic #44~22.04.1-Ubuntu SMP PREEMPT_DYNAMIC Tue Jun 18 14:36:16 UTC 2 x86_64 x86_64 x86_64 GNU/Linux
     18:02:13 up 1 day, 19:08,  1 user,  load average: 0.88, 0.90, 0.86

commit 31c03245cb670fe787b07cc9ebabed4ca9747f36
Author: tracer-ysyx <tracer@ysyx.org>
Date:   Tue Aug 20 18:01:58 2024 +0800

    > run NEMU
    ysyx_100006503 杨鹏城
    Linux ypc 6.5.0-44-generic #44~22.04.1-Ubuntu SMP PREEMPT_DYNAMIC Tue Jun 18 14:36:16 UTC 2 x86_64 x86_64 x86_64 GNU/Linux
     18:01:58 up 1 day, 19:08,  1 user,  load average: 0.94, 0.91, 0.87

commit d085b969161da85558116db5d7389606ef6462fb
Author: tracer-ysyx <tracer@ysyx.org>
Date:   Tue Aug 20 18:01:58 2024 +0800

    > compile NEMU
    ysyx_100006503 杨鹏城
    Linux ypc 6.5.0-44-generic #44~22.04.1-Ubuntu SMP PREEMPT_DYNAMIC Tue Jun 18 14:36:16 UTC 2 x86_64 x86_64 x86_64 GNU/Linux
     18:01:58 up 1 day, 19:08,  1 user,  load average: 0.94, 0.91, 0.87

commit 09fe07c85b652be90ca450a7938759d19a2a3499
Author: tracer-ysyx <tracer@ysyx.org>
Date:   Tue Aug 20 18:01:35 2024 +0800

    > run NEMU
    ysyx_100006503 杨鹏城
    Linux ypc 6.5.0-44-generic #44~22.04.1-Ubuntu SMP PREEMPT_DYNAMIC Tue Jun 18 14:36:16 UTC 2 x86_64 x86_64 x86_64 GNU/Linux
     18:01:35 up 1 day, 19:08,  1 user,  load average: 1.21, 0.95, 0.88

commit 2234739da54df94c95818a6662a5b2489b1a8049
Author: tracer-ysyx <tracer@ysyx.org>
Date:   Tue Aug 20 18:01:35 2024 +0800

    > compile NEMU
    ysyx_100006503 杨鹏城
    Linux ypc 6.5.0-44-generic #44~22.04.1-Ubuntu SMP PREEMPT_DYNAMIC Tue Jun 18 14:36:16 UTC 2 x86_64 x86_64 x86_64 GNU/Linux
     18:01:35 up 1 day, 19:08,  1 user,  load average: 1.21, 0.95, 0.88

commit 8aa452fd9136ecc603cb9aa16ea7457ba6a6e761
Author: tracer-ysyx <tracer@ysyx.org>
Date:   Tue Aug 20 17:59:29 2024 +0800

    > run NEMU
    ysyx_100006503 杨鹏城
    Linux ypc 6.5.0-44-generic #44~22.04.1-Ubuntu SMP PREEMPT_DYNAMIC Tue Jun 18 14:36:16 UTC 2 x86_64 x86_64 x86_64 GNU/Linux
     17:59:29 up 1 day, 19:05,  1 user,  load average: 0.98, 0.88, 0.85

commit da270af8608611b4dfc30a87ac448ba56482a9b3
Author: tracer-ysyx <tracer@ysyx.org>
Date:   Tue Aug 20 17:59:29 2024 +0800

    > compile NEMU
    ysyx_100006503 杨鹏城
    Linux ypc 6.5.0-44-generic #44~22.04.1-Ubuntu SMP PREEMPT_DYNAMIC Tue Jun 18 14:36:16 UTC 2 x86_64 x86_64 x86_64 GNU/Linux
     17:59:29 up 1 day, 19:05,  1 user,  load average: 0.98, 0.88, 0.85

commit 509cef030591d21ebd90d3a659669dd8b42c620f
Author: tracer-ysyx <tracer@ysyx.org>
Date:   Tue Aug 20 17:57:51 2024 +0800

    > run NEMU
    ysyx_100006503 杨鹏城
    Linux ypc 6.5.0-44-generic #44~22.04.1-Ubuntu SMP PREEMPT_DYNAMIC Tue Jun 18 14:36:16 UTC 2 x86_64 x86_64 x86_64 GNU/Linux
     17:57:51 up 1 day, 19:04,  1 user,  load average: 1.14, 0.90, 0.86

commit 78ec754841f6d5b724cd7c639f4ea4a815a38433
Author: tracer-ysyx <tracer@ysyx.org>
Date:   Tue Aug 20 17:57:51 2024 +0800

    > compile NEMU
    ysyx_100006503 杨鹏城
    Linux ypc 6.5.0-44-generic #44~22.04.1-Ubuntu SMP PREEMPT_DYNAMIC Tue Jun 18 14:36:16 UTC 2 x86_64 x86_64 x86_64 GNU/Linux
     17:57:51 up 1 day, 19:04,  1 user,  load average: 1.14, 0.90, 0.86

commit 4fc1f1a84fae461946597bcd588fe5043b20f12f
Author: tracer-ysyx <tracer@ysyx.org>
Date:   Tue Aug 20 17:56:33 2024 +0800

    > run NEMU
    ysyx_100006503 杨鹏城
    Linux ypc 6.5.0-44-generic #44~22.04.1-Ubuntu SMP PREEMPT_DYNAMIC Tue Jun 18 14:36:16 UTC 2 x86_64 x86_64 x86_64 GNU/Linux
     17:56:33 up 1 day, 19:02,  1 user,  load average: 1.04, 0.83, 0.84

commit 2cdfb983febc1573cc2a7405920d212277a56923
Author: tracer-ysyx <tracer@ysyx.org>
Date:   Tue Aug 20 17:56:33 2024 +0800

    > compile NEMU
    ysyx_100006503 杨鹏城
    Linux ypc 6.5.0-44-generic #44~22.04.1-Ubuntu SMP PREEMPT_DYNAMIC Tue Jun 18 14:36:16 UTC 2 x86_64 x86_64 x86_64 GNU/Linux
     17:56:33 up 1 day, 19:02,  1 user,  load average: 1.04, 0.83, 0.84

commit 8ed4fa4347a4a7d512a8df8d716cc8ee88f02c93
Author: tracer-ysyx <tracer@ysyx.org>
Date:   Tue Aug 20 17:55:29 2024 +0800

    > run NEMU
    ysyx_100006503 杨鹏城
    Linux ypc 6.5.0-44-generic #44~22.04.1-Ubuntu SMP PREEMPT_DYNAMIC Tue Jun 18 14:36:16 UTC 2 x86_64 x86_64 x86_64 GNU/Linux
     17:55:29 up 1 day, 19:01,  1 user,  load average: 0.92, 0.77, 0.83

commit 9afde94a4da91a0ad7f2aae15091bc033ba37027
Author: tracer-ysyx <tracer@ysyx.org>
Date:   Tue Aug 20 17:55:29 2024 +0800

    > compile NEMU
    ysyx_100006503 杨鹏城
    Linux ypc 6.5.0-44-generic #44~22.04.1-Ubuntu SMP PREEMPT_DYNAMIC Tue Jun 18 14:36:16 UTC 2 x86_64 x86_64 x86_64 GNU/Linux
     17:55:29 up 1 day, 19:01,  1 user,  load average: 0.92, 0.77, 0.83

commit 7262bf7cd01f0d774dfa3d11488cb4483473e5c1
Author: tracer-ysyx <tracer@ysyx.org>
Date:   Tue Aug 20 17:54:35 2024 +0800

    > run NEMU
    ysyx_100006503 杨鹏城
    Linux ypc 6.5.0-44-generic #44~22.04.1-Ubuntu SMP PREEMPT_DYNAMIC Tue Jun 18 14:36:16 UTC 2 x86_64 x86_64 x86_64 GNU/Linux
     17:54:35 up 1 day, 19:01,  1 user,  load average: 0.45, 0.69, 0.80

commit ab1ef6ceb9ed3ef00e57a73501e37f873d1f42a4
Author: tracer-ysyx <tracer@ysyx.org>
Date:   Tue Aug 20 17:54:35 2024 +0800

    > compile NEMU
    ysyx_100006503 杨鹏城
    Linux ypc 6.5.0-44-generic #44~22.04.1-Ubuntu SMP PREEMPT_DYNAMIC Tue Jun 18 14:36:16 UTC 2 x86_64 x86_64 x86_64 GNU/Linux
     17:54:35 up 1 day, 19:01,  1 user,  load average: 0.45, 0.69, 0.80

commit f8ad1d5eb0d212a9664582a8e4f4b66810264bb8
Author: tracer-ysyx <tracer@ysyx.org>
Date:   Tue Aug 20 17:53:41 2024 +0800

    > run NEMU
    ysyx_100006503 杨鹏城
    Linux ypc 6.5.0-44-generic #44~22.04.1-Ubuntu SMP PREEMPT_DYNAMIC Tue Jun 18 14:36:16 UTC 2 x86_64 x86_64 x86_64 GNU/Linux
     17:53:41 up 1 day, 19:00,  1 user,  load average: 0.50, 0.72, 0.82

commit 8d41232539074f4ea9583cd8d8b22385611d3068
Author: tracer-ysyx <tracer@ysyx.org>
Date:   Tue Aug 20 17:53:41 2024 +0800

    > compile NEMU
    ysyx_100006503 杨鹏城
    Linux ypc 6.5.0-44-generic #44~22.04.1-Ubuntu SMP PREEMPT_DYNAMIC Tue Jun 18 14:36:16 UTC 2 x86_64 x86_64 x86_64 GNU/Linux
     17:53:41 up 1 day, 19:00,  1 user,  load average: 0.50, 0.72, 0.82

commit ebe0005d3f7f71235e5ac530bfc0d7358733d4e4
Author: tracer-ysyx <tracer@ysyx.org>
Date:   Tue Aug 20 17:50:57 2024 +0800

    > run NEMU
    ysyx_100006503 杨鹏城
    Linux ypc 6.5.0-44-generic #44~22.04.1-Ubuntu SMP PREEMPT_DYNAMIC Tue Jun 18 14:36:16 UTC 2 x86_64 x86_64 x86_64 GNU/Linux
     17:50:57 up 1 day, 18:57,  1 user,  load average: 1.16, 0.94, 0.90

commit ab83bf460e4804dd856294d745f9fdf3efae6c0f
Author: tracer-ysyx <tracer@ysyx.org>
Date:   Tue Aug 20 17:50:57 2024 +0800

    > compile NEMU
    ysyx_100006503 杨鹏城
    Linux ypc 6.5.0-44-generic #44~22.04.1-Ubuntu SMP PREEMPT_DYNAMIC Tue Jun 18 14:36:16 UTC 2 x86_64 x86_64 x86_64 GNU/Linux
     17:50:57 up 1 day, 18:57,  1 user,  load average: 1.16, 0.94, 0.90

commit 0ebcde598ab1d09fa4e346652639249f769aa851
Author: tracer-ysyx <tracer@ysyx.org>
Date:   Tue Aug 20 17:50:18 2024 +0800

    > run NEMU
    ysyx_100006503 杨鹏城
    Linux ypc 6.5.0-44-generic #44~22.04.1-Ubuntu SMP PREEMPT_DYNAMIC Tue Jun 18 14:36:16 UTC 2 x86_64 x86_64 x86_64 GNU/Linux
     17:50:18 up 1 day, 18:56,  1 user,  load average: 0.81, 0.86, 0.88

commit 5c23aebbdd8f048466d513bed77974645643a7df
Author: tracer-ysyx <tracer@ysyx.org>
Date:   Tue Aug 20 17:50:18 2024 +0800

    > compile NEMU
    ysyx_100006503 杨鹏城
    Linux ypc 6.5.0-44-generic #44~22.04.1-Ubuntu SMP PREEMPT_DYNAMIC Tue Jun 18 14:36:16 UTC 2 x86_64 x86_64 x86_64 GNU/Linux
     17:50:18 up 1 day, 18:56,  1 user,  load average: 0.81, 0.86, 0.88

commit 4413a65d770866d636111956595d249fbb679e42
Author: tracer-ysyx <tracer@ysyx.org>
Date:   Tue Aug 20 17:48:40 2024 +0800

    > run NEMU
    ysyx_100006503 杨鹏城
    Linux ypc 6.5.0-44-generic #44~22.04.1-Ubuntu SMP PREEMPT_DYNAMIC Tue Jun 18 14:36:16 UTC 2 x86_64 x86_64 x86_64 GNU/Linux
     17:48:40 up 1 day, 18:55,  1 user,  load average: 0.84, 0.86, 0.87

commit 7b2a83ebe890291e54c7562e66960387df8e8138
Author: tracer-ysyx <tracer@ysyx.org>
Date:   Tue Aug 20 17:48:40 2024 +0800

    > compile NEMU
    ysyx_100006503 杨鹏城
    Linux ypc 6.5.0-44-generic #44~22.04.1-Ubuntu SMP PREEMPT_DYNAMIC Tue Jun 18 14:36:16 UTC 2 x86_64 x86_64 x86_64 GNU/Linux
     17:48:40 up 1 day, 18:55,  1 user,  load average: 0.84, 0.86, 0.87

commit 708b5b3b9832335b59cc76bca8f927cb94886450
Author: tracer-ysyx <tracer@ysyx.org>
Date:   Tue Aug 20 17:47:07 2024 +0800

    > run NEMU
    ysyx_100006503 杨鹏城
    Linux ypc 6.5.0-44-generic #44~22.04.1-Ubuntu SMP PREEMPT_DYNAMIC Tue Jun 18 14:36:16 UTC 2 x86_64 x86_64 x86_64 GNU/Linux
     17:47:07 up 1 day, 18:53,  1 user,  load average: 1.01, 0.91, 0.89

commit 76053583a101ba86f3b468d8afdbbef8b99bfae0
Author: tracer-ysyx <tracer@ysyx.org>
Date:   Tue Aug 20 17:47:07 2024 +0800

    > compile NEMU
    ysyx_100006503 杨鹏城
    Linux ypc 6.5.0-44-generic #44~22.04.1-Ubuntu SMP PREEMPT_DYNAMIC Tue Jun 18 14:36:16 UTC 2 x86_64 x86_64 x86_64 GNU/Linux
     17:47:07 up 1 day, 18:53,  1 user,  load average: 1.01, 0.91, 0.89

commit c5b342d38410081a7c146acd9c07a8fb3840f660
Author: tracer-ysyx <tracer@ysyx.org>
Date:   Tue Aug 20 17:46:23 2024 +0800

    > run NEMU
    ysyx_100006503 杨鹏城
    Linux ypc 6.5.0-44-generic #44~22.04.1-Ubuntu SMP PREEMPT_DYNAMIC Tue Jun 18 14:36:16 UTC 2 x86_64 x86_64 x86_64 GNU/Linux
     17:46:23 up 1 day, 18:52,  1 user,  load average: 1.24, 0.93, 0.89

commit e8a006fc3e74d7e2c4b29dafb2ab569c4586124e
Author: tracer-ysyx <tracer@ysyx.org>
Date:   Tue Aug 20 17:46:23 2024 +0800

    > compile NEMU
    ysyx_100006503 杨鹏城
    Linux ypc 6.5.0-44-generic #44~22.04.1-Ubuntu SMP PREEMPT_DYNAMIC Tue Jun 18 14:36:16 UTC 2 x86_64 x86_64 x86_64 GNU/Linux
     17:46:23 up 1 day, 18:52,  1 user,  load average: 1.24, 0.93, 0.89

commit f9c92f47a2c4dbf408f43f5d33e1a2d4eaa9092d
Author: tracer-ysyx <tracer@ysyx.org>
Date:   Tue Aug 20 17:45:48 2024 +0800

    > run NEMU
    ysyx_100006503 杨鹏城
    Linux ypc 6.5.0-44-generic #44~22.04.1-Ubuntu SMP PREEMPT_DYNAMIC Tue Jun 18 14:36:16 UTC 2 x86_64 x86_64 x86_64 GNU/Linux
     17:45:48 up 1 day, 18:52,  1 user,  load average: 0.97, 0.84, 0.87

commit 0c0c07dd62398bcdd99b4337c0b1a0c520af1b2b
Author: tracer-ysyx <tracer@ysyx.org>
Date:   Tue Aug 20 17:45:48 2024 +0800

    > compile NEMU
    ysyx_100006503 杨鹏城
    Linux ypc 6.5.0-44-generic #44~22.04.1-Ubuntu SMP PREEMPT_DYNAMIC Tue Jun 18 14:36:16 UTC 2 x86_64 x86_64 x86_64 GNU/Linux
     17:45:48 up 1 day, 18:52,  1 user,  load average: 0.97, 0.84, 0.87

commit c63743df48aeab4acefaf21548f5e6e48d021ba7
Author: tracer-ysyx <tracer@ysyx.org>
Date:   Tue Aug 20 17:44:09 2024 +0800

    > run NEMU
    ysyx_100006503 杨鹏城
    Linux ypc 6.5.0-44-generic #44~22.04.1-Ubuntu SMP PREEMPT_DYNAMIC Tue Jun 18 14:36:16 UTC 2 x86_64 x86_64 x86_64 GNU/Linux
     17:44:09 up 1 day, 18:50,  1 user,  load average: 0.64, 0.84, 0.88

commit 67fcc16940bec7a5cbee9c04bf7cc1599e2f31d1
Author: tracer-ysyx <tracer@ysyx.org>
Date:   Tue Aug 20 17:44:09 2024 +0800

    > compile NEMU
    ysyx_100006503 杨鹏城
    Linux ypc 6.5.0-44-generic #44~22.04.1-Ubuntu SMP PREEMPT_DYNAMIC Tue Jun 18 14:36:16 UTC 2 x86_64 x86_64 x86_64 GNU/Linux
     17:44:09 up 1 day, 18:50,  1 user,  load average: 0.64, 0.84, 0.88

commit bcea1451b5b5e9376bc3f4b83e77e5add2b1bd00
Author: tracer-ysyx <tracer@ysyx.org>
Date:   Tue Aug 20 17:39:18 2024 +0800

    > run NEMU
    ysyx_100006503 杨鹏城
    Linux ypc 6.5.0-44-generic #44~22.04.1-Ubuntu SMP PREEMPT_DYNAMIC Tue Jun 18 14:36:16 UTC 2 x86_64 x86_64 x86_64 GNU/Linux
     17:39:18 up 1 day, 18:45,  1 user,  load average: 0.81, 0.95, 0.90

commit 6880834b411c6b54deb606cb91fb9cf5f8bc71bc
Author: tracer-ysyx <tracer@ysyx.org>
Date:   Tue Aug 20 17:39:18 2024 +0800

    > compile NEMU
    ysyx_100006503 杨鹏城
    Linux ypc 6.5.0-44-generic #44~22.04.1-Ubuntu SMP PREEMPT_DYNAMIC Tue Jun 18 14:36:16 UTC 2 x86_64 x86_64 x86_64 GNU/Linux
     17:39:18 up 1 day, 18:45,  1 user,  load average: 0.81, 0.95, 0.90

commit 043b5cdc3aeabf6b7be39683f119011a05228e2c
Author: tracer-ysyx <tracer@ysyx.org>
Date:   Tue Aug 20 17:37:39 2024 +0800

    > run NEMU
    ysyx_100006503 杨鹏城
    Linux ypc 6.5.0-44-generic #44~22.04.1-Ubuntu SMP PREEMPT_DYNAMIC Tue Jun 18 14:36:16 UTC 2 x86_64 x86_64 x86_64 GNU/Linux
     17:37:39 up 1 day, 18:44,  1 user,  load average: 1.31, 1.00, 0.90

commit 9fc6540b2e02623e0cb2e54fc2d675fa2b0062c6
Author: tracer-ysyx <tracer@ysyx.org>
Date:   Tue Aug 20 17:37:39 2024 +0800

    > compile NEMU
    ysyx_100006503 杨鹏城
    Linux ypc 6.5.0-44-generic #44~22.04.1-Ubuntu SMP PREEMPT_DYNAMIC Tue Jun 18 14:36:16 UTC 2 x86_64 x86_64 x86_64 GNU/Linux
     17:37:39 up 1 day, 18:44,  1 user,  load average: 1.31, 1.00, 0.90

commit e8e7141a82d0d21f859cd7ae1cced709eb3aaa90
Author: tracer-ysyx <tracer@ysyx.org>
Date:   Tue Aug 20 17:36:17 2024 +0800

    > run NEMU
    ysyx_100006503 杨鹏城
    Linux ypc 6.5.0-44-generic #44~22.04.1-Ubuntu SMP PREEMPT_DYNAMIC Tue Jun 18 14:36:16 UTC 2 x86_64 x86_64 x86_64 GNU/Linux
     17:36:17 up 1 day, 18:42,  1 user,  load average: 1.35, 0.92, 0.87

commit 7de3a5331060d8038cb23716b0229644614435fe
Author: tracer-ysyx <tracer@ysyx.org>
Date:   Tue Aug 20 17:36:17 2024 +0800

    > compile NEMU
    ysyx_100006503 杨鹏城
    Linux ypc 6.5.0-44-generic #44~22.04.1-Ubuntu SMP PREEMPT_DYNAMIC Tue Jun 18 14:36:16 UTC 2 x86_64 x86_64 x86_64 GNU/Linux
     17:36:17 up 1 day, 18:42,  1 user,  load average: 1.35, 0.92, 0.87

commit 27867027bd51b0c1867928bb885c6fc739d3a3c5
Author: tracer-ysyx <tracer@ysyx.org>
Date:   Tue Aug 20 17:33:41 2024 +0800

    > run NEMU
    ysyx_100006503 杨鹏城
    Linux ypc 6.5.0-44-generic #44~22.04.1-Ubuntu SMP PREEMPT_DYNAMIC Tue Jun 18 14:36:16 UTC 2 x86_64 x86_64 x86_64 GNU/Linux
     17:33:41 up 1 day, 18:40,  1 user,  load average: 0.62, 0.72, 0.81

commit d30b349446b6e3e65f531fa2161e6f1138c840d6
Author: tracer-ysyx <tracer@ysyx.org>
Date:   Tue Aug 20 17:33:41 2024 +0800

    > compile NEMU
    ysyx_100006503 杨鹏城
    Linux ypc 6.5.0-44-generic #44~22.04.1-Ubuntu SMP PREEMPT_DYNAMIC Tue Jun 18 14:36:16 UTC 2 x86_64 x86_64 x86_64 GNU/Linux
     17:33:41 up 1 day, 18:40,  1 user,  load average: 0.62, 0.72, 0.81

commit fe6dc2339f1df603faf0ec68c807b781dff47a7e
Author: tracer-ysyx <tracer@ysyx.org>
Date:   Tue Aug 20 17:29:50 2024 +0800

    > run NEMU
    ysyx_100006503 杨鹏城
    Linux ypc 6.5.0-44-generic #44~22.04.1-Ubuntu SMP PREEMPT_DYNAMIC Tue Jun 18 14:36:16 UTC 2 x86_64 x86_64 x86_64 GNU/Linux
     17:29:50 up 1 day, 18:36,  1 user,  load average: 0.84, 0.88, 0.88

commit 4cb18a9cda5ccf51326954269890e69d5bc9a600
Author: tracer-ysyx <tracer@ysyx.org>
Date:   Tue Aug 20 17:29:50 2024 +0800

    > compile NEMU
    ysyx_100006503 杨鹏城
    Linux ypc 6.5.0-44-generic #44~22.04.1-Ubuntu SMP PREEMPT_DYNAMIC Tue Jun 18 14:36:16 UTC 2 x86_64 x86_64 x86_64 GNU/Linux
     17:29:50 up 1 day, 18:36,  1 user,  load average: 0.84, 0.88, 0.88

commit 89cb98b9592238be60648b4565b1f07216894534
Author: tracer-ysyx <tracer@ysyx.org>
Date:   Tue Aug 20 17:28:42 2024 +0800

    > run NEMU
    ysyx_100006503 杨鹏城
    Linux ypc 6.5.0-44-generic #44~22.04.1-Ubuntu SMP PREEMPT_DYNAMIC Tue Jun 18 14:36:16 UTC 2 x86_64 x86_64 x86_64 GNU/Linux
     17:28:42 up 1 day, 18:35,  1 user,  load average: 0.88, 0.88, 0.88

commit 9be2544121503ebf26b7a9a77fd8b032fd5a1992
Author: tracer-ysyx <tracer@ysyx.org>
Date:   Tue Aug 20 17:28:42 2024 +0800

    > compile NEMU
    ysyx_100006503 杨鹏城
    Linux ypc 6.5.0-44-generic #44~22.04.1-Ubuntu SMP PREEMPT_DYNAMIC Tue Jun 18 14:36:16 UTC 2 x86_64 x86_64 x86_64 GNU/Linux
     17:28:42 up 1 day, 18:35,  1 user,  load average: 0.88, 0.88, 0.88

commit 8ce80c8634590cc186a5611996fdd0edc078947d
Author: tracer-ysyx <tracer@ysyx.org>
Date:   Tue Aug 20 17:27:07 2024 +0800

    > run NEMU
    ysyx_100006503 杨鹏城
    Linux ypc 6.5.0-44-generic #44~22.04.1-Ubuntu SMP PREEMPT_DYNAMIC Tue Jun 18 14:36:16 UTC 2 x86_64 x86_64 x86_64 GNU/Linux
     17:27:07 up 1 day, 18:33,  1 user,  load average: 1.13, 0.97, 0.91

commit 3c0e505fec369ecc0ebe2fb7bf69f7dc89cd0510
Author: tracer-ysyx <tracer@ysyx.org>
Date:   Tue Aug 20 17:27:07 2024 +0800

    > compile NEMU
    ysyx_100006503 杨鹏城
    Linux ypc 6.5.0-44-generic #44~22.04.1-Ubuntu SMP PREEMPT_DYNAMIC Tue Jun 18 14:36:16 UTC 2 x86_64 x86_64 x86_64 GNU/Linux
     17:27:07 up 1 day, 18:33,  1 user,  load average: 1.13, 0.97, 0.91

commit 8deab9515c15c1892b15356fc6acf646f74874bf
Author: tracer-ysyx <tracer@ysyx.org>
Date:   Tue Aug 20 17:26:28 2024 +0800

    > run NEMU
    ysyx_100006503 杨鹏城
    Linux ypc 6.5.0-44-generic #44~22.04.1-Ubuntu SMP PREEMPT_DYNAMIC Tue Jun 18 14:36:16 UTC 2 x86_64 x86_64 x86_64 GNU/Linux
     17:26:28 up 1 day, 18:32,  1 user,  load average: 1.16, 0.97, 0.91

commit c13667014402e7ccf86963b744ce30373b16bd29
Author: tracer-ysyx <tracer@ysyx.org>
Date:   Tue Aug 20 17:26:28 2024 +0800

    > compile NEMU
    ysyx_100006503 杨鹏城
    Linux ypc 6.5.0-44-generic #44~22.04.1-Ubuntu SMP PREEMPT_DYNAMIC Tue Jun 18 14:36:16 UTC 2 x86_64 x86_64 x86_64 GNU/Linux
     17:26:28 up 1 day, 18:32,  1 user,  load average: 1.16, 0.97, 0.91

commit 4ed766bb555c4fbca6cb099a82add0aaa368aa28
Author: tracer-ysyx <tracer@ysyx.org>
Date:   Tue Aug 20 17:25:47 2024 +0800

    > run NEMU
    ysyx_100006503 杨鹏城
    Linux ypc 6.5.0-44-generic #44~22.04.1-Ubuntu SMP PREEMPT_DYNAMIC Tue Jun 18 14:36:16 UTC 2 x86_64 x86_64 x86_64 GNU/Linux
     17:25:47 up 1 day, 18:32,  1 user,  load average: 1.33, 0.97, 0.91

commit a6467adaa4cb213e1970f99638e1715653a16d5b
Author: tracer-ysyx <tracer@ysyx.org>
Date:   Tue Aug 20 17:25:46 2024 +0800

    > compile NEMU
    ysyx_100006503 杨鹏城
    Linux ypc 6.5.0-44-generic #44~22.04.1-Ubuntu SMP PREEMPT_DYNAMIC Tue Jun 18 14:36:16 UTC 2 x86_64 x86_64 x86_64 GNU/Linux
     17:25:46 up 1 day, 18:32,  1 user,  load average: 1.33, 0.97, 0.91

commit 28ee5f6808b6db4b9302dc7f7e75797f1e4dbf58
Author: tracer-ysyx <tracer@ysyx.org>
Date:   Tue Aug 20 17:24:35 2024 +0800

    > run NEMU
    ysyx_100006503 杨鹏城
    Linux ypc 6.5.0-44-generic #44~22.04.1-Ubuntu SMP PREEMPT_DYNAMIC Tue Jun 18 14:36:16 UTC 2 x86_64 x86_64 x86_64 GNU/Linux
     17:24:35 up 1 day, 18:31,  1 user,  load average: 0.94, 0.92, 0.89

commit 835aec2f36d9c84067738dc8244664a611b843ec
Author: tracer-ysyx <tracer@ysyx.org>
Date:   Tue Aug 20 17:24:35 2024 +0800

    > compile NEMU
    ysyx_100006503 杨鹏城
    Linux ypc 6.5.0-44-generic #44~22.04.1-Ubuntu SMP PREEMPT_DYNAMIC Tue Jun 18 14:36:16 UTC 2 x86_64 x86_64 x86_64 GNU/Linux
     17:24:35 up 1 day, 18:31,  1 user,  load average: 0.94, 0.92, 0.89

commit 08185c2f2c8c965377ff064795d59e8c46ba9c5a
Author: tracer-ysyx <tracer@ysyx.org>
Date:   Tue Aug 20 17:22:11 2024 +0800

    > run NEMU
    ysyx_100006503 杨鹏城
    Linux ypc 6.5.0-44-generic #44~22.04.1-Ubuntu SMP PREEMPT_DYNAMIC Tue Jun 18 14:36:16 UTC 2 x86_64 x86_64 x86_64 GNU/Linux
     17:22:11 up 1 day, 18:28,  1 user,  load average: 1.09, 0.93, 0.89

commit 6fbad477777bd6a0fb9da84f4413b0088f3fba12
Author: tracer-ysyx <tracer@ysyx.org>
Date:   Tue Aug 20 17:22:11 2024 +0800

    > compile NEMU
    ysyx_100006503 杨鹏城
    Linux ypc 6.5.0-44-generic #44~22.04.1-Ubuntu SMP PREEMPT_DYNAMIC Tue Jun 18 14:36:16 UTC 2 x86_64 x86_64 x86_64 GNU/Linux
     17:22:11 up 1 day, 18:28,  1 user,  load average: 1.09, 0.93, 0.89

commit 3425bad882bd7a4097b4ebd1354e6b8165425803
Author: tracer-ysyx <tracer@ysyx.org>
Date:   Tue Aug 20 17:18:35 2024 +0800

    > run NEMU
    ysyx_100006503 杨鹏城
    Linux ypc 6.5.0-44-generic #44~22.04.1-Ubuntu SMP PREEMPT_DYNAMIC Tue Jun 18 14:36:16 UTC 2 x86_64 x86_64 x86_64 GNU/Linux
     17:18:35 up 1 day, 18:25,  1 user,  load average: 1.09, 1.02, 0.90

commit 6db256d1bc68ce409a198d7e6ea83caa9bae5fd5
Author: tracer-ysyx <tracer@ysyx.org>
Date:   Tue Aug 20 17:18:35 2024 +0800

    > compile NEMU
    ysyx_100006503 杨鹏城
    Linux ypc 6.5.0-44-generic #44~22.04.1-Ubuntu SMP PREEMPT_DYNAMIC Tue Jun 18 14:36:16 UTC 2 x86_64 x86_64 x86_64 GNU/Linux
     17:18:35 up 1 day, 18:25,  1 user,  load average: 1.09, 1.02, 0.90

commit 492e2d814b64a0817d3cf00de3f516aac6331f7f
Author: tracer-ysyx <tracer@ysyx.org>
Date:   Tue Aug 20 17:07:54 2024 +0800

    > run NEMU
    ysyx_100006503 杨鹏城
    Linux ypc 6.5.0-44-generic #44~22.04.1-Ubuntu SMP PREEMPT_DYNAMIC Tue Jun 18 14:36:16 UTC 2 x86_64 x86_64 x86_64 GNU/Linux
     17:07:54 up 1 day, 18:14,  1 user,  load average: 0.91, 1.09, 0.84

commit c0ae58ec142077b98b40752ab5bc9c9d3226d265
Author: tracer-ysyx <tracer@ysyx.org>
Date:   Tue Aug 20 17:07:54 2024 +0800

    > compile NEMU
    ysyx_100006503 杨鹏城
    Linux ypc 6.5.0-44-generic #44~22.04.1-Ubuntu SMP PREEMPT_DYNAMIC Tue Jun 18 14:36:16 UTC 2 x86_64 x86_64 x86_64 GNU/Linux
     17:07:54 up 1 day, 18:14,  1 user,  load average: 0.91, 1.09, 0.84

commit b1c6130743202a6498a58008cb394bffc30b96bc
Author: tracer-ysyx <tracer@ysyx.org>
Date:   Tue Aug 20 17:05:33 2024 +0800

    > run NEMU
    ysyx_100006503 杨鹏城
    Linux ypc 6.5.0-44-generic #44~22.04.1-Ubuntu SMP PREEMPT_DYNAMIC Tue Jun 18 14:36:16 UTC 2 x86_64 x86_64 x86_64 GNU/Linux
     17:05:33 up 1 day, 18:11,  1 user,  load average: 1.79, 1.26, 0.85

commit 8817b49b545218764ed57de6b6860fe2ba094a02
Author: tracer-ysyx <tracer@ysyx.org>
Date:   Tue Aug 20 17:05:32 2024 +0800

    > compile NEMU
    ysyx_100006503 杨鹏城
    Linux ypc 6.5.0-44-generic #44~22.04.1-Ubuntu SMP PREEMPT_DYNAMIC Tue Jun 18 14:36:16 UTC 2 x86_64 x86_64 x86_64 GNU/Linux
     17:05:32 up 1 day, 18:11,  1 user,  load average: 1.79, 1.26, 0.85

commit c1ab040332bb4f663bee649b51c09098d8740545
Author: tracer-ysyx <tracer@ysyx.org>
Date:   Tue Aug 20 17:04:25 2024 +0800

    > run NEMU
    ysyx_100006503 杨鹏城
    Linux ypc 6.5.0-44-generic #44~22.04.1-Ubuntu SMP PREEMPT_DYNAMIC Tue Jun 18 14:36:16 UTC 2 x86_64 x86_64 x86_64 GNU/Linux
     17:04:25 up 1 day, 18:10,  1 user,  load average: 1.44, 1.07, 0.76

commit a874ddb54f1ba0e1024632fa44007b22f3f272cd
Author: tracer-ysyx <tracer@ysyx.org>
Date:   Tue Aug 20 17:04:25 2024 +0800

    > compile NEMU
    ysyx_100006503 杨鹏城
    Linux ypc 6.5.0-44-generic #44~22.04.1-Ubuntu SMP PREEMPT_DYNAMIC Tue Jun 18 14:36:16 UTC 2 x86_64 x86_64 x86_64 GNU/Linux
     17:04:25 up 1 day, 18:10,  1 user,  load average: 1.44, 1.07, 0.76

commit 39fa0113aea3cc435049c8aacf0c69897d4bd942
Author: tracer-ysyx <tracer@ysyx.org>
Date:   Mon Aug 19 22:58:33 2024 +0800

    > run NEMU
    ysyx_100006503 杨鹏城
    Linux ypc 6.5.0-44-generic #44~22.04.1-Ubuntu SMP PREEMPT_DYNAMIC Tue Jun 18 14:36:16 UTC 2 x86_64 x86_64 x86_64 GNU/Linux
     22:58:33 up 1 day,  6:45,  1 user,  load average: 1.06, 1.36, 1.40

commit 5ae108b631127d806c238fb9c6b9b0f5a342a18b
Author: tracer-ysyx <tracer@ysyx.org>
Date:   Mon Aug 19 22:58:33 2024 +0800

    > compile NEMU
    ysyx_100006503 杨鹏城
    Linux ypc 6.5.0-44-generic #44~22.04.1-Ubuntu SMP PREEMPT_DYNAMIC Tue Jun 18 14:36:16 UTC 2 x86_64 x86_64 x86_64 GNU/Linux
     22:58:33 up 1 day,  6:45,  1 user,  load average: 1.06, 1.36, 1.40

commit f4f04fd1e6202e536ca4d651808ae01c0971ad2d
Author: tracer-ysyx <tracer@ysyx.org>
Date:   Mon Aug 19 22:54:45 2024 +0800

    > run NEMU
    ysyx_100006503 杨鹏城
    Linux ypc 6.5.0-44-generic #44~22.04.1-Ubuntu SMP PREEMPT_DYNAMIC Tue Jun 18 14:36:16 UTC 2 x86_64 x86_64 x86_64 GNU/Linux
     22:54:45 up 1 day,  6:41,  1 user,  load average: 0.89, 1.68, 1.50

commit 4579eb99d398b9b9f0cf00535481c63fdc0e929c
Author: tracer-ysyx <tracer@ysyx.org>
Date:   Mon Aug 19 22:54:45 2024 +0800

    > compile NEMU
    ysyx_100006503 杨鹏城
    Linux ypc 6.5.0-44-generic #44~22.04.1-Ubuntu SMP PREEMPT_DYNAMIC Tue Jun 18 14:36:16 UTC 2 x86_64 x86_64 x86_64 GNU/Linux
     22:54:45 up 1 day,  6:41,  1 user,  load average: 0.89, 1.68, 1.50

commit 2e58cdceca7676126e99997e0d3dc6648a2d78a2
Author: tracer-ysyx <tracer@ysyx.org>
Date:   Mon Aug 19 22:53:22 2024 +0800

    > run NEMU
    ysyx_100006503 杨鹏城
    Linux ypc 6.5.0-44-generic #44~22.04.1-Ubuntu SMP PREEMPT_DYNAMIC Tue Jun 18 14:36:16 UTC 2 x86_64 x86_64 x86_64 GNU/Linux
     22:53:22 up 1 day,  6:40,  1 user,  load average: 1.36, 1.96, 1.57

commit 07e0ba108e8935ec012bf0d5454a9ede66820272
Author: tracer-ysyx <tracer@ysyx.org>
Date:   Mon Aug 19 22:53:22 2024 +0800

    > compile NEMU
    ysyx_100006503 杨鹏城
    Linux ypc 6.5.0-44-generic #44~22.04.1-Ubuntu SMP PREEMPT_DYNAMIC Tue Jun 18 14:36:16 UTC 2 x86_64 x86_64 x86_64 GNU/Linux
     22:53:22 up 1 day,  6:40,  1 user,  load average: 1.36, 1.96, 1.57

commit 89c0c2a33201a3fe891ef77658a5740644b9c69e
Author: tracer-ysyx <tracer@ysyx.org>
Date:   Mon Aug 19 22:52:43 2024 +0800

    > run NEMU
    ysyx_100006503 杨鹏城
    Linux ypc 6.5.0-44-generic #44~22.04.1-Ubuntu SMP PREEMPT_DYNAMIC Tue Jun 18 14:36:16 UTC 2 x86_64 x86_64 x86_64 GNU/Linux
     22:52:43 up 1 day,  6:39,  1 user,  load average: 2.07, 2.14, 1.61

commit 3f5e961a078acefee3ca8f0661fb2bfdcb2c35ab
Author: tracer-ysyx <tracer@ysyx.org>
Date:   Mon Aug 19 22:52:43 2024 +0800

    > compile NEMU
    ysyx_100006503 杨鹏城
    Linux ypc 6.5.0-44-generic #44~22.04.1-Ubuntu SMP PREEMPT_DYNAMIC Tue Jun 18 14:36:16 UTC 2 x86_64 x86_64 x86_64 GNU/Linux
     22:52:43 up 1 day,  6:39,  1 user,  load average: 2.07, 2.14, 1.61

commit 0fe4ae310919d6eaa8f88b4410b6594897447572
Author: tracer-ysyx <tracer@ysyx.org>
Date:   Mon Aug 19 22:50:21 2024 +0800

    > run NEMU
    ysyx_100006503 杨鹏城
    Linux ypc 6.5.0-44-generic #44~22.04.1-Ubuntu SMP PREEMPT_DYNAMIC Tue Jun 18 14:36:16 UTC 2 x86_64 x86_64 x86_64 GNU/Linux
     22:50:21 up 1 day,  6:37,  1 user,  load average: 3.21, 1.93, 1.44

commit d2aca7460aa2c6286a4804bca19e1be16910496a
Author: tracer-ysyx <tracer@ysyx.org>
Date:   Mon Aug 19 22:50:21 2024 +0800

    > compile NEMU
    ysyx_100006503 杨鹏城
    Linux ypc 6.5.0-44-generic #44~22.04.1-Ubuntu SMP PREEMPT_DYNAMIC Tue Jun 18 14:36:16 UTC 2 x86_64 x86_64 x86_64 GNU/Linux
     22:50:21 up 1 day,  6:37,  1 user,  load average: 3.21, 1.93, 1.44

commit 8601d1a5d5a040573e2a49638fa7f9f3ef57dc45
Author: tracer-ysyx <tracer@ysyx.org>
Date:   Mon Aug 19 22:48:50 2024 +0800

    > run NEMU
    ysyx_100006503 杨鹏城
    Linux ypc 6.5.0-44-generic #44~22.04.1-Ubuntu SMP PREEMPT_DYNAMIC Tue Jun 18 14:36:16 UTC 2 x86_64 x86_64 x86_64 GNU/Linux
     22:48:50 up 1 day,  6:35,  1 user,  load average: 1.58, 1.25, 1.19

commit a01df670805c52549067beb145e916619187c83d
Author: tracer-ysyx <tracer@ysyx.org>
Date:   Mon Aug 19 22:48:50 2024 +0800

    > compile NEMU
    ysyx_100006503 杨鹏城
    Linux ypc 6.5.0-44-generic #44~22.04.1-Ubuntu SMP PREEMPT_DYNAMIC Tue Jun 18 14:36:16 UTC 2 x86_64 x86_64 x86_64 GNU/Linux
     22:48:50 up 1 day,  6:35,  1 user,  load average: 1.58, 1.25, 1.19

commit c9fee550d56a72fc4e3a97a93355e06602fcb7ec
Author: tracer-ysyx <tracer@ysyx.org>
Date:   Mon Aug 19 22:46:13 2024 +0800

    > run NEMU
    ysyx_100006503 杨鹏城
    Linux ypc 6.5.0-44-generic #44~22.04.1-Ubuntu SMP PREEMPT_DYNAMIC Tue Jun 18 14:36:16 UTC 2 x86_64 x86_64 x86_64 GNU/Linux
     22:46:13 up 1 day,  6:32,  1 user,  load average: 0.88, 0.98, 1.11

commit ac77bd038de55a721eb22b2c96f69e75ec8a799c
Author: tracer-ysyx <tracer@ysyx.org>
Date:   Mon Aug 19 22:46:13 2024 +0800

    > compile NEMU
    ysyx_100006503 杨鹏城
    Linux ypc 6.5.0-44-generic #44~22.04.1-Ubuntu SMP PREEMPT_DYNAMIC Tue Jun 18 14:36:16 UTC 2 x86_64 x86_64 x86_64 GNU/Linux
     22:46:13 up 1 day,  6:32,  1 user,  load average: 0.88, 0.98, 1.11

commit 6a46f1464d1c31032fca51896b0e9b5a062a7f4f
Author: tracer-ysyx <tracer@ysyx.org>
Date:   Mon Aug 19 22:45:52 2024 +0800

    > run NEMU
    ysyx_100006503 杨鹏城
    Linux ypc 6.5.0-44-generic #44~22.04.1-Ubuntu SMP PREEMPT_DYNAMIC Tue Jun 18 14:36:16 UTC 2 x86_64 x86_64 x86_64 GNU/Linux
     22:45:52 up 1 day,  6:32,  1 user,  load average: 0.84, 0.98, 1.11

commit bc955a69c24532b91aef5b29290ee0cea7eb32e1
Author: tracer-ysyx <tracer@ysyx.org>
Date:   Mon Aug 19 22:45:52 2024 +0800

    > compile NEMU
    ysyx_100006503 杨鹏城
    Linux ypc 6.5.0-44-generic #44~22.04.1-Ubuntu SMP PREEMPT_DYNAMIC Tue Jun 18 14:36:16 UTC 2 x86_64 x86_64 x86_64 GNU/Linux
     22:45:52 up 1 day,  6:32,  1 user,  load average: 0.84, 0.98, 1.11

commit fe27542a85720528256333662cf4bf6b2f7c4bb1
Author: tracer-ysyx <tracer@ysyx.org>
Date:   Mon Aug 19 22:44:51 2024 +0800

    > run NEMU
    ysyx_100006503 杨鹏城
    Linux ypc 6.5.0-44-generic #44~22.04.1-Ubuntu SMP PREEMPT_DYNAMIC Tue Jun 18 14:36:16 UTC 2 x86_64 x86_64 x86_64 GNU/Linux
     22:44:51 up 1 day,  6:31,  1 user,  load average: 0.79, 1.00, 1.13

commit 1eed8a51880bcbe22f17b59f15b21976647936b1
Author: tracer-ysyx <tracer@ysyx.org>
Date:   Mon Aug 19 22:44:51 2024 +0800

    > compile NEMU
    ysyx_100006503 杨鹏城
    Linux ypc 6.5.0-44-generic #44~22.04.1-Ubuntu SMP PREEMPT_DYNAMIC Tue Jun 18 14:36:16 UTC 2 x86_64 x86_64 x86_64 GNU/Linux
     22:44:51 up 1 day,  6:31,  1 user,  load average: 0.79, 1.00, 1.13

commit 2a2980aabdc3ea0492c861de2b1ef5a027aa2d06
Author: tracer-ysyx <tracer@ysyx.org>
Date:   Mon Aug 19 22:44:05 2024 +0800

    > run NEMU
    ysyx_100006503 杨鹏城
    Linux ypc 6.5.0-44-generic #44~22.04.1-Ubuntu SMP PREEMPT_DYNAMIC Tue Jun 18 14:36:16 UTC 2 x86_64 x86_64 x86_64 GNU/Linux
     22:44:05 up 1 day,  6:30,  1 user,  load average: 0.63, 1.02, 1.14

commit 311c8e933b2ac35eda96fb75577069a38f006ce9
Author: tracer-ysyx <tracer@ysyx.org>
Date:   Mon Aug 19 22:44:05 2024 +0800

    > compile NEMU
    ysyx_100006503 杨鹏城
    Linux ypc 6.5.0-44-generic #44~22.04.1-Ubuntu SMP PREEMPT_DYNAMIC Tue Jun 18 14:36:16 UTC 2 x86_64 x86_64 x86_64 GNU/Linux
     22:44:05 up 1 day,  6:30,  1 user,  load average: 0.63, 1.02, 1.14

commit dcffcde148ed05de99a4e5222455311cbfa0194b
Author: tracer-ysyx <tracer@ysyx.org>
Date:   Mon Aug 19 22:39:42 2024 +0800

    > compile NEMU
    ysyx_100006503 杨鹏城
    Linux ypc 6.5.0-44-generic #44~22.04.1-Ubuntu SMP PREEMPT_DYNAMIC Tue Jun 18 14:36:16 UTC 2 x86_64 x86_64 x86_64 GNU/Linux
     22:39:42 up 1 day,  6:26,  1 user,  load average: 1.37, 1.21, 1.21

commit 9201e1d3daafb4f87d91780fd7c75031f18fc8e4
Author: tracer-ysyx <tracer@ysyx.org>
Date:   Mon Aug 19 22:34:22 2024 +0800

    > run NEMU
    ysyx_100006503 杨鹏城
    Linux ypc 6.5.0-44-generic #44~22.04.1-Ubuntu SMP PREEMPT_DYNAMIC Tue Jun 18 14:36:16 UTC 2 x86_64 x86_64 x86_64 GNU/Linux
     22:34:22 up 1 day,  6:21,  1 user,  load average: 1.20, 1.36, 1.28

commit e9fc804a493cc822bf6bd0010e7020c574ea7fd3
Author: tracer-ysyx <tracer@ysyx.org>
Date:   Mon Aug 19 22:34:22 2024 +0800

    > compile NEMU
    ysyx_100006503 杨鹏城
    Linux ypc 6.5.0-44-generic #44~22.04.1-Ubuntu SMP PREEMPT_DYNAMIC Tue Jun 18 14:36:16 UTC 2 x86_64 x86_64 x86_64 GNU/Linux
     22:34:22 up 1 day,  6:21,  1 user,  load average: 1.20, 1.36, 1.28

commit 7d30f18b1663609b7beb93a2753057b71815498a
Author: tracer-ysyx <tracer@ysyx.org>
Date:   Mon Aug 19 22:33:32 2024 +0800

    > run NEMU
    ysyx_100006503 杨鹏城
    Linux ypc 6.5.0-44-generic #44~22.04.1-Ubuntu SMP PREEMPT_DYNAMIC Tue Jun 18 14:36:16 UTC 2 x86_64 x86_64 x86_64 GNU/Linux
     22:33:32 up 1 day,  6:20,  1 user,  load average: 1.24, 1.36, 1.28

commit 62cd094a9f3c869f6d3e84abf1772182ee64f0bc
Author: tracer-ysyx <tracer@ysyx.org>
Date:   Mon Aug 19 22:33:32 2024 +0800

    > compile NEMU
    ysyx_100006503 杨鹏城
    Linux ypc 6.5.0-44-generic #44~22.04.1-Ubuntu SMP PREEMPT_DYNAMIC Tue Jun 18 14:36:16 UTC 2 x86_64 x86_64 x86_64 GNU/Linux
     22:33:32 up 1 day,  6:20,  1 user,  load average: 1.24, 1.36, 1.28

commit eacff12dff153afb59433e5c9d07c3b8126e29fb
Author: tracer-ysyx <tracer@ysyx.org>
Date:   Mon Aug 19 22:30:50 2024 +0800

    > run NEMU
    ysyx_100006503 杨鹏城
    Linux ypc 6.5.0-44-generic #44~22.04.1-Ubuntu SMP PREEMPT_DYNAMIC Tue Jun 18 14:36:16 UTC 2 x86_64 x86_64 x86_64 GNU/Linux
     22:30:50 up 1 day,  6:17,  1 user,  load average: 1.57, 1.61, 1.34

commit 798cfec025ca5035b5670f0ea13eeb1f4531e7b4
Author: tracer-ysyx <tracer@ysyx.org>
Date:   Mon Aug 19 22:30:50 2024 +0800

    > compile NEMU
    ysyx_100006503 杨鹏城
    Linux ypc 6.5.0-44-generic #44~22.04.1-Ubuntu SMP PREEMPT_DYNAMIC Tue Jun 18 14:36:16 UTC 2 x86_64 x86_64 x86_64 GNU/Linux
     22:30:50 up 1 day,  6:17,  1 user,  load average: 1.57, 1.61, 1.34

commit d478514ea72293eca4990e8a6cebd87abdaa4418
Author: tracer-ysyx <tracer@ysyx.org>
Date:   Mon Aug 19 22:28:27 2024 +0800

    > run NEMU
    ysyx_100006503 杨鹏城
    Linux ypc 6.5.0-44-generic #44~22.04.1-Ubuntu SMP PREEMPT_DYNAMIC Tue Jun 18 14:36:16 UTC 2 x86_64 x86_64 x86_64 GNU/Linux
     22:28:27 up 1 day,  6:15,  1 user,  load average: 2.26, 1.51, 1.26

commit 7b8f67c2b6f4986fa1fec8fb3a84b8a0ae97d616
Author: tracer-ysyx <tracer@ysyx.org>
Date:   Mon Aug 19 22:28:27 2024 +0800

    > compile NEMU
    ysyx_100006503 杨鹏城
    Linux ypc 6.5.0-44-generic #44~22.04.1-Ubuntu SMP PREEMPT_DYNAMIC Tue Jun 18 14:36:16 UTC 2 x86_64 x86_64 x86_64 GNU/Linux
     22:28:27 up 1 day,  6:15,  1 user,  load average: 2.26, 1.51, 1.26

commit 5000a49c346cbb62c1ea9e335cbfc57ce61b516b
Author: tracer-ysyx <tracer@ysyx.org>
Date:   Mon Aug 19 22:25:26 2024 +0800

    > run NEMU
    ysyx_100006503 杨鹏城
    Linux ypc 6.5.0-44-generic #44~22.04.1-Ubuntu SMP PREEMPT_DYNAMIC Tue Jun 18 14:36:16 UTC 2 x86_64 x86_64 x86_64 GNU/Linux
     22:25:26 up 1 day,  6:12,  1 user,  load average: 2.02, 1.18, 1.14

commit e529c05f79a918f80d0ccd72e38606f8268cbee4
Author: tracer-ysyx <tracer@ysyx.org>
Date:   Mon Aug 19 22:25:26 2024 +0800

    > compile NEMU
    ysyx_100006503 杨鹏城
    Linux ypc 6.5.0-44-generic #44~22.04.1-Ubuntu SMP PREEMPT_DYNAMIC Tue Jun 18 14:36:16 UTC 2 x86_64 x86_64 x86_64 GNU/Linux
     22:25:26 up 1 day,  6:12,  1 user,  load average: 2.02, 1.18, 1.14

commit e86324927956bca3805d4a2647ee13cb85b28805
Author: tracer-ysyx <tracer@ysyx.org>
Date:   Mon Aug 19 22:24:42 2024 +0800

    > run NEMU
    ysyx_100006503 杨鹏城
    Linux ypc 6.5.0-44-generic #44~22.04.1-Ubuntu SMP PREEMPT_DYNAMIC Tue Jun 18 14:36:16 UTC 2 x86_64 x86_64 x86_64 GNU/Linux
     22:24:42 up 1 day,  6:11,  1 user,  load average: 1.13, 0.97, 1.07

commit f8861d879954a3edf576d3a10f7596ee2fddcb38
Author: tracer-ysyx <tracer@ysyx.org>
Date:   Mon Aug 19 22:24:42 2024 +0800

    > compile NEMU
    ysyx_100006503 杨鹏城
    Linux ypc 6.5.0-44-generic #44~22.04.1-Ubuntu SMP PREEMPT_DYNAMIC Tue Jun 18 14:36:16 UTC 2 x86_64 x86_64 x86_64 GNU/Linux
     22:24:42 up 1 day,  6:11,  1 user,  load average: 1.13, 0.97, 1.07

commit 7ec9ed67db39ec592b45c4d82b01939d5fcef8e7
Author: tracer-ysyx <tracer@ysyx.org>
Date:   Mon Aug 19 22:20:07 2024 +0800

    > run NEMU
    ysyx_100006503 杨鹏城
    Linux ypc 6.5.0-44-generic #44~22.04.1-Ubuntu SMP PREEMPT_DYNAMIC Tue Jun 18 14:36:16 UTC 2 x86_64 x86_64 x86_64 GNU/Linux
     22:20:07 up 1 day,  6:06,  1 user,  load average: 0.98, 1.18, 1.18

commit 5ddf6fed7c911dd664dbb2219203a0cf3e28bee6
Author: tracer-ysyx <tracer@ysyx.org>
Date:   Mon Aug 19 22:20:07 2024 +0800

    > compile NEMU
    ysyx_100006503 杨鹏城
    Linux ypc 6.5.0-44-generic #44~22.04.1-Ubuntu SMP PREEMPT_DYNAMIC Tue Jun 18 14:36:16 UTC 2 x86_64 x86_64 x86_64 GNU/Linux
     22:20:07 up 1 day,  6:06,  1 user,  load average: 0.98, 1.18, 1.18

commit f6117b3a198c25697dc131717e2c714ad8fff2ab
Author: tracer-ysyx <tracer@ysyx.org>
Date:   Mon Aug 19 22:18:05 2024 +0800

    > run NEMU
    ysyx_100006503 杨鹏城
    Linux ypc 6.5.0-44-generic #44~22.04.1-Ubuntu SMP PREEMPT_DYNAMIC Tue Jun 18 14:36:16 UTC 2 x86_64 x86_64 x86_64 GNU/Linux
     22:18:05 up 1 day,  6:04,  1 user,  load average: 1.90, 1.43, 1.25

commit 51a5e094c37e12d1ecdb00e11385be22c8a533ce
Author: tracer-ysyx <tracer@ysyx.org>
Date:   Mon Aug 19 22:18:05 2024 +0800

    > compile NEMU
    ysyx_100006503 杨鹏城
    Linux ypc 6.5.0-44-generic #44~22.04.1-Ubuntu SMP PREEMPT_DYNAMIC Tue Jun 18 14:36:16 UTC 2 x86_64 x86_64 x86_64 GNU/Linux
     22:18:05 up 1 day,  6:04,  1 user,  load average: 1.90, 1.43, 1.25

commit 91b3c9ea111a6c10f40f161d7579ec55f229c98b
Author: tracer-ysyx <tracer@ysyx.org>
Date:   Mon Aug 19 22:16:28 2024 +0800

    > run NEMU
    ysyx_100006503 杨鹏城
    Linux ypc 6.5.0-44-generic #44~22.04.1-Ubuntu SMP PREEMPT_DYNAMIC Tue Jun 18 14:36:16 UTC 2 x86_64 x86_64 x86_64 GNU/Linux
     22:16:28 up 1 day,  6:03,  1 user,  load average: 1.20, 1.22, 1.17

commit 8899f8f0a828932430deca65b8932415890edb2a
Author: tracer-ysyx <tracer@ysyx.org>
Date:   Mon Aug 19 22:16:28 2024 +0800

    > compile NEMU
    ysyx_100006503 杨鹏城
    Linux ypc 6.5.0-44-generic #44~22.04.1-Ubuntu SMP PREEMPT_DYNAMIC Tue Jun 18 14:36:16 UTC 2 x86_64 x86_64 x86_64 GNU/Linux
     22:16:28 up 1 day,  6:03,  1 user,  load average: 1.20, 1.22, 1.17

commit 1abb1fdbd7a31068b66163bd60e7e52edfb6eabf
Author: tracer-ysyx <tracer@ysyx.org>
Date:   Mon Aug 19 22:15:22 2024 +0800

    > run NEMU
    ysyx_100006503 杨鹏城
    Linux ypc 6.5.0-44-generic #44~22.04.1-Ubuntu SMP PREEMPT_DYNAMIC Tue Jun 18 14:36:16 UTC 2 x86_64 x86_64 x86_64 GNU/Linux
     22:15:22 up 1 day,  6:02,  1 user,  load average: 1.17, 1.23, 1.18

commit 191753e0285bc84e3adfa06722a32427e0a413fa
Author: tracer-ysyx <tracer@ysyx.org>
Date:   Mon Aug 19 22:15:21 2024 +0800

    > compile NEMU
    ysyx_100006503 杨鹏城
    Linux ypc 6.5.0-44-generic #44~22.04.1-Ubuntu SMP PREEMPT_DYNAMIC Tue Jun 18 14:36:16 UTC 2 x86_64 x86_64 x86_64 GNU/Linux
     22:15:21 up 1 day,  6:02,  1 user,  load average: 1.17, 1.23, 1.18

commit 8071f9e830d03d9c400c891cd90c2bf768c4c54e
Author: tracer-ysyx <tracer@ysyx.org>
Date:   Mon Aug 19 22:13:29 2024 +0800

    > run NEMU
    ysyx_100006503 杨鹏城
    Linux ypc 6.5.0-44-generic #44~22.04.1-Ubuntu SMP PREEMPT_DYNAMIC Tue Jun 18 14:36:16 UTC 2 x86_64 x86_64 x86_64 GNU/Linux
     22:13:29 up 1 day,  6:00,  1 user,  load average: 2.02, 1.35, 1.21

commit 572b68d933897ab8ce9480417ec261f8cec7815e
Author: tracer-ysyx <tracer@ysyx.org>
Date:   Mon Aug 19 22:13:29 2024 +0800

    > compile NEMU
    ysyx_100006503 杨鹏城
    Linux ypc 6.5.0-44-generic #44~22.04.1-Ubuntu SMP PREEMPT_DYNAMIC Tue Jun 18 14:36:16 UTC 2 x86_64 x86_64 x86_64 GNU/Linux
     22:13:29 up 1 day,  6:00,  1 user,  load average: 2.02, 1.35, 1.21

commit 05a61d11a64e8e5dad47c4624c867b4e17ac4c45
Author: tracer-ysyx <tracer@ysyx.org>
Date:   Mon Aug 19 22:13:07 2024 +0800

    > run NEMU
    ysyx_100006503 杨鹏城
    Linux ypc 6.5.0-44-generic #44~22.04.1-Ubuntu SMP PREEMPT_DYNAMIC Tue Jun 18 14:36:16 UTC 2 x86_64 x86_64 x86_64 GNU/Linux
     22:13:07 up 1 day,  5:59,  1 user,  load average: 1.30, 1.16, 1.14

commit 16e7ba9dd1f4a0326fa0348fd92126e53a417009
Author: tracer-ysyx <tracer@ysyx.org>
Date:   Mon Aug 19 22:13:07 2024 +0800

    > compile NEMU
    ysyx_100006503 杨鹏城
    Linux ypc 6.5.0-44-generic #44~22.04.1-Ubuntu SMP PREEMPT_DYNAMIC Tue Jun 18 14:36:16 UTC 2 x86_64 x86_64 x86_64 GNU/Linux
     22:13:07 up 1 day,  5:59,  1 user,  load average: 1.30, 1.16, 1.14

commit 530732a7af615d76a31a99d7b5c1189b3e101004
Author: tracer-ysyx <tracer@ysyx.org>
Date:   Mon Aug 19 22:12:24 2024 +0800

    > run NEMU
    ysyx_100006503 杨鹏城
    Linux ypc 6.5.0-44-generic #44~22.04.1-Ubuntu SMP PREEMPT_DYNAMIC Tue Jun 18 14:36:16 UTC 2 x86_64 x86_64 x86_64 GNU/Linux
     22:12:24 up 1 day,  5:59,  1 user,  load average: 0.90, 1.10, 1.13

commit 508f5974c559eb67f0635c4a41337db4fb64a261
Author: tracer-ysyx <tracer@ysyx.org>
Date:   Mon Aug 19 22:12:24 2024 +0800

    > compile NEMU
    ysyx_100006503 杨鹏城
    Linux ypc 6.5.0-44-generic #44~22.04.1-Ubuntu SMP PREEMPT_DYNAMIC Tue Jun 18 14:36:16 UTC 2 x86_64 x86_64 x86_64 GNU/Linux
     22:12:24 up 1 day,  5:59,  1 user,  load average: 0.90, 1.10, 1.13

commit 24321dd1fd9d0f7db7dd2f6c614c94653bf6a7b6
Author: tracer-ysyx <tracer@ysyx.org>
Date:   Mon Aug 19 22:10:36 2024 +0800

    > run NEMU
    ysyx_100006503 杨鹏城
    Linux ypc 6.5.0-44-generic #44~22.04.1-Ubuntu SMP PREEMPT_DYNAMIC Tue Jun 18 14:36:16 UTC 2 x86_64 x86_64 x86_64 GNU/Linux
     22:10:36 up 1 day,  5:57,  1 user,  load average: 1.14, 1.23, 1.17

commit 0bed4829d7e6e12c3d174c011128451f228e6985
Author: tracer-ysyx <tracer@ysyx.org>
Date:   Mon Aug 19 22:10:36 2024 +0800

    > compile NEMU
    ysyx_100006503 杨鹏城
    Linux ypc 6.5.0-44-generic #44~22.04.1-Ubuntu SMP PREEMPT_DYNAMIC Tue Jun 18 14:36:16 UTC 2 x86_64 x86_64 x86_64 GNU/Linux
     22:10:36 up 1 day,  5:57,  1 user,  load average: 1.14, 1.23, 1.17

commit 85bb3e125efb3a57d04520e8a41f6413ff1f5c19
Author: tracer-ysyx <tracer@ysyx.org>
Date:   Mon Aug 19 22:09:24 2024 +0800

    > run NEMU
    ysyx_100006503 杨鹏城
    Linux ypc 6.5.0-44-generic #44~22.04.1-Ubuntu SMP PREEMPT_DYNAMIC Tue Jun 18 14:36:16 UTC 2 x86_64 x86_64 x86_64 GNU/Linux
     22:09:24 up 1 day,  5:56,  1 user,  load average: 1.38, 1.30, 1.19

commit 82f2d75aa20fa7f4acccdcbdaf08f98d0a57f4b2
Author: tracer-ysyx <tracer@ysyx.org>
Date:   Mon Aug 19 22:09:24 2024 +0800

    > compile NEMU
    ysyx_100006503 杨鹏城
    Linux ypc 6.5.0-44-generic #44~22.04.1-Ubuntu SMP PREEMPT_DYNAMIC Tue Jun 18 14:36:16 UTC 2 x86_64 x86_64 x86_64 GNU/Linux
     22:09:24 up 1 day,  5:56,  1 user,  load average: 1.38, 1.30, 1.19

commit 1e9af02e9b232e46c98675d43271cd315353c577
Author: tracer-ysyx <tracer@ysyx.org>
Date:   Mon Aug 19 22:07:56 2024 +0800

    > run NEMU
    ysyx_100006503 杨鹏城
    Linux ypc 6.5.0-44-generic #44~22.04.1-Ubuntu SMP PREEMPT_DYNAMIC Tue Jun 18 14:36:16 UTC 2 x86_64 x86_64 x86_64 GNU/Linux
     22:07:56 up 1 day,  5:54,  1 user,  load average: 1.21, 1.33, 1.19

commit 3f6cb2aed23ca60ce76bd13bcfc899c8db7bdbde
Author: tracer-ysyx <tracer@ysyx.org>
Date:   Mon Aug 19 22:07:56 2024 +0800

    > compile NEMU
    ysyx_100006503 杨鹏城
    Linux ypc 6.5.0-44-generic #44~22.04.1-Ubuntu SMP PREEMPT_DYNAMIC Tue Jun 18 14:36:16 UTC 2 x86_64 x86_64 x86_64 GNU/Linux
     22:07:56 up 1 day,  5:54,  1 user,  load average: 1.21, 1.33, 1.19

commit 3bc127df0dea1e63805dba858d46ca204b24a230
Author: tracer-ysyx <tracer@ysyx.org>
Date:   Mon Aug 19 22:06:48 2024 +0800

    > run NEMU
    ysyx_100006503 杨鹏城
    Linux ypc 6.5.0-44-generic #44~22.04.1-Ubuntu SMP PREEMPT_DYNAMIC Tue Jun 18 14:36:16 UTC 2 x86_64 x86_64 x86_64 GNU/Linux
     22:06:48 up 1 day,  5:53,  1 user,  load average: 1.63, 1.44, 1.21

commit b7b2023a7ce8c9e0a4c6a68261b0e49e11c88ed4
Author: tracer-ysyx <tracer@ysyx.org>
Date:   Mon Aug 19 22:06:48 2024 +0800

    > compile NEMU
    ysyx_100006503 杨鹏城
    Linux ypc 6.5.0-44-generic #44~22.04.1-Ubuntu SMP PREEMPT_DYNAMIC Tue Jun 18 14:36:16 UTC 2 x86_64 x86_64 x86_64 GNU/Linux
     22:06:48 up 1 day,  5:53,  1 user,  load average: 1.63, 1.44, 1.21

commit 677c8ae0474c3dc982fdd8332ad3eb7189ae1f1b
Author: tracer-ysyx <tracer@ysyx.org>
Date:   Mon Aug 19 22:05:35 2024 +0800

    > run NEMU
    ysyx_100006503 杨鹏城
    Linux ypc 6.5.0-44-generic #44~22.04.1-Ubuntu SMP PREEMPT_DYNAMIC Tue Jun 18 14:36:16 UTC 2 x86_64 x86_64 x86_64 GNU/Linux
     22:05:35 up 1 day,  5:52,  1 user,  load average: 2.16, 1.46, 1.20

commit 696d942ff42620f13de5c793203aa26a7a43e182
Author: tracer-ysyx <tracer@ysyx.org>
Date:   Mon Aug 19 22:05:35 2024 +0800

    > compile NEMU
    ysyx_100006503 杨鹏城
    Linux ypc 6.5.0-44-generic #44~22.04.1-Ubuntu SMP PREEMPT_DYNAMIC Tue Jun 18 14:36:16 UTC 2 x86_64 x86_64 x86_64 GNU/Linux
     22:05:35 up 1 day,  5:52,  1 user,  load average: 2.16, 1.46, 1.20

commit 8422c9ef6e80169198e8793e0f3d14563a2d0d49
Author: tracer-ysyx <tracer@ysyx.org>
Date:   Mon Aug 19 22:01:32 2024 +0800

    > run NEMU
    ysyx_100006503 杨鹏城
    Linux ypc 6.5.0-44-generic #44~22.04.1-Ubuntu SMP PREEMPT_DYNAMIC Tue Jun 18 14:36:16 UTC 2 x86_64 x86_64 x86_64 GNU/Linux
     22:01:32 up 1 day,  5:48,  1 user,  load average: 1.34, 1.15, 1.09

commit a4e121ef8f2f0e2d69abcb3c776afca4fc15a3f6
Author: tracer-ysyx <tracer@ysyx.org>
Date:   Mon Aug 19 22:01:32 2024 +0800

    > compile NEMU
    ysyx_100006503 杨鹏城
    Linux ypc 6.5.0-44-generic #44~22.04.1-Ubuntu SMP PREEMPT_DYNAMIC Tue Jun 18 14:36:16 UTC 2 x86_64 x86_64 x86_64 GNU/Linux
     22:01:32 up 1 day,  5:48,  1 user,  load average: 1.34, 1.15, 1.09

commit c0851707e0a8ae50f6f80ecf1967a7372149f253
Author: tracer-ysyx <tracer@ysyx.org>
Date:   Mon Aug 19 21:59:09 2024 +0800

    > run NEMU
    ysyx_100006503 杨鹏城
    Linux ypc 6.5.0-44-generic #44~22.04.1-Ubuntu SMP PREEMPT_DYNAMIC Tue Jun 18 14:36:16 UTC 2 x86_64 x86_64 x86_64 GNU/Linux
     21:59:09 up 1 day,  5:45,  1 user,  load average: 0.87, 1.05, 1.06

commit 14e2522840ef4d031a00d08fb34a1dbecbe1197c
Author: tracer-ysyx <tracer@ysyx.org>
Date:   Mon Aug 19 21:59:09 2024 +0800

    > compile NEMU
    ysyx_100006503 杨鹏城
    Linux ypc 6.5.0-44-generic #44~22.04.1-Ubuntu SMP PREEMPT_DYNAMIC Tue Jun 18 14:36:16 UTC 2 x86_64 x86_64 x86_64 GNU/Linux
     21:59:09 up 1 day,  5:45,  1 user,  load average: 0.87, 1.05, 1.06

commit 193a8c90be8a9d293620beafffeb4153d3c4c6bd
Author: tracer-ysyx <tracer@ysyx.org>
Date:   Mon Aug 19 21:58:08 2024 +0800

    > run NEMU
    ysyx_100006503 杨鹏城
    Linux ypc 6.5.0-44-generic #44~22.04.1-Ubuntu SMP PREEMPT_DYNAMIC Tue Jun 18 14:36:16 UTC 2 x86_64 x86_64 x86_64 GNU/Linux
     21:58:08 up 1 day,  5:44,  1 user,  load average: 0.97, 1.10, 1.07

commit 2e36408ada110ba0b7b31234388af8be3cb7c2f0
Author: tracer-ysyx <tracer@ysyx.org>
Date:   Mon Aug 19 21:58:08 2024 +0800

    > compile NEMU
    ysyx_100006503 杨鹏城
    Linux ypc 6.5.0-44-generic #44~22.04.1-Ubuntu SMP PREEMPT_DYNAMIC Tue Jun 18 14:36:16 UTC 2 x86_64 x86_64 x86_64 GNU/Linux
     21:58:08 up 1 day,  5:44,  1 user,  load average: 0.97, 1.10, 1.07

commit 14f4e12a236be4cb70e4b4fd53dcb90a36e32727
Author: tracer-ysyx <tracer@ysyx.org>
Date:   Mon Aug 19 21:56:04 2024 +0800

    > run NEMU
    ysyx_100006503 杨鹏城
    Linux ypc 6.5.0-44-generic #44~22.04.1-Ubuntu SMP PREEMPT_DYNAMIC Tue Jun 18 14:36:16 UTC 2 x86_64 x86_64 x86_64 GNU/Linux
     21:56:04 up 1 day,  5:42,  1 user,  load average: 1.27, 1.22, 1.10

commit e4fd405b0e09513c9c82dbf13e75fd146f0d2a58
Author: tracer-ysyx <tracer@ysyx.org>
Date:   Mon Aug 19 21:56:04 2024 +0800

    > compile NEMU
    ysyx_100006503 杨鹏城
    Linux ypc 6.5.0-44-generic #44~22.04.1-Ubuntu SMP PREEMPT_DYNAMIC Tue Jun 18 14:36:16 UTC 2 x86_64 x86_64 x86_64 GNU/Linux
     21:56:04 up 1 day,  5:42,  1 user,  load average: 1.27, 1.22, 1.10

commit 053bb2e040244107e7a792f79ca60575a308c124
Author: tracer-ysyx <tracer@ysyx.org>
Date:   Mon Aug 19 21:55:09 2024 +0800

    > run NEMU
    ysyx_100006503 杨鹏城
    Linux ypc 6.5.0-44-generic #44~22.04.1-Ubuntu SMP PREEMPT_DYNAMIC Tue Jun 18 14:36:16 UTC 2 x86_64 x86_64 x86_64 GNU/Linux
     21:55:09 up 1 day,  5:41,  1 user,  load average: 2.25, 1.32, 1.13

commit ac01decc74c8ae5a5dd8c226b4d7ef6b924d748e
Author: tracer-ysyx <tracer@ysyx.org>
Date:   Mon Aug 19 21:55:09 2024 +0800

    > compile NEMU
    ysyx_100006503 杨鹏城
    Linux ypc 6.5.0-44-generic #44~22.04.1-Ubuntu SMP PREEMPT_DYNAMIC Tue Jun 18 14:36:16 UTC 2 x86_64 x86_64 x86_64 GNU/Linux
     21:55:09 up 1 day,  5:41,  1 user,  load average: 2.25, 1.32, 1.13

commit 4bfa389d04845873effe9efd05b28c5304813724
Author: tracer-ysyx <tracer@ysyx.org>
Date:   Mon Aug 19 21:51:12 2024 +0800

    > run NEMU
    ysyx_100006503 杨鹏城
    Linux ypc 6.5.0-44-generic #44~22.04.1-Ubuntu SMP PREEMPT_DYNAMIC Tue Jun 18 14:36:16 UTC 2 x86_64 x86_64 x86_64 GNU/Linux
     21:51:12 up 1 day,  5:37,  1 user,  load average: 0.65, 0.79, 0.98

commit 2be97bc74da6f62b92200b94494bef25dd4ce64a
Author: tracer-ysyx <tracer@ysyx.org>
Date:   Mon Aug 19 21:51:12 2024 +0800

    > compile NEMU
    ysyx_100006503 杨鹏城
    Linux ypc 6.5.0-44-generic #44~22.04.1-Ubuntu SMP PREEMPT_DYNAMIC Tue Jun 18 14:36:16 UTC 2 x86_64 x86_64 x86_64 GNU/Linux
     21:51:12 up 1 day,  5:37,  1 user,  load average: 0.65, 0.79, 0.98

commit 372a990460257f430a91af34cf9d4664091b6643
Author: tracer-ysyx <tracer@ysyx.org>
Date:   Mon Aug 19 21:42:02 2024 +0800

    > run NEMU
    ysyx_100006503 杨鹏城
    Linux ypc 6.5.0-44-generic #44~22.04.1-Ubuntu SMP PREEMPT_DYNAMIC Tue Jun 18 14:36:16 UTC 2 x86_64 x86_64 x86_64 GNU/Linux
     21:42:02 up 1 day,  5:28,  1 user,  load average: 0.91, 1.17, 1.16

commit e9e4e7b65b029cc1c215c756ad951900b7759b9b
Author: tracer-ysyx <tracer@ysyx.org>
Date:   Mon Aug 19 21:42:02 2024 +0800

    > compile NEMU
    ysyx_100006503 杨鹏城
    Linux ypc 6.5.0-44-generic #44~22.04.1-Ubuntu SMP PREEMPT_DYNAMIC Tue Jun 18 14:36:16 UTC 2 x86_64 x86_64 x86_64 GNU/Linux
     21:42:02 up 1 day,  5:28,  1 user,  load average: 0.91, 1.17, 1.16

commit 4307eee655c020918b155ea0c21489e7e4c296b6
Author: tracer-ysyx <tracer@ysyx.org>
Date:   Mon Aug 19 21:41:30 2024 +0800

    > run NEMU
    ysyx_100006503 杨鹏城
    Linux ypc 6.5.0-44-generic #44~22.04.1-Ubuntu SMP PREEMPT_DYNAMIC Tue Jun 18 14:36:16 UTC 2 x86_64 x86_64 x86_64 GNU/Linux
     21:41:30 up 1 day,  5:28,  1 user,  load average: 0.92, 1.20, 1.17

commit b5306a82ff1b15d8e5ff492bcc04e793b1296ddb
Author: tracer-ysyx <tracer@ysyx.org>
Date:   Mon Aug 19 21:41:30 2024 +0800

    > compile NEMU
    ysyx_100006503 杨鹏城
    Linux ypc 6.5.0-44-generic #44~22.04.1-Ubuntu SMP PREEMPT_DYNAMIC Tue Jun 18 14:36:16 UTC 2 x86_64 x86_64 x86_64 GNU/Linux
     21:41:30 up 1 day,  5:28,  1 user,  load average: 0.92, 1.20, 1.17

commit 52b32043534fa6c156cc278a47364a56698f8582
Author: tracer-ysyx <tracer@ysyx.org>
Date:   Mon Aug 19 21:41:04 2024 +0800

    > run NEMU
    ysyx_100006503 杨鹏城
    Linux ypc 6.5.0-44-generic #44~22.04.1-Ubuntu SMP PREEMPT_DYNAMIC Tue Jun 18 14:36:16 UTC 2 x86_64 x86_64 x86_64 GNU/Linux
     21:41:04 up 1 day,  5:27,  1 user,  load average: 1.12, 1.26, 1.19

commit 2fb22c1739b8999329dc85286bd3fb76d2d38041
Author: tracer-ysyx <tracer@ysyx.org>
Date:   Mon Aug 19 21:41:04 2024 +0800

    > compile NEMU
    ysyx_100006503 杨鹏城
    Linux ypc 6.5.0-44-generic #44~22.04.1-Ubuntu SMP PREEMPT_DYNAMIC Tue Jun 18 14:36:16 UTC 2 x86_64 x86_64 x86_64 GNU/Linux
     21:41:04 up 1 day,  5:27,  1 user,  load average: 1.12, 1.26, 1.19

commit 0095d01d7dddd4b77b0d5e731128258680d76317
Author: tracer-ysyx <tracer@ysyx.org>
Date:   Mon Aug 19 21:39:02 2024 +0800

    > run NEMU
    ysyx_100006503 杨鹏城
    Linux ypc 6.5.0-44-generic #44~22.04.1-Ubuntu SMP PREEMPT_DYNAMIC Tue Jun 18 14:36:16 UTC 2 x86_64 x86_64 x86_64 GNU/Linux
     21:39:02 up 1 day,  5:25,  1 user,  load average: 1.50, 1.41, 1.23

commit 4a28dfe82fe6120830a6d41e5dc6d21fe1beb00d
Author: tracer-ysyx <tracer@ysyx.org>
Date:   Mon Aug 19 21:39:01 2024 +0800

    > compile NEMU
    ysyx_100006503 杨鹏城
    Linux ypc 6.5.0-44-generic #44~22.04.1-Ubuntu SMP PREEMPT_DYNAMIC Tue Jun 18 14:36:16 UTC 2 x86_64 x86_64 x86_64 GNU/Linux
     21:39:01 up 1 day,  5:25,  1 user,  load average: 1.50, 1.41, 1.23

commit 256a780abaa60d26e9e2b6ef812f1bc655ff889a
Author: tracer-ysyx <tracer@ysyx.org>
Date:   Mon Aug 19 21:35:45 2024 +0800

    > run NEMU
    ysyx_100006503 杨鹏城
    Linux ypc 6.5.0-44-generic #44~22.04.1-Ubuntu SMP PREEMPT_DYNAMIC Tue Jun 18 14:36:16 UTC 2 x86_64 x86_64 x86_64 GNU/Linux
     21:35:45 up 1 day,  5:22,  1 user,  load average: 2.01, 1.33, 1.17

commit f5b313cdcfa2d6cff5a6920158d5626b56e01376
Author: tracer-ysyx <tracer@ysyx.org>
Date:   Mon Aug 19 21:35:45 2024 +0800

    > compile NEMU
    ysyx_100006503 杨鹏城
    Linux ypc 6.5.0-44-generic #44~22.04.1-Ubuntu SMP PREEMPT_DYNAMIC Tue Jun 18 14:36:16 UTC 2 x86_64 x86_64 x86_64 GNU/Linux
     21:35:45 up 1 day,  5:22,  1 user,  load average: 2.01, 1.33, 1.17

commit ece52be43db48da4956d22fd0d84fc1c37147f77
Author: tracer-ysyx <tracer@ysyx.org>
Date:   Mon Aug 19 21:32:30 2024 +0800

    > run NEMU
    ysyx_100006503 杨鹏城
    Linux ypc 6.5.0-44-generic #44~22.04.1-Ubuntu SMP PREEMPT_DYNAMIC Tue Jun 18 14:36:16 UTC 2 x86_64 x86_64 x86_64 GNU/Linux
     21:32:30 up 1 day,  5:19,  1 user,  load average: 0.94, 1.00, 1.07

commit e11a9c4fd96f1fcf47abfa76f05dab35b5d8a3fc
Author: tracer-ysyx <tracer@ysyx.org>
Date:   Mon Aug 19 21:32:29 2024 +0800

    > compile NEMU
    ysyx_100006503 杨鹏城
    Linux ypc 6.5.0-44-generic #44~22.04.1-Ubuntu SMP PREEMPT_DYNAMIC Tue Jun 18 14:36:16 UTC 2 x86_64 x86_64 x86_64 GNU/Linux
     21:32:29 up 1 day,  5:19,  1 user,  load average: 0.94, 1.00, 1.07

commit 53b4046ce1d3abf8a0ce6e0fbbe1c5de8dae5837
Author: tracer-ysyx <tracer@ysyx.org>
Date:   Mon Aug 19 21:32:20 2024 +0800

    > run NEMU
    ysyx_100006503 杨鹏城
    Linux ypc 6.5.0-44-generic #44~22.04.1-Ubuntu SMP PREEMPT_DYNAMIC Tue Jun 18 14:36:16 UTC 2 x86_64 x86_64 x86_64 GNU/Linux
     21:32:20 up 1 day,  5:19,  1 user,  load average: 1.02, 1.02, 1.08

commit c025ce6e051623db9f9d29fca97573698a2882f4
Author: tracer-ysyx <tracer@ysyx.org>
Date:   Mon Aug 19 21:32:20 2024 +0800

    > compile NEMU
    ysyx_100006503 杨鹏城
    Linux ypc 6.5.0-44-generic #44~22.04.1-Ubuntu SMP PREEMPT_DYNAMIC Tue Jun 18 14:36:16 UTC 2 x86_64 x86_64 x86_64 GNU/Linux
     21:32:20 up 1 day,  5:19,  1 user,  load average: 1.02, 1.02, 1.08

commit 7fca0124e21183b0f15b206c4f5a47b5e438f838
Author: tracer-ysyx <tracer@ysyx.org>
Date:   Mon Aug 19 21:31:32 2024 +0800

    > run NEMU
    ysyx_100006503 杨鹏城
    Linux ypc 6.5.0-44-generic #44~22.04.1-Ubuntu SMP PREEMPT_DYNAMIC Tue Jun 18 14:36:16 UTC 2 x86_64 x86_64 x86_64 GNU/Linux
     21:31:32 up 1 day,  5:18,  1 user,  load average: 0.75, 0.96, 1.06

commit b2341c5dde5ad1fbc0173a2f1f4438580c150a99
Author: tracer-ysyx <tracer@ysyx.org>
Date:   Mon Aug 19 21:31:32 2024 +0800

    > compile NEMU
    ysyx_100006503 杨鹏城
    Linux ypc 6.5.0-44-generic #44~22.04.1-Ubuntu SMP PREEMPT_DYNAMIC Tue Jun 18 14:36:16 UTC 2 x86_64 x86_64 x86_64 GNU/Linux
     21:31:32 up 1 day,  5:18,  1 user,  load average: 0.75, 0.96, 1.06

commit f66feb8a1772efa0c4c50296524be2c137f2a03f
Author: tracer-ysyx <tracer@ysyx.org>
Date:   Mon Aug 19 21:30:42 2024 +0800

    > run NEMU
    ysyx_100006503 杨鹏城
    Linux ypc 6.5.0-44-generic #44~22.04.1-Ubuntu SMP PREEMPT_DYNAMIC Tue Jun 18 14:36:16 UTC 2 x86_64 x86_64 x86_64 GNU/Linux
     21:30:42 up 1 day,  5:17,  1 user,  load average: 0.79, 0.98, 1.07

commit 4a2bd2186851204e1942f947daafa23bc49981b6
Author: tracer-ysyx <tracer@ysyx.org>
Date:   Mon Aug 19 21:30:42 2024 +0800

    > compile NEMU
    ysyx_100006503 杨鹏城
    Linux ypc 6.5.0-44-generic #44~22.04.1-Ubuntu SMP PREEMPT_DYNAMIC Tue Jun 18 14:36:16 UTC 2 x86_64 x86_64 x86_64 GNU/Linux
     21:30:42 up 1 day,  5:17,  1 user,  load average: 0.79, 0.98, 1.07

commit dc1d75aec38972a2feb3dcc67c262a61df915c9b
Author: tracer-ysyx <tracer@ysyx.org>
Date:   Mon Aug 19 21:30:36 2024 +0800

    > run NEMU
    ysyx_100006503 杨鹏城
    Linux ypc 6.5.0-44-generic #44~22.04.1-Ubuntu SMP PREEMPT_DYNAMIC Tue Jun 18 14:36:16 UTC 2 x86_64 x86_64 x86_64 GNU/Linux
     21:30:36 up 1 day,  5:17,  1 user,  load average: 0.84, 1.00, 1.08

commit 373dd388ba5afa6cb336a0960d7b5429bfafd055
Author: tracer-ysyx <tracer@ysyx.org>
Date:   Mon Aug 19 21:30:36 2024 +0800

    > compile NEMU
    ysyx_100006503 杨鹏城
    Linux ypc 6.5.0-44-generic #44~22.04.1-Ubuntu SMP PREEMPT_DYNAMIC Tue Jun 18 14:36:16 UTC 2 x86_64 x86_64 x86_64 GNU/Linux
     21:30:36 up 1 day,  5:17,  1 user,  load average: 0.84, 1.00, 1.08

commit 185f765605476ea51492f7aed92bc050e98d2464
Author: tracer-ysyx <tracer@ysyx.org>
Date:   Mon Aug 19 21:30:08 2024 +0800

    > run NEMU
    ysyx_100006503 杨鹏城
    Linux ypc 6.5.0-44-generic #44~22.04.1-Ubuntu SMP PREEMPT_DYNAMIC Tue Jun 18 14:36:16 UTC 2 x86_64 x86_64 x86_64 GNU/Linux
     21:30:08 up 1 day,  5:16,  1 user,  load average: 1.18, 1.07, 1.11

commit 2f35eea0e77cd1e5e65d27013b86e43f95861795
Author: tracer-ysyx <tracer@ysyx.org>
Date:   Mon Aug 19 21:30:08 2024 +0800

    > compile NEMU
    ysyx_100006503 杨鹏城
    Linux ypc 6.5.0-44-generic #44~22.04.1-Ubuntu SMP PREEMPT_DYNAMIC Tue Jun 18 14:36:16 UTC 2 x86_64 x86_64 x86_64 GNU/Linux
     21:30:08 up 1 day,  5:16,  1 user,  load average: 1.18, 1.07, 1.11

commit 723258b4fb1ad6dca477e57a7e64076f27f29453
Author: tracer-ysyx <tracer@ysyx.org>
Date:   Mon Aug 19 21:30:05 2024 +0800

    > run NEMU
    ysyx_100006503 杨鹏城
    Linux ypc 6.5.0-44-generic #44~22.04.1-Ubuntu SMP PREEMPT_DYNAMIC Tue Jun 18 14:36:16 UTC 2 x86_64 x86_64 x86_64 GNU/Linux
     21:30:05 up 1 day,  5:16,  1 user,  load average: 1.29, 1.09, 1.11

commit f712a8be0e1e36ac00ae2781e61adeec8e51b57c
Author: tracer-ysyx <tracer@ysyx.org>
Date:   Mon Aug 19 21:30:05 2024 +0800

    > compile NEMU
    ysyx_100006503 杨鹏城
    Linux ypc 6.5.0-44-generic #44~22.04.1-Ubuntu SMP PREEMPT_DYNAMIC Tue Jun 18 14:36:16 UTC 2 x86_64 x86_64 x86_64 GNU/Linux
     21:30:05 up 1 day,  5:16,  1 user,  load average: 1.29, 1.09, 1.11

commit 5882762cc42113cc54b391ca704b29f1f765a721
Author: tracer-ysyx <tracer@ysyx.org>
Date:   Wed Aug 14 10:12:14 2024 +0800

    > run NEMU
    ysyx_100006503 杨鹏城
    Linux ypc 6.5.0-44-generic #44~22.04.1-Ubuntu SMP PREEMPT_DYNAMIC Tue Jun 18 14:36:16 UTC 2 x86_64 x86_64 x86_64 GNU/Linux
     10:12:14 up 3 min,  1 user,  load average: 0.81, 0.70, 0.31

commit 4c689c6aeca3fa6223e0c0446419f33b83ed8f32
Author: tracer-ysyx <tracer@ysyx.org>
Date:   Wed Aug 14 10:12:14 2024 +0800

    > compile NEMU
    ysyx_100006503 杨鹏城
    Linux ypc 6.5.0-44-generic #44~22.04.1-Ubuntu SMP PREEMPT_DYNAMIC Tue Jun 18 14:36:16 UTC 2 x86_64 x86_64 x86_64 GNU/Linux
     10:12:14 up 3 min,  1 user,  load average: 0.81, 0.70, 0.31

commit c51e5406e3fefa60998eca4d2706ac702b099a97
Author: tracer-ysyx <tracer@ysyx.org>
Date:   Mon Aug 12 21:24:40 2024 +0800

    > run NEMU
    ysyx_100006503 杨鹏城
    Linux ypc 6.5.0-44-generic #44~22.04.1-Ubuntu SMP PREEMPT_DYNAMIC Tue Jun 18 14:36:16 UTC 2 x86_64 x86_64 x86_64 GNU/Linux
     21:24:40 up 2 days, 21:27,  1 user,  load average: 0.68, 0.76, 0.63

commit a155c1f3a2d68f90cb653d5961ebaa4f4c2c7fd2
Author: tracer-ysyx <tracer@ysyx.org>
Date:   Mon Aug 12 21:24:40 2024 +0800

    > compile NEMU
    ysyx_100006503 杨鹏城
    Linux ypc 6.5.0-44-generic #44~22.04.1-Ubuntu SMP PREEMPT_DYNAMIC Tue Jun 18 14:36:16 UTC 2 x86_64 x86_64 x86_64 GNU/Linux
     21:24:40 up 2 days, 21:27,  1 user,  load average: 0.68, 0.76, 0.63

commit b6502875698a3e5714e9e92bb60a7246ba18ac4b
Author: tracer-ysyx <tracer@ysyx.org>
Date:   Mon Aug 12 21:24:29 2024 +0800

    > run NEMU
    ysyx_100006503 杨鹏城
    Linux ypc 6.5.0-44-generic #44~22.04.1-Ubuntu SMP PREEMPT_DYNAMIC Tue Jun 18 14:36:16 UTC 2 x86_64 x86_64 x86_64 GNU/Linux
     21:24:29 up 2 days, 21:27,  1 user,  load average: 0.71, 0.77, 0.63

commit bdcdef1162f33574bc207b816c5ddd56ca22e314
Author: tracer-ysyx <tracer@ysyx.org>
Date:   Mon Aug 12 21:24:29 2024 +0800

    > compile NEMU
    ysyx_100006503 杨鹏城
    Linux ypc 6.5.0-44-generic #44~22.04.1-Ubuntu SMP PREEMPT_DYNAMIC Tue Jun 18 14:36:16 UTC 2 x86_64 x86_64 x86_64 GNU/Linux
     21:24:29 up 2 days, 21:27,  1 user,  load average: 0.71, 0.77, 0.63

commit d6d59ec947cd045e9f769b5a1ef18698576ba558
Author: tracer-ysyx <tracer@ysyx.org>
Date:   Mon Aug 12 21:24:12 2024 +0800

    > run NEMU
    ysyx_100006503 杨鹏城
    Linux ypc 6.5.0-44-generic #44~22.04.1-Ubuntu SMP PREEMPT_DYNAMIC Tue Jun 18 14:36:16 UTC 2 x86_64 x86_64 x86_64 GNU/Linux
     21:24:12 up 2 days, 21:27,  1 user,  load average: 0.89, 0.80, 0.64

commit 947afea9ef5cdb1c8d0fe7886f0cfc1e6f4fa784
Author: tracer-ysyx <tracer@ysyx.org>
Date:   Mon Aug 12 21:24:12 2024 +0800

    > compile NEMU
    ysyx_100006503 杨鹏城
    Linux ypc 6.5.0-44-generic #44~22.04.1-Ubuntu SMP PREEMPT_DYNAMIC Tue Jun 18 14:36:16 UTC 2 x86_64 x86_64 x86_64 GNU/Linux
     21:24:12 up 2 days, 21:27,  1 user,  load average: 0.89, 0.80, 0.64

commit 64b0a4cfb2e60784702e1d5436aba54442a8d8ce
Author: tracer-ysyx <tracer@ysyx.org>
Date:   Mon Aug 12 21:23:36 2024 +0800

    > run NEMU
    ysyx_100006503 杨鹏城
    Linux ypc 6.5.0-44-generic #44~22.04.1-Ubuntu SMP PREEMPT_DYNAMIC Tue Jun 18 14:36:16 UTC 2 x86_64 x86_64 x86_64 GNU/Linux
     21:23:36 up 2 days, 21:26,  1 user,  load average: 0.55, 0.75, 0.61

commit e9f22e632912d7d9c9f0fa1c52fcff0d15b8a364
Author: tracer-ysyx <tracer@ysyx.org>
Date:   Mon Aug 12 21:23:36 2024 +0800

    > compile NEMU
    ysyx_100006503 杨鹏城
    Linux ypc 6.5.0-44-generic #44~22.04.1-Ubuntu SMP PREEMPT_DYNAMIC Tue Jun 18 14:36:16 UTC 2 x86_64 x86_64 x86_64 GNU/Linux
     21:23:36 up 2 days, 21:26,  1 user,  load average: 0.55, 0.75, 0.61

commit b3bdf1134f687d79ef6ef1eb2bdf341f6cbcf9e7
Author: tracer-ysyx <tracer@ysyx.org>
Date:   Mon Aug 12 21:21:57 2024 +0800

    > run NEMU
    ysyx_100006503 杨鹏城
    Linux ypc 6.5.0-44-generic #44~22.04.1-Ubuntu SMP PREEMPT_DYNAMIC Tue Jun 18 14:36:16 UTC 2 x86_64 x86_64 x86_64 GNU/Linux
     21:21:57 up 2 days, 21:24,  1 user,  load average: 1.38, 0.95, 0.66

commit a36735786f577c25794b788d0e846c513cdc8852
Author: tracer-ysyx <tracer@ysyx.org>
Date:   Mon Aug 12 21:21:57 2024 +0800

    > compile NEMU
    ysyx_100006503 杨鹏城
    Linux ypc 6.5.0-44-generic #44~22.04.1-Ubuntu SMP PREEMPT_DYNAMIC Tue Jun 18 14:36:16 UTC 2 x86_64 x86_64 x86_64 GNU/Linux
     21:21:57 up 2 days, 21:24,  1 user,  load average: 1.38, 0.95, 0.66

commit 05458b38c3201f5b00f8cf975c29319763402851
Author: tracer-ysyx <tracer@ysyx.org>
Date:   Mon Aug 12 21:21:36 2024 +0800

    > run NEMU
    ysyx_100006503 杨鹏城
    Linux ypc 6.5.0-44-generic #44~22.04.1-Ubuntu SMP PREEMPT_DYNAMIC Tue Jun 18 14:36:16 UTC 2 x86_64 x86_64 x86_64 GNU/Linux
     21:21:36 up 2 days, 21:24,  1 user,  load average: 1.20, 0.89, 0.63

commit 74771a92f780704ca5f844a6a633a86642231dbd
Author: tracer-ysyx <tracer@ysyx.org>
Date:   Mon Aug 12 21:21:36 2024 +0800

    > compile NEMU
    ysyx_100006503 杨鹏城
    Linux ypc 6.5.0-44-generic #44~22.04.1-Ubuntu SMP PREEMPT_DYNAMIC Tue Jun 18 14:36:16 UTC 2 x86_64 x86_64 x86_64 GNU/Linux
     21:21:36 up 2 days, 21:24,  1 user,  load average: 1.20, 0.89, 0.63

commit 812971c87b8df6d7428e4ef44817300546d03480
Author: tracer-ysyx <tracer@ysyx.org>
Date:   Mon Aug 12 21:21:01 2024 +0800

    > run NEMU
    ysyx_100006503 杨鹏城
    Linux ypc 6.5.0-44-generic #44~22.04.1-Ubuntu SMP PREEMPT_DYNAMIC Tue Jun 18 14:36:16 UTC 2 x86_64 x86_64 x86_64 GNU/Linux
     21:21:01 up 2 days, 21:24,  1 user,  load average: 0.84, 0.79, 0.59

commit 4929b5385c19f45c277fe1cc8730a6491f052d1d
Author: tracer-ysyx <tracer@ysyx.org>
Date:   Mon Aug 12 21:21:01 2024 +0800

    > compile NEMU
    ysyx_100006503 杨鹏城
    Linux ypc 6.5.0-44-generic #44~22.04.1-Ubuntu SMP PREEMPT_DYNAMIC Tue Jun 18 14:36:16 UTC 2 x86_64 x86_64 x86_64 GNU/Linux
     21:21:01 up 2 days, 21:24,  1 user,  load average: 0.84, 0.79, 0.59

commit 4535260495357daf5c6290d6479ade0ec4409570
Author: tracer-ysyx <tracer@ysyx.org>
Date:   Mon Aug 12 21:20:35 2024 +0800

    > run NEMU
    ysyx_100006503 杨鹏城
    Linux ypc 6.5.0-44-generic #44~22.04.1-Ubuntu SMP PREEMPT_DYNAMIC Tue Jun 18 14:36:16 UTC 2 x86_64 x86_64 x86_64 GNU/Linux
     21:20:35 up 2 days, 21:23,  1 user,  load average: 1.07, 0.83, 0.59

commit 43770a143bb4e5a9155e57fcccf5ca4cfe1b9d13
Author: tracer-ysyx <tracer@ysyx.org>
Date:   Mon Aug 12 21:20:35 2024 +0800

    > compile NEMU
    ysyx_100006503 杨鹏城
    Linux ypc 6.5.0-44-generic #44~22.04.1-Ubuntu SMP PREEMPT_DYNAMIC Tue Jun 18 14:36:16 UTC 2 x86_64 x86_64 x86_64 GNU/Linux
     21:20:35 up 2 days, 21:23,  1 user,  load average: 1.07, 0.83, 0.59

commit ab3125364550f862dfac663bb7d8bbeae509b9f7
Author: tracer-ysyx <tracer@ysyx.org>
Date:   Mon Aug 12 21:17:22 2024 +0800

    > run NEMU
    ysyx_100006503 杨鹏城
    Linux ypc 6.5.0-44-generic #44~22.04.1-Ubuntu SMP PREEMPT_DYNAMIC Tue Jun 18 14:36:16 UTC 2 x86_64 x86_64 x86_64 GNU/Linux
     21:17:22 up 2 days, 21:20,  1 user,  load average: 0.39, 0.44, 0.44

commit 85b8ec8bddb202481523588f7bc9454436ba9bd9
Author: tracer-ysyx <tracer@ysyx.org>
Date:   Mon Aug 12 21:17:22 2024 +0800

    > compile NEMU
    ysyx_100006503 杨鹏城
    Linux ypc 6.5.0-44-generic #44~22.04.1-Ubuntu SMP PREEMPT_DYNAMIC Tue Jun 18 14:36:16 UTC 2 x86_64 x86_64 x86_64 GNU/Linux
     21:17:22 up 2 days, 21:20,  1 user,  load average: 0.39, 0.44, 0.44

commit fa021a57c3c6b0cb5807e71043d991dd3bc9d4db
Author: tracer-ysyx <tracer@ysyx.org>
Date:   Mon Aug 12 21:13:32 2024 +0800

    > run NEMU
    ysyx_100006503 杨鹏城
    Linux ypc 6.5.0-44-generic #44~22.04.1-Ubuntu SMP PREEMPT_DYNAMIC Tue Jun 18 14:36:16 UTC 2 x86_64 x86_64 x86_64 GNU/Linux
     21:13:32 up 2 days, 21:16,  1 user,  load average: 0.65, 0.53, 0.46

commit 5786642c5a02149257f1764422e84320a59feabd
Author: tracer-ysyx <tracer@ysyx.org>
Date:   Mon Aug 12 21:13:32 2024 +0800

    > compile NEMU
    ysyx_100006503 杨鹏城
    Linux ypc 6.5.0-44-generic #44~22.04.1-Ubuntu SMP PREEMPT_DYNAMIC Tue Jun 18 14:36:16 UTC 2 x86_64 x86_64 x86_64 GNU/Linux
     21:13:32 up 2 days, 21:16,  1 user,  load average: 0.65, 0.53, 0.46

commit 9d658c5170015fd00fecbcd0eafd77627f284230
Author: tracer-ysyx <tracer@ysyx.org>
Date:   Mon Aug 12 21:13:07 2024 +0800

    > run NEMU
    ysyx_100006503 杨鹏城
    Linux ypc 6.5.0-44-generic #44~22.04.1-Ubuntu SMP PREEMPT_DYNAMIC Tue Jun 18 14:36:16 UTC 2 x86_64 x86_64 x86_64 GNU/Linux
     21:13:07 up 2 days, 21:16,  1 user,  load average: 0.78, 0.54, 0.47

commit 2689729b768bd7585ecd317d06ed4030becef592
Author: tracer-ysyx <tracer@ysyx.org>
Date:   Mon Aug 12 21:13:07 2024 +0800

    > compile NEMU
    ysyx_100006503 杨鹏城
    Linux ypc 6.5.0-44-generic #44~22.04.1-Ubuntu SMP PREEMPT_DYNAMIC Tue Jun 18 14:36:16 UTC 2 x86_64 x86_64 x86_64 GNU/Linux
     21:13:07 up 2 days, 21:16,  1 user,  load average: 0.78, 0.54, 0.47

commit 6aa63032dc8648ba499b47edcddcbe282424bef7
Author: tracer-ysyx <tracer@ysyx.org>
Date:   Mon Aug 12 21:11:23 2024 +0800

    > run NEMU
    ysyx_100006503 杨鹏城
    Linux ypc 6.5.0-44-generic #44~22.04.1-Ubuntu SMP PREEMPT_DYNAMIC Tue Jun 18 14:36:16 UTC 2 x86_64 x86_64 x86_64 GNU/Linux
     21:11:23 up 2 days, 21:14,  1 user,  load average: 0.47, 0.50, 0.45

commit 7dc510085fb4aba2f4db8472b20b03d5d550ab43
Author: tracer-ysyx <tracer@ysyx.org>
Date:   Mon Aug 12 21:11:23 2024 +0800

    > compile NEMU
    ysyx_100006503 杨鹏城
    Linux ypc 6.5.0-44-generic #44~22.04.1-Ubuntu SMP PREEMPT_DYNAMIC Tue Jun 18 14:36:16 UTC 2 x86_64 x86_64 x86_64 GNU/Linux
     21:11:23 up 2 days, 21:14,  1 user,  load average: 0.47, 0.50, 0.45

commit f85ba0e97e5175fab02e262930080195d33c3b61
Author: tracer-ysyx <tracer@ysyx.org>
Date:   Mon Aug 12 21:10:36 2024 +0800

    > run NEMU
    ysyx_100006503 杨鹏城
    Linux ypc 6.5.0-44-generic #44~22.04.1-Ubuntu SMP PREEMPT_DYNAMIC Tue Jun 18 14:36:16 UTC 2 x86_64 x86_64 x86_64 GNU/Linux
     21:10:36 up 2 days, 21:13,  1 user,  load average: 0.74, 0.55, 0.46

commit 46c614f4e7f842306a05d81d5ed0ee9ffcf9041a
Author: tracer-ysyx <tracer@ysyx.org>
Date:   Mon Aug 12 21:10:36 2024 +0800

    > compile NEMU
    ysyx_100006503 杨鹏城
    Linux ypc 6.5.0-44-generic #44~22.04.1-Ubuntu SMP PREEMPT_DYNAMIC Tue Jun 18 14:36:16 UTC 2 x86_64 x86_64 x86_64 GNU/Linux
     21:10:36 up 2 days, 21:13,  1 user,  load average: 0.74, 0.55, 0.46

commit 76583b152a659ae9cbbf64de7bcb07992f55eee8
Author: tracer-ysyx <tracer@ysyx.org>
Date:   Mon Aug 12 21:09:41 2024 +0800

    > run NEMU
    ysyx_100006503 杨鹏城
    Linux ypc 6.5.0-44-generic #44~22.04.1-Ubuntu SMP PREEMPT_DYNAMIC Tue Jun 18 14:36:16 UTC 2 x86_64 x86_64 x86_64 GNU/Linux
     21:09:41 up 2 days, 21:12,  1 user,  load average: 0.40, 0.50, 0.45

commit 4f3bb15f50557d26ee7a4977b1304370cfff7997
Author: tracer-ysyx <tracer@ysyx.org>
Date:   Mon Aug 12 21:09:41 2024 +0800

    > compile NEMU
    ysyx_100006503 杨鹏城
    Linux ypc 6.5.0-44-generic #44~22.04.1-Ubuntu SMP PREEMPT_DYNAMIC Tue Jun 18 14:36:16 UTC 2 x86_64 x86_64 x86_64 GNU/Linux
     21:09:41 up 2 days, 21:12,  1 user,  load average: 0.40, 0.50, 0.45

commit 17fdcd80b4f0f9ffcfb998fe50e0d6a0001ba008
Author: tracer-ysyx <tracer@ysyx.org>
Date:   Mon Aug 12 21:09:27 2024 +0800

    > run NEMU
    ysyx_100006503 杨鹏城
    Linux ypc 6.5.0-44-generic #44~22.04.1-Ubuntu SMP PREEMPT_DYNAMIC Tue Jun 18 14:36:16 UTC 2 x86_64 x86_64 x86_64 GNU/Linux
     21:09:27 up 2 days, 21:12,  1 user,  load average: 0.33, 0.50, 0.44

commit 19fb3dad29e9bdcdf9d951bd9903727317f55b6f
Author: tracer-ysyx <tracer@ysyx.org>
Date:   Mon Aug 12 21:09:27 2024 +0800

    > compile NEMU
    ysyx_100006503 杨鹏城
    Linux ypc 6.5.0-44-generic #44~22.04.1-Ubuntu SMP PREEMPT_DYNAMIC Tue Jun 18 14:36:16 UTC 2 x86_64 x86_64 x86_64 GNU/Linux
     21:09:27 up 2 days, 21:12,  1 user,  load average: 0.33, 0.50, 0.44

commit 65f949f0bcfe9f50d1a6d3741652028f833d8e24
Author: tracer-ysyx <tracer@ysyx.org>
Date:   Mon Aug 12 21:09:23 2024 +0800

    > run NEMU
    ysyx_100006503 杨鹏城
    Linux ypc 6.5.0-44-generic #44~22.04.1-Ubuntu SMP PREEMPT_DYNAMIC Tue Jun 18 14:36:16 UTC 2 x86_64 x86_64 x86_64 GNU/Linux
     21:09:23 up 2 days, 21:12,  1 user,  load average: 0.33, 0.50, 0.44

commit 67930924442d514c7387835c28364e9226e57937
Author: tracer-ysyx <tracer@ysyx.org>
Date:   Mon Aug 12 21:09:23 2024 +0800

    > compile NEMU
    ysyx_100006503 杨鹏城
    Linux ypc 6.5.0-44-generic #44~22.04.1-Ubuntu SMP PREEMPT_DYNAMIC Tue Jun 18 14:36:16 UTC 2 x86_64 x86_64 x86_64 GNU/Linux
     21:09:23 up 2 days, 21:12,  1 user,  load average: 0.33, 0.50, 0.44

commit bb49864f038bb3c5162fd1b7186407bf15dd3ea3
Author: tracer-ysyx <tracer@ysyx.org>
Date:   Mon Aug 12 21:08:14 2024 +0800

    > run NEMU
    ysyx_100006503 杨鹏城
    Linux ypc 6.5.0-44-generic #44~22.04.1-Ubuntu SMP PREEMPT_DYNAMIC Tue Jun 18 14:36:16 UTC 2 x86_64 x86_64 x86_64 GNU/Linux
     21:08:14 up 2 days, 21:11,  1 user,  load average: 0.96, 0.61, 0.47

commit 2dcfe36e2f0bd4b2cfb5ce766f0d5180c9ae37e6
Author: tracer-ysyx <tracer@ysyx.org>
Date:   Mon Aug 12 21:08:14 2024 +0800

    > compile NEMU
    ysyx_100006503 杨鹏城
    Linux ypc 6.5.0-44-generic #44~22.04.1-Ubuntu SMP PREEMPT_DYNAMIC Tue Jun 18 14:36:16 UTC 2 x86_64 x86_64 x86_64 GNU/Linux
     21:08:14 up 2 days, 21:11,  1 user,  load average: 0.96, 0.61, 0.47

commit 20efa713a7593927f46b5db9a277d7e2b1446547
Author: tracer-ysyx <tracer@ysyx.org>
Date:   Mon Aug 12 21:07:04 2024 +0800

    > run NEMU
    ysyx_100006503 杨鹏城
    Linux ypc 6.5.0-44-generic #44~22.04.1-Ubuntu SMP PREEMPT_DYNAMIC Tue Jun 18 14:36:16 UTC 2 x86_64 x86_64 x86_64 GNU/Linux
     21:07:04 up 2 days, 21:10,  1 user,  load average: 0.54, 0.50, 0.43

commit 84bb9e55ef7c8664799f5029472b89a6e1b8ab5c
Author: tracer-ysyx <tracer@ysyx.org>
Date:   Mon Aug 12 21:07:04 2024 +0800

    > compile NEMU
    ysyx_100006503 杨鹏城
    Linux ypc 6.5.0-44-generic #44~22.04.1-Ubuntu SMP PREEMPT_DYNAMIC Tue Jun 18 14:36:16 UTC 2 x86_64 x86_64 x86_64 GNU/Linux
     21:07:04 up 2 days, 21:10,  1 user,  load average: 0.54, 0.50, 0.43

commit 10024226e0fc85dc696b70a5ba0ad8ef13cbdd31
Author: tracer-ysyx <tracer@ysyx.org>
Date:   Mon Aug 12 21:06:45 2024 +0800

    > run NEMU
    ysyx_100006503 杨鹏城
    Linux ypc 6.5.0-44-generic #44~22.04.1-Ubuntu SMP PREEMPT_DYNAMIC Tue Jun 18 14:36:16 UTC 2 x86_64 x86_64 x86_64 GNU/Linux
     21:06:45 up 2 days, 21:09,  1 user,  load average: 0.55, 0.50, 0.43

commit dd8573775ce9d86905edcad82508cad089c3ada2
Author: tracer-ysyx <tracer@ysyx.org>
Date:   Mon Aug 12 21:06:45 2024 +0800

    > compile NEMU
    ysyx_100006503 杨鹏城
    Linux ypc 6.5.0-44-generic #44~22.04.1-Ubuntu SMP PREEMPT_DYNAMIC Tue Jun 18 14:36:16 UTC 2 x86_64 x86_64 x86_64 GNU/Linux
     21:06:45 up 2 days, 21:09,  1 user,  load average: 0.55, 0.50, 0.43

commit efda6ba632432e4f6b26e04784b21e7353cf75f0
Author: tracer-ysyx <tracer@ysyx.org>
Date:   Mon Aug 12 21:06:00 2024 +0800

    > run NEMU
    ysyx_100006503 杨鹏城
    Linux ypc 6.5.0-44-generic #44~22.04.1-Ubuntu SMP PREEMPT_DYNAMIC Tue Jun 18 14:36:16 UTC 2 x86_64 x86_64 x86_64 GNU/Linux
     21:06:00 up 2 days, 21:09,  1 user,  load average: 0.85, 0.55, 0.44

commit c6a85d4bacb56952fb1f5f2389d64e916365f84f
Author: tracer-ysyx <tracer@ysyx.org>
Date:   Mon Aug 12 21:06:00 2024 +0800

    > compile NEMU
    ysyx_100006503 杨鹏城
    Linux ypc 6.5.0-44-generic #44~22.04.1-Ubuntu SMP PREEMPT_DYNAMIC Tue Jun 18 14:36:16 UTC 2 x86_64 x86_64 x86_64 GNU/Linux
     21:06:00 up 2 days, 21:09,  1 user,  load average: 0.85, 0.55, 0.44

commit 90f535114b82c8f38647311234e28cf898e791ef
Author: tracer-ysyx <tracer@ysyx.org>
Date:   Mon Aug 12 21:05:34 2024 +0800

    > run NEMU
    ysyx_100006503 杨鹏城
    Linux ypc 6.5.0-44-generic #44~22.04.1-Ubuntu SMP PREEMPT_DYNAMIC Tue Jun 18 14:36:16 UTC 2 x86_64 x86_64 x86_64 GNU/Linux
     21:05:34 up 2 days, 21:08,  1 user,  load average: 0.90, 0.53, 0.43

commit d5bd0247477d4b6d36827db9a80979cb0e8f0fd6
Author: tracer-ysyx <tracer@ysyx.org>
Date:   Mon Aug 12 21:05:34 2024 +0800

    > compile NEMU
    ysyx_100006503 杨鹏城
    Linux ypc 6.5.0-44-generic #44~22.04.1-Ubuntu SMP PREEMPT_DYNAMIC Tue Jun 18 14:36:16 UTC 2 x86_64 x86_64 x86_64 GNU/Linux
     21:05:34 up 2 days, 21:08,  1 user,  load average: 0.90, 0.53, 0.43

commit c669e16c63da56614f5a45447fb3b47c72125274
Author: tracer-ysyx <tracer@ysyx.org>
Date:   Mon Aug 12 21:05:08 2024 +0800

    > run NEMU
    ysyx_100006503 杨鹏城
    Linux ypc 6.5.0-44-generic #44~22.04.1-Ubuntu SMP PREEMPT_DYNAMIC Tue Jun 18 14:36:16 UTC 2 x86_64 x86_64 x86_64 GNU/Linux
     21:05:08 up 2 days, 21:08,  1 user,  load average: 0.65, 0.47, 0.41

commit bbf2183a7238c0efe4db87ccdd3f5a694e43c59d
Author: tracer-ysyx <tracer@ysyx.org>
Date:   Mon Aug 12 21:05:08 2024 +0800

    > compile NEMU
    ysyx_100006503 杨鹏城
    Linux ypc 6.5.0-44-generic #44~22.04.1-Ubuntu SMP PREEMPT_DYNAMIC Tue Jun 18 14:36:16 UTC 2 x86_64 x86_64 x86_64 GNU/Linux
     21:05:08 up 2 days, 21:08,  1 user,  load average: 0.65, 0.47, 0.41

commit c9f4355569629feb1fe03cbb7df31b3dbb864926
Author: tracer-ysyx <tracer@ysyx.org>
Date:   Mon Aug 12 20:52:14 2024 +0800

    > run NEMU
    ysyx_100006503 杨鹏城
    Linux ypc 6.5.0-44-generic #44~22.04.1-Ubuntu SMP PREEMPT_DYNAMIC Tue Jun 18 14:36:16 UTC 2 x86_64 x86_64 x86_64 GNU/Linux
     20:52:14 up 2 days, 20:55,  1 user,  load average: 0.59, 0.40, 0.41

commit c527aa24dae0232da2f1ffcfc9108df4d4c558b4
Author: tracer-ysyx <tracer@ysyx.org>
Date:   Mon Aug 12 20:52:14 2024 +0800

    > compile NEMU
    ysyx_100006503 杨鹏城
    Linux ypc 6.5.0-44-generic #44~22.04.1-Ubuntu SMP PREEMPT_DYNAMIC Tue Jun 18 14:36:16 UTC 2 x86_64 x86_64 x86_64 GNU/Linux
     20:52:14 up 2 days, 20:55,  1 user,  load average: 0.59, 0.40, 0.41

commit 34362da964a8bc2bf3820ff10b00358784dd6f63
Author: tracer-ysyx <tracer@ysyx.org>
Date:   Mon Aug 12 20:51:08 2024 +0800

    > run NEMU
    ysyx_100006503 杨鹏城
    Linux ypc 6.5.0-44-generic #44~22.04.1-Ubuntu SMP PREEMPT_DYNAMIC Tue Jun 18 14:36:16 UTC 2 x86_64 x86_64 x86_64 GNU/Linux
     20:51:08 up 2 days, 20:54,  1 user,  load average: 0.20, 0.33, 0.39

commit 81a8bc7109e6d1be44f5cbd994a661442eeab96d
Author: tracer-ysyx <tracer@ysyx.org>
Date:   Mon Aug 12 20:51:08 2024 +0800

    > compile NEMU
    ysyx_100006503 杨鹏城
    Linux ypc 6.5.0-44-generic #44~22.04.1-Ubuntu SMP PREEMPT_DYNAMIC Tue Jun 18 14:36:16 UTC 2 x86_64 x86_64 x86_64 GNU/Linux
     20:51:08 up 2 days, 20:54,  1 user,  load average: 0.20, 0.33, 0.39

commit 61e9653cb00a1b5e953e0dc2a880c2778e017b22
Author: tracer-ysyx <tracer@ysyx.org>
Date:   Mon Aug 12 20:50:14 2024 +0800

    > run NEMU
    ysyx_100006503 杨鹏城
    Linux ypc 6.5.0-44-generic #44~22.04.1-Ubuntu SMP PREEMPT_DYNAMIC Tue Jun 18 14:36:16 UTC 2 x86_64 x86_64 x86_64 GNU/Linux
     20:50:14 up 2 days, 20:53,  1 user,  load average: 0.38, 0.38, 0.42

commit a9681b801ff141d96d26865b96b64a62d64964f9
Author: tracer-ysyx <tracer@ysyx.org>
Date:   Mon Aug 12 20:50:14 2024 +0800

    > compile NEMU
    ysyx_100006503 杨鹏城
    Linux ypc 6.5.0-44-generic #44~22.04.1-Ubuntu SMP PREEMPT_DYNAMIC Tue Jun 18 14:36:16 UTC 2 x86_64 x86_64 x86_64 GNU/Linux
     20:50:14 up 2 days, 20:53,  1 user,  load average: 0.38, 0.38, 0.42

commit c9c1327d2cb0e5d2ef3ede5d9beeb1289c2f5098
Author: tracer-ysyx <tracer@ysyx.org>
Date:   Mon Aug 12 20:47:59 2024 +0800

    > run NEMU
    ysyx_100006503 杨鹏城
    Linux ypc 6.5.0-44-generic #44~22.04.1-Ubuntu SMP PREEMPT_DYNAMIC Tue Jun 18 14:36:16 UTC 2 x86_64 x86_64 x86_64 GNU/Linux
     20:47:59 up 2 days, 20:51,  1 user,  load average: 0.63, 0.44, 0.44

commit 78d4b122e8b318465875a697fabb39231d8bee46
Author: tracer-ysyx <tracer@ysyx.org>
Date:   Mon Aug 12 20:47:58 2024 +0800

    > compile NEMU
    ysyx_100006503 杨鹏城
    Linux ypc 6.5.0-44-generic #44~22.04.1-Ubuntu SMP PREEMPT_DYNAMIC Tue Jun 18 14:36:16 UTC 2 x86_64 x86_64 x86_64 GNU/Linux
     20:47:58 up 2 days, 20:51,  1 user,  load average: 0.63, 0.44, 0.44

commit be23117fd3262d0ec83065031142e7c7eb282332
Author: tracer-ysyx <tracer@ysyx.org>
Date:   Mon Aug 12 20:45:39 2024 +0800

    > run NEMU
    ysyx_100006503 杨鹏城
    Linux ypc 6.5.0-44-generic #44~22.04.1-Ubuntu SMP PREEMPT_DYNAMIC Tue Jun 18 14:36:16 UTC 2 x86_64 x86_64 x86_64 GNU/Linux
     20:45:39 up 2 days, 20:48,  1 user,  load average: 0.39, 0.45, 0.45

commit a8360312d9f2939c76671e0eeab31ca578883c36
Author: tracer-ysyx <tracer@ysyx.org>
Date:   Mon Aug 12 20:45:38 2024 +0800

    > compile NEMU
    ysyx_100006503 杨鹏城
    Linux ypc 6.5.0-44-generic #44~22.04.1-Ubuntu SMP PREEMPT_DYNAMIC Tue Jun 18 14:36:16 UTC 2 x86_64 x86_64 x86_64 GNU/Linux
     20:45:38 up 2 days, 20:48,  1 user,  load average: 0.39, 0.45, 0.45

commit e049a7d302825d7ab79e52a00d1014a49a376d17
Author: tracer-ysyx <tracer@ysyx.org>
Date:   Mon Aug 12 20:45:33 2024 +0800

    > compile NEMU
    ysyx_100006503 杨鹏城
    Linux ypc 6.5.0-44-generic #44~22.04.1-Ubuntu SMP PREEMPT_DYNAMIC Tue Jun 18 14:36:16 UTC 2 x86_64 x86_64 x86_64 GNU/Linux
     20:45:33 up 2 days, 20:48,  1 user,  load average: 0.43, 0.46, 0.45

commit b6718130a296bd5e9348180d731bcf7847fd4d73
Author: tracer-ysyx <tracer@ysyx.org>
Date:   Mon Aug 12 19:41:24 2024 +0800

    > run NEMU
    ysyx_100006503 杨鹏城
    Linux ypc 6.5.0-44-generic #44~22.04.1-Ubuntu SMP PREEMPT_DYNAMIC Tue Jun 18 14:36:16 UTC 2 x86_64 x86_64 x86_64 GNU/Linux
     19:41:24 up 2 days, 19:44,  1 user,  load average: 0.58, 0.41, 0.29

commit b0c745d850d1cb6481f1a522d4a3e86b6a48ce66
Author: tracer-ysyx <tracer@ysyx.org>
Date:   Mon Aug 12 19:41:24 2024 +0800

    > compile NEMU
    ysyx_100006503 杨鹏城
    Linux ypc 6.5.0-44-generic #44~22.04.1-Ubuntu SMP PREEMPT_DYNAMIC Tue Jun 18 14:36:16 UTC 2 x86_64 x86_64 x86_64 GNU/Linux
     19:41:24 up 2 days, 19:44,  1 user,  load average: 0.58, 0.41, 0.29

commit 5c593682d22b093e3428ac905a226190aad8f854
Author: tracer-ysyx <tracer@ysyx.org>
Date:   Mon Aug 12 19:39:32 2024 +0800

    > run NEMU
    ysyx_100006503 杨鹏城
    Linux ypc 6.5.0-44-generic #44~22.04.1-Ubuntu SMP PREEMPT_DYNAMIC Tue Jun 18 14:36:16 UTC 2 x86_64 x86_64 x86_64 GNU/Linux
     19:39:32 up 2 days, 19:42,  1 user,  load average: 0.27, 0.36, 0.26

commit 9c0165e1d977708e1c7127d4310b1022d98f12e3
Author: tracer-ysyx <tracer@ysyx.org>
Date:   Mon Aug 12 19:39:32 2024 +0800

    > compile NEMU
    ysyx_100006503 杨鹏城
    Linux ypc 6.5.0-44-generic #44~22.04.1-Ubuntu SMP PREEMPT_DYNAMIC Tue Jun 18 14:36:16 UTC 2 x86_64 x86_64 x86_64 GNU/Linux
     19:39:32 up 2 days, 19:42,  1 user,  load average: 0.27, 0.36, 0.26

commit 98aed011acb880e2e4cac04470be1a6cf621c478
Author: tracer-ysyx <tracer@ysyx.org>
Date:   Mon Aug 12 19:34:58 2024 +0800

    > run NEMU
    ysyx_100006503 杨鹏城
    Linux ypc 6.5.0-44-generic #44~22.04.1-Ubuntu SMP PREEMPT_DYNAMIC Tue Jun 18 14:36:16 UTC 2 x86_64 x86_64 x86_64 GNU/Linux
     19:34:58 up 2 days, 19:38,  1 user,  load average: 1.01, 0.46, 0.25

commit 2ae96b890c78eff87de1c12b731cf7e10328aa34
Author: tracer-ysyx <tracer@ysyx.org>
Date:   Mon Aug 12 19:34:58 2024 +0800

    > compile NEMU
    ysyx_100006503 杨鹏城
    Linux ypc 6.5.0-44-generic #44~22.04.1-Ubuntu SMP PREEMPT_DYNAMIC Tue Jun 18 14:36:16 UTC 2 x86_64 x86_64 x86_64 GNU/Linux
     19:34:58 up 2 days, 19:38,  1 user,  load average: 1.01, 0.46, 0.25

commit 15c7d236eb63b5d68b719c3918acbd79af08ff33
Author: tracer-ysyx <tracer@ysyx.org>
Date:   Mon Aug 12 19:32:37 2024 +0800

    > run NEMU
    ysyx_100006503 杨鹏城
    Linux ypc 6.5.0-44-generic #44~22.04.1-Ubuntu SMP PREEMPT_DYNAMIC Tue Jun 18 14:36:16 UTC 2 x86_64 x86_64 x86_64 GNU/Linux
     19:32:37 up 2 days, 19:35,  1 user,  load average: 0.33, 0.27, 0.18

commit ef95889f5e5fe094feb306ebc0dc2acb836d8210
Author: tracer-ysyx <tracer@ysyx.org>
Date:   Mon Aug 12 19:32:37 2024 +0800

    > compile NEMU
    ysyx_100006503 杨鹏城
    Linux ypc 6.5.0-44-generic #44~22.04.1-Ubuntu SMP PREEMPT_DYNAMIC Tue Jun 18 14:36:16 UTC 2 x86_64 x86_64 x86_64 GNU/Linux
     19:32:37 up 2 days, 19:35,  1 user,  load average: 0.33, 0.27, 0.18

commit c97c788938b40670406f8f581ce07fe9956f0d9a
Author: tracer-ysyx <tracer@ysyx.org>
Date:   Mon Aug 12 19:30:53 2024 +0800

    > run NEMU
    ysyx_100006503 杨鹏城
    Linux ypc 6.5.0-44-generic #44~22.04.1-Ubuntu SMP PREEMPT_DYNAMIC Tue Jun 18 14:36:16 UTC 2 x86_64 x86_64 x86_64 GNU/Linux
     19:30:53 up 2 days, 19:33,  1 user,  load average: 0.83, 0.30, 0.17

commit b0453e9c615890acc3e642da0cdf768480d47bad
Author: tracer-ysyx <tracer@ysyx.org>
Date:   Mon Aug 12 19:30:53 2024 +0800

    > compile NEMU
    ysyx_100006503 杨鹏城
    Linux ypc 6.5.0-44-generic #44~22.04.1-Ubuntu SMP PREEMPT_DYNAMIC Tue Jun 18 14:36:16 UTC 2 x86_64 x86_64 x86_64 GNU/Linux
     19:30:53 up 2 days, 19:33,  1 user,  load average: 0.83, 0.30, 0.17

commit 45a89ada33a831fc33388873d5ef52529d85fd01
Author: tracer-ysyx <tracer@ysyx.org>
Date:   Mon Aug 12 17:41:47 2024 +0800

    > run NEMU
    ysyx_100006503 杨鹏城
    Linux ypc 6.5.0-44-generic #44~22.04.1-Ubuntu SMP PREEMPT_DYNAMIC Tue Jun 18 14:36:16 UTC 2 x86_64 x86_64 x86_64 GNU/Linux
     17:41:47 up 2 days, 17:44,  1 user,  load average: 0.44, 0.38, 0.37

commit a20896bab46c27841b918259edd52a3073e29d3c
Author: tracer-ysyx <tracer@ysyx.org>
Date:   Mon Aug 12 17:41:47 2024 +0800

    > compile NEMU
    ysyx_100006503 杨鹏城
    Linux ypc 6.5.0-44-generic #44~22.04.1-Ubuntu SMP PREEMPT_DYNAMIC Tue Jun 18 14:36:16 UTC 2 x86_64 x86_64 x86_64 GNU/Linux
     17:41:47 up 2 days, 17:44,  1 user,  load average: 0.44, 0.38, 0.37

commit 81badf0f4508bdae70c60b4ae342d252256969e9
Author: tracer-ysyx <tracer@ysyx.org>
Date:   Mon Aug 12 17:37:09 2024 +0800

    > run NEMU
    ysyx_100006503 杨鹏城
    Linux ypc 6.5.0-44-generic #44~22.04.1-Ubuntu SMP PREEMPT_DYNAMIC Tue Jun 18 14:36:16 UTC 2 x86_64 x86_64 x86_64 GNU/Linux
     17:37:09 up 2 days, 17:40,  1 user,  load average: 0.50, 0.37, 0.39

commit 90af144102fc259370c0690007479ef5cfbd8f0f
Author: tracer-ysyx <tracer@ysyx.org>
Date:   Mon Aug 12 17:37:08 2024 +0800

    > compile NEMU
    ysyx_100006503 杨鹏城
    Linux ypc 6.5.0-44-generic #44~22.04.1-Ubuntu SMP PREEMPT_DYNAMIC Tue Jun 18 14:36:16 UTC 2 x86_64 x86_64 x86_64 GNU/Linux
     17:37:08 up 2 days, 17:40,  1 user,  load average: 0.50, 0.37, 0.39

commit 452b8a25f17dc15ccaa1ac28e7a9fa64c8c5d616
Author: tracer-ysyx <tracer@ysyx.org>
Date:   Mon Aug 12 17:36:21 2024 +0800

    > run NEMU
    ysyx_100006503 杨鹏城
    Linux ypc 6.5.0-44-generic #44~22.04.1-Ubuntu SMP PREEMPT_DYNAMIC Tue Jun 18 14:36:16 UTC 2 x86_64 x86_64 x86_64 GNU/Linux
     17:36:21 up 2 days, 17:39,  1 user,  load average: 0.22, 0.32, 0.38

commit d7e6dd86e755ff505d81213295cc5a13fbce5c75
Author: tracer-ysyx <tracer@ysyx.org>
Date:   Mon Aug 12 17:36:21 2024 +0800

    > compile NEMU
    ysyx_100006503 杨鹏城
    Linux ypc 6.5.0-44-generic #44~22.04.1-Ubuntu SMP PREEMPT_DYNAMIC Tue Jun 18 14:36:16 UTC 2 x86_64 x86_64 x86_64 GNU/Linux
     17:36:21 up 2 days, 17:39,  1 user,  load average: 0.22, 0.32, 0.38

commit 45e194630acdf5200359ac7e9aacef4c216fa853
Author: tracer-ysyx <tracer@ysyx.org>
Date:   Mon Aug 12 17:31:37 2024 +0800

    > run NEMU
    ysyx_100006503 杨鹏城
    Linux ypc 6.5.0-44-generic #44~22.04.1-Ubuntu SMP PREEMPT_DYNAMIC Tue Jun 18 14:36:16 UTC 2 x86_64 x86_64 x86_64 GNU/Linux
     17:31:37 up 2 days, 17:34,  1 user,  load average: 0.47, 0.51, 0.44

commit bb0984ae663b797110619904a4460dbb3217aaab
Author: tracer-ysyx <tracer@ysyx.org>
Date:   Mon Aug 12 17:31:37 2024 +0800

    > compile NEMU
    ysyx_100006503 杨鹏城
    Linux ypc 6.5.0-44-generic #44~22.04.1-Ubuntu SMP PREEMPT_DYNAMIC Tue Jun 18 14:36:16 UTC 2 x86_64 x86_64 x86_64 GNU/Linux
     17:31:37 up 2 days, 17:34,  1 user,  load average: 0.47, 0.51, 0.44

commit 8803955e00c061b76dcc65bc1ce4d5ec5f123c88
Author: tracer-ysyx <tracer@ysyx.org>
Date:   Mon Aug 12 17:29:38 2024 +0800

    > run NEMU
    ysyx_100006503 杨鹏城
    Linux ypc 6.5.0-44-generic #44~22.04.1-Ubuntu SMP PREEMPT_DYNAMIC Tue Jun 18 14:36:16 UTC 2 x86_64 x86_64 x86_64 GNU/Linux
     17:29:38 up 2 days, 17:32,  1 user,  load average: 0.88, 0.59, 0.46

commit 0f61beae8e5c5edc3013f81706382cc16b91950e
Author: tracer-ysyx <tracer@ysyx.org>
Date:   Mon Aug 12 17:29:38 2024 +0800

    > compile NEMU
    ysyx_100006503 杨鹏城
    Linux ypc 6.5.0-44-generic #44~22.04.1-Ubuntu SMP PREEMPT_DYNAMIC Tue Jun 18 14:36:16 UTC 2 x86_64 x86_64 x86_64 GNU/Linux
     17:29:38 up 2 days, 17:32,  1 user,  load average: 0.88, 0.59, 0.46

commit cacd944764e3434c31fa33c379180b27a008d26a
Author: tracer-ysyx <tracer@ysyx.org>
Date:   Mon Aug 12 17:28:39 2024 +0800

    > run NEMU
    ysyx_100006503 杨鹏城
    Linux ypc 6.5.0-44-generic #44~22.04.1-Ubuntu SMP PREEMPT_DYNAMIC Tue Jun 18 14:36:16 UTC 2 x86_64 x86_64 x86_64 GNU/Linux
     17:28:39 up 2 days, 17:31,  1 user,  load average: 0.95, 0.59, 0.45

commit 4e0437ac6226b7b3ad37cbdefb894599f63073f4
Author: tracer-ysyx <tracer@ysyx.org>
Date:   Mon Aug 12 17:28:39 2024 +0800

    > compile NEMU
    ysyx_100006503 杨鹏城
    Linux ypc 6.5.0-44-generic #44~22.04.1-Ubuntu SMP PREEMPT_DYNAMIC Tue Jun 18 14:36:16 UTC 2 x86_64 x86_64 x86_64 GNU/Linux
     17:28:39 up 2 days, 17:31,  1 user,  load average: 0.95, 0.59, 0.45

commit b7210f61623fac0068c8cbffe35f297af1141a5a
Author: tracer-ysyx <tracer@ysyx.org>
Date:   Mon Aug 12 17:26:08 2024 +0800

    > run NEMU
    ysyx_100006503 杨鹏城
    Linux ypc 6.5.0-44-generic #44~22.04.1-Ubuntu SMP PREEMPT_DYNAMIC Tue Jun 18 14:36:16 UTC 2 x86_64 x86_64 x86_64 GNU/Linux
     17:26:08 up 2 days, 17:29,  1 user,  load average: 0.86, 0.58, 0.43

commit 04d37a12e3bd23b433a83a88d43f9a1c2c9dd1d4
Author: tracer-ysyx <tracer@ysyx.org>
Date:   Mon Aug 12 17:26:08 2024 +0800

    > compile NEMU
    ysyx_100006503 杨鹏城
    Linux ypc 6.5.0-44-generic #44~22.04.1-Ubuntu SMP PREEMPT_DYNAMIC Tue Jun 18 14:36:16 UTC 2 x86_64 x86_64 x86_64 GNU/Linux
     17:26:08 up 2 days, 17:29,  1 user,  load average: 0.86, 0.58, 0.43

commit 8fbf0c67cb356f15114238ef18a9370cc1254225
Author: tracer-ysyx <tracer@ysyx.org>
Date:   Mon Aug 12 17:24:47 2024 +0800

    > run NEMU
    ysyx_100006503 杨鹏城
    Linux ypc 6.5.0-44-generic #44~22.04.1-Ubuntu SMP PREEMPT_DYNAMIC Tue Jun 18 14:36:16 UTC 2 x86_64 x86_64 x86_64 GNU/Linux
     17:24:47 up 2 days, 17:27,  1 user,  load average: 0.81, 0.53, 0.41

commit 5ac36a96853da591feecb0b83d4c8d21d4f997e2
Author: tracer-ysyx <tracer@ysyx.org>
Date:   Mon Aug 12 17:24:47 2024 +0800

    > compile NEMU
    ysyx_100006503 杨鹏城
    Linux ypc 6.5.0-44-generic #44~22.04.1-Ubuntu SMP PREEMPT_DYNAMIC Tue Jun 18 14:36:16 UTC 2 x86_64 x86_64 x86_64 GNU/Linux
     17:24:47 up 2 days, 17:27,  1 user,  load average: 0.81, 0.53, 0.41

commit 5a4ca7945e5d33becbc163732fb6f2f0acac4b05
Author: tracer-ysyx <tracer@ysyx.org>
Date:   Mon Aug 12 17:24:36 2024 +0800

    > run NEMU
    ysyx_100006503 杨鹏城
    Linux ypc 6.5.0-44-generic #44~22.04.1-Ubuntu SMP PREEMPT_DYNAMIC Tue Jun 18 14:36:16 UTC 2 x86_64 x86_64 x86_64 GNU/Linux
     17:24:36 up 2 days, 17:27,  1 user,  load average: 0.94, 0.54, 0.41

commit e816eeca6d07827b1ddb23862689148413b3071b
Author: tracer-ysyx <tracer@ysyx.org>
Date:   Mon Aug 12 17:24:36 2024 +0800

    > compile NEMU
    ysyx_100006503 杨鹏城
    Linux ypc 6.5.0-44-generic #44~22.04.1-Ubuntu SMP PREEMPT_DYNAMIC Tue Jun 18 14:36:16 UTC 2 x86_64 x86_64 x86_64 GNU/Linux
     17:24:36 up 2 days, 17:27,  1 user,  load average: 0.94, 0.54, 0.41

commit 18bb3148c0aec551058f0d000e682b7f92af9f37
Author: tracer-ysyx <tracer@ysyx.org>
Date:   Mon Aug 12 17:19:55 2024 +0800

    > run NEMU
    ysyx_100006503 杨鹏城
    Linux ypc 6.5.0-44-generic #44~22.04.1-Ubuntu SMP PREEMPT_DYNAMIC Tue Jun 18 14:36:16 UTC 2 x86_64 x86_64 x86_64 GNU/Linux
     17:19:55 up 2 days, 17:22,  1 user,  load average: 0.41, 0.44, 0.37

commit 582329f537b1f4a87d3abf3169befe3c138d3a03
Author: tracer-ysyx <tracer@ysyx.org>
Date:   Mon Aug 12 17:19:55 2024 +0800

    > compile NEMU
    ysyx_100006503 杨鹏城
    Linux ypc 6.5.0-44-generic #44~22.04.1-Ubuntu SMP PREEMPT_DYNAMIC Tue Jun 18 14:36:16 UTC 2 x86_64 x86_64 x86_64 GNU/Linux
     17:19:55 up 2 days, 17:22,  1 user,  load average: 0.41, 0.44, 0.37

commit fb3462dbabf1c2c48366ff9e36911617be16157b
Author: tracer-ysyx <tracer@ysyx.org>
Date:   Sun Aug 4 15:56:44 2024 +0800

    > run NEMU
    ysyx_100006503 杨鹏城
    Linux ypc 6.5.0-44-generic #44~22.04.1-Ubuntu SMP PREEMPT_DYNAMIC Tue Jun 18 14:36:16 UTC 2 x86_64 x86_64 x86_64 GNU/Linux
     15:56:44 up 22:40,  1 user,  load average: 0.74, 0.59, 0.42

commit 23951d3fa9e5a03df2727660ec31635efcbfde30
Author: tracer-ysyx <tracer@ysyx.org>
Date:   Sun Aug 4 15:56:44 2024 +0800

    > compile NEMU
    ysyx_100006503 杨鹏城
    Linux ypc 6.5.0-44-generic #44~22.04.1-Ubuntu SMP PREEMPT_DYNAMIC Tue Jun 18 14:36:16 UTC 2 x86_64 x86_64 x86_64 GNU/Linux
     15:56:44 up 22:40,  1 user,  load average: 0.74, 0.59, 0.42

commit 9d7095779ee10040b98121ff1542358b1ea0d8fe
Author: tracer-ysyx <tracer@ysyx.org>
Date:   Sun Aug 4 15:56:10 2024 +0800

    > run NEMU
    ysyx_100006503 杨鹏城
    Linux ypc 6.5.0-44-generic #44~22.04.1-Ubuntu SMP PREEMPT_DYNAMIC Tue Jun 18 14:36:16 UTC 2 x86_64 x86_64 x86_64 GNU/Linux
     15:56:10 up 22:39,  1 user,  load average: 1.08, 0.63, 0.42

commit 412708f6cda28be1598676cf88f18ef6ffc30d3e
Author: tracer-ysyx <tracer@ysyx.org>
Date:   Sun Aug 4 15:56:10 2024 +0800

    > compile NEMU
    ysyx_100006503 杨鹏城
    Linux ypc 6.5.0-44-generic #44~22.04.1-Ubuntu SMP PREEMPT_DYNAMIC Tue Jun 18 14:36:16 UTC 2 x86_64 x86_64 x86_64 GNU/Linux
     15:56:10 up 22:39,  1 user,  load average: 1.08, 0.63, 0.42

commit c0d8f435a77e71167b1982ffffe31cfec22939c3
Author: tracer-ysyx <tracer@ysyx.org>
Date:   Sun Aug 4 15:50:37 2024 +0800

    > run NEMU
    ysyx_100006503 杨鹏城
    Linux ypc 6.5.0-44-generic #44~22.04.1-Ubuntu SMP PREEMPT_DYNAMIC Tue Jun 18 14:36:16 UTC 2 x86_64 x86_64 x86_64 GNU/Linux
     15:50:37 up 22:34,  1 user,  load average: 0.13, 0.20, 0.28

commit 70027db12366d2e0c4ccc6e84c2318880db3e3c7
Author: tracer-ysyx <tracer@ysyx.org>
Date:   Sun Aug 4 15:50:37 2024 +0800

    > compile NEMU
    ysyx_100006503 杨鹏城
    Linux ypc 6.5.0-44-generic #44~22.04.1-Ubuntu SMP PREEMPT_DYNAMIC Tue Jun 18 14:36:16 UTC 2 x86_64 x86_64 x86_64 GNU/Linux
     15:50:37 up 22:34,  1 user,  load average: 0.13, 0.20, 0.28

commit e333d469b56c85b2c3e4912deeaee7cc11dd498d
Author: tracer-ysyx <tracer@ysyx.org>
Date:   Sun Aug 4 15:44:16 2024 +0800

    > run NEMU
    ysyx_100006503 杨鹏城
    Linux ypc 6.5.0-44-generic #44~22.04.1-Ubuntu SMP PREEMPT_DYNAMIC Tue Jun 18 14:36:16 UTC 2 x86_64 x86_64 x86_64 GNU/Linux
     15:44:16 up 22:28,  1 user,  load average: 0.38, 0.37, 0.37

commit a9a074bc458e34201a278191cc2ff0214f8caa3c
Author: tracer-ysyx <tracer@ysyx.org>
Date:   Sun Aug 4 15:44:16 2024 +0800

    > compile NEMU
    ysyx_100006503 杨鹏城
    Linux ypc 6.5.0-44-generic #44~22.04.1-Ubuntu SMP PREEMPT_DYNAMIC Tue Jun 18 14:36:16 UTC 2 x86_64 x86_64 x86_64 GNU/Linux
     15:44:16 up 22:28,  1 user,  load average: 0.38, 0.37, 0.37

commit 228542edac757c8bfcca7920d50ea516c753061c
Author: tracer-ysyx <tracer@ysyx.org>
Date:   Sun Aug 4 15:43:16 2024 +0800

    > run NEMU
    ysyx_100006503 杨鹏城
    Linux ypc 6.5.0-44-generic #44~22.04.1-Ubuntu SMP PREEMPT_DYNAMIC Tue Jun 18 14:36:16 UTC 2 x86_64 x86_64 x86_64 GNU/Linux
     15:43:16 up 22:27,  1 user,  load average: 0.36, 0.37, 0.37

commit b713e04bcc7d75c367b447ff5a2585d42b52a2c5
Author: tracer-ysyx <tracer@ysyx.org>
Date:   Sun Aug 4 15:43:16 2024 +0800

    > compile NEMU
    ysyx_100006503 杨鹏城
    Linux ypc 6.5.0-44-generic #44~22.04.1-Ubuntu SMP PREEMPT_DYNAMIC Tue Jun 18 14:36:16 UTC 2 x86_64 x86_64 x86_64 GNU/Linux
     15:43:16 up 22:27,  1 user,  load average: 0.36, 0.37, 0.37

commit 46235b0303d8e468bfee04a575ff1f58c338ebd2
Author: tracer-ysyx <tracer@ysyx.org>
Date:   Sun Aug 4 15:40:54 2024 +0800

    > run NEMU
    ysyx_100006503 杨鹏城
    Linux ypc 6.5.0-44-generic #44~22.04.1-Ubuntu SMP PREEMPT_DYNAMIC Tue Jun 18 14:36:16 UTC 2 x86_64 x86_64 x86_64 GNU/Linux
     15:40:54 up 22:24,  1 user,  load average: 0.43, 0.34, 0.37

commit 29b8b439ac1e7f04b238ba926527b48de5606874
Author: tracer-ysyx <tracer@ysyx.org>
Date:   Sun Aug 4 15:40:54 2024 +0800

    > compile NEMU
    ysyx_100006503 杨鹏城
    Linux ypc 6.5.0-44-generic #44~22.04.1-Ubuntu SMP PREEMPT_DYNAMIC Tue Jun 18 14:36:16 UTC 2 x86_64 x86_64 x86_64 GNU/Linux
     15:40:54 up 22:24,  1 user,  load average: 0.43, 0.34, 0.37

commit 6063e05eba0901b3b426a8695cdd6aa139a84073
Author: tracer-ysyx <tracer@ysyx.org>
Date:   Sun Aug 4 15:40:23 2024 +0800

    > run NEMU
    ysyx_100006503 杨鹏城
    Linux ypc 6.5.0-44-generic #44~22.04.1-Ubuntu SMP PREEMPT_DYNAMIC Tue Jun 18 14:36:16 UTC 2 x86_64 x86_64 x86_64 GNU/Linux
     15:40:23 up 22:24,  1 user,  load average: 0.62, 0.36, 0.38

commit ea2cc8621d694bceef6fb9fcd0128d5caaabe8b5
Author: tracer-ysyx <tracer@ysyx.org>
Date:   Sun Aug 4 15:40:23 2024 +0800

    > compile NEMU
    ysyx_100006503 杨鹏城
    Linux ypc 6.5.0-44-generic #44~22.04.1-Ubuntu SMP PREEMPT_DYNAMIC Tue Jun 18 14:36:16 UTC 2 x86_64 x86_64 x86_64 GNU/Linux
     15:40:23 up 22:24,  1 user,  load average: 0.62, 0.36, 0.38

commit 0292b05a1a61a8fcf11ea56158bd3a15515aaf48
Author: tracer-ysyx <tracer@ysyx.org>
Date:   Sun Aug 4 15:31:41 2024 +0800

    > run NEMU
    ysyx_100006503 杨鹏城
    Linux ypc 6.5.0-44-generic #44~22.04.1-Ubuntu SMP PREEMPT_DYNAMIC Tue Jun 18 14:36:16 UTC 2 x86_64 x86_64 x86_64 GNU/Linux
     15:31:41 up 22:15,  1 user,  load average: 0.56, 0.62, 0.49

commit 8c5e06fed48d012f44da555532258faeae54d06c
Author: tracer-ysyx <tracer@ysyx.org>
Date:   Sun Aug 4 15:31:41 2024 +0800

    > compile NEMU
    ysyx_100006503 杨鹏城
    Linux ypc 6.5.0-44-generic #44~22.04.1-Ubuntu SMP PREEMPT_DYNAMIC Tue Jun 18 14:36:16 UTC 2 x86_64 x86_64 x86_64 GNU/Linux
     15:31:41 up 22:15,  1 user,  load average: 0.56, 0.62, 0.49

commit a614610e82c48db1df197f52538e0aca40bf82e6
Author: tracer-ysyx <tracer@ysyx.org>
Date:   Sun Aug 4 15:30:43 2024 +0800

    > run NEMU
    ysyx_100006503 杨鹏城
    Linux ypc 6.5.0-44-generic #44~22.04.1-Ubuntu SMP PREEMPT_DYNAMIC Tue Jun 18 14:36:16 UTC 2 x86_64 x86_64 x86_64 GNU/Linux
     15:30:43 up 22:14,  1 user,  load average: 1.16, 0.72, 0.51

commit 02dcf1bd5a6fe9b6deb4a4ce664456de9af5ad66
Author: tracer-ysyx <tracer@ysyx.org>
Date:   Sun Aug 4 15:30:43 2024 +0800

    > compile NEMU
    ysyx_100006503 杨鹏城
    Linux ypc 6.5.0-44-generic #44~22.04.1-Ubuntu SMP PREEMPT_DYNAMIC Tue Jun 18 14:36:16 UTC 2 x86_64 x86_64 x86_64 GNU/Linux
     15:30:43 up 22:14,  1 user,  load average: 1.16, 0.72, 0.51

commit cb8b08852a4911d02ee255fe64678e85eddd2b0c
Author: tracer-ysyx <tracer@ysyx.org>
Date:   Sun Aug 4 15:22:13 2024 +0800

    > run NEMU
    ysyx_100006503 杨鹏城
    Linux ypc 6.5.0-44-generic #44~22.04.1-Ubuntu SMP PREEMPT_DYNAMIC Tue Jun 18 14:36:16 UTC 2 x86_64 x86_64 x86_64 GNU/Linux
     15:22:13 up 22:06,  1 user,  load average: 0.53, 0.53, 0.43

commit a00fc6e83ea2bb1af6dd1e2cff42e5eb7f5ba273
Author: tracer-ysyx <tracer@ysyx.org>
Date:   Sun Aug 4 15:22:13 2024 +0800

    > compile NEMU
    ysyx_100006503 杨鹏城
    Linux ypc 6.5.0-44-generic #44~22.04.1-Ubuntu SMP PREEMPT_DYNAMIC Tue Jun 18 14:36:16 UTC 2 x86_64 x86_64 x86_64 GNU/Linux
     15:22:13 up 22:06,  1 user,  load average: 0.53, 0.53, 0.43

commit 66f515fc16446414e288c7f5d92dc6d857e52d59
Author: tracer-ysyx <tracer@ysyx.org>
Date:   Sun Aug 4 15:20:47 2024 +0800

    > run NEMU
    ysyx_100006503 杨鹏城
    Linux ypc 6.5.0-44-generic #44~22.04.1-Ubuntu SMP PREEMPT_DYNAMIC Tue Jun 18 14:36:16 UTC 2 x86_64 x86_64 x86_64 GNU/Linux
     15:20:47 up 22:04,  1 user,  load average: 0.79, 0.59, 0.43

commit 73102906c3ffa90072c8aeb3c8a952b8b3cfebab
Author: tracer-ysyx <tracer@ysyx.org>
Date:   Sun Aug 4 15:20:47 2024 +0800

    > compile NEMU
    ysyx_100006503 杨鹏城
    Linux ypc 6.5.0-44-generic #44~22.04.1-Ubuntu SMP PREEMPT_DYNAMIC Tue Jun 18 14:36:16 UTC 2 x86_64 x86_64 x86_64 GNU/Linux
     15:20:47 up 22:04,  1 user,  load average: 0.79, 0.59, 0.43

commit 4f0c469508a64507832640d54915350c204e34f7
Author: tracer-ysyx <tracer@ysyx.org>
Date:   Sun Aug 4 15:20:31 2024 +0800

    > run NEMU
    ysyx_100006503 杨鹏城
    Linux ypc 6.5.0-44-generic #44~22.04.1-Ubuntu SMP PREEMPT_DYNAMIC Tue Jun 18 14:36:16 UTC 2 x86_64 x86_64 x86_64 GNU/Linux
     15:20:31 up 22:04,  1 user,  load average: 1.02, 0.61, 0.44

commit f31e6411bccefb9c1f0a7a49ffbdfbe481217b3e
Author: tracer-ysyx <tracer@ysyx.org>
Date:   Sun Aug 4 15:20:31 2024 +0800

    > compile NEMU
    ysyx_100006503 杨鹏城
    Linux ypc 6.5.0-44-generic #44~22.04.1-Ubuntu SMP PREEMPT_DYNAMIC Tue Jun 18 14:36:16 UTC 2 x86_64 x86_64 x86_64 GNU/Linux
     15:20:31 up 22:04,  1 user,  load average: 1.02, 0.61, 0.44

commit 922a845105eb7fd5581f900bd14d06179d3ba3a4
Author: tracer-ysyx <tracer@ysyx.org>
Date:   Sun Aug 4 15:11:27 2024 +0800

    > run NEMU
    ysyx_100006503 杨鹏城
    Linux ypc 6.5.0-44-generic #44~22.04.1-Ubuntu SMP PREEMPT_DYNAMIC Tue Jun 18 14:36:16 UTC 2 x86_64 x86_64 x86_64 GNU/Linux
     15:11:27 up 21:55,  1 user,  load average: 0.27, 0.35, 0.33

commit 5b8b40da9c2015294befcaf620adc11338c37ca1
Author: tracer-ysyx <tracer@ysyx.org>
Date:   Sun Aug 4 15:11:27 2024 +0800

    > compile NEMU
    ysyx_100006503 杨鹏城
    Linux ypc 6.5.0-44-generic #44~22.04.1-Ubuntu SMP PREEMPT_DYNAMIC Tue Jun 18 14:36:16 UTC 2 x86_64 x86_64 x86_64 GNU/Linux
     15:11:27 up 21:55,  1 user,  load average: 0.27, 0.35, 0.33

commit 7c1a877165a6ebb0b6db8a1745b3ae02979a9c0d
Author: tracer-ysyx <tracer@ysyx.org>
Date:   Sun Aug 4 14:58:03 2024 +0800

    > run NEMU
    ysyx_100006503 杨鹏城
    Linux ypc 6.5.0-44-generic #44~22.04.1-Ubuntu SMP PREEMPT_DYNAMIC Tue Jun 18 14:36:16 UTC 2 x86_64 x86_64 x86_64 GNU/Linux
     14:58:03 up 21:41,  1 user,  load average: 0.41, 0.37, 0.31

commit 3c4a7ff55c642a054502ff6ce119084510768ea7
Author: tracer-ysyx <tracer@ysyx.org>
Date:   Sun Aug 4 14:58:03 2024 +0800

    > compile NEMU
    ysyx_100006503 杨鹏城
    Linux ypc 6.5.0-44-generic #44~22.04.1-Ubuntu SMP PREEMPT_DYNAMIC Tue Jun 18 14:36:16 UTC 2 x86_64 x86_64 x86_64 GNU/Linux
     14:58:03 up 21:41,  1 user,  load average: 0.41, 0.37, 0.31

commit a6828f226707c1b177727616e51dbb4a5492aa15
Author: tracer-ysyx <tracer@ysyx.org>
Date:   Sun Aug 4 14:57:11 2024 +0800

    > run NEMU
    ysyx_100006503 杨鹏城
    Linux ypc 6.5.0-44-generic #44~22.04.1-Ubuntu SMP PREEMPT_DYNAMIC Tue Jun 18 14:36:16 UTC 2 x86_64 x86_64 x86_64 GNU/Linux
     14:57:11 up 21:40,  1 user,  load average: 0.31, 0.36, 0.30

commit 35587d27ddf4d97d210a957e5db279f29fadd760
Author: tracer-ysyx <tracer@ysyx.org>
Date:   Sun Aug 4 14:57:11 2024 +0800

    > compile NEMU
    ysyx_100006503 杨鹏城
    Linux ypc 6.5.0-44-generic #44~22.04.1-Ubuntu SMP PREEMPT_DYNAMIC Tue Jun 18 14:36:16 UTC 2 x86_64 x86_64 x86_64 GNU/Linux
     14:57:11 up 21:40,  1 user,  load average: 0.31, 0.36, 0.30

commit 7dc3f375fea47c7c1965b3330bc76e647dd49382
Author: tracer-ysyx <tracer@ysyx.org>
Date:   Sun Aug 4 14:56:58 2024 +0800

    > run NEMU
    ysyx_100006503 杨鹏城
    Linux ypc 6.5.0-44-generic #44~22.04.1-Ubuntu SMP PREEMPT_DYNAMIC Tue Jun 18 14:36:16 UTC 2 x86_64 x86_64 x86_64 GNU/Linux
     14:56:58 up 21:40,  1 user,  load average: 0.39, 0.38, 0.31

commit 86b8c97a4b44398ac671cf1267a5f1c3285b9ed3
Author: tracer-ysyx <tracer@ysyx.org>
Date:   Sun Aug 4 14:56:58 2024 +0800

    > compile NEMU
    ysyx_100006503 杨鹏城
    Linux ypc 6.5.0-44-generic #44~22.04.1-Ubuntu SMP PREEMPT_DYNAMIC Tue Jun 18 14:36:16 UTC 2 x86_64 x86_64 x86_64 GNU/Linux
     14:56:58 up 21:40,  1 user,  load average: 0.39, 0.38, 0.31

commit f90691279024e31f5cce0c28fdeb0d1066007407
Author: tracer-ysyx <tracer@ysyx.org>
Date:   Sun Aug 4 11:36:06 2024 +0800

    > run NEMU
    ysyx_100006503 杨鹏城
    Linux ypc 6.5.0-44-generic #44~22.04.1-Ubuntu SMP PREEMPT_DYNAMIC Tue Jun 18 14:36:16 UTC 2 x86_64 x86_64 x86_64 GNU/Linux
     11:36:06 up 18:19,  1 user,  load average: 0.38, 0.25, 0.19

commit df9509dee8d4890bc38148334495fe2f2a31913c
Author: tracer-ysyx <tracer@ysyx.org>
Date:   Sun Aug 4 11:36:06 2024 +0800

    > compile NEMU
    ysyx_100006503 杨鹏城
    Linux ypc 6.5.0-44-generic #44~22.04.1-Ubuntu SMP PREEMPT_DYNAMIC Tue Jun 18 14:36:16 UTC 2 x86_64 x86_64 x86_64 GNU/Linux
     11:36:06 up 18:19,  1 user,  load average: 0.38, 0.25, 0.19

commit 0816fe683bcaacf12db4b5970fc82d20222b1a1f
Author: tracer-ysyx <tracer@ysyx.org>
Date:   Sun Aug 4 11:34:48 2024 +0800

    > compile NEMU
    ysyx_100006503 杨鹏城
    Linux ypc 6.5.0-44-generic #44~22.04.1-Ubuntu SMP PREEMPT_DYNAMIC Tue Jun 18 14:36:16 UTC 2 x86_64 x86_64 x86_64 GNU/Linux
     11:34:48 up 18:18,  1 user,  load average: 0.55, 0.25, 0.18

commit 46315585f8298ae252ec93124236ab8f27c40cca
Author: tracer-ysyx <tracer@ysyx.org>
Date:   Sun Aug 4 11:33:13 2024 +0800

    > run NEMU
    ysyx_100006503 杨鹏城
    Linux ypc 6.5.0-44-generic #44~22.04.1-Ubuntu SMP PREEMPT_DYNAMIC Tue Jun 18 14:36:16 UTC 2 x86_64 x86_64 x86_64 GNU/Linux
     11:33:13 up 18:17,  1 user,  load average: 0.18, 0.16, 0.15

commit 47ebf76ec9ff25f84e015691de7d7c9c4566488a
Author: tracer-ysyx <tracer@ysyx.org>
Date:   Sun Aug 4 11:33:13 2024 +0800

    > compile NEMU
    ysyx_100006503 杨鹏城
    Linux ypc 6.5.0-44-generic #44~22.04.1-Ubuntu SMP PREEMPT_DYNAMIC Tue Jun 18 14:36:16 UTC 2 x86_64 x86_64 x86_64 GNU/Linux
     11:33:13 up 18:17,  1 user,  load average: 0.18, 0.16, 0.15

commit 6cbc16287cf6eb87418c07084de649fe81976bd9
Author: tracer-ysyx <tracer@ysyx.org>
Date:   Sun Aug 4 10:45:41 2024 +0800

    > compile NEMU
    ysyx_100006503 杨鹏城
    Linux ypc 6.5.0-44-generic #44~22.04.1-Ubuntu SMP PREEMPT_DYNAMIC Tue Jun 18 14:36:16 UTC 2 x86_64 x86_64 x86_64 GNU/Linux
     10:45:41 up 17:29,  1 user,  load average: 0.28, 0.20, 0.19

commit 168a442bed67c095aa18083d9bae8715d69a0e59
Author: tracer-ysyx <tracer@ysyx.org>
Date:   Sun Aug 4 10:39:04 2024 +0800

    > compile NEMU
    ysyx_100006503 杨鹏城
    Linux ypc 6.5.0-44-generic #44~22.04.1-Ubuntu SMP PREEMPT_DYNAMIC Tue Jun 18 14:36:16 UTC 2 x86_64 x86_64 x86_64 GNU/Linux
     10:39:04 up 17:22,  1 user,  load average: 0.20, 0.20, 0.18

commit cbd2e5ba008aa48024b8e8d8a9a4e14e5dd8063f
Author: tracer-ysyx <tracer@ysyx.org>
Date:   Sun Aug 4 10:38:56 2024 +0800

    > compile NEMU
    ysyx_100006503 杨鹏城
    Linux ypc 6.5.0-44-generic #44~22.04.1-Ubuntu SMP PREEMPT_DYNAMIC Tue Jun 18 14:36:16 UTC 2 x86_64 x86_64 x86_64 GNU/Linux
     10:38:56 up 17:22,  1 user,  load average: 0.14, 0.19, 0.18

commit c35c13173d6b15bf0d38a5e1adabaf2a225d15c5
Author: tracer-ysyx <tracer@ysyx.org>
Date:   Sun Aug 4 10:38:53 2024 +0800

    > compile NEMU
    ysyx_100006503 杨鹏城
    Linux ypc 6.5.0-44-generic #44~22.04.1-Ubuntu SMP PREEMPT_DYNAMIC Tue Jun 18 14:36:16 UTC 2 x86_64 x86_64 x86_64 GNU/Linux
     10:38:53 up 17:22,  1 user,  load average: 0.14, 0.19, 0.18

commit ff5622c935a195abfe68d60ad5717995d4e3920b
Author: tracer-ysyx <tracer@ysyx.org>
Date:   Sun Aug 4 10:38:23 2024 +0800

    > run NEMU
    ysyx_100006503 杨鹏城
    Linux ypc 6.5.0-44-generic #44~22.04.1-Ubuntu SMP PREEMPT_DYNAMIC Tue Jun 18 14:36:16 UTC 2 x86_64 x86_64 x86_64 GNU/Linux
     10:38:23 up 17:22,  1 user,  load average: 0.24, 0.22, 0.19

commit 023e05ba2a042e659321ab178551f50f770a5777
Author: tracer-ysyx <tracer@ysyx.org>
Date:   Sun Aug 4 10:38:23 2024 +0800

    > compile NEMU
    ysyx_100006503 杨鹏城
    Linux ypc 6.5.0-44-generic #44~22.04.1-Ubuntu SMP PREEMPT_DYNAMIC Tue Jun 18 14:36:16 UTC 2 x86_64 x86_64 x86_64 GNU/Linux
     10:38:23 up 17:22,  1 user,  load average: 0.24, 0.22, 0.19

commit 0ae11ffc5cb507795074ec89509ea544543f2248
Author: tracer-ysyx <tracer@ysyx.org>
Date:   Sat Aug 3 20:25:47 2024 +0800

    > run NEMU
    ysyx_100006503 杨鹏城
    Linux ypc 6.5.0-44-generic #44~22.04.1-Ubuntu SMP PREEMPT_DYNAMIC Tue Jun 18 14:36:16 UTC 2 x86_64 x86_64 x86_64 GNU/Linux
     20:25:47 up  3:09,  1 user,  load average: 0.76, 0.68, 0.41

commit 3439e21ef4b5711542b1657a5b50dc6e59ca1e23
Author: tracer-ysyx <tracer@ysyx.org>
Date:   Sat Aug 3 20:25:47 2024 +0800

    > compile NEMU
    ysyx_100006503 杨鹏城
    Linux ypc 6.5.0-44-generic #44~22.04.1-Ubuntu SMP PREEMPT_DYNAMIC Tue Jun 18 14:36:16 UTC 2 x86_64 x86_64 x86_64 GNU/Linux
     20:25:47 up  3:09,  1 user,  load average: 0.76, 0.68, 0.41

commit 2b2281c5766678b10e220cadb5ef0fb62c950247
Author: tracer-ysyx <tracer@ysyx.org>
Date:   Sat Aug 3 20:25:19 2024 +0800

    > run NEMU
    ysyx_100006503 杨鹏城
    Linux ypc 6.5.0-44-generic #44~22.04.1-Ubuntu SMP PREEMPT_DYNAMIC Tue Jun 18 14:36:16 UTC 2 x86_64 x86_64 x86_64 GNU/Linux
     20:25:19 up  3:09,  1 user,  load average: 0.92, 0.70, 0.40

commit db62f2c6023ff8c4bbcd6851ca4e51830a21f69b
Author: tracer-ysyx <tracer@ysyx.org>
Date:   Sat Aug 3 20:25:19 2024 +0800

    > compile NEMU
    ysyx_100006503 杨鹏城
    Linux ypc 6.5.0-44-generic #44~22.04.1-Ubuntu SMP PREEMPT_DYNAMIC Tue Jun 18 14:36:16 UTC 2 x86_64 x86_64 x86_64 GNU/Linux
     20:25:19 up  3:09,  1 user,  load average: 0.92, 0.70, 0.40

commit 539b5f2d359a2a600bc7b62d2367fa93bf73408f
Author: tracer-ysyx <tracer@ysyx.org>
Date:   Sat Aug 3 20:25:06 2024 +0800

    > run NEMU
    ysyx_100006503 杨鹏城
    Linux ypc 6.5.0-44-generic #44~22.04.1-Ubuntu SMP PREEMPT_DYNAMIC Tue Jun 18 14:36:16 UTC 2 x86_64 x86_64 x86_64 GNU/Linux
     20:25:06 up  3:08,  1 user,  load average: 0.75, 0.66, 0.38

commit ef6be3386d4a1236c7fa48739332ca9784629cec
Author: tracer-ysyx <tracer@ysyx.org>
Date:   Sat Aug 3 20:25:06 2024 +0800

    > compile NEMU
    ysyx_100006503 杨鹏城
    Linux ypc 6.5.0-44-generic #44~22.04.1-Ubuntu SMP PREEMPT_DYNAMIC Tue Jun 18 14:36:16 UTC 2 x86_64 x86_64 x86_64 GNU/Linux
     20:25:06 up  3:08,  1 user,  load average: 0.75, 0.66, 0.38

commit a6f2b6859cb65144493eb82ff1f3cfd9f076394c
Author: tracer-ysyx <tracer@ysyx.org>
Date:   Sat Aug 3 20:18:56 2024 +0800

    > run NEMU
    ysyx_100006503 杨鹏城
    Linux ypc 6.5.0-44-generic #44~22.04.1-Ubuntu SMP PREEMPT_DYNAMIC Tue Jun 18 14:36:16 UTC 2 x86_64 x86_64 x86_64 GNU/Linux
     20:18:56 up  3:02,  1 user,  load average: 0.24, 0.21, 0.18

commit bcfd961dec5298a0917b86d1504cfdffcccf68f1
Author: tracer-ysyx <tracer@ysyx.org>
Date:   Sat Aug 3 20:18:56 2024 +0800

    > compile NEMU
    ysyx_100006503 杨鹏城
    Linux ypc 6.5.0-44-generic #44~22.04.1-Ubuntu SMP PREEMPT_DYNAMIC Tue Jun 18 14:36:16 UTC 2 x86_64 x86_64 x86_64 GNU/Linux
     20:18:56 up  3:02,  1 user,  load average: 0.24, 0.21, 0.18

commit a686f0181c17ea7dd79d5b9325eec29ef83ae83d
Author: tracer-ysyx <tracer@ysyx.org>
Date:   Sat Aug 3 17:58:51 2024 +0800

    > run NEMU
    ysyx_100006503 杨鹏城
    Linux ypc 6.5.0-44-generic #44~22.04.1-Ubuntu SMP PREEMPT_DYNAMIC Tue Jun 18 14:36:16 UTC 2 x86_64 x86_64 x86_64 GNU/Linux
     17:58:51 up 42 min,  1 user,  load average: 0.17, 0.17, 0.17

commit 5c5ab422474320c9d0524fd178d11c91cb70df1c
Author: tracer-ysyx <tracer@ysyx.org>
Date:   Sat Aug 3 17:58:51 2024 +0800

    > compile NEMU
    ysyx_100006503 杨鹏城
    Linux ypc 6.5.0-44-generic #44~22.04.1-Ubuntu SMP PREEMPT_DYNAMIC Tue Jun 18 14:36:16 UTC 2 x86_64 x86_64 x86_64 GNU/Linux
     17:58:51 up 42 min,  1 user,  load average: 0.17, 0.17, 0.17

commit 2602c3896a386543da004ed4d5bbe4267c03e12e
Author: tracer-ysyx <tracer@ysyx.org>
Date:   Sat Aug 3 17:58:29 2024 +0800

    > run NEMU
    ysyx_100006503 杨鹏城
    Linux ypc 6.5.0-44-generic #44~22.04.1-Ubuntu SMP PREEMPT_DYNAMIC Tue Jun 18 14:36:16 UTC 2 x86_64 x86_64 x86_64 GNU/Linux
     17:58:29 up 42 min,  1 user,  load average: 0.13, 0.16, 0.17

commit 3412e2a719a61f985ccb6b3350ae8db1a0b700f7
Author: tracer-ysyx <tracer@ysyx.org>
Date:   Sat Aug 3 17:58:29 2024 +0800

    > compile NEMU
    ysyx_100006503 杨鹏城
    Linux ypc 6.5.0-44-generic #44~22.04.1-Ubuntu SMP PREEMPT_DYNAMIC Tue Jun 18 14:36:16 UTC 2 x86_64 x86_64 x86_64 GNU/Linux
     17:58:29 up 42 min,  1 user,  load average: 0.13, 0.16, 0.17

commit d1f2ec21095ed05bc3899bb8916addc1bc91cc80
Author: tracer-ysyx <tracer@ysyx.org>
Date:   Sat Aug 3 17:57:57 2024 +0800

    > run NEMU
    ysyx_100006503 杨鹏城
    Linux ypc 6.5.0-44-generic #44~22.04.1-Ubuntu SMP PREEMPT_DYNAMIC Tue Jun 18 14:36:16 UTC 2 x86_64 x86_64 x86_64 GNU/Linux
     17:57:57 up 41 min,  1 user,  load average: 0.14, 0.17, 0.17

commit f43d14cddc2ba42ce365077b8a7dfb34c1ecfc62
Author: tracer-ysyx <tracer@ysyx.org>
Date:   Sat Aug 3 17:57:57 2024 +0800

    > compile NEMU
    ysyx_100006503 杨鹏城
    Linux ypc 6.5.0-44-generic #44~22.04.1-Ubuntu SMP PREEMPT_DYNAMIC Tue Jun 18 14:36:16 UTC 2 x86_64 x86_64 x86_64 GNU/Linux
     17:57:57 up 41 min,  1 user,  load average: 0.14, 0.17, 0.17

commit 35e280d2fadf2336fd8249dcfdbc2079a95a8800
Author: 100006503 -Yang Pengcheng <24241214835@stu.xidian.edu.cn>
Date:   Sat Aug 3 17:49:43 2024 +0800

    NJU-ProjectN/am-kernels ics2021 initialized without tracing
    
    NJU-ProjectN/am-kernels bb725d6f8223dd7de831c3b692e8c4531e9d01af kernels,demo,donut: only clear screen before drawing

commit b534058c5676e9e06ec1f0a1069d2d2455e9257c
Author: 100006503 -Yang Pengcheng <24241214835@stu.xidian.edu.cn>
Date:   Sat Aug 3 16:35:17 2024 +0800

    before starting pa1

commit bd93c82763c1195b5c69b3c25f6aab0488af7798
Author: 100006503 -Yang Pengcheng <24241214835@stu.xidian.edu.cn>
Date:   Sat Aug 3 12:51:12 2024 +0800

    finish all the digital circuit exp, do the c exp next

commit 5be262f9ac385d2b9e500c7e076d2c663c35658b
Author: 100006503 -Yang Pengcheng <24241214835@stu.xidian.edu.cn>
Date:   Thu Aug 1 22:25:27 2024 +0800

    finish the flow led and digital circuit exp 1 2

commit ddd22ed5e33f7cf95b59c45fe6fc8e46a89d748a
Author: 100006503 -Yang Pengcheng <24241214835@stu.xidian.edu.cn>
Date:   Thu Aug 1 09:54:35 2024 +0800

    NJU-ProjectN/nvboard master initialized without tracing
    
    NJU-ProjectN/nvboard a48416ef8179faa6e40df1355cd9c613af8382f6 fix compile error with clang in MacOS

commit 6527473cacb322c8acf149c58f85649f655918a6
Author: tracer-ysyx <tracer@ysyx.org>
Date:   Thu Aug 1 09:52:07 2024 +0800

    > sim RTL
    ysyx_100006503 杨鹏城
    Linux ypc 6.5.0-18-generic #18~22.04.1-Ubuntu SMP PREEMPT_DYNAMIC Wed Feb  7 11:40:03 UTC 2 x86_64 x86_64 x86_64 GNU/Linux
     09:52:07 up 2 days, 12:51,  1 user,  load average: 0.28, 0.20, 0.11

commit 759ac6add929a2e9c8b86a3db6992ae128855cc4
Author: tracer-ysyx <tracer@ysyx.org>
Date:   Thu Aug 1 09:51:45 2024 +0800

    > sim RTL
    ysyx_100006503 杨鹏城
    Linux ypc 6.5.0-18-generic #18~22.04.1-Ubuntu SMP PREEMPT_DYNAMIC Wed Feb  7 11:40:03 UTC 2 x86_64 x86_64 x86_64 GNU/Linux
     09:51:45 up 2 days, 12:51,  1 user,  load average: 0.21, 0.17, 0.11

commit 2554863df34c77075cdd472bf7f5b044e054c6f1
Author: 100006503 -Yang Pengcheng <24241214835@stu.xidian.edu.cn>
Date:   Wed Jul 31 18:19:00 2024 +0800

    finish the verilator part!!!

commit 3f59d73d959efa0a2a87119743069861842da36a
Author: tracer-ysyx <tracer@ysyx.org>
Date:   Wed Jul 31 18:17:36 2024 +0800

    > sim RTL
    ysyx_100006503 杨鹏城
    Linux ypc 6.5.0-18-generic #18~22.04.1-Ubuntu SMP PREEMPT_DYNAMIC Wed Feb  7 11:40:03 UTC 2 x86_64 x86_64 x86_64 GNU/Linux
     18:17:36 up 1 day, 21:17,  1 user,  load average: 0.18, 0.19, 0.18

commit d3942943774e4977840e74212dc28e5ca12f12d3
Author: tracer-ysyx <tracer@ysyx.org>
Date:   Wed Jul 31 18:11:12 2024 +0800

    > sim RTL
    ysyx_100006503 杨鹏城
    Linux ypc 6.5.0-18-generic #18~22.04.1-Ubuntu SMP PREEMPT_DYNAMIC Wed Feb  7 11:40:03 UTC 2 x86_64 x86_64 x86_64 GNU/Linux
     18:11:12 up 1 day, 21:10,  1 user,  load average: 0.19, 0.20, 0.21

commit d4c34b843e6feb5bdb20cbbdcb163ceb7967700c
Author: tracer-ysyx <tracer@ysyx.org>
Date:   Wed Jul 31 18:09:19 2024 +0800

    > sim RTL
    ysyx_100006503 杨鹏城
    Linux ypc 6.5.0-18-generic #18~22.04.1-Ubuntu SMP PREEMPT_DYNAMIC Wed Feb  7 11:40:03 UTC 2 x86_64 x86_64 x86_64 GNU/Linux
     18:09:19 up 1 day, 21:08,  1 user,  load average: 0.18, 0.21, 0.22

commit 083df771e170f3f3fd8644feee770d271c96ad97
Author: tracer-ysyx <tracer@ysyx.org>
Date:   Wed Jul 31 18:06:18 2024 +0800

    > sim RTL
    ysyx_100006503 杨鹏城
    Linux ypc 6.5.0-18-generic #18~22.04.1-Ubuntu SMP PREEMPT_DYNAMIC Wed Feb  7 11:40:03 UTC 2 x86_64 x86_64 x86_64 GNU/Linux
     18:06:18 up 1 day, 21:05,  1 user,  load average: 0.31, 0.26, 0.24

commit a2c610c1a5e71ea848e1927a8f9b0dc15a45969d
Author: tracer-ysyx <tracer@ysyx.org>
Date:   Wed Jul 31 18:00:04 2024 +0800

    > sim RTL
    ysyx_100006503 杨鹏城
    Linux ypc 6.5.0-18-generic #18~22.04.1-Ubuntu SMP PREEMPT_DYNAMIC Wed Feb  7 11:40:03 UTC 2 x86_64 x86_64 x86_64 GNU/Linux
     18:00:04 up 1 day, 20:59,  1 user,  load average: 0.30, 0.23, 0.22

commit c08ec34070f86f11d56819268c83eedfabe99488
Author: tracer-ysyx <tracer@ysyx.org>
Date:   Wed Jul 31 17:59:19 2024 +0800

    > sim RTL
    ysyx_100006503 杨鹏城
    Linux ypc 6.5.0-18-generic #18~22.04.1-Ubuntu SMP PREEMPT_DYNAMIC Wed Feb  7 11:40:03 UTC 2 x86_64 x86_64 x86_64 GNU/Linux
     17:59:19 up 1 day, 20:58,  1 user,  load average: 0.16, 0.20, 0.21

commit b237629b146d8b2c548f355b86e3b3b3b59d7489
Author: tracer-ysyx <tracer@ysyx.org>
Date:   Wed Jul 31 17:57:42 2024 +0800

    > sim RTL
    ysyx_100006503 杨鹏城
    Linux ypc 6.5.0-18-generic #18~22.04.1-Ubuntu SMP PREEMPT_DYNAMIC Wed Feb  7 11:40:03 UTC 2 x86_64 x86_64 x86_64 GNU/Linux
     17:57:42 up 1 day, 20:57,  1 user,  load average: 0.17, 0.19, 0.21

commit d9fde1ba9daa8f79bd433e623101123b5f69a15c
Author: tracer-ysyx <tracer@ysyx.org>
Date:   Wed Jul 31 17:55:26 2024 +0800

    > sim RTL
    ysyx_100006503 杨鹏城
    Linux ypc 6.5.0-18-generic #18~22.04.1-Ubuntu SMP PREEMPT_DYNAMIC Wed Feb  7 11:40:03 UTC 2 x86_64 x86_64 x86_64 GNU/Linux
     17:55:26 up 1 day, 20:54,  1 user,  load average: 0.13, 0.20, 0.22

commit 2697bcbebbdbcdd0532b1cfd711b067efebe9ee1
Author: tracer-ysyx <tracer@ysyx.org>
Date:   Wed Jul 31 17:54:33 2024 +0800

    > sim RTL
    ysyx_100006503 杨鹏城
    Linux ypc 6.5.0-18-generic #18~22.04.1-Ubuntu SMP PREEMPT_DYNAMIC Wed Feb  7 11:40:03 UTC 2 x86_64 x86_64 x86_64 GNU/Linux
     17:54:33 up 1 day, 20:54,  1 user,  load average: 0.09, 0.20, 0.22

commit e8eee41c53d52189e3a4af6f21aa17199c4e467d
Author: tracer-ysyx <tracer@ysyx.org>
Date:   Wed Jul 31 17:53:14 2024 +0800

    > sim RTL
    ysyx_100006503 杨鹏城
    Linux ypc 6.5.0-18-generic #18~22.04.1-Ubuntu SMP PREEMPT_DYNAMIC Wed Feb  7 11:40:03 UTC 2 x86_64 x86_64 x86_64 GNU/Linux
     17:53:14 up 1 day, 20:52,  1 user,  load average: 0.20, 0.24, 0.24

commit c19eae8d49ad4cb98db7deeb0d0f730df1a656a6
Author: tracer-ysyx <tracer@ysyx.org>
Date:   Wed Jul 31 17:48:13 2024 +0800

    > sim RTL
    ysyx_100006503 杨鹏城
    Linux ypc 6.5.0-18-generic #18~22.04.1-Ubuntu SMP PREEMPT_DYNAMIC Wed Feb  7 11:40:03 UTC 2 x86_64 x86_64 x86_64 GNU/Linux
     17:48:13 up 1 day, 20:47,  1 user,  load average: 0.50, 0.38, 0.27

commit 1317a9607dfffdb16cf8c3812e85cdd510d0b0b1
Author: tracer-ysyx <tracer@ysyx.org>
Date:   Wed Jul 31 17:48:08 2024 +0800

    > sim RTL
    ysyx_100006503 杨鹏城
    Linux ypc 6.5.0-18-generic #18~22.04.1-Ubuntu SMP PREEMPT_DYNAMIC Wed Feb  7 11:40:03 UTC 2 x86_64 x86_64 x86_64 GNU/Linux
     17:48:08 up 1 day, 20:47,  1 user,  load average: 0.46, 0.37, 0.27

commit 6c6d3aec240e12023927b585e864d4e23607d525
Author: tracer-ysyx <tracer@ysyx.org>
Date:   Wed Jul 31 17:46:46 2024 +0800

    > sim RTL
    ysyx_100006503 杨鹏城
    Linux ypc 6.5.0-18-generic #18~22.04.1-Ubuntu SMP PREEMPT_DYNAMIC Wed Feb  7 11:40:03 UTC 2 x86_64 x86_64 x86_64 GNU/Linux
     17:46:46 up 1 day, 20:46,  1 user,  load average: 0.21, 0.21, 0.21

commit 57bb2806678a4b7736d267b63f9702d2bce3bcc2
Author: tracer-ysyx <tracer@ysyx.org>
Date:   Wed Jul 31 17:46:40 2024 +0800

    > sim RTL
    ysyx_100006503 杨鹏城
    Linux ypc 6.5.0-18-generic #18~22.04.1-Ubuntu SMP PREEMPT_DYNAMIC Wed Feb  7 11:40:03 UTC 2 x86_64 x86_64 x86_64 GNU/Linux
     17:46:40 up 1 day, 20:46,  1 user,  load average: 0.23, 0.22, 0.21

commit 1510a8e3684de7502acafc2d5d7b595cb3ba4d3f
Author: tracer-ysyx <tracer@ysyx.org>
Date:   Wed Jul 31 17:37:44 2024 +0800

    > sim RTL
    ysyx_100006503 杨鹏城
    Linux ypc 6.5.0-18-generic #18~22.04.1-Ubuntu SMP PREEMPT_DYNAMIC Wed Feb  7 11:40:03 UTC 2 x86_64 x86_64 x86_64 GNU/Linux
     17:37:44 up 1 day, 20:37,  1 user,  load average: 0.17, 0.30, 0.24

commit c4f0f74dc6c8d60ff558b21e4b515d9deeaa348b
Author: tracer-ysyx <tracer@ysyx.org>
Date:   Wed Jul 31 17:37:39 2024 +0800

    > sim RTL
    ysyx_100006503 杨鹏城
    Linux ypc 6.5.0-18-generic #18~22.04.1-Ubuntu SMP PREEMPT_DYNAMIC Wed Feb  7 11:40:03 UTC 2 x86_64 x86_64 x86_64 GNU/Linux
     17:37:39 up 1 day, 20:37,  1 user,  load average: 0.19, 0.31, 0.24

commit 8ed9b62faedbc8ede2ecd8a85c03d43a3f148335
Author: tracer-ysyx <tracer@ysyx.org>
Date:   Wed Jul 31 17:34:29 2024 +0800

    > sim RTL
    ysyx_100006503 杨鹏城
    Linux ypc 6.5.0-18-generic #18~22.04.1-Ubuntu SMP PREEMPT_DYNAMIC Wed Feb  7 11:40:03 UTC 2 x86_64 x86_64 x86_64 GNU/Linux
     17:34:29 up 1 day, 20:34,  1 user,  load average: 0.31, 0.31, 0.21

commit a5c80f43e5ffed0797153e2711d6bc98525e08a9
Author: tracer-ysyx <tracer@ysyx.org>
Date:   Wed Jul 31 17:34:23 2024 +0800

    > sim RTL
    ysyx_100006503 杨鹏城
    Linux ypc 6.5.0-18-generic #18~22.04.1-Ubuntu SMP PREEMPT_DYNAMIC Wed Feb  7 11:40:03 UTC 2 x86_64 x86_64 x86_64 GNU/Linux
     17:34:23 up 1 day, 20:33,  1 user,  load average: 0.34, 0.31, 0.22

commit e9efc91f1fad3f460aed9806235086ea0e26c66c
Author: tracer-ysyx <tracer@ysyx.org>
Date:   Wed Jul 31 17:31:58 2024 +0800

    > sim RTL
    ysyx_100006503 杨鹏城
    Linux ypc 6.5.0-18-generic #18~22.04.1-Ubuntu SMP PREEMPT_DYNAMIC Wed Feb  7 11:40:03 UTC 2 x86_64 x86_64 x86_64 GNU/Linux
     17:31:58 up 1 day, 20:31,  1 user,  load average: 0.20, 0.20, 0.17

commit 00ede0cc549a1f40b91778170271c9c62ee1a3ec
Author: tracer-ysyx <tracer@ysyx.org>
Date:   Wed Jul 31 17:30:48 2024 +0800

    > sim RTL
    ysyx_100006503 杨鹏城
    Linux ypc 6.5.0-18-generic #18~22.04.1-Ubuntu SMP PREEMPT_DYNAMIC Wed Feb  7 11:40:03 UTC 2 x86_64 x86_64 x86_64 GNU/Linux
     17:30:48 up 1 day, 20:30,  1 user,  load average: 0.29, 0.20, 0.16

commit ca269dc8389aa207b5bb3407d34a6d6ff4ccacf8
Author: tracer-ysyx <tracer@ysyx.org>
Date:   Sun Jul 28 18:20:31 2024 +0800

    > run NEMU
    ysyx_100006503 杨鹏城
    Linux ypc 6.5.0-18-generic #18~22.04.1-Ubuntu SMP PREEMPT_DYNAMIC Wed Feb  7 11:40:03 UTC 2 x86_64 x86_64 x86_64 GNU/Linux
     18:20:31 up  1:35,  1 user,  load average: 0.14, 0.16, 0.17

commit 7c031d9f54b731e267bb877e507d0bf50ec489d3
Author: tracer-ysyx <tracer@ysyx.org>
Date:   Sun Jul 28 18:20:31 2024 +0800

    > compile NEMU
    ysyx_100006503 杨鹏城
    Linux ypc 6.5.0-18-generic #18~22.04.1-Ubuntu SMP PREEMPT_DYNAMIC Wed Feb  7 11:40:03 UTC 2 x86_64 x86_64 x86_64 GNU/Linux
     18:20:31 up  1:35,  1 user,  load average: 0.14, 0.16, 0.17

commit 29a436ba1f1deecd93e7be16492b27b3a2c14738
Author: tracer-ysyx <tracer@ysyx.org>
Date:   Sun Jul 28 18:19:48 2024 +0800

    > run NEMU
    ysyx_100006503 杨鹏城
    Linux ypc 6.5.0-18-generic #18~22.04.1-Ubuntu SMP PREEMPT_DYNAMIC Wed Feb  7 11:40:03 UTC 2 x86_64 x86_64 x86_64 GNU/Linux
     18:19:48 up  1:34,  1 user,  load average: 0.08, 0.15, 0.17

commit 213c58bbca9dc09ff5453fcc65bd3dfeb7582204
Author: tracer-ysyx <tracer@ysyx.org>
Date:   Sun Jul 28 18:19:48 2024 +0800

    > compile NEMU
    ysyx_100006503 杨鹏城
    Linux ypc 6.5.0-18-generic #18~22.04.1-Ubuntu SMP PREEMPT_DYNAMIC Wed Feb  7 11:40:03 UTC 2 x86_64 x86_64 x86_64 GNU/Linux
     18:19:48 up  1:34,  1 user,  load average: 0.08, 0.15, 0.17

commit bf9e604d39a3a1c256456a5f53f579e78ce74831
Author: 100006503 -Yang Pengcheng <24241214835@stu.xidian.edu.cn>
Date:   Sun Jul 28 18:18:15 2024 +0800

    fix the monitor.c issue

commit 54c1479422f3d69cb3c52e9a38798cc8fdf1ebba
Author: tracer-ysyx <tracer@ysyx.org>
Date:   Sun Jul 28 18:16:02 2024 +0800

    > run NEMU
    ysyx_100006503 杨鹏城
    Linux ypc 6.5.0-18-generic #18~22.04.1-Ubuntu SMP PREEMPT_DYNAMIC Wed Feb  7 11:40:03 UTC 2 x86_64 x86_64 x86_64 GNU/Linux
     18:16:02 up  1:30,  1 user,  load average: 0.09, 0.18, 0.17

commit a9812688c80224baedc72075e0070a3843b28108
Author: tracer-ysyx <tracer@ysyx.org>
Date:   Sun Jul 28 18:16:02 2024 +0800

    > compile NEMU
    ysyx_100006503 杨鹏城
    Linux ypc 6.5.0-18-generic #18~22.04.1-Ubuntu SMP PREEMPT_DYNAMIC Wed Feb  7 11:40:03 UTC 2 x86_64 x86_64 x86_64 GNU/Linux
     18:16:02 up  1:30,  1 user,  load average: 0.09, 0.18, 0.17

commit 8c2785bc66dcab6bd2ac646255e07cfb4820fe5b
Author: tracer-ysyx <tracer@ysyx.org>
Date:   Sun Jul 28 18:16:00 2024 +0800

    > compile NEMU
    ysyx_100006503 杨鹏城
    Linux ypc 6.5.0-18-generic #18~22.04.1-Ubuntu SMP PREEMPT_DYNAMIC Wed Feb  7 11:40:03 UTC 2 x86_64 x86_64 x86_64 GNU/Linux
     18:16:00 up  1:30,  1 user,  load average: 0.10, 0.18, 0.17

commit ba653c28f07a37d9728edc205a15e71e1f7476c1
Author: tracer-ysyx <tracer@ysyx.org>
Date:   Sun Jul 28 18:14:06 2024 +0800

    > run NEMU
    ysyx_100006503 杨鹏城
    Linux ypc 6.5.0-18-generic #18~22.04.1-Ubuntu SMP PREEMPT_DYNAMIC Wed Feb  7 11:40:03 UTC 2 x86_64 x86_64 x86_64 GNU/Linux
     18:14:06 up  1:28,  1 user,  load average: 0.18, 0.21, 0.18

commit 032dfe8c907839cf97f5adbdc4039cede9ff31d7
Author: tracer-ysyx <tracer@ysyx.org>
Date:   Sun Jul 28 18:14:06 2024 +0800

    > compile NEMU
    ysyx_100006503 杨鹏城
    Linux ypc 6.5.0-18-generic #18~22.04.1-Ubuntu SMP PREEMPT_DYNAMIC Wed Feb  7 11:40:03 UTC 2 x86_64 x86_64 x86_64 GNU/Linux
     18:14:06 up  1:28,  1 user,  load average: 0.18, 0.21, 0.18

commit 598477c30a422b713c8790710e4df4ba3b4689bf
Author: tracer-ysyx <tracer@ysyx.org>
Date:   Sun Jul 28 18:12:40 2024 +0800

    > run NEMU
    ysyx_100006503 杨鹏城
    Linux ypc 6.5.0-18-generic #18~22.04.1-Ubuntu SMP PREEMPT_DYNAMIC Wed Feb  7 11:40:03 UTC 2 x86_64 x86_64 x86_64 GNU/Linux
     18:12:40 up  1:27,  1 user,  load average: 0.29, 0.23, 0.19

commit f7213bf0f13a01b586f29ad33d76c0d2412bd6fc
Author: tracer-ysyx <tracer@ysyx.org>
Date:   Sun Jul 28 18:12:40 2024 +0800

    > compile NEMU
    ysyx_100006503 杨鹏城
    Linux ypc 6.5.0-18-generic #18~22.04.1-Ubuntu SMP PREEMPT_DYNAMIC Wed Feb  7 11:40:03 UTC 2 x86_64 x86_64 x86_64 GNU/Linux
     18:12:40 up  1:27,  1 user,  load average: 0.29, 0.23, 0.19

commit 3b6ff9e7e885e51416685de0debd2f8a52106251
Author: tracer-ysyx <tracer@ysyx.org>
Date:   Sun Jul 28 18:12:34 2024 +0800

    > compile NEMU
    ysyx_100006503 杨鹏城
    Linux ypc 6.5.0-18-generic #18~22.04.1-Ubuntu SMP PREEMPT_DYNAMIC Wed Feb  7 11:40:03 UTC 2 x86_64 x86_64 x86_64 GNU/Linux
     18:12:34 up  1:27,  1 user,  load average: 0.31, 0.23, 0.19

commit 9c8d38b4cdbf6e30266f89edc38becf4184f0753
Author: tracer-ysyx <tracer@ysyx.org>
Date:   Sun Jul 28 18:05:11 2024 +0800

    > gdb NEMU
    ysyx_100006503 杨鹏城
    Linux ypc 6.5.0-18-generic #18~22.04.1-Ubuntu SMP PREEMPT_DYNAMIC Wed Feb  7 11:40:03 UTC 2 x86_64 x86_64 x86_64 GNU/Linux
     18:05:11 up  1:20,  1 user,  load average: 0.18, 0.22, 0.19

commit a35b75d4b4624efecc04d4d3fc25b1cf5b40bf8c
Author: tracer-ysyx <tracer@ysyx.org>
Date:   Sun Jul 28 18:05:11 2024 +0800

    > compile NEMU
    ysyx_100006503 杨鹏城
    Linux ypc 6.5.0-18-generic #18~22.04.1-Ubuntu SMP PREEMPT_DYNAMIC Wed Feb  7 11:40:03 UTC 2 x86_64 x86_64 x86_64 GNU/Linux
     18:05:11 up  1:20,  1 user,  load average: 0.18, 0.22, 0.19

commit 4c46eebc2b9e73e01ad57446cf3e8a3d5f1be247
Author: tracer-ysyx <tracer@ysyx.org>
Date:   Sun Jul 28 18:04:17 2024 +0800

    > run NEMU
    ysyx_100006503 杨鹏城
    Linux ypc 6.5.0-18-generic #18~22.04.1-Ubuntu SMP PREEMPT_DYNAMIC Wed Feb  7 11:40:03 UTC 2 x86_64 x86_64 x86_64 GNU/Linux
     18:04:17 up  1:19,  1 user,  load average: 0.25, 0.24, 0.20

commit 6570f3e1e42a9e4582163373162e205e095cd209
Author: tracer-ysyx <tracer@ysyx.org>
Date:   Sun Jul 28 18:04:17 2024 +0800

    > compile NEMU
    ysyx_100006503 杨鹏城
    Linux ypc 6.5.0-18-generic #18~22.04.1-Ubuntu SMP PREEMPT_DYNAMIC Wed Feb  7 11:40:03 UTC 2 x86_64 x86_64 x86_64 GNU/Linux
     18:04:17 up  1:19,  1 user,  load average: 0.25, 0.24, 0.20

commit 73f6c8e79db64b84f7036256454640d7c46e1d5d
Author: tracer-ysyx <tracer@ysyx.org>
Date:   Sun Jul 28 18:04:15 2024 +0800

    > compile NEMU
    ysyx_100006503 杨鹏城
    Linux ypc 6.5.0-18-generic #18~22.04.1-Ubuntu SMP PREEMPT_DYNAMIC Wed Feb  7 11:40:03 UTC 2 x86_64 x86_64 x86_64 GNU/Linux
     18:04:15 up  1:19,  1 user,  load average: 0.27, 0.25, 0.20

commit 89f8b7116299dc5e1144086e8e259d5f8c620ff2
Author: tracer-ysyx <tracer@ysyx.org>
Date:   Sun Jul 28 18:03:46 2024 +0800

    > compile NEMU
    ysyx_100006503 杨鹏城
    Linux ypc 6.5.0-18-generic #18~22.04.1-Ubuntu SMP PREEMPT_DYNAMIC Wed Feb  7 11:40:03 UTC 2 x86_64 x86_64 x86_64 GNU/Linux
     18:03:46 up  1:18,  1 user,  load average: 0.24, 0.24, 0.20

commit e7d98a19327a8080c76386c0717e965b7d3238bd
Author: 100006503 -Yang Pengcheng <24241214835@stu.xidian.edu.cn>
Date:   Sun Jul 28 17:52:42 2024 +0800

    modified my info

commit a2c494b156bcdc88fa0009ae221bc97043734cba
Author: 100006503 -Yang Pengcheng <24241214835@stu.xidian.edu.cn>
Date:   Sun Jul 28 17:51:04 2024 +0800

    modified my info

commit c252fae605104efc5e5812d9d2800064f546a4ea
Author: 100006503 -Yang Pengcheng <24241214835@stu.xidian.edu.cn>
Date:   Sun Jul 28 17:12:35 2024 +0800

    modified my info

commit 7efc9dbe1304a98890e748c125bffb6b6f91a111
Author: 100006503 -Yang Pengcheng <24241214835@stu.xidian.edu.cn>
Date:   Sun Jul 28 16:57:32 2024 +0800

    NJU-ProjectN/fceux-am ics2021 initialized without tracing
    
    NJU-ProjectN/fceux-am d404b6dfc1696b0d2d30668e2deb72c63b0ab3fc emufile: fix wrong message when roms[0] is the target ROM

commit 333b7079926d22673af3353bcd1462eb4f3a1d31
Author: 100006503 -Yang Pengcheng <24241214835@stu.xidian.edu.cn>
Date:   Sun Jul 28 16:57:26 2024 +0800

    NJU-ProjectN/abstract-machine ics2023 initialized
    
    NJU-ProjectN/abstract-machine c383159000a2975dabde43f221deae3d54bc48b0 am,npc: add uart config function

commit 3a9f7da47b944410d2f245b24c241950cd33ed88
Author: 100006503 -Yang Pengcheng <24241214835@stu.xidian.edu.cn>
Date:   Sun Jul 28 16:57:09 2024 +0800

    NJU-ProjectN/nemu ics2023 initialized
    
    NJU-ProjectN/nemu eb63cf3568dbf4e0c3c6ef462e6ec685550fabbc Merge pull request #76 from rijuyuezhu/master

commit d1116915d4c440858a4eaacd9c9571d8d18ac88b
Author: Zihao Yu <yuzihao@ict.ac.cn>
Date:   Thu Apr 11 02:17:34 2024 +0800

    init.sh: modify the URL of chisel-playground

commit 45b0981285eae2010d1c00e5dfad32e8eb570119
Merge: e6c65e0 1147a5d
Author: Zihao Yu <19884013+sashimi-yzh@users.noreply.github.com>
Date:   Sun Nov 19 13:18:38 2023 +0800

    Merge pull request #15 from Wenz-jam/master
    
    避免sync造成的不必要的阻塞

commit 1147a5d217fbe7fd551d12cdc5ee69e5b47ce3bd
Author: wenz-jam <wjj20040520@163.com>
Date:   Sat Nov 18 22:42:12 2023 +0800

            modified:   Makefile

commit e6c65e0d78860b62b43d831d33bef619f4871a5f
Author: Zihao Yu <yuzihao@ict.ac.cn>
Date:   Sun Jul 2 16:46:01 2023 +0800

    ready for 2306

commit f0a9bfa5e70f7aff5b5ba6eec802718141fa32b4
Author: Zihao Yu <yuzihao@ict.ac.cn>
Date:   Thu May 18 20:31:37 2023 +0800

    README: fix broken URL

commit ca1efe654c61ea91f8cddf9639dbbcc4a8bff20a
Author: Zihao Yu <yuzihao@ict.ac.cn>
Date:   Tue Apr 4 15:48:29 2023 +0800

    fix invalid argument for MacOS

commit 4b0d7562e7b926d0b3aa4eb53846aaf7cc8460f1
Author: Zihao Yu <yuzihao@ict.ac.cn>
Date:   Sat Feb 25 08:33:18 2023 +0800

    Makefile: remove 2204 from tracer

commit 92051354898f810d6d19b690951b597315f687e6
Merge: 3fc57bc aa85138
Author: Zihao Yu <19884013+sashimi-yzh@users.noreply.github.com>
Date:   Fri Nov 4 11:15:06 2022 +0800

    Merge pull request #5 from Selflocking/patch-1
    
    fix: add build to git ignore

commit aa851381704c8ede3a1a04f8e0ee2b0ac3c7364f
Author: YunShu <im@yunshu.site>
Date:   Fri Nov 4 09:28:29 2022 +0800

    fix: add build to git ignore

commit 3fc57bcc5a6ee9d0eaf54ec08fd76d1e37a10e0f
Merge: e8e7213 932057f
Author: Zihao Yu <19884013+sashimi-yzh@users.noreply.github.com>
Date:   Fri Jun 24 22:48:18 2022 +0800

    Merge pull request #4 from huaixv/ysyx2204
    
    fix: handle revision and pathspec of same name

commit 932057fb7bb57d5722500a51435ad26429e44a59
Author: huaixv <44743118+huaixv@users.noreply.github.com>
Date:   Fri Jun 24 22:07:46 2022 +0800

    fix: handle revision and pathspec of same name

commit e8e7213cd69d45633af30e1b81939f4f5802e4a3
Merge: dcd121c b2c8b7a
Author: Zihao Yu <19884013+sashimi-yzh@users.noreply.github.com>
Date:   Thu Apr 21 20:36:18 2022 +0800

    Merge pull request #3 from huaixv/ysyx2204
    
    fix: switch to YSYX_HOME when exec tracer code

commit b2c8b7a2fa0d8e00dbb959fde0e6a43a7d3f96b9
Author: huaixv <44743118+huaixv@users.noreply.github.com>
Date:   Thu Apr 21 18:45:53 2022 +0800

    fix: switch to YSYX_HOME when exec tracer code

commit dcd121cdb63ab90c721aea8079addeadd75b0f32
Merge: 6c7b39a dcb9466
Author: Zihao Yu <19884013+sashimi-yzh@users.noreply.github.com>
Date:   Wed Mar 16 15:53:33 2022 +0800

    Merge pull request #2 from huaixv/ysyx2204
    
    fix: fix committed files not traced problem

commit dcb94661f183cb652f0d69d142f3441c3ad763d5
Author: huaixv <44743118+huaixv@users.noreply.github.com>
Date:   Tue Mar 8 18:50:09 2022 +0800

    fix: fix committed files not traced problem

commit 6c7b39a40ba95fce8321144c3535fe9ea4d01b8e
Author: Zihao Yu <yuzihao@ict.ac.cn>
Date:   Tue Mar 8 10:50:24 2022 +0800

    refactor

commit aa59f01da23349dd6923c471b6f2ede10e3ed41b
Merge: 0fa7144 a28bbd7
Author: Zihao Yu <19884013+sashimi-yzh@users.noreply.github.com>
Date:   Tue Mar 8 10:40:25 2022 +0800

    Merge pull request #1 from huaixv/ysyx2204
    
    feat: add shadow branch for tracer

commit a28bbd7a3b23870aa6228a5b978a5b305eefcf61
Author: huaixv <44743118+huaixv@users.noreply.github.com>
Date:   Fri Feb 25 17:45:35 2022 +0800

    feat: add shadow branch for tracer

commit 0fa7144084b792e64eb10abfed2b2d83d3dcbe7c
Author: Zihao Yu <yuzihao@ict.ac.cn>
Date:   Mon Feb 21 12:22:27 2022 +0800

    first commit
