Generate the report at 2025-05-28T13:00:20, GitVersion: aa25008b3778a76ae1975c839d4cc459f7f7b3b7.
+----------------------------+-------------+------------+------------+---------------+-------+--------+-----------+
| Endpoint                   | Clock Group | Delay Type | Path Delay | Path Required | CPPR  | Slack  | Freq(MHz) |
+----------------------------+-------------+------------+------------+---------------+-------+--------+-----------+
| core/gpr/gpr_ext/_13557_:D | core_clock  | max        | 2.423f     | 9.961         | 0.000 | 7.538  | 406.219   |
| core/gpr/gpr_ext/_13553_:D | core_clock  | max        | 2.423f     | 9.961         | 0.000 | 7.538  | 406.219   |
| core/gpr/gpr_ext/_13197_:D | core_clock  | max        | 2.423f     | 9.961         | 0.000 | 7.538  | 406.219   |
| clint/_1461_:SN            | core_clock  | min        | 0.160r     | 0.200         | 0.000 | -0.041 | NA        |
| clint/_1457_:SN            | core_clock  | min        | 0.160r     | 0.200         | 0.000 | -0.041 | NA        |
| clint/_1459_:SN            | core_clock  | min        | 0.161r     | 0.200         | 0.000 | -0.040 | NA        |
+----------------------------+-------------+------------+------------+---------------+-------+--------+-----------+
+------------+------------+--------+
| Clock      | Delay Type | TNS    |
+------------+------------+--------+
| core_clock | max        | 0.000  |
| core_clock | min        | -0.312 |
+------------+------------+--------+
+-----------------------------------------------------+--------+-------------+------------+------------+-------------+--------+-----------------+
| Point                                               | Fanout | Capacitance | Resistance | Transition | Delta Delay | Incr   | Path            |
+-----------------------------------------------------+--------+-------------+------------+------------+-------------+--------+-----------------+
| clock (port)                                        |        | 2.261       | 0.000      | 0.000      |             | 0.000  | 0.000r          |
| clock (clock net)                                   | 2377   |             |            |            | NA          |        |                 |
| core/icache/_7379_:CK (DFF_X1)                      |        | 0.001       | 0.000      | 0.000      |             | 0.000  | 0.000r          |
| clock core_clock (rise edge)                        |        |             |            |            |             | 0      | 0               |
| clock network delay (ideal)                         |        |             |            |            |             | 0.000  | 0.000           |
| core/icache/_7379_:CK (DFF_X1)                      |        | 0.001       | 0.000      | 0.000      |             | 0.000  | 0.000r          |
| core/icache/_7379_:Q (DFF_X1)                       |        | 0.002       | 0.000      | 0.009      |             | 0.086  | 0.086r          |
| core/_icache_io_in_rdata[20] (net)                  | 2      |             |            |            | 0.000       |        |                 |
| core/ifu/_1277_:A (BUF_X1)                          |        | 0.001       | 0.000      | 0.009      |             | 0.000  | 0.086r          |
| core/ifu/_1277_:Z (BUF_X1)                          |        | 0.002       | 0.000      | 0.008      |             | 0.023  | 0.109r          |
| core/_ifu_io_pipe_out_bits_if2id_inst[20] (net)     | 2      |             |            |            | 0.000       |        |                 |
| core/idu/_1029_:A (BUF_X1)                          |        | 0.001       | 0.000      | 0.008      |             | 0.000  | 0.109r          |
| core/idu/_1029_:Z (BUF_X1)                          |        | 0.002       | 0.000      | 0.008      |             | 0.022  | 0.131r          |
| core/_idu_io_gpr_rs2_addr[0] (net)                  | 2      |             |            |            | 0.000       |        |                 |
| core/gpr/gpr_ext/_11765_:A (BUF_X1)                 |        | 0.001       | 0.000      | 0.008      |             | 0.000  | 0.131r          |
| core/gpr/gpr_ext/_11765_:Z (BUF_X1)                 |        | 0.132       | 0.000      | 0.304      |             | 0.335  | 0.466r          |
| core/gpr/gpr_ext/_02048_ (net)                      | 26     |             |            |            | 0.000       |        |                 |
| fanout_buf_29:A (BUF_X8)                            |        | 0.007       | 0.000      | 0.304      |             | 0.000  | 0.466r          |
| fanout_buf_29:Z (BUF_X8)                            |        | 0.108       | 0.000      | 0.037      |             | 0.062  | 0.528r          |
| fanout_net_29 (net)                                 | 30     |             |            |            | 0.000       |        |                 |
| core/gpr/gpr_ext/_08294_:A (INV_X32)                |        | 0.049       | 0.000      | 0.037      |             | 0.000  | 0.528r          |
| core/gpr/gpr_ext/_08294_:ZN (INV_X32)               |        | 0.034       | 0.000      | 0.009      |             | 0.009  | 0.537f          |
| core/gpr/gpr_ext/_04537_ (net)                      | 6      |             |            |            | 0.000       |        |                 |
| core/gpr/gpr_ext/_08295_:A (BUF_X4)                 |        | 0.003       | 0.000      | 0.009      |             | 0.000  | 0.537f          |
| core/gpr/gpr_ext/_08295_:Z (BUF_X4)                 |        | 0.021       | 0.000      | 0.009      |             | 0.031  | 0.568f          |
| core/gpr/gpr_ext/_04538_ (net)                      | 10     |             |            |            | 0.000       |        |                 |
| core/gpr/gpr_ext/_08296_:A (CLKBUF_X2)              |        | 0.001       | 0.000      | 0.009      |             | 0.000  | 0.568f          |
| core/gpr/gpr_ext/_08296_:Z (CLKBUF_X2)              |        | 0.008       | 0.000      | 0.012      |             | 0.035  | 0.603f          |
| core/gpr/gpr_ext/_04539_ (net)                      | 10     |             |            |            | 0.000       |        |                 |
| core/gpr/gpr_ext/_08297_:A1 (OR2_X1)                |        | 0.001       | 0.000      | 0.012      |             | 0.000  | 0.603f          |
| core/gpr/gpr_ext/_08297_:ZN (OR2_X1)                |        | 0.003       | 0.000      | 0.012      |             | 0.051  | 0.654f          |
| core/gpr/gpr_ext/_04540_ (net)                      | 1      |             |            |            | 0.000       |        |                 |
| core/gpr/gpr_ext/_08298_:A (OAI211_X2)              |        | 0.003       | 0.000      | 0.012      |             | 0.000  | 0.654f          |
| core/gpr/gpr_ext/_08298_:ZN (OAI211_X2)             |        | 0.002       | 0.000      | 0.018      |             | 0.020  | 0.674r          |
| core/gpr/gpr_ext/_04541_ (net)                      | 1      |             |            |            | 0.000       |        |                 |
| core/gpr/gpr_ext/_08309_:A1 (NAND3_X1)              |        | 0.002       | 0.000      | 0.018      |             | 0.000  | 0.674r          |
| core/gpr/gpr_ext/_08309_:ZN (NAND3_X1)              |        | 0.003       | 0.000      | 0.014      |             | 0.027  | 0.702f          |
| core/gpr/gpr_ext/_04552_ (net)                      | 1      |             |            |            | 0.000       |        |                 |
| core/gpr/gpr_ext/_08316_:B (OAI211_X2)              |        | 0.003       | 0.000      | 0.014      |             | 0.000  | 0.702f          |
| core/gpr/gpr_ext/_08316_:ZN (OAI211_X2)             |        | 0.002       | 0.000      | 0.018      |             | 0.023  | 0.725r          |
| core/gpr/gpr_ext/_04559_ (net)                      | 1      |             |            |            | 0.000       |        |                 |
| core/gpr/gpr_ext/_08333_:B1 (AOI21_X1)              |        | 0.002       | 0.000      | 0.018      |             | 0.000  | 0.725r          |
| core/gpr/gpr_ext/_08333_:ZN (AOI21_X1)              |        | 0.001       | 0.000      | 0.008      |             | 0.015  | 0.740f          |
| core/gpr/gpr_ext/_04576_ (net)                      | 1      |             |            |            | 0.000       |        |                 |
| core/gpr/gpr_ext/_08334_:A2 (OR2_X1)                |        | 0.001       | 0.000      | 0.008      |             | 0.000  | 0.740f          |
| core/gpr/gpr_ext/_08334_:ZN (OR2_X1)                |        | 0.001       | 0.000      | 0.008      |             | 0.047  | 0.787f          |
| core/gpr/gpr_ext/_02053_ (net)                      | 1      |             |            |            | 0.000       |        |                 |
| core/gpr/gpr_ext/_11770_:A (BUF_X1)                 |        | 0.001       | 0.000      | 0.008      |             | 0.000  | 0.787f          |
| core/gpr/gpr_ext/_11770_:Z (BUF_X1)                 |        | 0.001       | 0.000      | 0.005      |             | 0.025  | 0.812f          |
| core/gpr/_gpr_ext_R0_data[0] (net)                  | 1      |             |            |            | 0.000       |        |                 |
| core/gpr/_310_:A (BUF_X1)                           |        | 0.001       | 0.000      | 0.005      |             | 0.000  | 0.812f          |
| core/gpr/_310_:Z (BUF_X1)                           |        | 0.001       | 0.000      | 0.005      |             | 0.023  | 0.835f          |
| core/gpr/_001_ (net)                                | 1      |             |            |            | 0.000       |        |                 |
| core/gpr/_201_:A2 (AND2_X1)                         |        | 0.001       | 0.000      | 0.005      |             | 0.000  | 0.835f          |
| core/gpr/_201_:ZN (AND2_X1)                         |        | 0.001       | 0.000      | 0.005      |             | 0.027  | 0.862f          |
| core/gpr/_113_ (net)                                | 1      |             |            |            | 0.000       |        |                 |
| core/gpr/_315_:A (BUF_X1)                           |        | 0.001       | 0.000      | 0.005      |             | 0.000  | 0.862f          |
| core/gpr/_315_:Z (BUF_X1)                           |        | 0.002       | 0.000      | 0.006      |             | 0.026  | 0.888f          |
| core/_gpr_io_gpr_rs2_data[0] (net)                  | 2      |             |            |            | 0.000       |        |                 |
| core/idu/_1205_:A (BUF_X1)                          |        | 0.001       | 0.000      | 0.006      |             | 0.000  | 0.888f          |
| core/idu/_1205_:Z (BUF_X1)                          |        | 0.002       | 0.000      | 0.006      |             | 0.026  | 0.914f          |
| core/idu/_0039_ (net)                               | 1      |             |            |            | 0.000       |        |                 |
| core/idu/_0809_:A2 (NAND3_X1)                       |        | 0.002       | 0.000      | 0.006      |             | 0.000  | 0.914f          |
| core/idu/_0809_:ZN (NAND3_X1)                       |        | 0.002       | 0.000      | 0.012      |             | 0.017  | 0.931r          |
| core/idu/_0428_ (net)                               | 1      |             |            |            | 0.000       |        |                 |
| core/idu/_0811_:A2 (NAND3_X1)                       |        | 0.002       | 0.000      | 0.012      |             | 0.000  | 0.931r          |
| core/idu/_0811_:ZN (NAND3_X1)                       |        | 0.001       | 0.000      | 0.009      |             | 0.019  | 0.950f          |
| core/idu/_0193_ (net)                               | 1      |             |            |            | 0.000       |        |                 |
| core/idu/_1206_:A (BUF_X1)                          |        | 0.001       | 0.000      | 0.009      |             | 0.000  | 0.950f          |
| core/idu/_1206_:Z (BUF_X1)                          |        | 0.001       | 0.000      | 0.005      |             | 0.025  | 0.975f          |
| core/_idu_io_pipe_out_bits_id2exe_op2_data[0] (net) | 1      |             |            |            | 0.000       |        |                 |
| core/exu/_3880_:A (BUF_X1)                          |        | 0.001       | 0.000      | 0.005      |             | 0.000  | 0.975f          |
| core/exu/_3880_:Z (BUF_X1)                          |        | 0.025       | 0.000      | 0.030      |             | 0.058  | 1.033f          |
| core/exu/_0142_ (net)                               | 11     |             |            |            | 0.000       |        |                 |
| fanout_buf_20:A (BUF_X8)                            |        | 0.007       | 0.000      | 0.030      |             | 0.000  | 1.033f          |
| fanout_buf_20:Z (BUF_X8)                            |        | 0.041       | 0.000      | 0.009      |             | 0.041  | 1.074f          |
| fanout_net_20 (net)                                 | 30     |             |            |            | 0.000       |        |                 |
| core/exu/_2018_:A (INV_X2)                          |        | 0.003       | 0.000      | 0.009      |             | 0.000  | 1.074f          |
| core/exu/_2018_:ZN (INV_X2)                         |        | 0.013       | 0.000      | 0.017      |             | 0.024  | 1.098r          |
| core/exu/_1233_ (net)                               | 6      |             |            |            | 0.000       |        |                 |
| core/exu/_2019_:A1 (NOR2_X4)                        |        | 0.007       | 0.000      | 0.017      |             | 0.000  | 1.098r          |
| core/exu/_2019_:ZN (NOR2_X4)                        |        | 0.015       | 0.000      | 0.033      |             | 0.015  | 1.112f          |
| core/exu/_1234_ (net)                               | 6      |             |            |            | 0.000       |        |                 |
| core/exu/_2020_:A2 (NOR2_X2)                        |        | 0.003       | 0.000      | 0.033      |             | 0.000  | 1.112f          |
| core/exu/_2020_:ZN (NOR2_X2)                        |        | 0.003       | 0.000      | 0.019      |             | 0.036  | 1.148r          |
| core/exu/_1235_ (net)                               | 1      |             |            |            | 0.000       |        |                 |
| core/exu/_2022_:A (AOI21_X2)                        |        | 0.003       | 0.000      | 0.019      |             | 0.000  | 1.148r          |
| core/exu/_2022_:ZN (AOI21_X2)                       |        | 0.003       | 0.000      | 0.011      |             | 0.016  | 1.164f          |
| core/exu/_1237_ (net)                               | 2      |             |            |            | 0.000       |        |                 |
| core/exu/_2026_:A1 (NOR2_X1)                        |        | 0.002       | 0.000      | 0.011      |             | 0.000  | 1.164f          |
| core/exu/_2026_:ZN (NOR2_X1)                        |        | 0.005       | 0.000      | 0.031      |             | 0.041  | 1.205r          |
| core/exu/_1241_ (net)                               | 2      |             |            |            | 0.000       |        |                 |
| core/exu/_2029_:A1 (NOR2_X2)                        |        | 0.003       | 0.000      | 0.031      |             | 0.000  | 1.205r          |
| core/exu/_2029_:ZN (NOR2_X2)                        |        | 0.004       | 0.000      | 0.009      |             | 0.012  | 1.217f          |
| core/exu/_1244_ (net)                               | 2      |             |            |            | 0.000       |        |                 |
| core/exu/_2032_:A1 (NAND2_X1)                       |        | 0.002       | 0.000      | 0.009      |             | 0.000  | 1.217f          |
| core/exu/_2032_:ZN (NAND2_X1)                       |        | 0.003       | 0.000      | 0.012      |             | 0.018  | 1.235r          |
| core/exu/_1247_ (net)                               | 2      |             |            |            | 0.000       |        |                 |
| core/exu/_2048_:A1 (NAND3_X1)                       |        | 0.002       | 0.000      | 0.012      |             | 0.000  | 1.235r          |
| core/exu/_2048_:ZN (NAND3_X1)                       |        | 0.010       | 0.000      | 0.034      |             | 0.049  | 1.284f          |
| core/exu/_1263_ (net)                               | 4      |             |            |            | 0.000       |        |                 |
| core/exu/_2060_:B1 (AOI21_X4)                       |        | 0.006       | 0.000      | 0.034      |             | 0.000  | 1.284f          |
| core/exu/_2060_:ZN (AOI21_X4)                       |        | 0.015       | 0.000      | 0.031      |             | 0.048  | 1.332r          |
| core/exu/_1275_ (net)                               | 5      |             |            |            | 0.000       |        |                 |
| core/exu/_2061_:B2 (OAI21_X4)                       |        | 0.007       | 0.000      | 0.031      |             | 0.000  | 1.332r          |
| core/exu/_2061_:ZN (OAI21_X4)                       |        | 0.004       | 0.000      | 0.012      |             | 0.021  | 1.353f          |
| core/exu/_1276_ (net)                               | 2      |             |            |            | 0.000       |        |                 |
| core/exu/_2090_:A1 (AND2_X4)                        |        | 0.003       | 0.000      | 0.012      |             | 0.000  | 1.353f          |
| core/exu/_2090_:ZN (AND2_X4)                        |        | 0.007       | 0.000      | 0.006      |             | 0.029  | 1.382f          |
| core/exu/_1305_ (net)                               | 4      |             |            |            | 0.000       |        |                 |
| core/exu/_2103_:A1 (OR2_X4)                         |        | 0.003       | 0.000      | 0.006      |             | 0.000  | 1.382f          |
| core/exu/_2103_:ZN (OR2_X4)                         |        | 0.005       | 0.000      | 0.008      |             | 0.039  | 1.421f          |
| core/exu/_1318_ (net)                               | 3      |             |            |            | 0.000       |        |                 |
| core/exu/_2117_:C1 (AOI211_X2)                      |        | 0.003       | 0.000      | 0.008      |             | 0.000  | 1.421f          |
| core/exu/_2117_:ZN (AOI211_X2)                      |        | 0.004       | 0.000      | 0.043      |             | 0.040  | 1.461r          |
| core/exu/_1332_ (net)                               | 2      |             |            |            | 0.000       |        |                 |
| core/exu/_2125_:B1 (OAI21_X2)                       |        | 0.003       | 0.000      | 0.043      |             | 0.000  | 1.461r          |
| core/exu/_2125_:ZN (OAI21_X2)                       |        | 0.004       | 0.000      | 0.016      |             | 0.023  | 1.484f          |
| core/exu/_1340_ (net)                               | 3      |             |            |            | 0.000       |        |                 |
| core/exu/_2128_:A1 (AND2_X2)                        |        | 0.002       | 0.000      | 0.016      |             | 0.000  | 1.484f          |
| core/exu/_2128_:ZN (AND2_X2)                        |        | 0.003       | 0.000      | 0.006      |             | 0.030  | 1.514f          |
| core/exu/_1343_ (net)                               | 1      |             |            |            | 0.000       |        |                 |
| core/exu/_2130_:A1 (OR2_X4)                         |        | 0.003       | 0.000      | 0.006      |             | 0.000  | 1.514f          |
| core/exu/_2130_:ZN (OR2_X4)                         |        | 0.003       | 0.000      | 0.008      |             | 0.038  | 1.552f          |
| core/exu/_1345_ (net)                               | 2      |             |            |            | 0.000       |        |                 |
| core/exu/_2134_:A1 (AND2_X2)                        |        | 0.002       | 0.000      | 0.008      |             | 0.000  | 1.552f          |
| core/exu/_2134_:ZN (AND2_X2)                        |        | 0.005       | 0.000      | 0.007      |             | 0.028  | 1.580f          |
| core/exu/_1349_ (net)                               | 3      |             |            |            | 0.000       |        |                 |
| core/exu/_2138_:A1 (NAND3_X1)                       |        | 0.002       | 0.000      | 0.007      |             | 0.000  | 1.580f          |
| core/exu/_2138_:ZN (NAND3_X1)                       |        | 0.002       | 0.000      | 0.012      |             | 0.015  | 1.596r          |
| core/exu/_1353_ (net)                               | 1      |             |            |            | 0.000       |        |                 |
| core/exu/_2308_:A1 (AND4_X2)                        |        | 0.002       | 0.000      | 0.012      |             | 0.000  | 1.596r          |
| core/exu/_2308_:ZN (AND4_X2)                        |        | 0.002       | 0.000      | 0.010      |             | 0.046  | 1.641r          |
| core/exu/_1523_ (net)                               | 1      |             |            |            | 0.000       |        |                 |
| core/exu/_2325_:A2 (AND4_X2)                        |        | 0.002       | 0.000      | 0.010      |             | 0.000  | 1.641r          |
| core/exu/_2325_:ZN (AND4_X2)                        |        | 0.002       | 0.000      | 0.010      |             | 0.049  | 1.690r          |
| core/exu/_1540_ (net)                               | 1      |             |            |            | 0.000       |        |                 |
| core/exu/_2334_:A1 (NAND4_X1)                       |        | 0.002       | 0.000      | 0.010      |             | 0.000  | 1.690r          |
| core/exu/_2334_:ZN (NAND4_X1)                       |        | 0.001       | 0.000      | 0.014      |             | 0.021  | 1.711f          |
| core/exu/_0007_ (net)                               | 1      |             |            |            | 0.000       |        |                 |
| core/exu/_3949_:A (BUF_X1)                          |        | 0.001       | 0.000      | 0.014      |             | 0.000  | 1.711f          |
| core/exu/_3949_:Z (BUF_X1)                          |        | 0.002       | 0.000      | 0.006      |             | 0.030  | 1.741f          |
| core/_exu_io_alu_out[0] (net)                       | 2      |             |            |            | 0.000       |        |                 |
| core/exu/_3718_:A (BUF_X1)                          |        | 0.001       | 0.000      | 0.006      |             | 0.000  | 1.741f          |
| core/exu/_3718_:Z (BUF_X1)                          |        | 0.001       | 0.000      | 0.005      |             | 0.024  | 1.765f          |
| core/_exu_io_pipe_out_bits_exe2ls_alu_out[0] (net)  | 1      |             |            |            | 0.000       |        |                 |
| core/lsu/_2035_:A (BUF_X1)                          |        | 0.001       | 0.000      | 0.005      |             | 0.000  | 1.765f          |
| core/lsu/_2035_:Z (BUF_X1)                          |        | 0.048       | 0.000      | 0.054      |             | 0.086  | 1.850f          |
| core/lsu/_0361_ (net)                               | 30     |             |            |            | 0.000       |        |                 |
| core/lsu/_1254_:A (INV_X1)                          |        | 0.002       | 0.000      | 0.054      |             | 0.000  | 1.850f          |
| core/lsu/_1254_:ZN (INV_X1)                         |        | 0.015       | 0.000      | 0.040      |             | 0.066  | 1.916r          |
| core/lsu/_0680_ (net)                               | 7      |             |            |            | 0.000       |        |                 |
| core/lsu/_1260_:A1 (NOR2_X2)                        |        | 0.003       | 0.000      | 0.040      |             | 0.000  | 1.916r          |
| core/lsu/_1260_:ZN (NOR2_X2)                        |        | 0.014       | 0.000      | 0.031      |             | 0.026  | 1.942f          |
| core/lsu/_0686_ (net)                               | 8      |             |            |            | 0.000       |        |                 |
| core/lsu/_1347_:B2 (AOI22_X1)                       |        | 0.002       | 0.000      | 0.031      |             | 0.000  | 1.942f          |
| core/lsu/_1347_:ZN (AOI22_X1)                       |        | 0.001       | 0.000      | 0.020      |             | 0.042  | 1.984r          |
| core/lsu/_0766_ (net)                               | 1      |             |            |            | 0.000       |        |                 |
| core/lsu/_1349_:A1 (AND2_X1)                        |        | 0.001       | 0.000      | 0.020      |             | 0.000  | 1.984r          |
| core/lsu/_1349_:ZN (AND2_X1)                        |        | 0.003       | 0.000      | 0.013      |             | 0.041  | 2.025r          |
| core/lsu/_0768_ (net)                               | 2      |             |            |            | 0.000       |        |                 |
| core/lsu/_1376_:A1 (NOR2_X1)                        |        | 0.002       | 0.000      | 0.013      |             | 0.000  | 2.025r          |
| core/lsu/_1376_:ZN (NOR2_X1)                        |        | 0.001       | 0.000      | 0.007      |             | 0.010  | 2.034f          |
| core/lsu/_0794_ (net)                               | 1      |             |            |            | 0.000       |        |                 |
| core/lsu/_1377_:A1 (NOR2_X1)                        |        | 0.002       | 0.000      | 0.007      |             | 0.000  | 2.034f          |
| core/lsu/_1377_:ZN (NOR2_X1)                        |        | 0.014       | 0.000      | 0.077      |             | 0.085  | 2.120r          |
| core/lsu/_0795_ (net)                               | 9      |             |            |            | 0.000       |        |                 |
| core/lsu/_1472_:A1 (AND2_X2)                        |        | 0.002       | 0.000      | 0.077      |             | 0.000  | 2.120r          |
| core/lsu/_1472_:ZN (AND2_X2)                        |        | 0.013       | 0.000      | 0.020      |             | 0.058  | 2.177r          |
| core/lsu/_0882_ (net)                               | 7      |             |            |            | 0.000       |        |                 |
| core/lsu/_1481_:A (BUF_X4)                          |        | 0.003       | 0.000      | 0.020      |             | 0.000  | 2.177r          |
| core/lsu/_1481_:Z (BUF_X4)                          |        | 0.016       | 0.000      | 0.012      |             | 0.030  | 2.207r          |
| core/lsu/_0890_ (net)                               | 10     |             |            |            | 0.000       |        |                 |
| core/lsu/_1545_:B1 (AOI22_X1)                       |        | 0.002       | 0.000      | 0.012      |             | 0.000  | 2.207r          |
| core/lsu/_1545_:ZN (AOI22_X1)                       |        | 0.001       | 0.000      | 0.010      |             | 0.019  | 2.226f          |
| core/lsu/_0551_ (net)                               | 1      |             |            |            | 0.000       |        |                 |
| core/lsu/_2173_:A (BUF_X1)                          |        | 0.001       | 0.000      | 0.010      |             | 0.000  | 2.226f          |
| core/lsu/_2173_:Z (BUF_X1)                          |        | 0.001       | 0.000      | 0.005      |             | 0.026  | 2.252f          |
| core/_lsu_io_pipe_out_bits_ls2wb_wb_data[25] (net)  | 1      |             |            |            | 0.000       |        |                 |
| core/wbu/_119_:A (BUF_X1)                           |        | 0.001       | 0.000      | 0.005      |             | 0.000  | 2.252f          |
| core/wbu/_119_:Z (BUF_X1)                           |        | 0.001       | 0.000      | 0.005      |             | 0.023  | 2.275f          |
| core/_wbu_io_gpr_wdata[25] (net)                    | 1      |             |            |            | 0.000       |        |                 |
| core/gpr/gpr_ext/_10698_:A (BUF_X1)                 |        | 0.001       | 0.000      | 0.005      |             | 0.000  | 2.275f          |
| core/gpr/gpr_ext/_10698_:Z (BUF_X1)                 |        | 0.008       | 0.000      | 0.012      |             | 0.035  | 2.310f          |
| core/gpr/gpr_ext/_02144_ (net)                      | 3      |             |            |            | 0.000       |        |                 |
| fanout_buf_101:A (BUF_X8)                           |        | 0.007       | 0.000      | 0.012      |             | 0.000  | 2.310f          |
| fanout_buf_101:Z (BUF_X8)                           |        | 0.027       | 0.000      | 0.007      |             | 0.030  | 2.340f          |
| fanout_net_101 (net)                                | 30     |             |            |            | 0.000       |        |                 |
| core/gpr/gpr_ext/_10101_:B (MUX2_X1)                |        | 0.001       | 0.000      | 0.007      |             | 0.000  | 2.340f          |
| core/gpr/gpr_ext/_10101_:Z (MUX2_X1)                |        | 0.001       | 0.000      | 0.009      |             | 0.055  | 2.395f          |
| core/gpr/gpr_ext/_02657_ (net)                      | 1      |             |            |            | 0.000       |        |                 |
| core/gpr/gpr_ext/_12324_:A (BUF_X1)                 |        | 0.001       | 0.000      | 0.009      |             | 0.000  | 2.395f          |
| core/gpr/gpr_ext/_12324_:Z (BUF_X1)                 |        | 0.001       | 0.000      | 0.006      |             | 0.028  | 2.423f          |
| core/gpr/gpr_ext/_00497_ (net)                      | 1      |             |            |            | 0.000       |        |                 |
| core/gpr/gpr_ext/_13557_:D (DFF_X1)                 |        | 0.001       | 0.000      | 0.006      |             | 0.000  | 2.423f          |
|                                                     |        |             |            |            |             |        |                 |
| clock (port)                                        |        | 2.261       | 0.000      | 0.000      |             | 0.000  | 0.000r          |
| clock (clock net)                                   | 2377   |             |            |            | NA          |        |                 |
| core/gpr/gpr_ext/_13557_:CK (DFF_X1)                |        | 0.001       | 0.000      | 0.000      |             | 0.000  | 0.000r          |
| clock core_clock (rise edge)                        |        |             |            |            |             | 10     | 10              |
| clock network delay (ideal)                         |        |             |            |            |             | 0.000  | 10.000          |
| core/gpr/gpr_ext/_13557_:CK (DFF_X1)                |        |             |            |            |             |        | 10.000r         |
| library setup time                                  |        |             |            |            |             | -0.039 | 9.961           |
| clock reconvergence pessimism                       |        |             |            |            |             | 0.000  | 9.961           |
|                                                     |        |             |            |            |             |        |                 |
| path cell delay                                     |        |             |            |            |             |        | 2.423(100.000%) |
| path net delay                                      |        |             |            |            |             |        | 0.000(0.000%)   |
|                                                     |        |             |            |            |             |        |                 |
| data require time                                   |        |             |            |            |             |        | 9.961           |
| data arrival time                                   |        |             |            |            |             |        | 2.423           |
| slack (MET)                                         |        |             |            |            |             |        | 7.538           |
+-----------------------------------------------------+--------+-------------+------------+------------+-------------+--------+-----------------+
+-----------------------------------------------------+--------+-------------+------------+------------+-------------+--------+-----------------+
| Point                                               | Fanout | Capacitance | Resistance | Transition | Delta Delay | Incr   | Path            |
+-----------------------------------------------------+--------+-------------+------------+------------+-------------+--------+-----------------+
| clock (port)                                        |        | 2.261       | 0.000      | 0.000      |             | 0.000  | 0.000r          |
| clock (clock net)                                   | 2377   |             |            |            | NA          |        |                 |
| core/icache/_7379_:CK (DFF_X1)                      |        | 0.001       | 0.000      | 0.000      |             | 0.000  | 0.000r          |
| clock core_clock (rise edge)                        |        |             |            |            |             | 0      | 0               |
| clock network delay (ideal)                         |        |             |            |            |             | 0.000  | 0.000           |
| core/icache/_7379_:CK (DFF_X1)                      |        | 0.001       | 0.000      | 0.000      |             | 0.000  | 0.000r          |
| core/icache/_7379_:Q (DFF_X1)                       |        | 0.002       | 0.000      | 0.009      |             | 0.086  | 0.086r          |
| core/_icache_io_in_rdata[20] (net)                  | 2      |             |            |            | 0.000       |        |                 |
| core/ifu/_1277_:A (BUF_X1)                          |        | 0.001       | 0.000      | 0.009      |             | 0.000  | 0.086r          |
| core/ifu/_1277_:Z (BUF_X1)                          |        | 0.002       | 0.000      | 0.008      |             | 0.023  | 0.109r          |
| core/_ifu_io_pipe_out_bits_if2id_inst[20] (net)     | 2      |             |            |            | 0.000       |        |                 |
| core/idu/_1029_:A (BUF_X1)                          |        | 0.001       | 0.000      | 0.008      |             | 0.000  | 0.109r          |
| core/idu/_1029_:Z (BUF_X1)                          |        | 0.002       | 0.000      | 0.008      |             | 0.022  | 0.131r          |
| core/_idu_io_gpr_rs2_addr[0] (net)                  | 2      |             |            |            | 0.000       |        |                 |
| core/gpr/gpr_ext/_11765_:A (BUF_X1)                 |        | 0.001       | 0.000      | 0.008      |             | 0.000  | 0.131r          |
| core/gpr/gpr_ext/_11765_:Z (BUF_X1)                 |        | 0.132       | 0.000      | 0.304      |             | 0.335  | 0.466r          |
| core/gpr/gpr_ext/_02048_ (net)                      | 26     |             |            |            | 0.000       |        |                 |
| fanout_buf_29:A (BUF_X8)                            |        | 0.007       | 0.000      | 0.304      |             | 0.000  | 0.466r          |
| fanout_buf_29:Z (BUF_X8)                            |        | 0.108       | 0.000      | 0.037      |             | 0.062  | 0.528r          |
| fanout_net_29 (net)                                 | 30     |             |            |            | 0.000       |        |                 |
| core/gpr/gpr_ext/_08294_:A (INV_X32)                |        | 0.049       | 0.000      | 0.037      |             | 0.000  | 0.528r          |
| core/gpr/gpr_ext/_08294_:ZN (INV_X32)               |        | 0.034       | 0.000      | 0.009      |             | 0.009  | 0.537f          |
| core/gpr/gpr_ext/_04537_ (net)                      | 6      |             |            |            | 0.000       |        |                 |
| core/gpr/gpr_ext/_08295_:A (BUF_X4)                 |        | 0.003       | 0.000      | 0.009      |             | 0.000  | 0.537f          |
| core/gpr/gpr_ext/_08295_:Z (BUF_X4)                 |        | 0.021       | 0.000      | 0.009      |             | 0.031  | 0.568f          |
| core/gpr/gpr_ext/_04538_ (net)                      | 10     |             |            |            | 0.000       |        |                 |
| core/gpr/gpr_ext/_08296_:A (CLKBUF_X2)              |        | 0.001       | 0.000      | 0.009      |             | 0.000  | 0.568f          |
| core/gpr/gpr_ext/_08296_:Z (CLKBUF_X2)              |        | 0.008       | 0.000      | 0.012      |             | 0.035  | 0.603f          |
| core/gpr/gpr_ext/_04539_ (net)                      | 10     |             |            |            | 0.000       |        |                 |
| core/gpr/gpr_ext/_08297_:A1 (OR2_X1)                |        | 0.001       | 0.000      | 0.012      |             | 0.000  | 0.603f          |
| core/gpr/gpr_ext/_08297_:ZN (OR2_X1)                |        | 0.003       | 0.000      | 0.012      |             | 0.051  | 0.654f          |
| core/gpr/gpr_ext/_04540_ (net)                      | 1      |             |            |            | 0.000       |        |                 |
| core/gpr/gpr_ext/_08298_:A (OAI211_X2)              |        | 0.003       | 0.000      | 0.012      |             | 0.000  | 0.654f          |
| core/gpr/gpr_ext/_08298_:ZN (OAI211_X2)             |        | 0.002       | 0.000      | 0.018      |             | 0.020  | 0.674r          |
| core/gpr/gpr_ext/_04541_ (net)                      | 1      |             |            |            | 0.000       |        |                 |
| core/gpr/gpr_ext/_08309_:A1 (NAND3_X1)              |        | 0.002       | 0.000      | 0.018      |             | 0.000  | 0.674r          |
| core/gpr/gpr_ext/_08309_:ZN (NAND3_X1)              |        | 0.003       | 0.000      | 0.014      |             | 0.027  | 0.702f          |
| core/gpr/gpr_ext/_04552_ (net)                      | 1      |             |            |            | 0.000       |        |                 |
| core/gpr/gpr_ext/_08316_:B (OAI211_X2)              |        | 0.003       | 0.000      | 0.014      |             | 0.000  | 0.702f          |
| core/gpr/gpr_ext/_08316_:ZN (OAI211_X2)             |        | 0.002       | 0.000      | 0.018      |             | 0.023  | 0.725r          |
| core/gpr/gpr_ext/_04559_ (net)                      | 1      |             |            |            | 0.000       |        |                 |
| core/gpr/gpr_ext/_08333_:B1 (AOI21_X1)              |        | 0.002       | 0.000      | 0.018      |             | 0.000  | 0.725r          |
| core/gpr/gpr_ext/_08333_:ZN (AOI21_X1)              |        | 0.001       | 0.000      | 0.008      |             | 0.015  | 0.740f          |
| core/gpr/gpr_ext/_04576_ (net)                      | 1      |             |            |            | 0.000       |        |                 |
| core/gpr/gpr_ext/_08334_:A2 (OR2_X1)                |        | 0.001       | 0.000      | 0.008      |             | 0.000  | 0.740f          |
| core/gpr/gpr_ext/_08334_:ZN (OR2_X1)                |        | 0.001       | 0.000      | 0.008      |             | 0.047  | 0.787f          |
| core/gpr/gpr_ext/_02053_ (net)                      | 1      |             |            |            | 0.000       |        |                 |
| core/gpr/gpr_ext/_11770_:A (BUF_X1)                 |        | 0.001       | 0.000      | 0.008      |             | 0.000  | 0.787f          |
| core/gpr/gpr_ext/_11770_:Z (BUF_X1)                 |        | 0.001       | 0.000      | 0.005      |             | 0.025  | 0.812f          |
| core/gpr/_gpr_ext_R0_data[0] (net)                  | 1      |             |            |            | 0.000       |        |                 |
| core/gpr/_310_:A (BUF_X1)                           |        | 0.001       | 0.000      | 0.005      |             | 0.000  | 0.812f          |
| core/gpr/_310_:Z (BUF_X1)                           |        | 0.001       | 0.000      | 0.005      |             | 0.023  | 0.835f          |
| core/gpr/_001_ (net)                                | 1      |             |            |            | 0.000       |        |                 |
| core/gpr/_201_:A2 (AND2_X1)                         |        | 0.001       | 0.000      | 0.005      |             | 0.000  | 0.835f          |
| core/gpr/_201_:ZN (AND2_X1)                         |        | 0.001       | 0.000      | 0.005      |             | 0.027  | 0.862f          |
| core/gpr/_113_ (net)                                | 1      |             |            |            | 0.000       |        |                 |
| core/gpr/_315_:A (BUF_X1)                           |        | 0.001       | 0.000      | 0.005      |             | 0.000  | 0.862f          |
| core/gpr/_315_:Z (BUF_X1)                           |        | 0.002       | 0.000      | 0.006      |             | 0.026  | 0.888f          |
| core/_gpr_io_gpr_rs2_data[0] (net)                  | 2      |             |            |            | 0.000       |        |                 |
| core/idu/_1205_:A (BUF_X1)                          |        | 0.001       | 0.000      | 0.006      |             | 0.000  | 0.888f          |
| core/idu/_1205_:Z (BUF_X1)                          |        | 0.002       | 0.000      | 0.006      |             | 0.026  | 0.914f          |
| core/idu/_0039_ (net)                               | 1      |             |            |            | 0.000       |        |                 |
| core/idu/_0809_:A2 (NAND3_X1)                       |        | 0.002       | 0.000      | 0.006      |             | 0.000  | 0.914f          |
| core/idu/_0809_:ZN (NAND3_X1)                       |        | 0.002       | 0.000      | 0.012      |             | 0.017  | 0.931r          |
| core/idu/_0428_ (net)                               | 1      |             |            |            | 0.000       |        |                 |
| core/idu/_0811_:A2 (NAND3_X1)                       |        | 0.002       | 0.000      | 0.012      |             | 0.000  | 0.931r          |
| core/idu/_0811_:ZN (NAND3_X1)                       |        | 0.001       | 0.000      | 0.009      |             | 0.019  | 0.950f          |
| core/idu/_0193_ (net)                               | 1      |             |            |            | 0.000       |        |                 |
| core/idu/_1206_:A (BUF_X1)                          |        | 0.001       | 0.000      | 0.009      |             | 0.000  | 0.950f          |
| core/idu/_1206_:Z (BUF_X1)                          |        | 0.001       | 0.000      | 0.005      |             | 0.025  | 0.975f          |
| core/_idu_io_pipe_out_bits_id2exe_op2_data[0] (net) | 1      |             |            |            | 0.000       |        |                 |
| core/exu/_3880_:A (BUF_X1)                          |        | 0.001       | 0.000      | 0.005      |             | 0.000  | 0.975f          |
| core/exu/_3880_:Z (BUF_X1)                          |        | 0.025       | 0.000      | 0.030      |             | 0.058  | 1.033f          |
| core/exu/_0142_ (net)                               | 11     |             |            |            | 0.000       |        |                 |
| fanout_buf_20:A (BUF_X8)                            |        | 0.007       | 0.000      | 0.030      |             | 0.000  | 1.033f          |
| fanout_buf_20:Z (BUF_X8)                            |        | 0.041       | 0.000      | 0.009      |             | 0.041  | 1.074f          |
| fanout_net_20 (net)                                 | 30     |             |            |            | 0.000       |        |                 |
| core/exu/_2018_:A (INV_X2)                          |        | 0.003       | 0.000      | 0.009      |             | 0.000  | 1.074f          |
| core/exu/_2018_:ZN (INV_X2)                         |        | 0.013       | 0.000      | 0.017      |             | 0.024  | 1.098r          |
| core/exu/_1233_ (net)                               | 6      |             |            |            | 0.000       |        |                 |
| core/exu/_2019_:A1 (NOR2_X4)                        |        | 0.007       | 0.000      | 0.017      |             | 0.000  | 1.098r          |
| core/exu/_2019_:ZN (NOR2_X4)                        |        | 0.015       | 0.000      | 0.033      |             | 0.015  | 1.112f          |
| core/exu/_1234_ (net)                               | 6      |             |            |            | 0.000       |        |                 |
| core/exu/_2020_:A2 (NOR2_X2)                        |        | 0.003       | 0.000      | 0.033      |             | 0.000  | 1.112f          |
| core/exu/_2020_:ZN (NOR2_X2)                        |        | 0.003       | 0.000      | 0.019      |             | 0.036  | 1.148r          |
| core/exu/_1235_ (net)                               | 1      |             |            |            | 0.000       |        |                 |
| core/exu/_2022_:A (AOI21_X2)                        |        | 0.003       | 0.000      | 0.019      |             | 0.000  | 1.148r          |
| core/exu/_2022_:ZN (AOI21_X2)                       |        | 0.003       | 0.000      | 0.011      |             | 0.016  | 1.164f          |
| core/exu/_1237_ (net)                               | 2      |             |            |            | 0.000       |        |                 |
| core/exu/_2026_:A1 (NOR2_X1)                        |        | 0.002       | 0.000      | 0.011      |             | 0.000  | 1.164f          |
| core/exu/_2026_:ZN (NOR2_X1)                        |        | 0.005       | 0.000      | 0.031      |             | 0.041  | 1.205r          |
| core/exu/_1241_ (net)                               | 2      |             |            |            | 0.000       |        |                 |
| core/exu/_2029_:A1 (NOR2_X2)                        |        | 0.003       | 0.000      | 0.031      |             | 0.000  | 1.205r          |
| core/exu/_2029_:ZN (NOR2_X2)                        |        | 0.004       | 0.000      | 0.009      |             | 0.012  | 1.217f          |
| core/exu/_1244_ (net)                               | 2      |             |            |            | 0.000       |        |                 |
| core/exu/_2032_:A1 (NAND2_X1)                       |        | 0.002       | 0.000      | 0.009      |             | 0.000  | 1.217f          |
| core/exu/_2032_:ZN (NAND2_X1)                       |        | 0.003       | 0.000      | 0.012      |             | 0.018  | 1.235r          |
| core/exu/_1247_ (net)                               | 2      |             |            |            | 0.000       |        |                 |
| core/exu/_2048_:A1 (NAND3_X1)                       |        | 0.002       | 0.000      | 0.012      |             | 0.000  | 1.235r          |
| core/exu/_2048_:ZN (NAND3_X1)                       |        | 0.010       | 0.000      | 0.034      |             | 0.049  | 1.284f          |
| core/exu/_1263_ (net)                               | 4      |             |            |            | 0.000       |        |                 |
| core/exu/_2060_:B1 (AOI21_X4)                       |        | 0.006       | 0.000      | 0.034      |             | 0.000  | 1.284f          |
| core/exu/_2060_:ZN (AOI21_X4)                       |        | 0.015       | 0.000      | 0.031      |             | 0.048  | 1.332r          |
| core/exu/_1275_ (net)                               | 5      |             |            |            | 0.000       |        |                 |
| core/exu/_2061_:B2 (OAI21_X4)                       |        | 0.007       | 0.000      | 0.031      |             | 0.000  | 1.332r          |
| core/exu/_2061_:ZN (OAI21_X4)                       |        | 0.004       | 0.000      | 0.012      |             | 0.021  | 1.353f          |
| core/exu/_1276_ (net)                               | 2      |             |            |            | 0.000       |        |                 |
| core/exu/_2090_:A1 (AND2_X4)                        |        | 0.003       | 0.000      | 0.012      |             | 0.000  | 1.353f          |
| core/exu/_2090_:ZN (AND2_X4)                        |        | 0.007       | 0.000      | 0.006      |             | 0.029  | 1.382f          |
| core/exu/_1305_ (net)                               | 4      |             |            |            | 0.000       |        |                 |
| core/exu/_2103_:A1 (OR2_X4)                         |        | 0.003       | 0.000      | 0.006      |             | 0.000  | 1.382f          |
| core/exu/_2103_:ZN (OR2_X4)                         |        | 0.005       | 0.000      | 0.008      |             | 0.039  | 1.421f          |
| core/exu/_1318_ (net)                               | 3      |             |            |            | 0.000       |        |                 |
| core/exu/_2117_:C1 (AOI211_X2)                      |        | 0.003       | 0.000      | 0.008      |             | 0.000  | 1.421f          |
| core/exu/_2117_:ZN (AOI211_X2)                      |        | 0.004       | 0.000      | 0.043      |             | 0.040  | 1.461r          |
| core/exu/_1332_ (net)                               | 2      |             |            |            | 0.000       |        |                 |
| core/exu/_2125_:B1 (OAI21_X2)                       |        | 0.003       | 0.000      | 0.043      |             | 0.000  | 1.461r          |
| core/exu/_2125_:ZN (OAI21_X2)                       |        | 0.004       | 0.000      | 0.016      |             | 0.023  | 1.484f          |
| core/exu/_1340_ (net)                               | 3      |             |            |            | 0.000       |        |                 |
| core/exu/_2128_:A1 (AND2_X2)                        |        | 0.002       | 0.000      | 0.016      |             | 0.000  | 1.484f          |
| core/exu/_2128_:ZN (AND2_X2)                        |        | 0.003       | 0.000      | 0.006      |             | 0.030  | 1.514f          |
| core/exu/_1343_ (net)                               | 1      |             |            |            | 0.000       |        |                 |
| core/exu/_2130_:A1 (OR2_X4)                         |        | 0.003       | 0.000      | 0.006      |             | 0.000  | 1.514f          |
| core/exu/_2130_:ZN (OR2_X4)                         |        | 0.003       | 0.000      | 0.008      |             | 0.038  | 1.552f          |
| core/exu/_1345_ (net)                               | 2      |             |            |            | 0.000       |        |                 |
| core/exu/_2134_:A1 (AND2_X2)                        |        | 0.002       | 0.000      | 0.008      |             | 0.000  | 1.552f          |
| core/exu/_2134_:ZN (AND2_X2)                        |        | 0.005       | 0.000      | 0.007      |             | 0.028  | 1.580f          |
| core/exu/_1349_ (net)                               | 3      |             |            |            | 0.000       |        |                 |
| core/exu/_2138_:A1 (NAND3_X1)                       |        | 0.002       | 0.000      | 0.007      |             | 0.000  | 1.580f          |
| core/exu/_2138_:ZN (NAND3_X1)                       |        | 0.002       | 0.000      | 0.012      |             | 0.015  | 1.596r          |
| core/exu/_1353_ (net)                               | 1      |             |            |            | 0.000       |        |                 |
| core/exu/_2308_:A1 (AND4_X2)                        |        | 0.002       | 0.000      | 0.012      |             | 0.000  | 1.596r          |
| core/exu/_2308_:ZN (AND4_X2)                        |        | 0.002       | 0.000      | 0.010      |             | 0.046  | 1.641r          |
| core/exu/_1523_ (net)                               | 1      |             |            |            | 0.000       |        |                 |
| core/exu/_2325_:A2 (AND4_X2)                        |        | 0.002       | 0.000      | 0.010      |             | 0.000  | 1.641r          |
| core/exu/_2325_:ZN (AND4_X2)                        |        | 0.002       | 0.000      | 0.010      |             | 0.049  | 1.690r          |
| core/exu/_1540_ (net)                               | 1      |             |            |            | 0.000       |        |                 |
| core/exu/_2334_:A1 (NAND4_X1)                       |        | 0.002       | 0.000      | 0.010      |             | 0.000  | 1.690r          |
| core/exu/_2334_:ZN (NAND4_X1)                       |        | 0.001       | 0.000      | 0.014      |             | 0.021  | 1.711f          |
| core/exu/_0007_ (net)                               | 1      |             |            |            | 0.000       |        |                 |
| core/exu/_3949_:A (BUF_X1)                          |        | 0.001       | 0.000      | 0.014      |             | 0.000  | 1.711f          |
| core/exu/_3949_:Z (BUF_X1)                          |        | 0.002       | 0.000      | 0.006      |             | 0.030  | 1.741f          |
| core/_exu_io_alu_out[0] (net)                       | 2      |             |            |            | 0.000       |        |                 |
| core/exu/_3718_:A (BUF_X1)                          |        | 0.001       | 0.000      | 0.006      |             | 0.000  | 1.741f          |
| core/exu/_3718_:Z (BUF_X1)                          |        | 0.001       | 0.000      | 0.005      |             | 0.024  | 1.765f          |
| core/_exu_io_pipe_out_bits_exe2ls_alu_out[0] (net)  | 1      |             |            |            | 0.000       |        |                 |
| core/lsu/_2035_:A (BUF_X1)                          |        | 0.001       | 0.000      | 0.005      |             | 0.000  | 1.765f          |
| core/lsu/_2035_:Z (BUF_X1)                          |        | 0.048       | 0.000      | 0.054      |             | 0.086  | 1.850f          |
| core/lsu/_0361_ (net)                               | 30     |             |            |            | 0.000       |        |                 |
| core/lsu/_1254_:A (INV_X1)                          |        | 0.002       | 0.000      | 0.054      |             | 0.000  | 1.850f          |
| core/lsu/_1254_:ZN (INV_X1)                         |        | 0.015       | 0.000      | 0.040      |             | 0.066  | 1.916r          |
| core/lsu/_0680_ (net)                               | 7      |             |            |            | 0.000       |        |                 |
| core/lsu/_1260_:A1 (NOR2_X2)                        |        | 0.003       | 0.000      | 0.040      |             | 0.000  | 1.916r          |
| core/lsu/_1260_:ZN (NOR2_X2)                        |        | 0.014       | 0.000      | 0.031      |             | 0.026  | 1.942f          |
| core/lsu/_0686_ (net)                               | 8      |             |            |            | 0.000       |        |                 |
| core/lsu/_1347_:B2 (AOI22_X1)                       |        | 0.002       | 0.000      | 0.031      |             | 0.000  | 1.942f          |
| core/lsu/_1347_:ZN (AOI22_X1)                       |        | 0.001       | 0.000      | 0.020      |             | 0.042  | 1.984r          |
| core/lsu/_0766_ (net)                               | 1      |             |            |            | 0.000       |        |                 |
| core/lsu/_1349_:A1 (AND2_X1)                        |        | 0.001       | 0.000      | 0.020      |             | 0.000  | 1.984r          |
| core/lsu/_1349_:ZN (AND2_X1)                        |        | 0.003       | 0.000      | 0.013      |             | 0.041  | 2.025r          |
| core/lsu/_0768_ (net)                               | 2      |             |            |            | 0.000       |        |                 |
| core/lsu/_1376_:A1 (NOR2_X1)                        |        | 0.002       | 0.000      | 0.013      |             | 0.000  | 2.025r          |
| core/lsu/_1376_:ZN (NOR2_X1)                        |        | 0.001       | 0.000      | 0.007      |             | 0.010  | 2.034f          |
| core/lsu/_0794_ (net)                               | 1      |             |            |            | 0.000       |        |                 |
| core/lsu/_1377_:A1 (NOR2_X1)                        |        | 0.002       | 0.000      | 0.007      |             | 0.000  | 2.034f          |
| core/lsu/_1377_:ZN (NOR2_X1)                        |        | 0.014       | 0.000      | 0.077      |             | 0.085  | 2.120r          |
| core/lsu/_0795_ (net)                               | 9      |             |            |            | 0.000       |        |                 |
| core/lsu/_1472_:A1 (AND2_X2)                        |        | 0.002       | 0.000      | 0.077      |             | 0.000  | 2.120r          |
| core/lsu/_1472_:ZN (AND2_X2)                        |        | 0.013       | 0.000      | 0.020      |             | 0.058  | 2.177r          |
| core/lsu/_0882_ (net)                               | 7      |             |            |            | 0.000       |        |                 |
| core/lsu/_1481_:A (BUF_X4)                          |        | 0.003       | 0.000      | 0.020      |             | 0.000  | 2.177r          |
| core/lsu/_1481_:Z (BUF_X4)                          |        | 0.016       | 0.000      | 0.012      |             | 0.030  | 2.207r          |
| core/lsu/_0890_ (net)                               | 10     |             |            |            | 0.000       |        |                 |
| core/lsu/_1514_:B1 (AOI22_X1)                       |        | 0.002       | 0.000      | 0.012      |             | 0.000  | 2.207r          |
| core/lsu/_1514_:ZN (AOI22_X1)                       |        | 0.001       | 0.000      | 0.010      |             | 0.019  | 2.226f          |
| core/lsu/_0547_ (net)                               | 1      |             |            |            | 0.000       |        |                 |
| core/lsu/_2157_:A (BUF_X1)                          |        | 0.001       | 0.000      | 0.010      |             | 0.000  | 2.226f          |
| core/lsu/_2157_:Z (BUF_X1)                          |        | 0.001       | 0.000      | 0.005      |             | 0.026  | 2.252f          |
| core/_lsu_io_pipe_out_bits_ls2wb_wb_data[21] (net)  | 1      |             |            |            | 0.000       |        |                 |
| core/wbu/_115_:A (BUF_X1)                           |        | 0.001       | 0.000      | 0.005      |             | 0.000  | 2.252f          |
| core/wbu/_115_:Z (BUF_X1)                           |        | 0.001       | 0.000      | 0.005      |             | 0.023  | 2.275f          |
| core/_wbu_io_gpr_wdata[21] (net)                    | 1      |             |            |            | 0.000       |        |                 |
| core/gpr/gpr_ext/_10686_:A (BUF_X1)                 |        | 0.001       | 0.000      | 0.005      |             | 0.000  | 2.275f          |
| core/gpr/gpr_ext/_10686_:Z (BUF_X1)                 |        | 0.008       | 0.000      | 0.012      |             | 0.035  | 2.310f          |
| core/gpr/gpr_ext/_02140_ (net)                      | 3      |             |            |            | 0.000       |        |                 |
| fanout_buf_97:A (BUF_X8)                            |        | 0.007       | 0.000      | 0.012      |             | 0.000  | 2.310f          |
| fanout_buf_97:Z (BUF_X8)                            |        | 0.027       | 0.000      | 0.007      |             | 0.030  | 2.340f          |
| fanout_net_97 (net)                                 | 30     |             |            |            | 0.000       |        |                 |
| core/gpr/gpr_ext/_10097_:B (MUX2_X1)                |        | 0.001       | 0.000      | 0.007      |             | 0.000  | 2.340f          |
| core/gpr/gpr_ext/_10097_:Z (MUX2_X1)                |        | 0.001       | 0.000      | 0.009      |             | 0.055  | 2.395f          |
| core/gpr/gpr_ext/_02653_ (net)                      | 1      |             |            |            | 0.000       |        |                 |
| core/gpr/gpr_ext/_12320_:A (BUF_X1)                 |        | 0.001       | 0.000      | 0.009      |             | 0.000  | 2.395f          |
| core/gpr/gpr_ext/_12320_:Z (BUF_X1)                 |        | 0.001       | 0.000      | 0.006      |             | 0.028  | 2.423f          |
| core/gpr/gpr_ext/_00493_ (net)                      | 1      |             |            |            | 0.000       |        |                 |
| core/gpr/gpr_ext/_13553_:D (DFF_X1)                 |        | 0.001       | 0.000      | 0.006      |             | 0.000  | 2.423f          |
|                                                     |        |             |            |            |             |        |                 |
| clock (port)                                        |        | 2.261       | 0.000      | 0.000      |             | 0.000  | 0.000r          |
| clock (clock net)                                   | 2377   |             |            |            | NA          |        |                 |
| core/gpr/gpr_ext/_13553_:CK (DFF_X1)                |        | 0.001       | 0.000      | 0.000      |             | 0.000  | 0.000r          |
| clock core_clock (rise edge)                        |        |             |            |            |             | 10     | 10              |
| clock network delay (ideal)                         |        |             |            |            |             | 0.000  | 10.000          |
| core/gpr/gpr_ext/_13553_:CK (DFF_X1)                |        |             |            |            |             |        | 10.000r         |
| library setup time                                  |        |             |            |            |             | -0.039 | 9.961           |
| clock reconvergence pessimism                       |        |             |            |            |             | 0.000  | 9.961           |
|                                                     |        |             |            |            |             |        |                 |
| path cell delay                                     |        |             |            |            |             |        | 2.423(100.000%) |
| path net delay                                      |        |             |            |            |             |        | 0.000(0.000%)   |
|                                                     |        |             |            |            |             |        |                 |
| data require time                                   |        |             |            |            |             |        | 9.961           |
| data arrival time                                   |        |             |            |            |             |        | 2.423           |
| slack (MET)                                         |        |             |            |            |             |        | 7.538           |
+-----------------------------------------------------+--------+-------------+------------+------------+-------------+--------+-----------------+
+-----------------------------------------------------+--------+-------------+------------+------------+-------------+--------+-----------------+
| Point                                               | Fanout | Capacitance | Resistance | Transition | Delta Delay | Incr   | Path            |
+-----------------------------------------------------+--------+-------------+------------+------------+-------------+--------+-----------------+
| clock (port)                                        |        | 2.261       | 0.000      | 0.000      |             | 0.000  | 0.000r          |
| clock (clock net)                                   | 2377   |             |            |            | NA          |        |                 |
| core/icache/_7379_:CK (DFF_X1)                      |        | 0.001       | 0.000      | 0.000      |             | 0.000  | 0.000r          |
| clock core_clock (rise edge)                        |        |             |            |            |             | 0      | 0               |
| clock network delay (ideal)                         |        |             |            |            |             | 0.000  | 0.000           |
| core/icache/_7379_:CK (DFF_X1)                      |        | 0.001       | 0.000      | 0.000      |             | 0.000  | 0.000r          |
| core/icache/_7379_:Q (DFF_X1)                       |        | 0.002       | 0.000      | 0.009      |             | 0.086  | 0.086r          |
| core/_icache_io_in_rdata[20] (net)                  | 2      |             |            |            | 0.000       |        |                 |
| core/ifu/_1277_:A (BUF_X1)                          |        | 0.001       | 0.000      | 0.009      |             | 0.000  | 0.086r          |
| core/ifu/_1277_:Z (BUF_X1)                          |        | 0.002       | 0.000      | 0.008      |             | 0.023  | 0.109r          |
| core/_ifu_io_pipe_out_bits_if2id_inst[20] (net)     | 2      |             |            |            | 0.000       |        |                 |
| core/idu/_1029_:A (BUF_X1)                          |        | 0.001       | 0.000      | 0.008      |             | 0.000  | 0.109r          |
| core/idu/_1029_:Z (BUF_X1)                          |        | 0.002       | 0.000      | 0.008      |             | 0.022  | 0.131r          |
| core/_idu_io_gpr_rs2_addr[0] (net)                  | 2      |             |            |            | 0.000       |        |                 |
| core/gpr/gpr_ext/_11765_:A (BUF_X1)                 |        | 0.001       | 0.000      | 0.008      |             | 0.000  | 0.131r          |
| core/gpr/gpr_ext/_11765_:Z (BUF_X1)                 |        | 0.132       | 0.000      | 0.304      |             | 0.335  | 0.466r          |
| core/gpr/gpr_ext/_02048_ (net)                      | 26     |             |            |            | 0.000       |        |                 |
| fanout_buf_29:A (BUF_X8)                            |        | 0.007       | 0.000      | 0.304      |             | 0.000  | 0.466r          |
| fanout_buf_29:Z (BUF_X8)                            |        | 0.108       | 0.000      | 0.037      |             | 0.062  | 0.528r          |
| fanout_net_29 (net)                                 | 30     |             |            |            | 0.000       |        |                 |
| core/gpr/gpr_ext/_08294_:A (INV_X32)                |        | 0.049       | 0.000      | 0.037      |             | 0.000  | 0.528r          |
| core/gpr/gpr_ext/_08294_:ZN (INV_X32)               |        | 0.034       | 0.000      | 0.009      |             | 0.009  | 0.537f          |
| core/gpr/gpr_ext/_04537_ (net)                      | 6      |             |            |            | 0.000       |        |                 |
| core/gpr/gpr_ext/_08295_:A (BUF_X4)                 |        | 0.003       | 0.000      | 0.009      |             | 0.000  | 0.537f          |
| core/gpr/gpr_ext/_08295_:Z (BUF_X4)                 |        | 0.021       | 0.000      | 0.009      |             | 0.031  | 0.568f          |
| core/gpr/gpr_ext/_04538_ (net)                      | 10     |             |            |            | 0.000       |        |                 |
| core/gpr/gpr_ext/_08296_:A (CLKBUF_X2)              |        | 0.001       | 0.000      | 0.009      |             | 0.000  | 0.568f          |
| core/gpr/gpr_ext/_08296_:Z (CLKBUF_X2)              |        | 0.008       | 0.000      | 0.012      |             | 0.035  | 0.603f          |
| core/gpr/gpr_ext/_04539_ (net)                      | 10     |             |            |            | 0.000       |        |                 |
| core/gpr/gpr_ext/_08297_:A1 (OR2_X1)                |        | 0.001       | 0.000      | 0.012      |             | 0.000  | 0.603f          |
| core/gpr/gpr_ext/_08297_:ZN (OR2_X1)                |        | 0.003       | 0.000      | 0.012      |             | 0.051  | 0.654f          |
| core/gpr/gpr_ext/_04540_ (net)                      | 1      |             |            |            | 0.000       |        |                 |
| core/gpr/gpr_ext/_08298_:A (OAI211_X2)              |        | 0.003       | 0.000      | 0.012      |             | 0.000  | 0.654f          |
| core/gpr/gpr_ext/_08298_:ZN (OAI211_X2)             |        | 0.002       | 0.000      | 0.018      |             | 0.020  | 0.674r          |
| core/gpr/gpr_ext/_04541_ (net)                      | 1      |             |            |            | 0.000       |        |                 |
| core/gpr/gpr_ext/_08309_:A1 (NAND3_X1)              |        | 0.002       | 0.000      | 0.018      |             | 0.000  | 0.674r          |
| core/gpr/gpr_ext/_08309_:ZN (NAND3_X1)              |        | 0.003       | 0.000      | 0.014      |             | 0.027  | 0.702f          |
| core/gpr/gpr_ext/_04552_ (net)                      | 1      |             |            |            | 0.000       |        |                 |
| core/gpr/gpr_ext/_08316_:B (OAI211_X2)              |        | 0.003       | 0.000      | 0.014      |             | 0.000  | 0.702f          |
| core/gpr/gpr_ext/_08316_:ZN (OAI211_X2)             |        | 0.002       | 0.000      | 0.018      |             | 0.023  | 0.725r          |
| core/gpr/gpr_ext/_04559_ (net)                      | 1      |             |            |            | 0.000       |        |                 |
| core/gpr/gpr_ext/_08333_:B1 (AOI21_X1)              |        | 0.002       | 0.000      | 0.018      |             | 0.000  | 0.725r          |
| core/gpr/gpr_ext/_08333_:ZN (AOI21_X1)              |        | 0.001       | 0.000      | 0.008      |             | 0.015  | 0.740f          |
| core/gpr/gpr_ext/_04576_ (net)                      | 1      |             |            |            | 0.000       |        |                 |
| core/gpr/gpr_ext/_08334_:A2 (OR2_X1)                |        | 0.001       | 0.000      | 0.008      |             | 0.000  | 0.740f          |
| core/gpr/gpr_ext/_08334_:ZN (OR2_X1)                |        | 0.001       | 0.000      | 0.008      |             | 0.047  | 0.787f          |
| core/gpr/gpr_ext/_02053_ (net)                      | 1      |             |            |            | 0.000       |        |                 |
| core/gpr/gpr_ext/_11770_:A (BUF_X1)                 |        | 0.001       | 0.000      | 0.008      |             | 0.000  | 0.787f          |
| core/gpr/gpr_ext/_11770_:Z (BUF_X1)                 |        | 0.001       | 0.000      | 0.005      |             | 0.025  | 0.812f          |
| core/gpr/_gpr_ext_R0_data[0] (net)                  | 1      |             |            |            | 0.000       |        |                 |
| core/gpr/_310_:A (BUF_X1)                           |        | 0.001       | 0.000      | 0.005      |             | 0.000  | 0.812f          |
| core/gpr/_310_:Z (BUF_X1)                           |        | 0.001       | 0.000      | 0.005      |             | 0.023  | 0.835f          |
| core/gpr/_001_ (net)                                | 1      |             |            |            | 0.000       |        |                 |
| core/gpr/_201_:A2 (AND2_X1)                         |        | 0.001       | 0.000      | 0.005      |             | 0.000  | 0.835f          |
| core/gpr/_201_:ZN (AND2_X1)                         |        | 0.001       | 0.000      | 0.005      |             | 0.027  | 0.862f          |
| core/gpr/_113_ (net)                                | 1      |             |            |            | 0.000       |        |                 |
| core/gpr/_315_:A (BUF_X1)                           |        | 0.001       | 0.000      | 0.005      |             | 0.000  | 0.862f          |
| core/gpr/_315_:Z (BUF_X1)                           |        | 0.002       | 0.000      | 0.006      |             | 0.026  | 0.888f          |
| core/_gpr_io_gpr_rs2_data[0] (net)                  | 2      |             |            |            | 0.000       |        |                 |
| core/idu/_1205_:A (BUF_X1)                          |        | 0.001       | 0.000      | 0.006      |             | 0.000  | 0.888f          |
| core/idu/_1205_:Z (BUF_X1)                          |        | 0.002       | 0.000      | 0.006      |             | 0.026  | 0.914f          |
| core/idu/_0039_ (net)                               | 1      |             |            |            | 0.000       |        |                 |
| core/idu/_0809_:A2 (NAND3_X1)                       |        | 0.002       | 0.000      | 0.006      |             | 0.000  | 0.914f          |
| core/idu/_0809_:ZN (NAND3_X1)                       |        | 0.002       | 0.000      | 0.012      |             | 0.017  | 0.931r          |
| core/idu/_0428_ (net)                               | 1      |             |            |            | 0.000       |        |                 |
| core/idu/_0811_:A2 (NAND3_X1)                       |        | 0.002       | 0.000      | 0.012      |             | 0.000  | 0.931r          |
| core/idu/_0811_:ZN (NAND3_X1)                       |        | 0.001       | 0.000      | 0.009      |             | 0.019  | 0.950f          |
| core/idu/_0193_ (net)                               | 1      |             |            |            | 0.000       |        |                 |
| core/idu/_1206_:A (BUF_X1)                          |        | 0.001       | 0.000      | 0.009      |             | 0.000  | 0.950f          |
| core/idu/_1206_:Z (BUF_X1)                          |        | 0.001       | 0.000      | 0.005      |             | 0.025  | 0.975f          |
| core/_idu_io_pipe_out_bits_id2exe_op2_data[0] (net) | 1      |             |            |            | 0.000       |        |                 |
| core/exu/_3880_:A (BUF_X1)                          |        | 0.001       | 0.000      | 0.005      |             | 0.000  | 0.975f          |
| core/exu/_3880_:Z (BUF_X1)                          |        | 0.025       | 0.000      | 0.030      |             | 0.058  | 1.033f          |
| core/exu/_0142_ (net)                               | 11     |             |            |            | 0.000       |        |                 |
| fanout_buf_20:A (BUF_X8)                            |        | 0.007       | 0.000      | 0.030      |             | 0.000  | 1.033f          |
| fanout_buf_20:Z (BUF_X8)                            |        | 0.041       | 0.000      | 0.009      |             | 0.041  | 1.074f          |
| fanout_net_20 (net)                                 | 30     |             |            |            | 0.000       |        |                 |
| core/exu/_2018_:A (INV_X2)                          |        | 0.003       | 0.000      | 0.009      |             | 0.000  | 1.074f          |
| core/exu/_2018_:ZN (INV_X2)                         |        | 0.013       | 0.000      | 0.017      |             | 0.024  | 1.098r          |
| core/exu/_1233_ (net)                               | 6      |             |            |            | 0.000       |        |                 |
| core/exu/_2019_:A1 (NOR2_X4)                        |        | 0.007       | 0.000      | 0.017      |             | 0.000  | 1.098r          |
| core/exu/_2019_:ZN (NOR2_X4)                        |        | 0.015       | 0.000      | 0.033      |             | 0.015  | 1.112f          |
| core/exu/_1234_ (net)                               | 6      |             |            |            | 0.000       |        |                 |
| core/exu/_2020_:A2 (NOR2_X2)                        |        | 0.003       | 0.000      | 0.033      |             | 0.000  | 1.112f          |
| core/exu/_2020_:ZN (NOR2_X2)                        |        | 0.003       | 0.000      | 0.019      |             | 0.036  | 1.148r          |
| core/exu/_1235_ (net)                               | 1      |             |            |            | 0.000       |        |                 |
| core/exu/_2022_:A (AOI21_X2)                        |        | 0.003       | 0.000      | 0.019      |             | 0.000  | 1.148r          |
| core/exu/_2022_:ZN (AOI21_X2)                       |        | 0.003       | 0.000      | 0.011      |             | 0.016  | 1.164f          |
| core/exu/_1237_ (net)                               | 2      |             |            |            | 0.000       |        |                 |
| core/exu/_2026_:A1 (NOR2_X1)                        |        | 0.002       | 0.000      | 0.011      |             | 0.000  | 1.164f          |
| core/exu/_2026_:ZN (NOR2_X1)                        |        | 0.005       | 0.000      | 0.031      |             | 0.041  | 1.205r          |
| core/exu/_1241_ (net)                               | 2      |             |            |            | 0.000       |        |                 |
| core/exu/_2029_:A1 (NOR2_X2)                        |        | 0.003       | 0.000      | 0.031      |             | 0.000  | 1.205r          |
| core/exu/_2029_:ZN (NOR2_X2)                        |        | 0.004       | 0.000      | 0.009      |             | 0.012  | 1.217f          |
| core/exu/_1244_ (net)                               | 2      |             |            |            | 0.000       |        |                 |
| core/exu/_2032_:A1 (NAND2_X1)                       |        | 0.002       | 0.000      | 0.009      |             | 0.000  | 1.217f          |
| core/exu/_2032_:ZN (NAND2_X1)                       |        | 0.003       | 0.000      | 0.012      |             | 0.018  | 1.235r          |
| core/exu/_1247_ (net)                               | 2      |             |            |            | 0.000       |        |                 |
| core/exu/_2048_:A1 (NAND3_X1)                       |        | 0.002       | 0.000      | 0.012      |             | 0.000  | 1.235r          |
| core/exu/_2048_:ZN (NAND3_X1)                       |        | 0.010       | 0.000      | 0.034      |             | 0.049  | 1.284f          |
| core/exu/_1263_ (net)                               | 4      |             |            |            | 0.000       |        |                 |
| core/exu/_2060_:B1 (AOI21_X4)                       |        | 0.006       | 0.000      | 0.034      |             | 0.000  | 1.284f          |
| core/exu/_2060_:ZN (AOI21_X4)                       |        | 0.015       | 0.000      | 0.031      |             | 0.048  | 1.332r          |
| core/exu/_1275_ (net)                               | 5      |             |            |            | 0.000       |        |                 |
| core/exu/_2061_:B2 (OAI21_X4)                       |        | 0.007       | 0.000      | 0.031      |             | 0.000  | 1.332r          |
| core/exu/_2061_:ZN (OAI21_X4)                       |        | 0.004       | 0.000      | 0.012      |             | 0.021  | 1.353f          |
| core/exu/_1276_ (net)                               | 2      |             |            |            | 0.000       |        |                 |
| core/exu/_2090_:A1 (AND2_X4)                        |        | 0.003       | 0.000      | 0.012      |             | 0.000  | 1.353f          |
| core/exu/_2090_:ZN (AND2_X4)                        |        | 0.007       | 0.000      | 0.006      |             | 0.029  | 1.382f          |
| core/exu/_1305_ (net)                               | 4      |             |            |            | 0.000       |        |                 |
| core/exu/_2103_:A1 (OR2_X4)                         |        | 0.003       | 0.000      | 0.006      |             | 0.000  | 1.382f          |
| core/exu/_2103_:ZN (OR2_X4)                         |        | 0.005       | 0.000      | 0.008      |             | 0.039  | 1.421f          |
| core/exu/_1318_ (net)                               | 3      |             |            |            | 0.000       |        |                 |
| core/exu/_2117_:C1 (AOI211_X2)                      |        | 0.003       | 0.000      | 0.008      |             | 0.000  | 1.421f          |
| core/exu/_2117_:ZN (AOI211_X2)                      |        | 0.004       | 0.000      | 0.043      |             | 0.040  | 1.461r          |
| core/exu/_1332_ (net)                               | 2      |             |            |            | 0.000       |        |                 |
| core/exu/_2125_:B1 (OAI21_X2)                       |        | 0.003       | 0.000      | 0.043      |             | 0.000  | 1.461r          |
| core/exu/_2125_:ZN (OAI21_X2)                       |        | 0.004       | 0.000      | 0.016      |             | 0.023  | 1.484f          |
| core/exu/_1340_ (net)                               | 3      |             |            |            | 0.000       |        |                 |
| core/exu/_2128_:A1 (AND2_X2)                        |        | 0.002       | 0.000      | 0.016      |             | 0.000  | 1.484f          |
| core/exu/_2128_:ZN (AND2_X2)                        |        | 0.003       | 0.000      | 0.006      |             | 0.030  | 1.514f          |
| core/exu/_1343_ (net)                               | 1      |             |            |            | 0.000       |        |                 |
| core/exu/_2130_:A1 (OR2_X4)                         |        | 0.003       | 0.000      | 0.006      |             | 0.000  | 1.514f          |
| core/exu/_2130_:ZN (OR2_X4)                         |        | 0.003       | 0.000      | 0.008      |             | 0.038  | 1.552f          |
| core/exu/_1345_ (net)                               | 2      |             |            |            | 0.000       |        |                 |
| core/exu/_2134_:A1 (AND2_X2)                        |        | 0.002       | 0.000      | 0.008      |             | 0.000  | 1.552f          |
| core/exu/_2134_:ZN (AND2_X2)                        |        | 0.005       | 0.000      | 0.007      |             | 0.028  | 1.580f          |
| core/exu/_1349_ (net)                               | 3      |             |            |            | 0.000       |        |                 |
| core/exu/_2138_:A1 (NAND3_X1)                       |        | 0.002       | 0.000      | 0.007      |             | 0.000  | 1.580f          |
| core/exu/_2138_:ZN (NAND3_X1)                       |        | 0.002       | 0.000      | 0.012      |             | 0.015  | 1.596r          |
| core/exu/_1353_ (net)                               | 1      |             |            |            | 0.000       |        |                 |
| core/exu/_2308_:A1 (AND4_X2)                        |        | 0.002       | 0.000      | 0.012      |             | 0.000  | 1.596r          |
| core/exu/_2308_:ZN (AND4_X2)                        |        | 0.002       | 0.000      | 0.010      |             | 0.046  | 1.641r          |
| core/exu/_1523_ (net)                               | 1      |             |            |            | 0.000       |        |                 |
| core/exu/_2325_:A2 (AND4_X2)                        |        | 0.002       | 0.000      | 0.010      |             | 0.000  | 1.641r          |
| core/exu/_2325_:ZN (AND4_X2)                        |        | 0.002       | 0.000      | 0.010      |             | 0.049  | 1.690r          |
| core/exu/_1540_ (net)                               | 1      |             |            |            | 0.000       |        |                 |
| core/exu/_2334_:A1 (NAND4_X1)                       |        | 0.002       | 0.000      | 0.010      |             | 0.000  | 1.690r          |
| core/exu/_2334_:ZN (NAND4_X1)                       |        | 0.001       | 0.000      | 0.014      |             | 0.021  | 1.711f          |
| core/exu/_0007_ (net)                               | 1      |             |            |            | 0.000       |        |                 |
| core/exu/_3949_:A (BUF_X1)                          |        | 0.001       | 0.000      | 0.014      |             | 0.000  | 1.711f          |
| core/exu/_3949_:Z (BUF_X1)                          |        | 0.002       | 0.000      | 0.006      |             | 0.030  | 1.741f          |
| core/_exu_io_alu_out[0] (net)                       | 2      |             |            |            | 0.000       |        |                 |
| core/exu/_3718_:A (BUF_X1)                          |        | 0.001       | 0.000      | 0.006      |             | 0.000  | 1.741f          |
| core/exu/_3718_:Z (BUF_X1)                          |        | 0.001       | 0.000      | 0.005      |             | 0.024  | 1.765f          |
| core/_exu_io_pipe_out_bits_exe2ls_alu_out[0] (net)  | 1      |             |            |            | 0.000       |        |                 |
| core/lsu/_2035_:A (BUF_X1)                          |        | 0.001       | 0.000      | 0.005      |             | 0.000  | 1.765f          |
| core/lsu/_2035_:Z (BUF_X1)                          |        | 0.048       | 0.000      | 0.054      |             | 0.086  | 1.850f          |
| core/lsu/_0361_ (net)                               | 30     |             |            |            | 0.000       |        |                 |
| core/lsu/_1254_:A (INV_X1)                          |        | 0.002       | 0.000      | 0.054      |             | 0.000  | 1.850f          |
| core/lsu/_1254_:ZN (INV_X1)                         |        | 0.015       | 0.000      | 0.040      |             | 0.066  | 1.916r          |
| core/lsu/_0680_ (net)                               | 7      |             |            |            | 0.000       |        |                 |
| core/lsu/_1260_:A1 (NOR2_X2)                        |        | 0.003       | 0.000      | 0.040      |             | 0.000  | 1.916r          |
| core/lsu/_1260_:ZN (NOR2_X2)                        |        | 0.014       | 0.000      | 0.031      |             | 0.026  | 1.942f          |
| core/lsu/_0686_ (net)                               | 8      |             |            |            | 0.000       |        |                 |
| core/lsu/_1347_:B2 (AOI22_X1)                       |        | 0.002       | 0.000      | 0.031      |             | 0.000  | 1.942f          |
| core/lsu/_1347_:ZN (AOI22_X1)                       |        | 0.001       | 0.000      | 0.020      |             | 0.042  | 1.984r          |
| core/lsu/_0766_ (net)                               | 1      |             |            |            | 0.000       |        |                 |
| core/lsu/_1349_:A1 (AND2_X1)                        |        | 0.001       | 0.000      | 0.020      |             | 0.000  | 1.984r          |
| core/lsu/_1349_:ZN (AND2_X1)                        |        | 0.003       | 0.000      | 0.013      |             | 0.041  | 2.025r          |
| core/lsu/_0768_ (net)                               | 2      |             |            |            | 0.000       |        |                 |
| core/lsu/_1376_:A1 (NOR2_X1)                        |        | 0.002       | 0.000      | 0.013      |             | 0.000  | 2.025r          |
| core/lsu/_1376_:ZN (NOR2_X1)                        |        | 0.001       | 0.000      | 0.007      |             | 0.010  | 2.034f          |
| core/lsu/_0794_ (net)                               | 1      |             |            |            | 0.000       |        |                 |
| core/lsu/_1377_:A1 (NOR2_X1)                        |        | 0.002       | 0.000      | 0.007      |             | 0.000  | 2.034f          |
| core/lsu/_1377_:ZN (NOR2_X1)                        |        | 0.014       | 0.000      | 0.077      |             | 0.085  | 2.120r          |
| core/lsu/_0795_ (net)                               | 9      |             |            |            | 0.000       |        |                 |
| core/lsu/_1472_:A1 (AND2_X2)                        |        | 0.002       | 0.000      | 0.077      |             | 0.000  | 2.120r          |
| core/lsu/_1472_:ZN (AND2_X2)                        |        | 0.013       | 0.000      | 0.020      |             | 0.058  | 2.177r          |
| core/lsu/_0882_ (net)                               | 7      |             |            |            | 0.000       |        |                 |
| core/lsu/_1481_:A (BUF_X4)                          |        | 0.003       | 0.000      | 0.020      |             | 0.000  | 2.177r          |
| core/lsu/_1481_:Z (BUF_X4)                          |        | 0.016       | 0.000      | 0.012      |             | 0.030  | 2.207r          |
| core/lsu/_0890_ (net)                               | 10     |             |            |            | 0.000       |        |                 |
| core/lsu/_1484_:B1 (AOI22_X1)                       |        | 0.002       | 0.000      | 0.012      |             | 0.000  | 2.207r          |
| core/lsu/_1484_:ZN (AOI22_X1)                       |        | 0.001       | 0.000      | 0.010      |             | 0.019  | 2.226f          |
| core/lsu/_0542_ (net)                               | 1      |             |            |            | 0.000       |        |                 |
| core/lsu/_2141_:A (BUF_X1)                          |        | 0.001       | 0.000      | 0.010      |             | 0.000  | 2.226f          |
| core/lsu/_2141_:Z (BUF_X1)                          |        | 0.001       | 0.000      | 0.005      |             | 0.026  | 2.252f          |
| core/_lsu_io_pipe_out_bits_ls2wb_wb_data[17] (net)  | 1      |             |            |            | 0.000       |        |                 |
| core/wbu/_111_:A (BUF_X1)                           |        | 0.001       | 0.000      | 0.005      |             | 0.000  | 2.252f          |
| core/wbu/_111_:Z (BUF_X1)                           |        | 0.001       | 0.000      | 0.005      |             | 0.023  | 2.275f          |
| core/_wbu_io_gpr_wdata[17] (net)                    | 1      |             |            |            | 0.000       |        |                 |
| core/gpr/gpr_ext/_10674_:A (BUF_X1)                 |        | 0.001       | 0.000      | 0.005      |             | 0.000  | 2.275f          |
| core/gpr/gpr_ext/_10674_:Z (BUF_X1)                 |        | 0.008       | 0.000      | 0.012      |             | 0.035  | 2.310f          |
| core/gpr/gpr_ext/_02135_ (net)                      | 3      |             |            |            | 0.000       |        |                 |
| fanout_buf_92:A (BUF_X8)                            |        | 0.007       | 0.000      | 0.012      |             | 0.000  | 2.310f          |
| fanout_buf_92:Z (BUF_X8)                            |        | 0.027       | 0.000      | 0.007      |             | 0.030  | 2.340f          |
| fanout_net_92 (net)                                 | 30     |             |            |            | 0.000       |        |                 |
| core/gpr/gpr_ext/_09617_:B (MUX2_X1)                |        | 0.001       | 0.000      | 0.007      |             | 0.000  | 2.340f          |
| core/gpr/gpr_ext/_09617_:Z (MUX2_X1)                |        | 0.001       | 0.000      | 0.009      |             | 0.055  | 2.395f          |
| core/gpr/gpr_ext/_02200_ (net)                      | 1      |             |            |            | 0.000       |        |                 |
| core/gpr/gpr_ext/_11900_:A (BUF_X1)                 |        | 0.001       | 0.000      | 0.009      |             | 0.000  | 2.395f          |
| core/gpr/gpr_ext/_11900_:Z (BUF_X1)                 |        | 0.001       | 0.000      | 0.006      |             | 0.028  | 2.423f          |
| core/gpr/gpr_ext/_00040_ (net)                      | 1      |             |            |            | 0.000       |        |                 |
| core/gpr/gpr_ext/_13197_:D (DFF_X1)                 |        | 0.001       | 0.000      | 0.006      |             | 0.000  | 2.423f          |
|                                                     |        |             |            |            |             |        |                 |
| clock (port)                                        |        | 2.261       | 0.000      | 0.000      |             | 0.000  | 0.000r          |
| clock (clock net)                                   | 2377   |             |            |            | NA          |        |                 |
| core/gpr/gpr_ext/_13197_:CK (DFF_X1)                |        | 0.001       | 0.000      | 0.000      |             | 0.000  | 0.000r          |
| clock core_clock (rise edge)                        |        |             |            |            |             | 10     | 10              |
| clock network delay (ideal)                         |        |             |            |            |             | 0.000  | 10.000          |
| core/gpr/gpr_ext/_13197_:CK (DFF_X1)                |        |             |            |            |             |        | 10.000r         |
| library setup time                                  |        |             |            |            |             | -0.039 | 9.961           |
| clock reconvergence pessimism                       |        |             |            |            |             | 0.000  | 9.961           |
|                                                     |        |             |            |            |             |        |                 |
| path cell delay                                     |        |             |            |            |             |        | 2.423(100.000%) |
| path net delay                                      |        |             |            |            |             |        | 0.000(0.000%)   |
|                                                     |        |             |            |            |             |        |                 |
| data require time                                   |        |             |            |            |             |        | 9.961           |
| data arrival time                                   |        |             |            |            |             |        | 2.423           |
| slack (MET)                                         |        |             |            |            |             |        | 7.538           |
+-----------------------------------------------------+--------+-------------+------------+------------+-------------+--------+-----------------+
+-------------------------------+--------+-------------+------------+------------+-------------+--------+-----------------+
| Point                         | Fanout | Capacitance | Resistance | Transition | Delta Delay | Incr   | Path            |
+-------------------------------+--------+-------------+------------+------------+-------------+--------+-----------------+
| clock (port)                  |        | 2.261       | 0.000      | 0.000      |             | 0.000  | 0.000r          |
| clock (clock net)             | 2377   |             |            |            | NA          |        |                 |
| clint/_1505_:CK (DFFR_X1)     |        | 0.001       | 0.000      | 0.000      |             | 0.000  | 0.000r          |
| clock core_clock (rise edge)  |        |             |            |            |             | 0      | 0               |
| clock network delay (ideal)   |        |             |            |            |             | 0.000  | 0.000           |
| clint/_1505_:CK (DFFR_X1)     |        | 0.001       | 0.000      | 0.000      |             | 0.000  | 0.000r          |
| clint/_1505_:Q (DFFR_X1)      |        | 0.001       | 0.000      | 0.006      |             | 0.083  | 0.083f          |
| clint/lfsr[3] (net)           | 1      |             |            |            | 0.000       |        |                 |
| clint/_1196_:A (BUF_X1)       |        | 0.001       | 0.000      | 0.006      |             | 0.000  | 0.083f          |
| clint/_1196_:Z (BUF_X1)       |        | 0.007       | 0.000      | 0.011      |             | 0.034  | 0.117f          |
| clint/_0318_ (net)            | 5      |             |            |            | 0.000       |        |                 |
| clint/_1154_:A1 (NAND2_X1)    |        | 0.002       | 0.000      | 0.011      |             | 0.000  | 0.117f          |
| clint/_1154_:ZN (NAND2_X1)    |        | 0.001       | 0.000      | 0.007      |             | 0.013  | 0.130r          |
| clint/_0237_ (net)            | 1      |             |            |            | 0.000       |        |                 |
| clint/_1448_:A (BUF_X1)       |        | 0.001       | 0.000      | 0.007      |             | 0.000  | 0.130r          |
| clint/_1448_:Z (BUF_X1)       |        | 0.004       | 0.000      | 0.014      |             | 0.030  | 0.160r          |
| clint/_0776_ (net)            | 2      |             |            |            | 0.000       |        |                 |
| clint/_1461_:SN (DFFRS_X1)    |        | 0.002       | 0.000      | 0.014      |             | 0.000  | 0.160r          |
|                               |        |             |            |            |             |        |                 |
| clock (port)                  |        | 2.261       | 0.000      | 0.000      |             | 0.000  | 0.000r          |
| clock (clock net)             | 2377   |             |            |            | NA          |        |                 |
| clint/_1461_:CK (DFFRS_X1)    |        | 0.001       | 0.000      | 0.000      |             | 0.000  | 0.000r          |
| clock core_clock (rise edge)  |        |             |            |            |             | 0      | 0               |
| clock network delay (ideal)   |        |             |            |            |             | 0.000  | 0.000           |
| clint/_1461_:CK (DFFRS_X1)    |        |             |            |            |             |        | 0.000r          |
| library removal time          |        |             |            |            |             | 0.200  | 0.200           |
| clock reconvergence pessimism |        |             |            |            |             | -0.000 | 0.200           |
|                               |        |             |            |            |             |        |                 |
| path cell delay               |        |             |            |            |             |        | 0.160(100.000%) |
| path net delay                |        |             |            |            |             |        | 0.000(0.000%)   |
|                               |        |             |            |            |             |        |                 |
| data require time             |        |             |            |            |             |        | 0.200           |
| data arrival time             |        |             |            |            |             |        | 0.160           |
| slack (VIOLATED)              |        |             |            |            |             |        | -0.041          |
+-------------------------------+--------+-------------+------------+------------+-------------+--------+-----------------+
+-------------------------------+--------+-------------+------------+------------+-------------+--------+-----------------+
| Point                         | Fanout | Capacitance | Resistance | Transition | Delta Delay | Incr   | Path            |
+-------------------------------+--------+-------------+------------+------------+-------------+--------+-----------------+
| clock (port)                  |        | 2.261       | 0.000      | 0.000      |             | 0.000  | 0.000r          |
| clock (clock net)             | 2377   |             |            |            | NA          |        |                 |
| clint/_1505_:CK (DFFR_X1)     |        | 0.001       | 0.000      | 0.000      |             | 0.000  | 0.000r          |
| clock core_clock (rise edge)  |        |             |            |            |             | 0      | 0               |
| clock network delay (ideal)   |        |             |            |            |             | 0.000  | 0.000           |
| clint/_1505_:CK (DFFR_X1)     |        | 0.001       | 0.000      | 0.000      |             | 0.000  | 0.000r          |
| clint/_1505_:Q (DFFR_X1)      |        | 0.001       | 0.000      | 0.006      |             | 0.083  | 0.083f          |
| clint/lfsr[3] (net)           | 1      |             |            |            | 0.000       |        |                 |
| clint/_1196_:A (BUF_X1)       |        | 0.001       | 0.000      | 0.006      |             | 0.000  | 0.083f          |
| clint/_1196_:Z (BUF_X1)       |        | 0.007       | 0.000      | 0.011      |             | 0.034  | 0.117f          |
| clint/_0318_ (net)            | 5      |             |            |            | 0.000       |        |                 |
| clint/_1154_:A1 (NAND2_X1)    |        | 0.002       | 0.000      | 0.011      |             | 0.000  | 0.117f          |
| clint/_1154_:ZN (NAND2_X1)    |        | 0.001       | 0.000      | 0.007      |             | 0.013  | 0.130r          |
| clint/_0237_ (net)            | 1      |             |            |            | 0.000       |        |                 |
| clint/_1448_:A (BUF_X1)       |        | 0.001       | 0.000      | 0.007      |             | 0.000  | 0.130r          |
| clint/_1448_:Z (BUF_X1)       |        | 0.004       | 0.000      | 0.014      |             | 0.030  | 0.160r          |
| clint/_0776_ (net)            | 2      |             |            |            | 0.000       |        |                 |
| clint/_1457_:SN (DFFRS_X1)    |        | 0.002       | 0.000      | 0.014      |             | 0.000  | 0.160r          |
|                               |        |             |            |            |             |        |                 |
| clock (port)                  |        | 2.261       | 0.000      | 0.000      |             | 0.000  | 0.000r          |
| clock (clock net)             | 2377   |             |            |            | NA          |        |                 |
| clint/_1457_:CK (DFFRS_X1)    |        | 0.001       | 0.000      | 0.000      |             | 0.000  | 0.000r          |
| clock core_clock (rise edge)  |        |             |            |            |             | 0      | 0               |
| clock network delay (ideal)   |        |             |            |            |             | 0.000  | 0.000           |
| clint/_1457_:CK (DFFRS_X1)    |        |             |            |            |             |        | 0.000r          |
| library removal time          |        |             |            |            |             | 0.200  | 0.200           |
| clock reconvergence pessimism |        |             |            |            |             | -0.000 | 0.200           |
|                               |        |             |            |            |             |        |                 |
| path cell delay               |        |             |            |            |             |        | 0.160(100.000%) |
| path net delay                |        |             |            |            |             |        | 0.000(0.000%)   |
|                               |        |             |            |            |             |        |                 |
| data require time             |        |             |            |            |             |        | 0.200           |
| data arrival time             |        |             |            |            |             |        | 0.160           |
| slack (VIOLATED)              |        |             |            |            |             |        | -0.041          |
+-------------------------------+--------+-------------+------------+------------+-------------+--------+-----------------+
+-------------------------------+--------+-------------+------------+------------+-------------+--------+-----------------+
| Point                         | Fanout | Capacitance | Resistance | Transition | Delta Delay | Incr   | Path            |
+-------------------------------+--------+-------------+------------+------------+-------------+--------+-----------------+
| clock (port)                  |        | 2.261       | 0.000      | 0.000      |             | 0.000  | 0.000r          |
| clock (clock net)             | 2377   |             |            |            | NA          |        |                 |
| clint/_1503_:CK (DFFR_X1)     |        | 0.001       | 0.000      | 0.000      |             | 0.000  | 0.000r          |
| clock core_clock (rise edge)  |        |             |            |            |             | 0      | 0               |
| clock network delay (ideal)   |        |             |            |            |             | 0.000  | 0.000           |
| clint/_1503_:CK (DFFR_X1)     |        | 0.001       | 0.000      | 0.000      |             | 0.000  | 0.000r          |
| clint/_1503_:Q (DFFR_X1)      |        | 0.003       | 0.000      | 0.008      |             | 0.087  | 0.087f          |
| clint/lfsr[1] (net)           | 3      |             |            |            | 0.000       |        |                 |
| clint/_1190_:A (BUF_X1)       |        | 0.001       | 0.000      | 0.008      |             | 0.000  | 0.087f          |
| clint/_1190_:Z (BUF_X1)       |        | 0.004       | 0.000      | 0.009      |             | 0.032  | 0.119f          |
| clint/_0316_ (net)            | 4      |             |            |            | 0.000       |        |                 |
| clint/_1152_:A1 (NAND2_X1)    |        | 0.002       | 0.000      | 0.009      |             | 0.000  | 0.119f          |
| clint/_1152_:ZN (NAND2_X1)    |        | 0.001       | 0.000      | 0.007      |             | 0.012  | 0.131r          |
| clint/_0233_ (net)            | 1      |             |            |            | 0.000       |        |                 |
| clint/_1446_:A (BUF_X1)       |        | 0.001       | 0.000      | 0.007      |             | 0.000  | 0.131r          |
| clint/_1446_:Z (BUF_X1)       |        | 0.004       | 0.000      | 0.014      |             | 0.029  | 0.161r          |
| clint/_0772_ (net)            | 2      |             |            |            | 0.000       |        |                 |
| clint/_1459_:SN (DFFRS_X1)    |        | 0.002       | 0.000      | 0.014      |             | 0.000  | 0.161r          |
|                               |        |             |            |            |             |        |                 |
| clock (port)                  |        | 2.261       | 0.000      | 0.000      |             | 0.000  | 0.000r          |
| clock (clock net)             | 2377   |             |            |            | NA          |        |                 |
| clint/_1459_:CK (DFFRS_X1)    |        | 0.001       | 0.000      | 0.000      |             | 0.000  | 0.000r          |
| clock core_clock (rise edge)  |        |             |            |            |             | 0      | 0               |
| clock network delay (ideal)   |        |             |            |            |             | 0.000  | 0.000           |
| clint/_1459_:CK (DFFRS_X1)    |        |             |            |            |             |        | 0.000r          |
| library removal time          |        |             |            |            |             | 0.200  | 0.200           |
| clock reconvergence pessimism |        |             |            |            |             | -0.000 | 0.200           |
|                               |        |             |            |            |             |        |                 |
| path cell delay               |        |             |            |            |             |        | 0.161(100.000%) |
| path net delay                |        |             |            |            |             |        | 0.000(0.000%)   |
|                               |        |             |            |            |             |        |                 |
| data require time             |        |             |            |            |             |        | 0.200           |
| data arrival time             |        |             |            |            |             |        | 0.161           |
| slack (VIOLATED)              |        |             |            |            |             |        | -0.040          |
+-------------------------------+--------+-------------+------------+------------+-------------+--------+-----------------+
