Run subprocess with args: '/usr/lib/jvm/java-17-openjdk-amd64/bin/java' '-cp' '/home/yangpengcheng/.cache/coursier/v1/https/repo.scala-sbt.org/scalasbt/maven-releases/org/chipsalliance/chisel_2.13/6.4.0/chisel_2.13-6.4.0.jar:/home/yangpengcheng/.cache/coursier/v1/https/repo.scala-sbt.org/scalasbt/maven-releases/org/scala-lang/scala-library/2.13.14/scala-library-2.13.14.jar:/home/yangpengcheng/.cache/coursier/v1/https/repo.scala-sbt.org/scalasbt/maven-releases/org/scala-lang/scala-reflect/2.13.14/scala-reflect-2.13.14.jar:/home/yangpengcheng/.cache/coursier/v1/https/repo1.maven.org/maven2/com/github/scopt/scopt_2.13/4.1.0/scopt_2.13-4.1.0.jar:/home/yangpengcheng/.cache/coursier/v1/https/repo1.maven.org/maven2/net/jcazevedo/moultingyaml_2.13/0.4.2/moultingyaml_2.13-0.4.2.jar:/home/yangpengcheng/.cache/coursier/v1/https/repo1.maven.org/maven2/org/json4s/json4s-native_2.13/4.0.6/json4s-native_2.13-4.0.6.jar:/home/yangpengcheng/.cache/coursier/v1/https/repo1.maven.org/maven2/org/apache/commons/commons-text/1.10.0/commons-text-1.10.0.jar:/home/yangpengcheng/.cache/coursier/v1/https/repo1.maven.org/maven2/io/github/alexarchambault/data-class_2.13/0.2.6/data-class_2.13-0.2.6.jar:/home/yangpengcheng/.cache/coursier/v1/https/repo1.maven.org/maven2/com/lihaoyi/os-lib_2.13/0.9.2/os-lib_2.13-0.9.2.jar:/home/yangpengcheng/.cache/coursier/v1/https/repo1.maven.org/maven2/org/scala-lang/modules/scala-parallel-collections_2.13/1.0.4/scala-parallel-collections_2.13-1.0.4.jar:/home/yangpengcheng/.cache/coursier/v1/https/repo1.maven.org/maven2/com/lihaoyi/upickle_2.13/3.1.0/upickle_2.13-3.1.0.jar:/home/yangpengcheng/.cache/coursier/v1/https/repo1.maven.org/maven2/org/chipsalliance/firtool-resolver_2.13/1.3.0/firtool-resolver_2.13-1.3.0.jar:/home/yangpengcheng/.cache/coursier/v1/https/repo1.maven.org/maven2/com/github/nscala-time/nscala-time_2.13/2.22.0/nscala-time_2.13-2.22.0.jar:/home/yangpengcheng/.cache/coursier/v1/https/repo1.maven.org/maven2/org/yaml/snakeyaml/1.26/snakeyaml-1.26.jar:/home/yangpengcheng/.cache/coursier/v1/https/repo1.maven.org/maven2/org/json4s/json4s-core_2.13/4.0.6/json4s-core_2.13-4.0.6.jar:/home/yangpengcheng/.cache/coursier/v1/https/repo1.maven.org/maven2/org/json4s/json4s-native-core_2.13/4.0.6/json4s-native-core_2.13-4.0.6.jar:/home/yangpengcheng/.cache/coursier/v1/https/repo1.maven.org/maven2/org/apache/commons/commons-lang3/3.12.0/commons-lang3-3.12.0.jar:/home/yangpengcheng/.cache/coursier/v1/https/repo1.maven.org/maven2/com/lihaoyi/geny_2.13/1.0.0/geny_2.13-1.0.0.jar:/home/yangpengcheng/.cache/coursier/v1/https/repo1.maven.org/maven2/com/lihaoyi/ujson_2.13/3.1.0/ujson_2.13-3.1.0.jar:/home/yangpengcheng/.cache/coursier/v1/https/repo1.maven.org/maven2/com/lihaoyi/upack_2.13/3.1.0/upack_2.13-3.1.0.jar:/home/yangpengcheng/.cache/coursier/v1/https/repo1.maven.org/maven2/com/lihaoyi/upickle-implicits_2.13/3.1.0/upickle-implicits_2.13-3.1.0.jar:/home/yangpengcheng/.cache/coursier/v1/https/repo1.maven.org/maven2/dev/dirs/directories/26/directories-26.jar:/home/yangpengcheng/.cache/coursier/v1/https/repo1.maven.org/maven2/com/outr/scribe_2.13/3.13.0/scribe_2.13-3.13.0.jar:/home/yangpengcheng/.cache/coursier/v1/https/repo1.maven.org/maven2/io/get-coursier/coursier_2.13/2.1.8/coursier_2.13-2.1.8.jar:/home/yangpengcheng/.cache/coursier/v1/https/repo1.maven.org/maven2/joda-time/joda-time/2.10.1/joda-time-2.10.1.jar:/home/yangpengcheng/.cache/coursier/v1/https/repo1.maven.org/maven2/org/joda/joda-convert/2.2.0/joda-convert-2.2.0.jar:/home/yangpengcheng/.cache/coursier/v1/https/repo1.maven.org/maven2/org/json4s/json4s-ast_2.13/4.0.6/json4s-ast_2.13-4.0.6.jar:/home/yangpengcheng/.cache/coursier/v1/https/repo1.maven.org/maven2/org/json4s/json4s-scalap_2.13/4.0.6/json4s-scalap_2.13-4.0.6.jar:/home/yangpengcheng/.cache/coursier/v1/https/repo1.maven.org/maven2/com/thoughtworks/paranamer/paranamer/2.8/paranamer-2.8.jar:/home/yangpengcheng/.cache/coursier/v1/https/repo1.maven.org/maven2/com/lihaoyi/upickle-core_2.13/3.1.0/upickle-core_2.13-3.1.0.jar:/home/yangpengcheng/.cache/coursier/v1/https/repo1.maven.org/maven2/com/outr/perfolation_2.13/1.2.9/perfolation_2.13-1.2.9.jar:/home/yangpengcheng/.cache/coursier/v1/https/repo1.maven.org/maven2/com/lihaoyi/sourcecode_2.13/0.3.1/sourcecode_2.13-0.3.1.jar:/home/yangpengcheng/.cache/coursier/v1/https/repo1.maven.org/maven2/org/scala-lang/modules/scala-collection-compat_2.13/2.11.0/scala-collection-compat_2.13-2.11.0.jar:/home/yangpengcheng/.cache/coursier/v1/https/repo1.maven.org/maven2/com/outr/moduload_2.13/1.1.7/moduload_2.13-1.1.7.jar:/home/yangpengcheng/.cache/coursier/v1/https/repo1.maven.org/maven2/com/github/plokhotnyuk/jsoniter-scala/jsoniter-scala-core_2.13/2.13.5.2/jsoniter-scala-core_2.13-2.13.5.2.jar:/home/yangpengcheng/.cache/coursier/v1/https/repo1.maven.org/maven2/io/get-coursier/coursier-core_2.13/2.1.8/coursier-core_2.13-2.1.8.jar:/home/yangpengcheng/.cache/coursier/v1/https/repo1.maven.org/maven2/io/get-coursier/coursier-cache_2.13/2.1.8/coursier-cache_2.13-2.1.8.jar:/home/yangpengcheng/.cache/coursier/v1/https/repo1.maven.org/maven2/io/get-coursier/coursier-proxy-setup/2.1.8/coursier-proxy-setup-2.1.8.jar:/home/yangpengcheng/.cache/coursier/v1/https/repo1.maven.org/maven2/io/github/alexarchambault/concurrent-reference-hash-map/1.1.0/concurrent-reference-hash-map-1.1.0.jar:/home/yangpengcheng/.cache/coursier/v1/https/repo1.maven.org/maven2/org/scala-lang/modules/scala-xml_2.13/2.2.0/scala-xml_2.13-2.2.0.jar:/home/yangpengcheng/.cache/coursier/v1/https/repo1.maven.org/maven2/io/get-coursier/coursier-util_2.13/2.1.8/coursier-util_2.13-2.1.8.jar:/home/yangpengcheng/.cache/coursier/v1/https/repo1.maven.org/maven2/io/get-coursier/jniutils/windows-jni-utils/0.3.3/windows-jni-utils-0.3.3.jar:/home/yangpengcheng/.cache/coursier/v1/https/repo1.maven.org/maven2/org/codehaus/plexus/plexus-archiver/4.9.0/plexus-archiver-4.9.0.jar:/home/yangpengcheng/.cache/coursier/v1/https/repo1.maven.org/maven2/org/codehaus/plexus/plexus-container-default/2.1.1/plexus-container-default-2.1.1.jar:/home/yangpengcheng/.cache/coursier/v1/https/repo1.maven.org/maven2/org/virtuslab/scala-cli/config_2.13/0.2.1/config_2.13-0.2.1.jar:/home/yangpengcheng/.cache/coursier/v1/https/repo1.maven.org/maven2/io/github/alexarchambault/windows-ansi/windows-ansi/0.0.5/windows-ansi-0.0.5.jar:/home/yangpengcheng/.cache/coursier/v1/https/repo1.maven.org/maven2/javax/inject/javax.inject/1/javax.inject-1.jar:/home/yangpengcheng/.cache/coursier/v1/https/repo1.maven.org/maven2/org/codehaus/plexus/plexus-utils/4.0.0/plexus-utils-4.0.0.jar:/home/yangpengcheng/.cache/coursier/v1/https/repo1.maven.org/maven2/org/codehaus/plexus/plexus-io/3.4.1/plexus-io-3.4.1.jar:/home/yangpengcheng/.cache/coursier/v1/https/repo1.maven.org/maven2/commons-io/commons-io/2.15.0/commons-io-2.15.0.jar:/home/yangpengcheng/.cache/coursier/v1/https/repo1.maven.org/maven2/org/apache/commons/commons-compress/1.24.0/commons-compress-1.24.0.jar:/home/yangpengcheng/.cache/coursier/v1/https/repo1.maven.org/maven2/org/slf4j/slf4j-api/1.7.36/slf4j-api-1.7.36.jar:/home/yangpengcheng/.cache/coursier/v1/https/repo1.maven.org/maven2/org/iq80/snappy/snappy/0.4/snappy-0.4.jar:/home/yangpengcheng/.cache/coursier/v1/https/repo1.maven.org/maven2/org/tukaani/xz/1.9/xz-1.9.jar:/home/yangpengcheng/.cache/coursier/v1/https/repo1.maven.org/maven2/com/github/luben/zstd-jni/1.5.5-10/zstd-jni-1.5.5-10.jar:/home/yangpengcheng/.cache/coursier/v1/https/repo1.maven.org/maven2/org/codehaus/plexus/plexus-classworlds/2.6.0/plexus-classworlds-2.6.0.jar:/home/yangpengcheng/.cache/coursier/v1/https/repo1.maven.org/maven2/org/apache/xbean/xbean-reflect/3.7/xbean-reflect-3.7.jar:/home/yangpengcheng/.cache/coursier/v1/https/repo1.maven.org/maven2/org/fusesource/jansi/jansi/1.18/jansi-1.18.jar:/home/yangpengcheng/ysyx/ysyx/ysyx-workbench/npc-chisel-soc/single_cycle_riscv32i/src/compile-resources:/home/yangpengcheng/ysyx/ysyx/ysyx-workbench/npc-chisel-soc/single_cycle_riscv32i/src/src/main/resources:/home/yangpengcheng/ysyx/ysyx/ysyx-workbench/npc-chisel-soc/single_cycle_riscv32i/out/playground/compile.dest/classes' 'Elaborate' '--split-verilog' '--target-dir' './vsrc'
=== Instruction List ===
Insn(rv_i            or                                              [R ]rd,rs1,rs2                              0000000??????????110?????0110011                )
Insn(rv_i            srl                                             [R ]rd,rs1,rs2                              0000000??????????101?????0110011                )
Insn(rv_i            ori                                             [I ]rd,rs1,imm12                            ?????????????????110?????0010011                )
Insn(rv_i            lhu                                             [I ]rd,rs1,imm12                            ?????????????????101?????0000011                )
Insn(rv_i            sltu                                            [R ]rd,rs1,rs2                              0000000??????????011?????0110011                )
Insn(rv_i            sra                                             [R ]rd,rs1,rs2                              0100000??????????101?????0110011                )
Insn(rv_i            ebreak                                          [  ]                                        00000000000100000000000001110011                )
Insn(rv_i            sb                                              [S ]imm12lo,rs1,rs2,imm12hi                 ?????????????????000?????0100011                )
Insn(rv_i            lw                                              [I ]rd,rs1,imm12                            ?????????????????010?????0000011                )
Insn(rv_i            add                                             [R ]rd,rs1,rs2                              0000000??????????000?????0110011                )
Insn(rv_i            xor                                             [R ]rd,rs1,rs2                              0000000??????????100?????0110011                )
Insn(rv_i            beq                                             [B ]bimm12lo,rs1,rs2,bimm12hi               ?????????????????000?????1100011                )
Insn(rv_i            andi                                            [I ]rd,rs1,imm12                            ?????????????????111?????0010011                )
Insn(rv_i            bge                                             [B ]bimm12lo,rs1,rs2,bimm12hi               ?????????????????101?????1100011                )
Insn(rv_i            sw                                              [S ]imm12lo,rs1,rs2,imm12hi                 ?????????????????010?????0100011                )
Insn(rv_i            blt                                             [B ]bimm12lo,rs1,rs2,bimm12hi               ?????????????????100?????1100011                )
Insn(rv_i            bgeu                                            [B ]bimm12lo,rs1,rs2,bimm12hi               ?????????????????111?????1100011                )
Insn(rv_i            sltiu                                           [I ]rd,rs1,imm12                            ?????????????????011?????0010011                )
Insn(rv_i            lh                                              [I ]rd,rs1,imm12                            ?????????????????001?????0000011                )
Insn(rv_i            bltu                                            [B ]bimm12lo,rs1,rs2,bimm12hi               ?????????????????110?????1100011                )
Insn(rv_i            jalr                                            [I ]rd,rs1,imm12                            ?????????????????000?????1100111                )
Insn(rv_i            lui                                             [U ]rd,imm20                                ?????????????????????????0110111                )
Insn(rv_i            bne                                             [B ]bimm12lo,rs1,rs2,bimm12hi               ?????????????????001?????1100011                )
Insn(rv_i            lbu                                             [I ]rd,rs1,imm12                            ?????????????????100?????0000011                )
Insn(rv_i            sub                                             [R ]rd,rs1,rs2                              0100000??????????000?????0110011                )
Insn(rv_i            and                                             [R ]rd,rs1,rs2                              0000000??????????111?????0110011                )
Insn(rv_i            auipc                                           [U ]rd,imm20                                ?????????????????????????0010111                )
Insn(rv_i            xori                                            [I ]rd,rs1,imm12                            ?????????????????100?????0010011                )
Insn(rv_i            ecall                                           [  ]                                        00000000000000000000000001110011                )
Insn(rv_i            slti                                            [I ]rd,rs1,imm12                            ?????????????????010?????0010011                )
Insn(rv_i            slt                                             [R ]rd,rs1,rs2                              0000000??????????010?????0110011                )
Insn(rv_i            addi                                            [I ]rd,rs1,imm12                            ?????????????????000?????0010011                )
Insn(rv_i            lb                                              [I ]rd,rs1,imm12                            ?????????????????000?????0000011                )
Insn(rv_i            jal                                             [J ]rd,jimm20                               ?????????????????????????1101111                )
Insn(rv_i            sh                                              [S ]imm12lo,rs1,rs2,imm12hi                 ?????????????????001?????0100011                )
Insn(rv_i            sll                                             [R ]rd,rs1,rs2                              0000000??????????001?????0110011                )
Insn(rv_system       mret                                            [  ]                                        00110000001000000000000001110011                )
Insn(rv_zicsr        csrrs                                           [  ]rd,rs1,csr                              ?????????????????010?????1110011                )
Insn(rv_zicsr        csrrw                                           [  ]rd,rs1,csr                              ?????????????????001?????1110011                )
Insn(rv_zifencei     fence.i                                         [I ]rd,rs1,imm12                            ?????????????????001?????0001111                )
Insn(rv_a            amomaxu.w                                       [  ]rd,rs1,rs2,rl,aq                        11100????????????010?????0101111                )
Insn(rv_a            amoand.w                                        [  ]rd,rs1,rs2,rl,aq                        01100????????????010?????0101111                )
Insn(rv_a            amoor.w                                         [  ]rd,rs1,rs2,rl,aq                        01000????????????010?????0101111                )
Insn(rv_a            amoxor.w                                        [  ]rd,rs1,rs2,rl,aq                        00100????????????010?????0101111                )
Insn(rv_a            amoswap.w                                       [  ]rd,rs1,rs2,rl,aq                        00001????????????010?????0101111                )
Insn(rv_a            lr.w                                            [  ]rd,rs1,rl,aq                            00010??00000?????010?????0101111                )
Insn(rv_a            amomax.w                                        [  ]rd,rs1,rs2,rl,aq                        10100????????????010?????0101111                )
Insn(rv_a            amoadd.w                                        [  ]rd,rs1,rs2,rl,aq                        00000????????????010?????0101111                )
Insn(rv_a            amomin.w                                        [  ]rd,rs1,rs2,rl,aq                        10000????????????010?????0101111                )
Insn(rv_a            amominu.w                                       [  ]rd,rs1,rs2,rl,aq                        11000????????????010?????0101111                )
Insn(rv_a            sc.w                                            [  ]rd,rs1,rs2,rl,aq                        00011????????????010?????0101111                )
Insn(rv64_a          lr.d                                            [  ]rd,rs1,rl,aq                            00010??00000?????011?????0101111                )
Insn(rv64_a          amomax.d                                        [  ]rd,rs1,rs2,rl,aq                        10100????????????011?????0101111                )
Insn(rv64_a          amoswap.d                                       [  ]rd,rs1,rs2,rl,aq                        00001????????????011?????0101111                )
Insn(rv64_a          amoxor.d                                        [  ]rd,rs1,rs2,rl,aq                        00100????????????011?????0101111                )
Insn(rv64_a          amoand.d                                        [  ]rd,rs1,rs2,rl,aq                        01100????????????011?????0101111                )
Insn(rv64_a          amomin.d                                        [  ]rd,rs1,rs2,rl,aq                        10000????????????011?????0101111                )
Insn(rv64_a          amoor.d                                         [  ]rd,rs1,rs2,rl,aq                        01000????????????011?????0101111                )
Insn(rv64_a          amoadd.d                                        [  ]rd,rs1,rs2,rl,aq                        00000????????????011?????0101111                )
Insn(rv64_a          amomaxu.d                                       [  ]rd,rs1,rs2,rl,aq                        11100????????????011?????0101111                )
Insn(rv64_a          amominu.d                                       [  ]rd,rs1,rs2,rl,aq                        11000????????????011?????0101111                )
Insn(rv64_a          sc.d                                            [  ]rd,rs1,rs2,rl,aq                        00011????????????011?????0101111                )
Insn(rv_c            c.addi                                          [  ]c_nzimm6lo,rd_rs1_n0,c_nzimm6hi         ????????????????000???????????01                )
Insn(rv_c            c.sub                                           [  ]rs2_p,rd_rs1_p                          ????????????????100011???00???01                )
Insn(rv_c            c.addi4spn                                      [  ]rd_p,c_nzuimm10                         ????????????????000???????????00                )
Insn(rv_c            c.li                                            [  ]c_imm6lo,rd_n0,c_imm6hi                 ????????????????010???????????01                )
Insn(rv_c            c.lw                                            [  ]rd_p,c_uimm7lo,rs1_p,c_uimm7hi          ????????????????010???????????00                )
Insn(rv_c            c.or                                            [  ]rs2_p,rd_rs1_p                          ????????????????100011???10???01                )
Insn(rv_c            c.lui                                           [  ]c_nzimm18lo,rd_n2,c_nzimm18hi           ????????????????011???????????01                )
Insn(rv_c            c.mv                                            [  ]c_rs2_n0,rd_n0                          ????????????????1000??????????10                )
Insn(rv_c            c.jalr                                          [  ]c_rs1_n0                                ????????????????1001?????0000010                )
Insn(rv_c            c.bnez                                          [  ]c_bimm9lo,rs1_p,c_bimm9hi               ????????????????111???????????01                )
Insn(rv_c            c.xor                                           [  ]rs2_p,rd_rs1_p                          ????????????????100011???01???01                )
Insn(rv_c            c.beqz                                          [  ]c_bimm9lo,rs1_p,c_bimm9hi               ????????????????110???????????01                )
Insn(rv_c            c.and                                           [  ]rs2_p,rd_rs1_p                          ????????????????100011???11???01                )
Insn(rv_c            c.ebreak                                        [  ]                                        ????????????????1001000000000010                )
Insn(rv_c            c.lwsp                                          [  ]c_uimm8splo,rd_n0,c_uimm8sphi           ????????????????010???????????10                )
Insn(rv_c            c.j                                             [  ]c_imm12                                 ????????????????101???????????01                )
Insn(rv_c            c.nop                                           [  ]c_nzimm6lo,c_nzimm6hi                   ????????????????000?00000?????01                )
Insn(rv_c            c.addi16sp                                      [  ]c_nzimm10lo,c_nzimm10hi                 ????????????????011?00010?????01                )
Insn(rv_c            c.sw                                            [  ]rs2_p,c_uimm7lo,rs1_p,c_uimm7hi         ????????????????110???????????00                )
Insn(rv_c            c.add                                           [  ]c_rs2_n0,rd_rs1_n0                      ????????????????1001??????????10                )
Insn(rv_c            c.jr                                            [  ]rs1_n0                                  ????????????????1000?????0000010                )
Insn(rv_c            c.andi                                          [  ]c_imm6lo,rd_rs1_p,c_imm6hi              ????????????????100?10????????01                )
Insn(rv_c            c.swsp                                          [  ]c_rs2,c_uimm8sp_s                       ????????????????110???????????10                )
Insn(rv32_c          c.jal                                           [  ]c_imm12                                 ????????????????001???????????01                )
Insn(rv64_c          c.ld                                            [  ]rd_p,c_uimm8lo,rs1_p,c_uimm8hi          ????????????????011???????????00                )
Insn(rv64_c          c.subw                                          [  ]rs2_p,rd_rs1_p                          ????????????????100111???00???01                )
Insn(rv64_c          c.slli                                          [  ]c_nzuimm6lo,rd_rs1_n0,c_nzuimm6hi       ????????????????000???????????10                )
Insn(rv64_c          c.ldsp                                          [  ]c_uimm9splo,rd_n0,c_uimm9sphi           ????????????????011???????????10                )
Insn(rv64_c          c.sdsp                                          [  ]c_rs2,c_uimm9sp_s                       ????????????????111???????????10                )
Insn(rv64_c          c.addw                                          [  ]rs2_p,rd_rs1_p                          ????????????????100111???01???01                )
Insn(rv64_c          c.sd                                            [  ]rs2_p,c_uimm8lo,rs1_p,c_uimm8hi         ????????????????111???????????00                )
Insn(rv64_c          c.srli                                          [  ]c_nzuimm6lo,rd_rs1_p,c_nzuimm6hi        ????????????????100?00????????01                )
Insn(rv64_c          c.srai                                          [  ]c_nzuimm6lo,rd_rs1_p,c_nzuimm6hi        ????????????????100?01????????01                )
Insn(rv64_c          c.addiw                                         [  ]c_imm6lo,rd_rs1_n0,c_imm6hi             ????????????????001???????????01                )
Insn(rv_c_d          c.fsd                                           [  ]rs2_p,c_uimm8lo,rs1_p,c_uimm8hi         ????????????????101???????????00                )
Insn(rv_c_d          c.fldsp                                         [  ]c_uimm9splo,rd,c_uimm9sphi              ????????????????001???????????10                )
Insn(rv_c_d          c.fsdsp                                         [  ]c_rs2,c_uimm9sp_s                       ????????????????101???????????10                )
Insn(rv_c_d          c.fld                                           [  ]rd_p,c_uimm8lo,rs1_p,c_uimm8hi          ????????????????001???????????00                )
Insn(rv32_c_f        c.fswsp                                         [  ]c_rs2,c_uimm8sp_s                       ????????????????111???????????10                )
Insn(rv32_c_f        c.fsw                                           [  ]rs2_p,c_uimm7lo,rs1_p,c_uimm7hi         ????????????????111???????????00                )
Insn(rv32_c_f        c.flw                                           [  ]rd_p,c_uimm7lo,rs1_p,c_uimm7hi          ????????????????011???????????00                )
Insn(rv32_c_f        c.flwsp                                         [  ]c_uimm8splo,rd,c_uimm8sphi              ????????????????011???????????10                )
Insn(rv_d            fmin.d                                          [R ]rd,rs1,rs2                              0010101??????????000?????1010011                )
Insn(rv_d            fsgnj.d                                         [R ]rd,rs1,rs2                              0010001??????????000?????1010011                )
Insn(rv_d            fle.d                                           [R ]rd,rs1,rs2                              1010001??????????000?????1010011                )
Insn(rv_d            fnmsub.d                                        [  ]rd,rm,rs1,rs2,rs3                       ?????01??????????????????1001011                )
Insn(rv_d            fadd.d                                          [  ]rd,rm,rs1,rs2                           0000001??????????????????1010011                )
Insn(rv_d            fcvt.w.d                                        [  ]rd,rm,rs1                               110000100000?????????????1010011                )
Insn(rv_d            fmsub.d                                         [  ]rd,rm,rs1,rs2,rs3                       ?????01??????????????????1000111                )
Insn(rv_d            fld                                             [I ]rd,rs1,imm12                            ?????????????????011?????0000111                )
Insn(rv_d            fmul.d                                          [  ]rd,rm,rs1,rs2                           0001001??????????????????1010011                )
Insn(rv_d            fcvt.wu.d                                       [  ]rd,rm,rs1                               110000100001?????????????1010011                )
Insn(rv_d            feq.d                                           [R ]rd,rs1,rs2                              1010001??????????010?????1010011                )
Insn(rv_d            fmax.d                                          [R ]rd,rs1,rs2                              0010101??????????001?????1010011                )
Insn(rv_d            fcvt.d.wu                                       [  ]rd,rm,rs1                               110100100001?????????????1010011                )
Insn(rv_d            fnmadd.d                                        [  ]rd,rm,rs1,rs2,rs3                       ?????01??????????????????1001111                )
Insn(rv_d            fcvt.d.s                                        [  ]rd,rm,rs1                               010000100000?????????????1010011                )
Insn(rv_d            fcvt.s.d                                        [  ]rd,rm,rs1                               010000000001?????????????1010011                )
Insn(rv_d            fsd                                             [S ]imm12lo,rs1,rs2,imm12hi                 ?????????????????011?????0100111                )
Insn(rv_d            fsgnjx.d                                        [R ]rd,rs1,rs2                              0010001??????????010?????1010011                )
Insn(rv_d            fmadd.d                                         [  ]rd,rm,rs1,rs2,rs3                       ?????01??????????????????1000011                )
Insn(rv_d            flt.d                                           [R ]rd,rs1,rs2                              1010001??????????001?????1010011                )
Insn(rv_d            fsgnjn.d                                        [R ]rd,rs1,rs2                              0010001??????????001?????1010011                )
Insn(rv_d            fsub.d                                          [  ]rd,rm,rs1,rs2                           0000101??????????????????1010011                )
Insn(rv_d            fsqrt.d                                         [  ]rd,rm,rs1                               010110100000?????????????1010011                )
Insn(rv_d            fclass.d                                        [  ]rd,rs1                                  111000100000?????001?????1010011                )
Insn(rv_d            fcvt.d.w                                        [  ]rd,rm,rs1                               110100100000?????????????1010011                )
Insn(rv_d            fdiv.d                                          [  ]rd,rm,rs1,rs2                           0001101??????????????????1010011                )
Insn(rv64_d          fcvt.d.lu                                       [  ]rd,rm,rs1                               110100100011?????????????1010011                )
Insn(rv64_d          fmv.x.d                                         [  ]rd,rs1                                  111000100000?????000?????1010011                )
Insn(rv64_d          fmv.d.x                                         [  ]rd,rs1                                  111100100000?????000?????1010011                )
Insn(rv64_d          fcvt.lu.d                                       [  ]rd,rm,rs1                               110000100011?????????????1010011                )
Insn(rv64_d          fcvt.l.d                                        [  ]rd,rm,rs1                               110000100010?????????????1010011                )
Insn(rv64_d          fcvt.d.l                                        [  ]rd,rm,rs1                               110100100010?????????????1010011                )
Insn(rv_d_zfa        fcvtmod.w.d                                     [  ]rd,rs1                                  110000101000?????001?????1010011                )
Insn(rv_d_zfa        fli.d                                           [  ]rd,rs1                                  111100100001?????000?????1010011                )
Insn(rv_d_zfa        fminm.d                                         [R ]rd,rs1,rs2                              0010101??????????010?????1010011                )
Insn(rv_d_zfa        fltq.d                                          [R ]rd,rs1,rs2                              1010001??????????101?????1010011                )
Insn(rv_d_zfa        fleq.d                                          [R ]rd,rs1,rs2                              1010001??????????100?????1010011                )
Insn(rv_d_zfa        fmaxm.d                                         [R ]rd,rs1,rs2                              0010101??????????011?????1010011                )
Insn(rv_d_zfa        fround.d                                        [  ]rd,rm,rs1                               010000100100?????????????1010011                )
Insn(rv_d_zfa        froundnx.d                                      [  ]rd,rm,rs1                               010000100101?????????????1010011                )
Insn(rv32_d_zfa      fmvh.x.d                                        [  ]rd,rs1                                  111000100001?????000?????1010011                )
Insn(rv32_d_zfa      fmvp.d.x                                        [R ]rd,rs1,rs2                              1011001??????????000?????1010011                )
Insn(rv_d_zfh        fcvt.d.h                                        [  ]rd,rm,rs1                               010000100010?????????????1010011                )
Insn(rv_d_zfh        fcvt.h.d                                        [  ]rd,rm,rs1                               010001000001?????????????1010011                )
Insn(rv_f            fsgnjx.s                                        [R ]rd,rs1,rs2                              0010000??????????010?????1010011                )
Insn(rv_f            fnmsub.s                                        [  ]rd,rm,rs1,rs2,rs3                       ?????00??????????????????1001011                )
Insn(rv_f            fmsub.s                                         [  ]rd,rm,rs1,rs2,rs3                       ?????00??????????????????1000111                )
Insn(rv_f            fsgnjn.s                                        [R ]rd,rs1,rs2                              0010000??????????001?????1010011                )
Insn(rv_f            fdiv.s                                          [  ]rd,rm,rs1,rs2                           0001100??????????????????1010011                )
Insn(rv_f            fmin.s                                          [R ]rd,rs1,rs2                              0010100??????????000?????1010011                )
Insn(rv_f            fsqrt.s                                         [  ]rd,rm,rs1                               010110000000?????????????1010011                )
Insn(rv_f            fclass.s                                        [  ]rd,rs1                                  111000000000?????001?????1010011                )
Insn(rv_f            fcvt.wu.s                                       [  ]rd,rm,rs1                               110000000001?????????????1010011                )
Insn(rv_f            fmax.s                                          [R ]rd,rs1,rs2                              0010100??????????001?????1010011                )
Insn(rv_f            feq.s                                           [R ]rd,rs1,rs2                              1010000??????????010?????1010011                )
Insn(rv_f            fmv.w.x                                         [  ]rd,rs1                                  111100000000?????000?????1010011                )
Insn(rv_f            fcvt.s.wu                                       [  ]rd,rm,rs1                               110100000001?????????????1010011                )
Insn(rv_f            fle.s                                           [R ]rd,rs1,rs2                              1010000??????????000?????1010011                )
Insn(rv_f            fmadd.s                                         [  ]rd,rm,rs1,rs2,rs3                       ?????00??????????????????1000011                )
Insn(rv_f            fsgnj.s                                         [R ]rd,rs1,rs2                              0010000??????????000?????1010011                )
Insn(rv_f            fadd.s                                          [  ]rd,rm,rs1,rs2                           0000000??????????????????1010011                )
Insn(rv_f            fsw                                             [S ]imm12lo,rs1,rs2,imm12hi                 ?????????????????010?????0100111                )
Insn(rv_f            flt.s                                           [R ]rd,rs1,rs2                              1010000??????????001?????1010011                )
Insn(rv_f            fmv.x.w                                         [  ]rd,rs1                                  111000000000?????000?????1010011                )
Insn(rv_f            fnmadd.s                                        [  ]rd,rm,rs1,rs2,rs3                       ?????00??????????????????1001111                )
Insn(rv_f            fcvt.s.w                                        [  ]rd,rm,rs1                               110100000000?????????????1010011                )
Insn(rv_f            flw                                             [I ]rd,rs1,imm12                            ?????????????????010?????0000111                )
Insn(rv_f            fsub.s                                          [  ]rd,rm,rs1,rs2                           0000100??????????????????1010011                )
Insn(rv_f            fmul.s                                          [  ]rd,rm,rs1,rs2                           0001000??????????????????1010011                )
Insn(rv_f            fcvt.w.s                                        [  ]rd,rm,rs1                               110000000000?????????????1010011                )
Insn(rv64_f          fcvt.lu.s                                       [  ]rd,rm,rs1                               110000000011?????????????1010011                )
Insn(rv64_f          fcvt.s.lu                                       [  ]rd,rm,rs1                               110100000011?????????????1010011                )
Insn(rv64_f          fcvt.l.s                                        [  ]rd,rm,rs1                               110000000010?????????????1010011                )
Insn(rv64_f          fcvt.s.l                                        [  ]rd,rm,rs1                               110100000010?????????????1010011                )
Insn(rv_f_zfa        froundnx.s                                      [  ]rd,rm,rs1                               010000000101?????????????1010011                )
Insn(rv_f_zfa        fminm.s                                         [R ]rd,rs1,rs2                              0010100??????????010?????1010011                )
Insn(rv_f_zfa        fleq.s                                          [R ]rd,rs1,rs2                              1010000??????????100?????1010011                )
Insn(rv_f_zfa        fli.s                                           [  ]rd,rs1                                  111100000001?????000?????1010011                )
Insn(rv_f_zfa        fround.s                                        [  ]rd,rm,rs1                               010000000100?????????????1010011                )
Insn(rv_f_zfa        fltq.s                                          [R ]rd,rs1,rs2                              1010000??????????101?????1010011                )
Insn(rv_f_zfa        fmaxm.s                                         [R ]rd,rs1,rs2                              0010100??????????011?????1010011                )
Insn(rv_h            hsv.w                                           [  ]rs1,rs2                                 0110101??????????100000001110011                )
Insn(rv_h            hsv.b                                           [  ]rs1,rs2                                 0110001??????????100000001110011                )
Insn(rv_h            hfence.vvma                                     [  ]rs1,rs2                                 0010001??????????000000001110011                )
Insn(rv_h            hlv.hu                                          [  ]rd,rs1                                  011001000001?????100?????1110011                )
Insn(rv_h            hlvx.hu                                         [  ]rd,rs1                                  011001000011?????100?????1110011                )
Insn(rv_h            hlv.b                                           [  ]rd,rs1                                  011000000000?????100?????1110011                )
Insn(rv_h            hlvx.wu                                         [  ]rd,rs1                                  011010000011?????100?????1110011                )
Insn(rv_h            hlv.w                                           [  ]rd,rs1                                  011010000000?????100?????1110011                )
Insn(rv_h            hsv.h                                           [  ]rs1,rs2                                 0110011??????????100000001110011                )
Insn(rv_h            hlv.h                                           [  ]rd,rs1                                  011001000000?????100?????1110011                )
Insn(rv_h            hlv.bu                                          [  ]rd,rs1                                  011000000001?????100?????1110011                )
Insn(rv_h            hfence.gvma                                     [  ]rs1,rs2                                 0110001??????????000000001110011                )
Insn(rv64_h          hsv.d                                           [  ]rs1,rs2                                 0110111??????????100000001110011                )
Insn(rv64_h          hlv.d                                           [  ]rd,rs1                                  011011000000?????100?????1110011                )
Insn(rv64_h          hlv.wu                                          [  ]rd,rs1                                  011010000001?????100?????1110011                )
Insn(rv_i            or                                              [R ]rd,rs1,rs2                              0000000??????????110?????0110011                )
Insn(rv_i            fence                                           [  ]rd,rs1,succ,pred,fm                     ?????????????????000?????0001111                )
Insn(rv_i            srl                                             [R ]rd,rs1,rs2                              0000000??????????101?????0110011                )
Insn(rv_i            ori                                             [I ]rd,rs1,imm12                            ?????????????????110?????0010011                )
Insn(rv_i            lhu                                             [I ]rd,rs1,imm12                            ?????????????????101?????0000011                )
Insn(rv_i            sltu                                            [R ]rd,rs1,rs2                              0000000??????????011?????0110011                )
Insn(rv_i            sra                                             [R ]rd,rs1,rs2                              0100000??????????101?????0110011                )
Insn(rv_i            ebreak                                          [  ]                                        00000000000100000000000001110011                )
Insn(rv_i            sb                                              [S ]imm12lo,rs1,rs2,imm12hi                 ?????????????????000?????0100011                )
Insn(rv_i            lw                                              [I ]rd,rs1,imm12                            ?????????????????010?????0000011                )
Insn(rv_i            add                                             [R ]rd,rs1,rs2                              0000000??????????000?????0110011                )
Insn(rv_i            xor                                             [R ]rd,rs1,rs2                              0000000??????????100?????0110011                )
Insn(rv_i            beq                                             [B ]bimm12lo,rs1,rs2,bimm12hi               ?????????????????000?????1100011                )
Insn(rv_i            andi                                            [I ]rd,rs1,imm12                            ?????????????????111?????0010011                )
Insn(rv_i            bge                                             [B ]bimm12lo,rs1,rs2,bimm12hi               ?????????????????101?????1100011                )
Insn(rv_i            sw                                              [S ]imm12lo,rs1,rs2,imm12hi                 ?????????????????010?????0100011                )
Insn(rv_i            blt                                             [B ]bimm12lo,rs1,rs2,bimm12hi               ?????????????????100?????1100011                )
Insn(rv_i            bgeu                                            [B ]bimm12lo,rs1,rs2,bimm12hi               ?????????????????111?????1100011                )
Insn(rv_i            sltiu                                           [I ]rd,rs1,imm12                            ?????????????????011?????0010011                )
Insn(rv_i            lh                                              [I ]rd,rs1,imm12                            ?????????????????001?????0000011                )
Insn(rv_i            bltu                                            [B ]bimm12lo,rs1,rs2,bimm12hi               ?????????????????110?????1100011                )
Insn(rv_i            jalr                                            [I ]rd,rs1,imm12                            ?????????????????000?????1100111                )
Insn(rv_i            lui                                             [U ]rd,imm20                                ?????????????????????????0110111                )
Insn(rv_i            bne                                             [B ]bimm12lo,rs1,rs2,bimm12hi               ?????????????????001?????1100011                )
Insn(rv_i            lbu                                             [I ]rd,rs1,imm12                            ?????????????????100?????0000011                )
Insn(rv_i            sub                                             [R ]rd,rs1,rs2                              0100000??????????000?????0110011                )
Insn(rv_i            and                                             [R ]rd,rs1,rs2                              0000000??????????111?????0110011                )
Insn(rv_i            auipc                                           [U ]rd,imm20                                ?????????????????????????0010111                )
Insn(rv_i            xori                                            [I ]rd,rs1,imm12                            ?????????????????100?????0010011                )
Insn(rv_i            ecall                                           [  ]                                        00000000000000000000000001110011                )
Insn(rv_i            slti                                            [I ]rd,rs1,imm12                            ?????????????????010?????0010011                )
Insn(rv_i            slt                                             [R ]rd,rs1,rs2                              0000000??????????010?????0110011                )
Insn(rv_i            addi                                            [I ]rd,rs1,imm12                            ?????????????????000?????0010011                )
Insn(rv_i            lb                                              [I ]rd,rs1,imm12                            ?????????????????000?????0000011                )
Insn(rv_i            jal                                             [J ]rd,jimm20                               ?????????????????????????1101111                )
Insn(rv_i            sh                                              [S ]imm12lo,rs1,rs2,imm12hi                 ?????????????????001?????0100011                )
Insn(rv_i            sll                                             [R ]rd,rs1,rs2                              0000000??????????001?????0110011                )
Insn(rv64_i          srli                                            [  ]rd,rs1,shamtd                           000000???????????101?????0010011                )
Insn(rv64_i          slli                                            [  ]rd,rs1,shamtd                           000000???????????001?????0010011                )
Insn(rv64_i          srai                                            [  ]rd,rs1,shamtd                           010000???????????101?????0010011                )
Insn(rv_m            mulhsu                                          [R ]rd,rs1,rs2                              0000001??????????010?????0110011                )
Insn(rv_m            rem                                             [R ]rd,rs1,rs2                              0000001??????????110?????0110011                )
Insn(rv_m            div                                             [R ]rd,rs1,rs2                              0000001??????????100?????0110011                )
Insn(rv_m            mul                                             [R ]rd,rs1,rs2                              0000001??????????000?????0110011                )
Insn(rv_m            mulhu                                           [R ]rd,rs1,rs2                              0000001??????????011?????0110011                )
Insn(rv_m            mulh                                            [R ]rd,rs1,rs2                              0000001??????????001?????0110011                )
Insn(rv_m            remu                                            [R ]rd,rs1,rs2                              0000001??????????111?????0110011                )
Insn(rv_m            divu                                            [R ]rd,rs1,rs2                              0000001??????????101?????0110011                )
Insn(rv64_m          remuw                                           [R ]rd,rs1,rs2                              0000001??????????111?????0111011                )
Insn(rv64_m          divw                                            [R ]rd,rs1,rs2                              0000001??????????100?????0111011                )
Insn(rv64_m          divuw                                           [R ]rd,rs1,rs2                              0000001??????????101?????0111011                )
Insn(rv64_m          mulw                                            [R ]rd,rs1,rs2                              0000001??????????000?????0111011                )
Insn(rv64_m          remw                                            [R ]rd,rs1,rs2                              0000001??????????110?????0111011                )
Insn(rv_q            fmax.q                                          [R ]rd,rs1,rs2                              0010111??????????001?????1010011                )
Insn(rv_q            fnmadd.q                                        [  ]rd,rm,rs1,rs2,rs3                       ?????11??????????????????1001111                )
Insn(rv_q            fsq                                             [S ]imm12lo,rs1,rs2,imm12hi                 ?????????????????100?????0100111                )
Insn(rv_q            fmul.q                                          [  ]rd,rm,rs1,rs2                           0001011??????????????????1010011                )
Insn(rv_q            fmadd.q                                         [  ]rd,rm,rs1,rs2,rs3                       ?????11??????????????????1000011                )
Insn(rv_q            fle.q                                           [R ]rd,rs1,rs2                              1010011??????????000?????1010011                )
Insn(rv_q            fsgnj.q                                         [R ]rd,rs1,rs2                              0010011??????????000?????1010011                )
Insn(rv_q            fnmsub.q                                        [  ]rd,rm,rs1,rs2,rs3                       ?????11??????????????????1001011                )
Insn(rv_q            fmin.q                                          [R ]rd,rs1,rs2                              0010111??????????000?????1010011                )
Insn(rv_q            fsub.q                                          [  ]rd,rm,rs1,rs2                           0000111??????????????????1010011                )
Insn(rv_q            fsgnjn.q                                        [R ]rd,rs1,rs2                              0010011??????????001?????1010011                )
Insn(rv_q            feq.q                                           [R ]rd,rs1,rs2                              1010011??????????010?????1010011                )
Insn(rv_q            fsqrt.q                                         [  ]rd,rm,rs1                               010111100000?????????????1010011                )
Insn(rv_q            fsgnjx.q                                        [R ]rd,rs1,rs2                              0010011??????????010?????1010011                )
Insn(rv_q            fmsub.q                                         [  ]rd,rm,rs1,rs2,rs3                       ?????11??????????????????1000111                )
Insn(rv_q            fclass.q                                        [  ]rd,rs1                                  111001100000?????001?????1010011                )
Insn(rv_q            fadd.q                                          [  ]rd,rm,rs1,rs2                           0000011??????????????????1010011                )
Insn(rv_q            fcvt.q.d                                        [  ]rd,rm,rs1                               010001100001?????????????1010011                )
Insn(rv_q            fcvt.s.q                                        [  ]rd,rm,rs1                               010000000011?????????????1010011                )
Insn(rv_q            flq                                             [I ]rd,rs1,imm12                            ?????????????????100?????0000111                )
Insn(rv_q            fcvt.w.q                                        [  ]rd,rm,rs1                               110001100000?????????????1010011                )
Insn(rv_q            fcvt.q.w                                        [  ]rd,rm,rs1                               110101100000?????????????1010011                )
Insn(rv_q            fcvt.d.q                                        [  ]rd,rm,rs1                               010000100011?????????????1010011                )
Insn(rv_q            fcvt.q.wu                                       [  ]rd,rm,rs1                               110101100001?????????????1010011                )
Insn(rv_q            fcvt.q.s                                        [  ]rd,rm,rs1                               010001100000?????????????1010011                )
Insn(rv_q            fdiv.q                                          [  ]rd,rm,rs1,rs2                           0001111??????????????????1010011                )
Insn(rv_q            fcvt.wu.q                                       [  ]rd,rm,rs1                               110001100001?????????????1010011                )
Insn(rv_q            flt.q                                           [R ]rd,rs1,rs2                              1010011??????????001?????1010011                )
Insn(rv64_q          fcvt.q.lu                                       [  ]rd,rm,rs1                               110101100011?????????????1010011                )
Insn(rv64_q          fcvt.lu.q                                       [  ]rd,rm,rs1                               110001100011?????????????1010011                )
Insn(rv64_q          fcvt.q.l                                        [  ]rd,rm,rs1                               110101100010?????????????1010011                )
Insn(rv64_q          fcvt.l.q                                        [  ]rd,rm,rs1                               110001100010?????????????1010011                )
Insn(rv_q_zfa        fmaxm.q                                         [R ]rd,rs1,rs2                              0010111??????????011?????1010011                )
Insn(rv_q_zfa        fminm.q                                         [R ]rd,rs1,rs2                              0010111??????????010?????1010011                )
Insn(rv_q_zfa        froundnx.q                                      [  ]rd,rm,rs1                               010001100101?????????????1010011                )
Insn(rv_q_zfa        fli.q                                           [  ]rd,rs1                                  111101100001?????000?????1010011                )
Insn(rv_q_zfa        fleq.q                                          [R ]rd,rs1,rs2                              1010011??????????100?????1010011                )
Insn(rv_q_zfa        fround.q                                        [  ]rd,rm,rs1                               010001100100?????????????1010011                )
Insn(rv_q_zfa        fltq.q                                          [R ]rd,rs1,rs2                              1010011??????????101?????1010011                )
Insn(rv64_q_zfa      fmvp.q.x                                        [R ]rd,rs1,rs2                              1011011??????????000?????1010011                )
Insn(rv64_q_zfa      fmvh.x.q                                        [  ]rd,rs1                                  111001100001?????000?????1010011                )
Insn(rv_q_zfh        fcvt.h.q                                        [  ]rd,rm,rs1                               010001000011?????????????1010011                )
Insn(rv_q_zfh        fcvt.q.h                                        [  ]rd,rm,rs1                               010001100010?????????????1010011                )
Insn(rv_s            sret                                            [  ]                                        00010000001000000000000001110011                )
Insn(rv_s            sfence.vma                                      [  ]rs1,rs2                                 0001001??????????000000001110011                )
Insn(rv_sdext        dret                                            [  ]                                        01111011001000000000000001110011                )
Insn(rv_svinval      sfence.w.inval                                  [  ]                                        00011000000000000000000001110011                )
Insn(rv_svinval      hinval.gvma                                     [  ]rs1,rs2                                 0110011??????????000000001110011                )
Insn(rv_svinval      hinval.vvma                                     [  ]rs1,rs2                                 0010011??????????000000001110011                )
Insn(rv_svinval      sfence.inval.ir                                 [  ]                                        00011000000100000000000001110011                )
Insn(rv_svinval      sinval.vma                                      [  ]rs1,rs2                                 0001011??????????000000001110011                )
Insn(rv_system       wfi                                             [  ]                                        00010000010100000000000001110011                )
Insn(rv_system       mret                                            [  ]                                        00110000001000000000000001110011                )
Insn(rv_v            vasubu.vx                                       [  ]vd,rs1,vs2,vm                           001010???????????110?????1010111                )
Insn(rv_v            vfsub.vf                                        [  ]vd,rs1,vs2,vm                           000010???????????101?????1010111                )
Insn(rv_v            vsext.vf2                                       [  ]vd,vs2,vm                               010010??????00111010?????1010111                )
Insn(rv_v            vsetivli                                        [  ]rd,zimm,zimm10                          11???????????????111?????1010111                )
Insn(rv_v            vsuxei16.v                                      [  ]vs3,rs1,vs2,vm,nf                       ???001???????????101?????0100111                )
Insn(rv_v            vnmsac.vx                                       [  ]vd,rs1,vs2,vm                           101111???????????110?????1010111                )
Insn(rv_v            vredmax.vs                                      [  ]vd,vs1,vs2,vm                           000111???????????010?????1010111                )
Insn(rv_v            vnmsac.vv                                       [  ]vd,vs1,vs2,vm                           101111???????????010?????1010111                )
Insn(rv_v            vwsubu.vx                                       [  ]vd,rs1,vs2,vm                           110010???????????110?????1010111                )
Insn(rv_v            vwredsum.vs                                     [  ]vd,vs1,vs2,vm                           110001???????????000?????1010111                )
Insn(rv_v            vfrsqrt7.v                                      [  ]vd,vs2,vm                               010011??????00100001?????1010111                )
Insn(rv_v            vmnand.mm                                       [  ]vd,vs1,vs2                              0111011??????????010?????1010111                )
Insn(rv_v            vfmsub.vv                                       [  ]vd,vs1,vs2,vm                           101010???????????001?????1010111                )
Insn(rv_v            vl8re64.v                                       [  ]vd,rs1                                  111000101000?????111?????0000111                )
Insn(rv_v            vl1re64.v                                       [  ]vd,rs1                                  000000101000?????111?????0000111                )
Insn(rv_v            vsaddu.vx                                       [  ]vd,rs1,vs2,vm                           100000???????????100?????1010111                )
Insn(rv_v            vfmin.vv                                        [  ]vd,vs1,vs2,vm                           000100???????????001?????1010111                )
Insn(rv_v            vl8re32.v                                       [  ]vd,rs1                                  111000101000?????110?????0000111                )
Insn(rv_v            vwmulu.vx                                       [  ]vd,rs1,vs2,vm                           111000???????????110?????1010111                )
Insn(rv_v            vl2re8.v                                        [  ]vd,rs1                                  001000101000?????000?????0000111                )
Insn(rv_v            vwmaccu.vv                                      [  ]vd,vs1,vs2,vm                           111100???????????010?????1010111                )
Insn(rv_v            vmax.vx                                         [  ]vd,rs1,vs2,vm                           000111???????????100?????1010111                )
Insn(rv_v            vasub.vx                                        [  ]vd,rs1,vs2,vm                           001011???????????110?????1010111                )
Insn(rv_v            vmv2r.v                                         [  ]vd,vs2                                  1001111?????00001011?????1010111                )
Insn(rv_v            vmv.s.x                                         [  ]vd,rs1                                  010000100000?????110?????1010111                )
Insn(rv_v            vnsrl.wv                                        [  ]vd,vs1,vs2,vm                           101100???????????000?????1010111                )
Insn(rv_v            vzext.vf2                                       [  ]vd,vs2,vm                               010010??????00110010?????1010111                )
Insn(rv_v            vand.vi                                         [  ]vd,simm5,vs2,vm                         001001???????????011?????1010111                )
Insn(rv_v            vfnmsub.vf                                      [  ]vd,rs1,vs2,vm                           101011???????????101?????1010111                )
Insn(rv_v            vfwmsac.vv                                      [  ]vd,vs1,vs2,vm                           111110???????????001?????1010111                )
Insn(rv_v            vnsra.wv                                        [  ]vd,vs1,vs2,vm                           101101???????????000?????1010111                )
Insn(rv_v            vsra.vx                                         [  ]vd,rs1,vs2,vm                           101001???????????100?????1010111                )
Insn(rv_v            vfredusum.vs                                    [  ]vd,vs1,vs2,vm                           000001???????????001?????1010111                )
Insn(rv_v            vfnmsub.vv                                      [  ]vd,vs1,vs2,vm                           101011???????????001?????1010111                )
Insn(rv_v            vssra.vi                                        [  ]vd,simm5,vs2,vm                         101011???????????011?????1010111                )
Insn(rv_v            vfnmadd.vf                                      [  ]vd,rs1,vs2,vm                           101001???????????101?????1010111                )
Insn(rv_v            vcompress.vm                                    [  ]vd,vs1,vs2                              0101111??????????010?????1010111                )
Insn(rv_v            vfmin.vf                                        [  ]vd,rs1,vs2,vm                           000100???????????101?????1010111                )
Insn(rv_v            vmulhu.vv                                       [  ]vd,vs1,vs2,vm                           100100???????????010?????1010111                )
Insn(rv_v            vor.vv                                          [  ]vd,vs1,vs2,vm                           001010???????????000?????1010111                )
Insn(rv_v            vredsum.vs                                      [  ]vd,vs1,vs2,vm                           000000???????????010?????1010111                )
Insn(rv_v            vwmulu.vv                                       [  ]vd,vs1,vs2,vm                           111000???????????010?????1010111                )
Insn(rv_v            vfwcvt.x.f.v                                    [  ]vd,vs2,vm                               010010??????01001001?????1010111                )
Insn(rv_v            vmflt.vf                                        [  ]vd,rs1,vs2,vm                           011011???????????101?????1010111                )
Insn(rv_v            vmfne.vv                                        [  ]vd,vs1,vs2,vm                           011100???????????001?????1010111                )
Insn(rv_v            vlse64.v                                        [  ]vd,rs1,rs2,vm,nf                        ???010???????????111?????0000111                )
Insn(rv_v            vcpop.m                                         [  ]rd,vs2,vm                               010000??????10000010?????1010111                )
Insn(rv_v            vwsubu.wx                                       [  ]vd,rs1,vs2,vm                           110110???????????110?????1010111                )
Insn(rv_v            vfwredusum.vs                                   [  ]vd,vs1,vs2,vm                           110001???????????001?????1010111                )
Insn(rv_v            vfwmacc.vf                                      [  ]vd,rs1,vs2,vm                           111100???????????101?????1010111                )
Insn(rv_v            vfwadd.wv                                       [  ]vd,vs1,vs2,vm                           110100???????????001?????1010111                )
Insn(rv_v            vmxnor.mm                                       [  ]vd,vs1,vs2                              0111111??????????010?????1010111                )
Insn(rv_v            vmerge.vim                                      [  ]vd,simm5,vs2                            0101110??????????011?????1010111                )
Insn(rv_v            vxor.vx                                         [  ]vd,rs1,vs2,vm                           001011???????????100?????1010111                )
Insn(rv_v            vslideup.vi                                     [  ]vd,simm5,vs2,vm                         001110???????????011?????1010111                )
Insn(rv_v            vredminu.vs                                     [  ]vd,vs1,vs2,vm                           000100???????????010?????1010111                )
Insn(rv_v            vmsltu.vx                                       [  ]vd,rs1,vs2,vm                           011010???????????100?????1010111                )
Insn(rv_v            vfwmacc.vv                                      [  ]vd,vs1,vs2,vm                           111100???????????001?????1010111                )
Insn(rv_v            vsrl.vi                                         [  ]vd,simm5,vs2,vm                         101000???????????011?????1010111                )
Insn(rv_v            vnsrl.wi                                        [  ]vd,simm5,vs2,vm                         101100???????????011?????1010111                )
Insn(rv_v            vrgather.vi                                     [  ]vd,simm5,vs2,vm                         001100???????????011?????1010111                )
Insn(rv_v            vssrl.vv                                        [  ]vd,vs1,vs2,vm                           101010???????????000?????1010111                )
Insn(rv_v            vmfeq.vf                                        [  ]vd,rs1,vs2,vm                           011000???????????101?????1010111                )
Insn(rv_v            vadd.vx                                         [  ]vd,rs1,vs2,vm                           000000???????????100?????1010111                )
Insn(rv_v            vmsgtu.vi                                       [  ]vd,simm5,vs2,vm                         011110???????????011?????1010111                )
Insn(rv_v            vredmaxu.vs                                     [  ]vd,vs1,vs2,vm                           000110???????????010?????1010111                )
Insn(rv_v            vl2re32.v                                       [  ]vd,rs1                                  001000101000?????110?????0000111                )
Insn(rv_v            viota.m                                         [  ]vd,vs2,vm                               010100??????10000010?????1010111                )
Insn(rv_v            vfsqrt.v                                        [  ]vd,vs2,vm                               010011??????00000001?????1010111                )
Insn(rv_v            vmsle.vv                                        [  ]vd,vs1,vs2,vm                           011101???????????000?????1010111                )
Insn(rv_v            vfwadd.wf                                       [  ]vd,rs1,vs2,vm                           110100???????????101?????1010111                )
Insn(rv_v            vl8re8.v                                        [  ]vd,rs1                                  111000101000?????000?????0000111                )
Insn(rv_v            vs8r.v                                          [  ]vs3,rs1                                 111000101000?????000?????0100111                )
Insn(rv_v            vfwmul.vf                                       [  ]vd,rs1,vs2,vm                           111000???????????101?????1010111                )
Insn(rv_v            vwadd.wx                                        [  ]vd,rs1,vs2,vm                           110101???????????110?????1010111                )
Insn(rv_v            vfnmsac.vf                                      [  ]vd,rs1,vs2,vm                           101111???????????101?????1010111                )
Insn(rv_v            vfwcvt.rtz.x.f.v                                [  ]vd,vs2,vm                               010010??????01111001?????1010111                )
Insn(rv_v            vle8ff.v                                        [  ]vd,rs1,vm,nf                            ???000?10000?????000?????0000111                )
Insn(rv_v            vmnor.mm                                        [  ]vd,vs1,vs2                              0111101??????????010?????1010111                )
Insn(rv_v            vfrdiv.vf                                       [  ]vd,rs1,vs2,vm                           100001???????????101?????1010111                )
Insn(rv_v            vmsne.vi                                        [  ]vd,simm5,vs2,vm                         011001???????????011?????1010111                )
Insn(rv_v            vwredsumu.vs                                    [  ]vd,vs1,vs2,vm                           110000???????????000?????1010111                )
Insn(rv_v            vmslt.vv                                        [  ]vd,vs1,vs2,vm                           011011???????????000?????1010111                )
Insn(rv_v            vlse32.v                                        [  ]vd,rs1,rs2,vm,nf                        ???010???????????110?????0000111                )
Insn(rv_v            vrgatherei16.vv                                 [  ]vd,vs1,vs2,vm                           001110???????????000?????1010111                )
Insn(rv_v            vwmul.vx                                        [  ]vd,rs1,vs2,vm                           111011???????????110?????1010111                )
Insn(rv_v            vredxor.vs                                      [  ]vd,vs1,vs2,vm                           000011???????????010?????1010111                )
Insn(rv_v            vnmsub.vv                                       [  ]vd,vs1,vs2,vm                           101011???????????010?????1010111                )
Insn(rv_v            vfadd.vv                                        [  ]vd,vs1,vs2,vm                           000000???????????001?????1010111                )
Insn(rv_v            vmor.mm                                         [  ]vd,vs1,vs2                              0110101??????????010?????1010111                )
Insn(rv_v            vmsltu.vv                                       [  ]vd,vs1,vs2,vm                           011010???????????000?????1010111                )
Insn(rv_v            vfnmacc.vv                                      [  ]vd,vs1,vs2,vm                           101101???????????001?????1010111                )
Insn(rv_v            vloxei8.v                                       [  ]vd,rs1,vs2,vm,nf                        ???011???????????000?????0000111                )
Insn(rv_v            vfsub.vv                                        [  ]vd,vs1,vs2,vm                           000010???????????001?????1010111                )
Insn(rv_v            vsmul.vv                                        [  ]vd,vs1,vs2,vm                           100111???????????000?????1010111                )
Insn(rv_v            vfmv.s.f                                        [  ]vd,rs1                                  010000100000?????101?????1010111                )
Insn(rv_v            vfcvt.f.x.v                                     [  ]vd,vs2,vm                               010010??????00011001?????1010111                )
Insn(rv_v            vsll.vv                                         [  ]vd,vs1,vs2,vm                           100101???????????000?????1010111                )
Insn(rv_v            vsetvli                                         [  ]rd,rs1,zimm11                           0????????????????111?????1010111                )
Insn(rv_v            vnclipu.wv                                      [  ]vd,vs1,vs2,vm                           101110???????????000?????1010111                )
Insn(rv_v            vfwsub.vf                                       [  ]vd,rs1,vs2,vm                           110010???????????101?????1010111                )
Insn(rv_v            vminu.vv                                        [  ]vd,vs1,vs2,vm                           000100???????????000?????1010111                )
Insn(rv_v            vwmaccsu.vx                                     [  ]vd,rs1,vs2,vm                           111111???????????110?????1010111                )
Insn(rv_v            vmsbc.vx                                        [  ]vd,rs1,vs2                              0100111??????????100?????1010111                )
Insn(rv_v            vnclip.wx                                       [  ]vd,rs1,vs2,vm                           101111???????????100?????1010111                )
Insn(rv_v            vwsubu.vv                                       [  ]vd,vs1,vs2,vm                           110010???????????010?????1010111                )
Insn(rv_v            vfrec7.v                                        [  ]vd,vs2,vm                               010011??????00101001?????1010111                )
Insn(rv_v            vwmulsu.vv                                      [  ]vd,vs1,vs2,vm                           111010???????????010?????1010111                )
Insn(rv_v            vsext.vf4                                       [  ]vd,vs2,vm                               010010??????00101010?????1010111                )
Insn(rv_v            vwaddu.wx                                       [  ]vd,rs1,vs2,vm                           110100???????????110?????1010111                )
Insn(rv_v            vfnmadd.vv                                      [  ]vd,vs1,vs2,vm                           101001???????????001?????1010111                )
Insn(rv_v            vmulhsu.vx                                      [  ]vd,rs1,vs2,vm                           100110???????????110?????1010111                )
Insn(rv_v            vfwadd.vv                                       [  ]vd,vs1,vs2,vm                           110000???????????001?????1010111                )
Insn(rv_v            vmsne.vx                                        [  ]vd,rs1,vs2,vm                           011001???????????100?????1010111                )
Insn(rv_v            vadc.vim                                        [  ]vd,simm5,vs2                            0100000??????????011?????1010111                )
Insn(rv_v            vxor.vi                                         [  ]vd,simm5,vs2,vm                         001011???????????011?????1010111                )
Insn(rv_v            vwsub.vx                                        [  ]vd,rs1,vs2,vm                           110011???????????110?????1010111                )
Insn(rv_v            vsub.vv                                         [  ]vd,vs1,vs2,vm                           000010???????????000?????1010111                )
Insn(rv_v            vmadc.vvm                                       [  ]vd,vs1,vs2                              0100010??????????000?????1010111                )
Insn(rv_v            vwmaccus.vx                                     [  ]vd,rs1,vs2,vm                           111110???????????110?????1010111                )
Insn(rv_v            vor.vx                                          [  ]vd,rs1,vs2,vm                           001010???????????100?????1010111                )
Insn(rv_v            vfwnmsac.vv                                     [  ]vd,vs1,vs2,vm                           111111???????????001?????1010111                )
Insn(rv_v            vnclipu.wx                                      [  ]vd,rs1,vs2,vm                           101110???????????100?????1010111                )
Insn(rv_v            vfwadd.vf                                       [  ]vd,rs1,vs2,vm                           110000???????????101?????1010111                )
Insn(rv_v            vl4re16.v                                       [  ]vd,rs1                                  011000101000?????101?????0000111                )
Insn(rv_v            vfslide1up.vf                                   [  ]vd,rs1,vs2,vm                           001110???????????101?????1010111                )
Insn(rv_v            vwmaccsu.vv                                     [  ]vd,vs1,vs2,vm                           111111???????????010?????1010111                )
Insn(rv_v            vsadd.vv                                        [  ]vd,vs1,vs2,vm                           100001???????????000?????1010111                )
Insn(rv_v            vmv8r.v                                         [  ]vd,vs2                                  1001111?????00111011?????1010111                )
Insn(rv_v            vmsbc.vxm                                       [  ]vd,rs1,vs2                              0100110??????????100?????1010111                )
Insn(rv_v            vssra.vv                                        [  ]vd,vs1,vs2,vm                           101011???????????000?????1010111                )
Insn(rv_v            vmslt.vx                                        [  ]vd,rs1,vs2,vm                           011011???????????100?????1010111                )
Insn(rv_v            vwsub.vv                                        [  ]vd,vs1,vs2,vm                           110011???????????010?????1010111                )
Insn(rv_v            vloxei32.v                                      [  ]vd,rs1,vs2,vm,nf                        ???011???????????110?????0000111                )
Insn(rv_v            vwadd.wv                                        [  ]vd,vs1,vs2,vm                           110101???????????010?????1010111                )
Insn(rv_v            vfrsub.vf                                       [  ]vd,rs1,vs2,vm                           100111???????????101?????1010111                )
Insn(rv_v            vfwnmacc.vv                                     [  ]vd,vs1,vs2,vm                           111101???????????001?????1010111                )
Insn(rv_v            vwsub.wx                                        [  ]vd,rs1,vs2,vm                           110111???????????110?????1010111                )
Insn(rv_v            vand.vv                                         [  ]vd,vs1,vs2,vm                           001001???????????000?????1010111                )
Insn(rv_v            vfredmin.vs                                     [  ]vd,vs1,vs2,vm                           000101???????????001?????1010111                )
Insn(rv_v            vfcvt.f.xu.v                                    [  ]vd,vs2,vm                               010010??????00010001?????1010111                )
Insn(rv_v            vmadc.vi                                        [  ]vd,simm5,vs2                            0100011??????????011?????1010111                )
Insn(rv_v            vl4re32.v                                       [  ]vd,rs1                                  011000101000?????110?????0000111                )
Insn(rv_v            vmandn.mm                                       [  ]vd,vs1,vs2                              0110001??????????010?????1010111                )
Insn(rv_v            vfwnmsac.vf                                     [  ]vd,rs1,vs2,vm                           111111???????????101?????1010111                )
Insn(rv_v            vfwcvt.f.f.v                                    [  ]vd,vs2,vm                               010010??????01100001?????1010111                )
Insn(rv_v            vfncvt.rtz.x.f.w                                [  ]vd,vs2,vm                               010010??????10111001?????1010111                )
Insn(rv_v            vfsgnj.vf                                       [  ]vd,rs1,vs2,vm                           001000???????????101?????1010111                )
Insn(rv_v            vfcvt.rtz.xu.f.v                                [  ]vd,vs2,vm                               010010??????00110001?????1010111                )
Insn(rv_v            vfredmax.vs                                     [  ]vd,vs1,vs2,vm                           000111???????????001?????1010111                )
Insn(rv_v            vmseq.vi                                        [  ]vd,simm5,vs2,vm                         011000???????????011?????1010111                )
Insn(rv_v            vmerge.vxm                                      [  ]vd,rs1,vs2                              0101110??????????100?????1010111                )
Insn(rv_v            vdiv.vx                                         [  ]vd,rs1,vs2,vm                           100001???????????110?????1010111                )
Insn(rv_v            vsse8.v                                         [  ]vs3,rs1,rs2,vm,nf                       ???010???????????000?????0100111                )
Insn(rv_v            vasubu.vv                                       [  ]vd,vs1,vs2,vm                           001010???????????010?????1010111                )
Insn(rv_v            vfmacc.vv                                       [  ]vd,vs1,vs2,vm                           101100???????????001?????1010111                )
Insn(rv_v            vfmsac.vv                                       [  ]vd,vs1,vs2,vm                           101110???????????001?????1010111                )
Insn(rv_v            vredmin.vs                                      [  ]vd,vs1,vs2,vm                           000101???????????010?????1010111                )
Insn(rv_v            vmsof.m                                         [  ]vd,vs2,vm                               010100??????00010010?????1010111                )
Insn(rv_v            vse16.v                                         [  ]vs3,rs1,vm,nf                           ???000?00000?????101?????0100111                )
Insn(rv_v            vfsgnjx.vf                                      [  ]vd,rs1,vs2,vm                           001010???????????101?????1010111                )
Insn(rv_v            vrem.vx                                         [  ]vd,rs1,vs2,vm                           100011???????????110?????1010111                )
Insn(rv_v            vsoxei32.v                                      [  ]vs3,rs1,vs2,vm,nf                       ???011???????????110?????0100111                )
Insn(rv_v            vluxei16.v                                      [  ]vd,rs1,vs2,vm,nf                        ???001???????????101?????0000111                )
Insn(rv_v            vfmsub.vf                                       [  ]vd,rs1,vs2,vm                           101010???????????101?????1010111                )
Insn(rv_v            vl1re16.v                                       [  ]vd,rs1                                  000000101000?????101?????0000111                )
Insn(rv_v            vmorn.mm                                        [  ]vd,vs1,vs2                              0111001??????????010?????1010111                )
Insn(rv_v            vsaddu.vv                                       [  ]vd,vs1,vs2,vm                           100000???????????000?????1010111                )
Insn(rv_v            vl1re8.v                                        [  ]vd,rs1                                  000000101000?????000?????0000111                )
Insn(rv_v            vsoxei16.v                                      [  ]vs3,rs1,vs2,vm,nf                       ???011???????????101?????0100111                )
Insn(rv_v            vfmadd.vv                                       [  ]vd,vs1,vs2,vm                           101000???????????001?????1010111                )
Insn(rv_v            vsext.vf8                                       [  ]vd,vs2,vm                               010010??????00011010?????1010111                )
Insn(rv_v            vloxei64.v                                      [  ]vd,rs1,vs2,vm,nf                        ???011???????????111?????0000111                )
Insn(rv_v            vle32ff.v                                       [  ]vd,rs1,vm,nf                            ???000?10000?????110?????0000111                )
Insn(rv_v            vmul.vx                                         [  ]vd,rs1,vs2,vm                           100101???????????110?????1010111                )
Insn(rv_v            vrsub.vx                                        [  ]vd,rs1,vs2,vm                           000011???????????100?????1010111                )
Insn(rv_v            vluxei64.v                                      [  ]vd,rs1,vs2,vm,nf                        ???001???????????111?????0000111                )
Insn(rv_v            vl2re64.v                                       [  ]vd,rs1                                  001000101000?????111?????0000111                )
Insn(rv_v            vmv1r.v                                         [  ]vd,vs2                                  1001111?????00000011?????1010111                )
Insn(rv_v            vmulh.vv                                        [  ]vd,vs1,vs2,vm                           100111???????????010?????1010111                )
Insn(rv_v            vsse32.v                                        [  ]vs3,rs1,rs2,vm,nf                       ???010???????????110?????0100111                )
Insn(rv_v            vssrl.vi                                        [  ]vd,simm5,vs2,vm                         101010???????????011?????1010111                )
Insn(rv_v            vfwnmacc.vf                                     [  ]vd,rs1,vs2,vm                           111101???????????101?????1010111                )
Insn(rv_v            vmsne.vv                                        [  ]vd,vs1,vs2,vm                           011001???????????000?????1010111                )
Insn(rv_v            vmulhu.vx                                       [  ]vd,rs1,vs2,vm                           100100???????????110?????1010111                )
Insn(rv_v            vfmadd.vf                                       [  ]vd,rs1,vs2,vm                           101000???????????101?????1010111                )
Insn(rv_v            vsbc.vvm                                        [  ]vd,vs1,vs2                              0100100??????????000?????1010111                )
Insn(rv_v            vfwcvt.f.x.v                                    [  ]vd,vs2,vm                               010010??????01011001?????1010111                )
Insn(rv_v            vmadc.vx                                        [  ]vd,rs1,vs2                              0100011??????????100?????1010111                )
Insn(rv_v            vwsub.wv                                        [  ]vd,vs1,vs2,vm                           110111???????????010?????1010111                )
Insn(rv_v            vnclip.wi                                       [  ]vd,simm5,vs2,vm                         101111???????????011?????1010111                )
Insn(rv_v            vaaddu.vv                                       [  ]vd,vs1,vs2,vm                           001000???????????010?????1010111                )
Insn(rv_v            vslidedown.vi                                   [  ]vd,simm5,vs2,vm                         001111???????????011?????1010111                )
Insn(rv_v            vssubu.vv                                       [  ]vd,vs1,vs2,vm                           100010???????????000?????1010111                )
Insn(rv_v            vfmax.vv                                        [  ]vd,vs1,vs2,vm                           000110???????????001?????1010111                )
Insn(rv_v            vfmax.vf                                        [  ]vd,rs1,vs2,vm                           000110???????????101?????1010111                )
Insn(rv_v            vfmv.v.f                                        [  ]vd,rs1                                  010111100000?????101?????1010111                )
Insn(rv_v            vmsbc.vvm                                       [  ]vd,vs1,vs2                              0100110??????????000?????1010111                )
Insn(rv_v            vmsleu.vx                                       [  ]vd,rs1,vs2,vm                           011100???????????100?????1010111                )
Insn(rv_v            vzext.vf8                                       [  ]vd,vs2,vm                               010010??????00010010?????1010111                )
Insn(rv_v            vfnmacc.vf                                      [  ]vd,rs1,vs2,vm                           101101???????????101?????1010111                )
Insn(rv_v            vmacc.vv                                        [  ]vd,vs1,vs2,vm                           101101???????????010?????1010111                )
Insn(rv_v            vfmerge.vfm                                     [  ]vd,rs1,vs2                              0101110??????????101?????1010111                )
Insn(rv_v            vssub.vx                                        [  ]vd,rs1,vs2,vm                           100011???????????100?????1010111                )
Insn(rv_v            vmsle.vx                                        [  ]vd,rs1,vs2,vm                           011101???????????100?????1010111                )
Insn(rv_v            vwmacc.vv                                       [  ]vd,vs1,vs2,vm                           111101???????????010?????1010111                )
Insn(rv_v            vmv4r.v                                         [  ]vd,vs2                                  1001111?????00011011?????1010111                )
Insn(rv_v            vsetvl                                          [R ]rd,rs1,rs2                              1000000??????????111?????1010111                )
Insn(rv_v            vfnmsac.vv                                      [  ]vd,vs1,vs2,vm                           101111???????????001?????1010111                )
Insn(rv_v            vmaxu.vx                                        [  ]vd,rs1,vs2,vm                           000110???????????100?????1010111                )
Insn(rv_v            vfsgnj.vv                                       [  ]vd,vs1,vs2,vm                           001000???????????001?????1010111                )
Insn(rv_v            vsm.v                                           [  ]vs3,rs1                                 000000101011?????000?????0100111                )
Insn(rv_v            vaaddu.vx                                       [  ]vd,rs1,vs2,vm                           001000???????????110?????1010111                )
Insn(rv_v            vsrl.vx                                         [  ]vd,rs1,vs2,vm                           101000???????????100?????1010111                )
Insn(rv_v            vsuxei64.v                                      [  ]vs3,rs1,vs2,vm,nf                       ???001???????????111?????0100111                )
Insn(rv_v            vrem.vv                                         [  ]vd,vs1,vs2,vm                           100011???????????010?????1010111                )
Insn(rv_v            vle32.v                                         [  ]vd,rs1,vm,nf                            ???000?00000?????110?????0000111                )
Insn(rv_v            vmseq.vv                                        [  ]vd,vs1,vs2,vm                           011000???????????000?????1010111                )
Insn(rv_v            vsoxei64.v                                      [  ]vs3,rs1,vs2,vm,nf                       ???011???????????111?????0100111                )
Insn(rv_v            vwmulsu.vx                                      [  ]vd,rs1,vs2,vm                           111010???????????110?????1010111                )
Insn(rv_v            vslideup.vx                                     [  ]vd,rs1,vs2,vm                           001110???????????100?????1010111                )
Insn(rv_v            vremu.vx                                        [  ]vd,rs1,vs2,vm                           100010???????????110?????1010111                )
Insn(rv_v            vfwmsac.vf                                      [  ]vd,rs1,vs2,vm                           111110???????????101?????1010111                )
Insn(rv_v            vsoxei8.v                                       [  ]vs3,rs1,vs2,vm,nf                       ???011???????????000?????0100111                )
Insn(rv_v            vredand.vs                                      [  ]vd,vs1,vs2,vm                           000001???????????010?????1010111                )
Insn(rv_v            vmulh.vx                                        [  ]vd,rs1,vs2,vm                           100111???????????110?????1010111                )
Insn(rv_v            vluxei8.v                                       [  ]vd,rs1,vs2,vm,nf                        ???001???????????000?????0000111                )
Insn(rv_v            vmfle.vf                                        [  ]vd,rs1,vs2,vm                           011001???????????101?????1010111                )
Insn(rv_v            vmadc.vim                                       [  ]vd,simm5,vs2                            0100010??????????011?????1010111                )
Insn(rv_v            vssub.vv                                        [  ]vd,vs1,vs2,vm                           100011???????????000?????1010111                )
Insn(rv_v            vsuxei32.v                                      [  ]vs3,rs1,vs2,vm,nf                       ???001???????????110?????0100111                )
Insn(rv_v            vremu.vv                                        [  ]vd,vs1,vs2,vm                           100010???????????010?????1010111                )
Insn(rv_v            vadd.vi                                         [  ]vd,simm5,vs2,vm                         000000???????????011?????1010111                )
Insn(rv_v            vdivu.vv                                        [  ]vd,vs1,vs2,vm                           100000???????????010?????1010111                )
Insn(rv_v            vand.vx                                         [  ]vd,rs1,vs2,vm                           001001???????????100?????1010111                )
Insn(rv_v            vsrl.vv                                         [  ]vd,vs1,vs2,vm                           101000???????????000?????1010111                )
Insn(rv_v            vl4re8.v                                        [  ]vd,rs1                                  011000101000?????000?????0000111                )
Insn(rv_v            vzext.vf4                                       [  ]vd,vs2,vm                               010010??????00100010?????1010111                )
Insn(rv_v            vfwsub.vv                                       [  ]vd,vs1,vs2,vm                           110010???????????001?????1010111                )
Insn(rv_v            vsadd.vx                                        [  ]vd,rs1,vs2,vm                           100001???????????100?????1010111                )
Insn(rv_v            vfslide1down.vf                                 [  ]vd,rs1,vs2,vm                           001111???????????101?????1010111                )
Insn(rv_v            vrgather.vx                                     [  ]vd,rs1,vs2,vm                           001100???????????100?????1010111                )
Insn(rv_v            vssra.vx                                        [  ]vd,rs1,vs2,vm                           101011???????????100?????1010111                )
Insn(rv_v            vfwcvt.rtz.xu.f.v                               [  ]vd,vs2,vm                               010010??????01110001?????1010111                )
Insn(rv_v            vadc.vvm                                        [  ]vd,vs1,vs2                              0100000??????????000?????1010111                )
Insn(rv_v            vdivu.vx                                        [  ]vd,rs1,vs2,vm                           100000???????????110?????1010111                )
Insn(rv_v            vmfgt.vf                                        [  ]vd,rs1,vs2,vm                           011101???????????101?????1010111                )
Insn(rv_v            vfncvt.rod.f.f.w                                [  ]vd,vs2,vm                               010010??????10101001?????1010111                )
Insn(rv_v            vmadd.vx                                        [  ]vd,rs1,vs2,vm                           101001???????????110?????1010111                )
Insn(rv_v            vl2re16.v                                       [  ]vd,rs1                                  001000101000?????101?????0000111                )
Insn(rv_v            vnsrl.wx                                        [  ]vd,rs1,vs2,vm                           101100???????????100?????1010111                )
Insn(rv_v            vsmul.vx                                        [  ]vd,rs1,vs2,vm                           100111???????????100?????1010111                )
Insn(rv_v            vfwsub.wv                                       [  ]vd,vs1,vs2,vm                           110110???????????001?????1010111                )
Insn(rv_v            vfdiv.vv                                        [  ]vd,vs1,vs2,vm                           100000???????????001?????1010111                )
Insn(rv_v            vsse64.v                                        [  ]vs3,rs1,rs2,vm,nf                       ???010???????????111?????0100111                )
Insn(rv_v            vfwsub.wf                                       [  ]vd,rs1,vs2,vm                           110110???????????101?????1010111                )
Insn(rv_v            vwadd.vx                                        [  ]vd,rs1,vs2,vm                           110001???????????110?????1010111                )
Insn(rv_v            vslide1up.vx                                    [  ]vd,rs1,vs2,vm                           001110???????????110?????1010111                )
Insn(rv_v            vfwredosum.vs                                   [  ]vd,vs1,vs2,vm                           110011???????????001?????1010111                )
Insn(rv_v            vnmsub.vx                                       [  ]vd,rs1,vs2,vm                           101011???????????110?????1010111                )
Insn(rv_v            vle16.v                                         [  ]vd,rs1,vm,nf                            ???000?00000?????101?????0000111                )
Insn(rv_v            vmsgt.vx                                        [  ]vd,rs1,vs2,vm                           011111???????????100?????1010111                )
Insn(rv_v            vfwcvt.xu.f.v                                   [  ]vd,vs2,vm                               010010??????01000001?????1010111                )
Insn(rv_v            vfwmul.vv                                       [  ]vd,vs1,vs2,vm                           111000???????????001?????1010111                )
Insn(rv_v            vs4r.v                                          [  ]vs3,rs1                                 011000101000?????000?????0100111                )
Insn(rv_v            vasub.vv                                        [  ]vd,vs1,vs2,vm                           001011???????????010?????1010111                )
Insn(rv_v            vl8re16.v                                       [  ]vd,rs1                                  111000101000?????101?????0000111                )
Insn(rv_v            vsub.vx                                         [  ]vd,rs1,vs2,vm                           000010???????????100?????1010111                )
Insn(rv_v            vmsgt.vi                                        [  ]vd,simm5,vs2,vm                         011111???????????011?????1010111                )
Insn(rv_v            vfncvt.rtz.xu.f.w                               [  ]vd,vs2,vm                               010010??????10110001?????1010111                )
Insn(rv_v            vmadd.vv                                        [  ]vd,vs1,vs2,vm                           101001???????????010?????1010111                )
Insn(rv_v            vwaddu.wv                                       [  ]vd,vs1,vs2,vm                           110100???????????010?????1010111                )
Insn(rv_v            vmsbc.vv                                        [  ]vd,vs1,vs2                              0100111??????????000?????1010111                )
Insn(rv_v            vfmul.vf                                        [  ]vd,rs1,vs2,vm                           100100???????????101?????1010111                )
Insn(rv_v            vfcvt.rtz.x.f.v                                 [  ]vd,vs2,vm                               010010??????00111001?????1010111                )
Insn(rv_v            vmsle.vi                                        [  ]vd,simm5,vs2,vm                         011101???????????011?????1010111                )
Insn(rv_v            vid.v                                           [  ]vd,vm                                   010100?0000010001010?????1010111                )
Insn(rv_v            vfsgnjn.vf                                      [  ]vd,rs1,vs2,vm                           001001???????????101?????1010111                )
Insn(rv_v            vfncvt.f.x.w                                    [  ]vd,vs2,vm                               010010??????10011001?????1010111                )
Insn(rv_v            vmsgtu.vx                                       [  ]vd,rs1,vs2,vm                           011110???????????100?????1010111                )
Insn(rv_v            vfmsac.vf                                       [  ]vd,rs1,vs2,vm                           101110???????????101?????1010111                )
Insn(rv_v            vmfle.vv                                        [  ]vd,vs1,vs2,vm                           011001???????????001?????1010111                )
Insn(rv_v            vmulhsu.vv                                      [  ]vd,vs1,vs2,vm                           100110???????????010?????1010111                )
Insn(rv_v            vfmv.f.s                                        [  ]rd,vs2                                  0100001?????00000001?????1010111                )
Insn(rv_v            vle16ff.v                                       [  ]vd,rs1,vm,nf                            ???000?10000?????101?????0000111                )
Insn(rv_v            vl4re64.v                                       [  ]vd,rs1                                  011000101000?????111?????0000111                )
Insn(rv_v            vmadc.vv                                        [  ]vd,vs1,vs2                              0100011??????????000?????1010111                )
Insn(rv_v            vrgather.vv                                     [  ]vd,vs1,vs2,vm                           001100???????????000?????1010111                )
Insn(rv_v            vsbc.vxm                                        [  ]vd,rs1,vs2                              0100100??????????100?????1010111                )
Insn(rv_v            vfncvt.f.xu.w                                   [  ]vd,vs2,vm                               010010??????10010001?????1010111                )
Insn(rv_v            vmul.vv                                         [  ]vd,vs1,vs2,vm                           100101???????????010?????1010111                )
Insn(rv_v            vredor.vs                                       [  ]vd,vs1,vs2,vm                           000010???????????010?????1010111                )
Insn(rv_v            vmin.vx                                         [  ]vd,rs1,vs2,vm                           000101???????????100?????1010111                )
Insn(rv_v            vrsub.vi                                        [  ]vd,simm5,vs2,vm                         000011???????????011?????1010111                )
Insn(rv_v            vmsleu.vv                                       [  ]vd,vs1,vs2,vm                           011100???????????000?????1010111                )
Insn(rv_v            vfmacc.vf                                       [  ]vd,rs1,vs2,vm                           101100???????????101?????1010111                )
Insn(rv_v            vwsubu.wv                                       [  ]vd,vs1,vs2,vm                           110110???????????010?????1010111                )
Insn(rv_v            vmaxu.vv                                        [  ]vd,vs1,vs2,vm                           000110???????????000?????1010111                )
Insn(rv_v            vloxei16.v                                      [  ]vd,rs1,vs2,vm,nf                        ???011???????????101?????0000111                )
Insn(rv_v            vmfeq.vv                                        [  ]vd,vs1,vs2,vm                           011000???????????001?????1010111                )
Insn(rv_v            vle64ff.v                                       [  ]vd,rs1,vm,nf                            ???000?10000?????111?????0000111                )
Insn(rv_v            vmerge.vvm                                      [  ]vd,vs1,vs2                              0101110??????????000?????1010111                )
Insn(rv_v            vadc.vxm                                        [  ]vd,rs1,vs2                              0100000??????????100?????1010111                )
Insn(rv_v            vdiv.vv                                         [  ]vd,vs1,vs2,vm                           100001???????????010?????1010111                )
Insn(rv_v            vs2r.v                                          [  ]vs3,rs1                                 001000101000?????000?????0100111                )
Insn(rv_v            vaadd.vx                                        [  ]vd,rs1,vs2,vm                           001001???????????110?????1010111                )
Insn(rv_v            vmsbf.m                                         [  ]vd,vs2,vm                               010100??????00001010?????1010111                )
Insn(rv_v            vslide1down.vx                                  [  ]vd,rs1,vs2,vm                           001111???????????110?????1010111                )
Insn(rv_v            vmacc.vx                                        [  ]vd,rs1,vs2,vm                           101101???????????110?????1010111                )
Insn(rv_v            vsse16.v                                        [  ]vs3,rs1,rs2,vm,nf                       ???010???????????101?????0100111                )
Insn(rv_v            vle64.v                                         [  ]vd,rs1,vm,nf                            ???000?00000?????111?????0000111                )
Insn(rv_v            vlse16.v                                        [  ]vd,rs1,rs2,vm,nf                        ???010???????????101?????0000111                )
Insn(rv_v            vmin.vv                                         [  ]vd,vs1,vs2,vm                           000101???????????000?????1010111                )
Insn(rv_v            vmv.v.i                                         [  ]vd,simm5                                010111100000?????011?????1010111                )
Insn(rv_v            vse32.v                                         [  ]vs3,rs1,vm,nf                           ???000?00000?????110?????0100111                )
Insn(rv_v            vslidedown.vx                                   [  ]vd,rs1,vs2,vm                           001111???????????100?????1010111                )
Insn(rv_v            vl1re32.v                                       [  ]vd,rs1                                  000000101000?????110?????0000111                )
Insn(rv_v            vmv.x.s                                         [  ]rd,vs2                                  0100001?????00000010?????1010111                )
Insn(rv_v            vlse8.v                                         [  ]vd,rs1,rs2,vm,nf                        ???010???????????000?????0000111                )
Insn(rv_v            vsuxei8.v                                       [  ]vs3,rs1,vs2,vm,nf                       ???001???????????000?????0100111                )
Insn(rv_v            vnclipu.wi                                      [  ]vd,simm5,vs2,vm                         101110???????????011?????1010111                )
Insn(rv_v            vwmaccu.vx                                      [  ]vd,rs1,vs2,vm                           111100???????????110?????1010111                )
Insn(rv_v            vluxei32.v                                      [  ]vd,rs1,vs2,vm,nf                        ???001???????????110?????0000111                )
Insn(rv_v            vwmul.vv                                        [  ]vd,vs1,vs2,vm                           111011???????????010?????1010111                )
Insn(rv_v            vfncvt.x.f.w                                    [  ]vd,vs2,vm                               010010??????10001001?????1010111                )
Insn(rv_v            vse8.v                                          [  ]vs3,rs1,vm,nf                           ???000?00000?????000?????0100111                )
Insn(rv_v            vaadd.vv                                        [  ]vd,vs1,vs2,vm                           001001???????????010?????1010111                )
Insn(rv_v            vsra.vv                                         [  ]vd,vs1,vs2,vm                           101001???????????000?????1010111                )
Insn(rv_v            vnsra.wi                                        [  ]vd,simm5,vs2,vm                         101101???????????011?????1010111                )
Insn(rv_v            vnclip.wv                                       [  ]vd,vs1,vs2,vm                           101111???????????000?????1010111                )
Insn(rv_v            vs1r.v                                          [  ]vs3,rs1                                 000000101000?????000?????0100111                )
Insn(rv_v            vmflt.vv                                        [  ]vd,vs1,vs2,vm                           011011???????????001?????1010111                )
Insn(rv_v            vsll.vx                                         [  ]vd,rs1,vs2,vm                           100101???????????100?????1010111                )
Insn(rv_v            vfadd.vf                                        [  ]vd,rs1,vs2,vm                           000000???????????101?????1010111                )
Insn(rv_v            vfncvt.xu.f.w                                   [  ]vd,vs2,vm                               010010??????10000001?????1010111                )
Insn(rv_v            vwadd.vv                                        [  ]vd,vs1,vs2,vm                           110001???????????010?????1010111                )
Insn(rv_v            vssubu.vx                                       [  ]vd,rs1,vs2,vm                           100010???????????100?????1010111                )
Insn(rv_v            vfcvt.x.f.v                                     [  ]vd,vs2,vm                               010010??????00001001?????1010111                )
Insn(rv_v            vfncvt.f.f.w                                    [  ]vd,vs2,vm                               010010??????10100001?????1010111                )
Insn(rv_v            vxor.vv                                         [  ]vd,vs1,vs2,vm                           001011???????????000?????1010111                )
Insn(rv_v            vmsif.m                                         [  ]vd,vs2,vm                               010100??????00011010?????1010111                )
Insn(rv_v            vssrl.vx                                        [  ]vd,rs1,vs2,vm                           101010???????????100?????1010111                )
Insn(rv_v            vwaddu.vx                                       [  ]vd,rs1,vs2,vm                           110000???????????110?????1010111                )
Insn(rv_v            vmv.v.x                                         [  ]vd,rs1                                  010111100000?????100?????1010111                )
Insn(rv_v            vsra.vi                                         [  ]vd,simm5,vs2,vm                         101001???????????011?????1010111                )
Insn(rv_v            vmsleu.vi                                       [  ]vd,simm5,vs2,vm                         011100???????????011?????1010111                )
Insn(rv_v            vnsra.wx                                        [  ]vd,rs1,vs2,vm                           101101???????????100?????1010111                )
Insn(rv_v            vmadc.vxm                                       [  ]vd,rs1,vs2                              0100010??????????100?????1010111                )
Insn(rv_v            vminu.vx                                        [  ]vd,rs1,vs2,vm                           000100???????????100?????1010111                )
Insn(rv_v            vor.vi                                          [  ]vd,simm5,vs2,vm                         001010???????????011?????1010111                )
Insn(rv_v            vfirst.m                                        [  ]rd,vs2,vm                               010000??????10001010?????1010111                )
Insn(rv_v            vsadd.vi                                        [  ]vd,simm5,vs2,vm                         100001???????????011?????1010111                )
Insn(rv_v            vle8.v                                          [  ]vd,rs1,vm,nf                            ???000?00000?????000?????0000111                )
Insn(rv_v            vwmacc.vx                                       [  ]vd,rs1,vs2,vm                           111101???????????110?????1010111                )
Insn(rv_v            vmseq.vx                                        [  ]vd,rs1,vs2,vm                           011000???????????100?????1010111                )
Insn(rv_v            vfclass.v                                       [  ]vd,vs2,vm                               010011??????10000001?????1010111                )
Insn(rv_v            vmfge.vf                                        [  ]vd,rs1,vs2,vm                           011111???????????101?????1010111                )
Insn(rv_v            vfsgnjn.vv                                      [  ]vd,vs1,vs2,vm                           001001???????????001?????1010111                )
Insn(rv_v            vmand.mm                                        [  ]vd,vs1,vs2                              0110011??????????010?????1010111                )
Insn(rv_v            vadd.vv                                         [  ]vd,vs1,vs2,vm                           000000???????????000?????1010111                )
Insn(rv_v            vmxor.mm                                        [  ]vd,vs1,vs2                              0110111??????????010?????1010111                )
Insn(rv_v            vsll.vi                                         [  ]vd,simm5,vs2,vm                         100101???????????011?????1010111                )
Insn(rv_v            vfsgnjx.vv                                      [  ]vd,vs1,vs2,vm                           001010???????????001?????1010111                )
Insn(rv_v            vfdiv.vf                                        [  ]vd,rs1,vs2,vm                           100000???????????101?????1010111                )
Insn(rv_v            vse64.v                                         [  ]vs3,rs1,vm,nf                           ???000?00000?????111?????0100111                )
Insn(rv_v            vmfne.vf                                        [  ]vd,rs1,vs2,vm                           011100???????????101?????1010111                )
Insn(rv_v            vfmul.vv                                        [  ]vd,vs1,vs2,vm                           100100???????????001?????1010111                )
Insn(rv_v            vmv.v.v                                         [  ]vd,vs1                                  010111100000?????000?????1010111                )
Insn(rv_v            vsaddu.vi                                       [  ]vd,simm5,vs2,vm                         100000???????????011?????1010111                )
Insn(rv_v            vlm.v                                           [  ]vd,rs1                                  000000101011?????000?????0000111                )
Insn(rv_v            vfcvt.xu.f.v                                    [  ]vd,vs2,vm                               010010??????00000001?????1010111                )
Insn(rv_v            vfredosum.vs                                    [  ]vd,vs1,vs2,vm                           000011???????????001?????1010111                )
Insn(rv_v            vmax.vv                                         [  ]vd,vs1,vs2,vm                           000111???????????000?????1010111                )
Insn(rv_v            vfwcvt.f.xu.v                                   [  ]vd,vs2,vm                               010010??????01010001?????1010111                )
Insn(rv_v            vwaddu.vv                                       [  ]vd,vs1,vs2,vm                           110000???????????010?????1010111                )
Insn(rv_zabha        amomaxu.h                                       [  ]rd,rs1,rs2,rl,aq                        11100????????????001?????0101111                )
Insn(rv_zabha        amoand.b                                        [  ]rd,rs1,rs2,rl,aq                        01100????????????000?????0101111                )
Insn(rv_zabha        amomax.h                                        [  ]rd,rs1,rs2,rl,aq                        10100????????????001?????0101111                )
Insn(rv_zabha        amomin.h                                        [  ]rd,rs1,rs2,rl,aq                        10000????????????001?????0101111                )
Insn(rv_zabha        amomaxu.b                                       [  ]rd,rs1,rs2,rl,aq                        11100????????????000?????0101111                )
Insn(rv_zabha        amoxor.h                                        [  ]rd,rs1,rs2,rl,aq                        00100????????????001?????0101111                )
Insn(rv_zabha        amoadd.h                                        [  ]rd,rs1,rs2,rl,aq                        00000????????????001?????0101111                )
Insn(rv_zabha        amominu.h                                       [  ]rd,rs1,rs2,rl,aq                        11000????????????001?????0101111                )
Insn(rv_zabha        amoand.h                                        [  ]rd,rs1,rs2,rl,aq                        01100????????????001?????0101111                )
Insn(rv_zabha        amoxor.b                                        [  ]rd,rs1,rs2,rl,aq                        00100????????????000?????0101111                )
Insn(rv_zabha        amomax.b                                        [  ]rd,rs1,rs2,rl,aq                        10100????????????000?????0101111                )
Insn(rv_zabha        amominu.b                                       [  ]rd,rs1,rs2,rl,aq                        11000????????????000?????0101111                )
Insn(rv_zabha        amoadd.b                                        [  ]rd,rs1,rs2,rl,aq                        00000????????????000?????0101111                )
Insn(rv_zabha        amocas.b                                        [  ]rd,rs1,rs2,rl,aq                        00101????????????000?????0101111                )
Insn(rv_zabha        amoswap.b                                       [  ]rd,rs1,rs2,rl,aq                        00001????????????000?????0101111                )
Insn(rv_zabha        amoor.h                                         [  ]rd,rs1,rs2,rl,aq                        01000????????????001?????0101111                )
Insn(rv_zabha        amomin.b                                        [  ]rd,rs1,rs2,rl,aq                        10000????????????000?????0101111                )
Insn(rv_zabha        amocas.h                                        [  ]rd,rs1,rs2,rl,aq                        00101????????????001?????0101111                )
Insn(rv_zabha        amoswap.h                                       [  ]rd,rs1,rs2,rl,aq                        00001????????????001?????0101111                )
Insn(rv_zabha        amoor.b                                         [  ]rd,rs1,rs2,rl,aq                        01000????????????000?????0101111                )
Insn(rv_zacas        amocas.d                                        [  ]rd,rs1,rs2,rl,aq                        00101????????????011?????0101111                )
Insn(rv_zacas        amocas.w                                        [  ]rd,rs1,rs2,rl,aq                        00101????????????010?????0101111                )
Insn(rv64_zacas      amocas.q                                        [  ]rd,rs1,rs2,rl,aq                        00101????????????100?????0101111                )
Insn(rv_zawrs        wrs.sto                                         [  ]                                        00000001110100000000000001110011                )
Insn(rv_zawrs        wrs.nto                                         [  ]                                        00000000110100000000000001110011                )
Insn(rv_zba          sh3add                                          [R ]rd,rs1,rs2                              0010000??????????110?????0110011                )
Insn(rv_zba          sh2add                                          [R ]rd,rs1,rs2                              0010000??????????100?????0110011                )
Insn(rv_zba          sh1add                                          [R ]rd,rs1,rs2                              0010000??????????010?????0110011                )
Insn(rv64_zba        add.uw                                          [R ]rd,rs1,rs2                              0000100??????????000?????0111011                )
Insn(rv64_zba        sh1add.uw                                       [R ]rd,rs1,rs2                              0010000??????????010?????0111011                )
Insn(rv64_zba        sh2add.uw                                       [R ]rd,rs1,rs2                              0010000??????????100?????0111011                )
Insn(rv64_zba        slli.uw                                         [  ]rd,rs1,shamtd                           000010???????????001?????0011011                )
Insn(rv64_zba        sh3add.uw                                       [R ]rd,rs1,rs2                              0010000??????????110?????0111011                )
Insn(rv_zbb          max                                             [R ]rd,rs1,rs2                              0000101??????????110?????0110011                )
Insn(rv_zbb          cpop                                            [  ]rd,rs1                                  011000000010?????001?????0010011                )
Insn(rv_zbb          sext.b                                          [  ]rd,rs1                                  011000000100?????001?????0010011                )
Insn(rv_zbb          min                                             [R ]rd,rs1,rs2                              0000101??????????100?????0110011                )
Insn(rv_zbb          andn                                            [R ]rd,rs1,rs2                              0100000??????????111?????0110011                [import to rv_zbkb,rv_zk,rv_zkn,rv_zks])
Insn(rv_zbb          sext.h                                          [  ]rd,rs1                                  011000000101?????001?????0010011                )
Insn(rv_zbb          xnor                                            [R ]rd,rs1,rs2                              0100000??????????100?????0110011                [import to rv_zbkb,rv_zk,rv_zkn,rv_zks])
Insn(rv_zbb          clz                                             [  ]rd,rs1                                  011000000000?????001?????0010011                )
Insn(rv_zbb          maxu                                            [R ]rd,rs1,rs2                              0000101??????????111?????0110011                )
Insn(rv_zbb          orn                                             [R ]rd,rs1,rs2                              0100000??????????110?????0110011                [import to rv_zbkb,rv_zk,rv_zkn,rv_zks])
Insn(rv_zbb          ror                                             [R ]rd,rs1,rs2                              0110000??????????101?????0110011                [import to rv_zbkb,rv_zk,rv_zkn,rv_zks])
Insn(rv_zbb          minu                                            [R ]rd,rs1,rs2                              0000101??????????101?????0110011                )
Insn(rv_zbb          ctz                                             [  ]rd,rs1                                  011000000001?????001?????0010011                )
Insn(rv_zbb          rol                                             [R ]rd,rs1,rs2                              0110000??????????001?????0110011                [import to rv_zbkb,rv_zk,rv_zkn,rv_zks])
Insn(rv64_zbb        rolw                                            [R ]rd,rs1,rs2                              0110000??????????001?????0111011                [import to rv64_zbkb,rv64_zk,rv64_zkn,rv64_zks])
Insn(rv64_zbb        ctzw                                            [  ]rd,rs1                                  011000000001?????001?????0011011                )
Insn(rv64_zbb        cpopw                                           [  ]rd,rs1                                  011000000010?????001?????0011011                )
Insn(rv64_zbb        rori                                            [  ]rd,rs1,shamtd                           011000???????????101?????0010011                [import to rv64_zbkb,rv64_zk,rv64_zkn,rv64_zks])
Insn(rv64_zbb        roriw                                           [  ]rd,rs1,shamtw                           0110000??????????101?????0011011                [import to rv64_zbkb,rv64_zk,rv64_zkn,rv64_zks])
Insn(rv64_zbb        rorw                                            [R ]rd,rs1,rs2                              0110000??????????101?????0111011                [import to rv64_zbkb,rv64_zk,rv64_zkn,rv64_zks])
Insn(rv64_zbb        clzw                                            [  ]rd,rs1                                  011000000000?????001?????0011011                )
Insn(rv_zbc          clmul                                           [R ]rd,rs1,rs2                              0000101??????????001?????0110011                [import to rv_zbkc,rv_zk,rv_zkn,rv_zks])
Insn(rv_zbc          clmulh                                          [R ]rd,rs1,rs2                              0000101??????????011?????0110011                [import to rv_zbkc,rv_zk,rv_zkn,rv_zks])
Insn(rv_zbc          clmulr                                          [R ]rd,rs1,rs2                              0000101??????????010?????0110011                )
Insn(rv_zbkb         packh                                           [R ]rd,rs1,rs2                              0000100??????????111?????0110011                [import to rv_zk,rv_zkn,rv_zks])
Insn(rv_zbkb         pack                                            [R ]rd,rs1,rs2                              0000100??????????100?????0110011                [import to rv_zk,rv_zkn,rv_zks])
Insn(rv64_zbkb       packw                                           [R ]rd,rs1,rs2                              0000100??????????100?????0111011                [import to rv64_zk,rv64_zkn,rv64_zks])
Insn(rv_zbkx         xperm4                                          [R ]rd,rs1,rs2                              0010100??????????010?????0110011                [import to rv_zk,rv_zkn,rv_zks])
Insn(rv_zbkx         xperm8                                          [R ]rd,rs1,rs2                              0010100??????????100?????0110011                [import to rv_zk,rv_zkn,rv_zks])
Insn(rv_zbs          bset                                            [R ]rd,rs1,rs2                              0010100??????????001?????0110011                )
Insn(rv_zbs          binv                                            [R ]rd,rs1,rs2                              0110100??????????001?????0110011                )
Insn(rv_zbs          bclr                                            [R ]rd,rs1,rs2                              0100100??????????001?????0110011                )
Insn(rv_zbs          bext                                            [R ]rd,rs1,rs2                              0100100??????????101?????0110011                )
Insn(rv64_zbs        bexti                                           [  ]rd,rs1,shamtd                           010010???????????101?????0010011                )
Insn(rv64_zbs        bseti                                           [  ]rd,rs1,shamtd                           001010???????????001?????0010011                )
Insn(rv64_zbs        binvi                                           [  ]rd,rs1,shamtd                           011010???????????001?????0010011                )
Insn(rv64_zbs        bclri                                           [  ]rd,rs1,shamtd                           010010???????????001?????0010011                )
Insn(rv_zcb          c.sext.b                                        [  ]rd_rs1_p                                ????????????????100111???1100101                )
Insn(rv_zcb          c.lh                                            [  ]rd_p,c_uimm1,rs1_p                      ????????????????100001???1????00                )
Insn(rv_zcb          c.lbu                                           [  ]rd_p,c_uimm2,rs1_p                      ????????????????100000????????00                )
Insn(rv_zcb          c.lhu                                           [  ]rd_p,c_uimm1,rs1_p                      ????????????????100001???0????00                )
Insn(rv_zcb          c.zext.h                                        [  ]rd_rs1_p                                ????????????????100111???1101001                )
Insn(rv_zcb          c.not                                           [  ]rd_rs1_p                                ????????????????100111???1110101                )
Insn(rv_zcb          c.zext.b                                        [  ]rd_rs1_p                                ????????????????100111???1100001                )
Insn(rv_zcb          c.sext.h                                        [  ]rd_rs1_p                                ????????????????100111???1101101                )
Insn(rv_zcb          c.sh                                            [  ]rs2_p,c_uimm1,rs1_p                     ????????????????100011???0????00                )
Insn(rv_zcb          c.sb                                            [  ]rs2_p,c_uimm2,rs1_p                     ????????????????100010????????00                )
Insn(rv_zcb          c.mul                                           [  ]rs2_p,rd_rs1_p                          ????????????????100111???10???01                )
Insn(rv64_zcb        c.zext.w                                        [  ]rd_rs1_p                                ????????????????100111???1110001                )
Insn(rv_zcmop        c.mop.N                                         [  ]                                        ????????????????01100???10000001                )
Insn(rv_zcmp         cm.popret                                       [  ]c_spimm,c_rlist                         ????????????????10111110??????10                )
Insn(rv_zcmp         cm.mva01s                                       [  ]c_sreg2,c_sreg1                         ????????????????101011???11???10                )
Insn(rv_zcmp         cm.pop                                          [  ]c_spimm,c_rlist                         ????????????????10111010??????10                )
Insn(rv_zcmp         cm.popretz                                      [  ]c_spimm,c_rlist                         ????????????????10111100??????10                )
Insn(rv_zcmp         cm.push                                         [  ]c_spimm,c_rlist                         ????????????????10111000??????10                )
Insn(rv_zcmp         cm.mvsa01                                       [  ]c_sreg2,c_sreg1                         ????????????????101011???01???10                )
Insn(rv_zcmt         cm.jalt                                         [  ]c_index                                 ????????????????101000????????10                )
Insn(rv_zfh          feq.h                                           [R ]rd,rs1,rs2                              1010010??????????010?????1010011                )
Insn(rv_zfh          fsgnjx.h                                        [R ]rd,rs1,rs2                              0010010??????????010?????1010011                )
Insn(rv_zfh          fcvt.w.h                                        [  ]rd,rm,rs1                               110001000000?????????????1010011                )
Insn(rv_zfh          fcvt.h.s                                        [  ]rd,rm,rs1                               010001000000?????????????1010011                )
Insn(rv_zfh          fdiv.h                                          [  ]rd,rm,rs1,rs2                           0001110??????????????????1010011                )
Insn(rv_zfh          fclass.h                                        [  ]rd,rs1                                  111001000000?????001?????1010011                )
Insn(rv_zfh          fsh                                             [S ]imm12lo,rs1,rs2,imm12hi                 ?????????????????001?????0100111                )
Insn(rv_zfh          fsgnj.h                                         [R ]rd,rs1,rs2                              0010010??????????000?????1010011                )
Insn(rv_zfh          fmul.h                                          [  ]rd,rm,rs1,rs2                           0001010??????????????????1010011                )
Insn(rv_zfh          fsub.h                                          [  ]rd,rm,rs1,rs2                           0000110??????????????????1010011                )
Insn(rv_zfh          flh                                             [I ]rd,rs1,imm12                            ?????????????????001?????0000111                )
Insn(rv_zfh          fcvt.wu.h                                       [  ]rd,rm,rs1                               110001000001?????????????1010011                )
Insn(rv_zfh          fadd.h                                          [  ]rd,rm,rs1,rs2                           0000010??????????????????1010011                )
Insn(rv_zfh          fsgnjn.h                                        [R ]rd,rs1,rs2                              0010010??????????001?????1010011                )
Insn(rv_zfh          fmv.x.h                                         [  ]rd,rs1                                  111001000000?????000?????1010011                )
Insn(rv_zfh          fmax.h                                          [R ]rd,rs1,rs2                              0010110??????????001?????1010011                )
Insn(rv_zfh          fcvt.h.w                                        [  ]rd,rm,rs1                               110101000000?????????????1010011                )
Insn(rv_zfh          fcvt.s.h                                        [  ]rd,rm,rs1                               010000000010?????????????1010011                )
Insn(rv_zfh          fcvt.h.wu                                       [  ]rd,rm,rs1                               110101000001?????????????1010011                )
Insn(rv_zfh          fmsub.h                                         [  ]rd,rm,rs1,rs2,rs3                       ?????10??????????????????1000111                )
Insn(rv_zfh          fmin.h                                          [R ]rd,rs1,rs2                              0010110??????????000?????1010011                )
Insn(rv_zfh          fsqrt.h                                         [  ]rd,rm,rs1                               010111000000?????????????1010011                )
Insn(rv_zfh          flt.h                                           [R ]rd,rs1,rs2                              1010010??????????001?????1010011                )
Insn(rv_zfh          fnmadd.h                                        [  ]rd,rm,rs1,rs2,rs3                       ?????10??????????????????1001111                )
Insn(rv_zfh          fmadd.h                                         [  ]rd,rm,rs1,rs2,rs3                       ?????10??????????????????1000011                )
Insn(rv_zfh          fnmsub.h                                        [  ]rd,rm,rs1,rs2,rs3                       ?????10??????????????????1001011                )
Insn(rv_zfh          fle.h                                           [R ]rd,rs1,rs2                              1010010??????????000?????1010011                )
Insn(rv_zfh          fmv.h.x                                         [  ]rd,rs1                                  111101000000?????000?????1010011                )
Insn(rv64_zfh        fcvt.l.h                                        [  ]rd,rm,rs1                               110001000010?????????????1010011                )
Insn(rv64_zfh        fcvt.lu.h                                       [  ]rd,rm,rs1                               110001000011?????????????1010011                )
Insn(rv64_zfh        fcvt.h.lu                                       [  ]rd,rm,rs1                               110101000011?????????????1010011                )
Insn(rv64_zfh        fcvt.h.l                                        [  ]rd,rm,rs1                               110101000010?????????????1010011                )
Insn(rv_zfh_zfa      fround.h                                        [  ]rd,rm,rs1                               010001000100?????????????1010011                )
Insn(rv_zfh_zfa      fli.h                                           [  ]rd,rs1                                  111101000001?????000?????1010011                )
Insn(rv_zfh_zfa      fmaxm.h                                         [R ]rd,rs1,rs2                              0010110??????????011?????1010011                )
Insn(rv_zfh_zfa      fltq.h                                          [R ]rd,rs1,rs2                              1010010??????????101?????1010011                )
Insn(rv_zfh_zfa      fminm.h                                         [R ]rd,rs1,rs2                              0010110??????????010?????1010011                )
Insn(rv_zfh_zfa      fleq.h                                          [R ]rd,rs1,rs2                              1010010??????????100?????1010011                )
Insn(rv_zfh_zfa      froundnx.h                                      [  ]rd,rm,rs1                               010001000101?????????????1010011                )
Insn(rv_zicbo        cbo.flush                                       [  ]rs1                                     000000000010?????010000000001111                )
Insn(rv_zicbo        cbo.inval                                       [  ]rs1                                     000000000000?????010000000001111                )
Insn(rv_zicbo        cbo.zero                                        [  ]rs1                                     000000000100?????010000000001111                )
Insn(rv_zicbo        cbo.clean                                       [  ]rs1                                     000000000001?????010000000001111                )
Insn(rv_zicond       czero.eqz                                       [R ]rd,rs1,rs2                              0000111??????????101?????0110011                )
Insn(rv_zicond       czero.nez                                       [R ]rd,rs1,rs2                              0000111??????????111?????0110011                )
Insn(rv_zicsr        csrrc                                           [  ]rd,rs1,csr                              ?????????????????011?????1110011                )
Insn(rv_zicsr        csrrci                                          [  ]rd,zimm,csr                             ?????????????????111?????1110011                )
Insn(rv_zicsr        csrrs                                           [  ]rd,rs1,csr                              ?????????????????010?????1110011                )
Insn(rv_zicsr        csrrw                                           [  ]rd,rs1,csr                              ?????????????????001?????1110011                )
Insn(rv_zicsr        csrrsi                                          [  ]rd,zimm,csr                             ?????????????????110?????1110011                )
Insn(rv_zicsr        csrrwi                                          [  ]rd,zimm,csr                             ?????????????????101?????1110011                )
Insn(rv_zifencei     fence.i                                         [I ]rd,rs1,imm12                            ?????????????????001?????0001111                )
Insn(rv_zimop        mop.rr.N                                        [R ]rd,rs1,rs2                              1?00??1??????????100?????1110011                )
Insn(rv_zimop        mop.r.N                                         [  ]rd,rs1                                  1?00??0111???????100?????1110011                )
Insn(rv32_zknd       aes32dsmi                                       [  ]rd,rs1,rs2,bs                           ??10111??????????000?????0110011                [import to rv32_zk,rv32_zkn])
Insn(rv32_zknd       aes32dsi                                        [  ]rd,rs1,rs2,bs                           ??10101??????????000?????0110011                [import to rv32_zk,rv32_zkn])
Insn(rv64_zknd       aes64ks1i                                       [  ]rd,rs1,rnum                             00110001?????????001?????0010011                [import to rv64_zk,rv64_zkn,rv64_zkne])
Insn(rv64_zknd       aes64ks2                                        [R ]rd,rs1,rs2                              0111111??????????000?????0110011                [import to rv64_zk,rv64_zkn,rv64_zkne])
Insn(rv64_zknd       aes64dsm                                        [R ]rd,rs1,rs2                              0011111??????????000?????0110011                [import to rv64_zk,rv64_zkn])
Insn(rv64_zknd       aes64ds                                         [R ]rd,rs1,rs2                              0011101??????????000?????0110011                [import to rv64_zk,rv64_zkn])
Insn(rv64_zknd       aes64im                                         [  ]rd,rs1                                  001100000000?????001?????0010011                [import to rv64_zk,rv64_zkn])
Insn(rv32_zkne       aes32esmi                                       [  ]rd,rs1,rs2,bs                           ??10011??????????000?????0110011                [import to rv32_zk,rv32_zkn])
Insn(rv32_zkne       aes32esi                                        [  ]rd,rs1,rs2,bs                           ??10001??????????000?????0110011                [import to rv32_zk,rv32_zkn])
Insn(rv64_zkne       aes64esm                                        [R ]rd,rs1,rs2                              0011011??????????000?????0110011                [import to rv64_zk,rv64_zkn])
Insn(rv64_zkne       aes64es                                         [R ]rd,rs1,rs2                              0011001??????????000?????0110011                [import to rv64_zk,rv64_zkn])
Insn(rv_zknh         sha256sig0                                      [  ]rd,rs1                                  000100000010?????001?????0010011                [import to rv_zk,rv_zkn])
Insn(rv_zknh         sha256sig1                                      [  ]rd,rs1                                  000100000011?????001?????0010011                [import to rv_zk,rv_zkn])
Insn(rv_zknh         sha256sum0                                      [  ]rd,rs1                                  000100000000?????001?????0010011                [import to rv_zk,rv_zkn])
Insn(rv_zknh         sha256sum1                                      [  ]rd,rs1                                  000100000001?????001?????0010011                [import to rv_zk,rv_zkn])
Insn(rv32_zknh       sha512sig1h                                     [R ]rd,rs1,rs2                              0101111??????????000?????0110011                [import to rv32_zk,rv32_zkn])
Insn(rv32_zknh       sha512sig0h                                     [R ]rd,rs1,rs2                              0101110??????????000?????0110011                [import to rv32_zk,rv32_zkn])
Insn(rv32_zknh       sha512sum0r                                     [R ]rd,rs1,rs2                              0101000??????????000?????0110011                [import to rv32_zk,rv32_zkn])
Insn(rv32_zknh       sha512sig1l                                     [R ]rd,rs1,rs2                              0101011??????????000?????0110011                [import to rv32_zk,rv32_zkn])
Insn(rv32_zknh       sha512sum1r                                     [R ]rd,rs1,rs2                              0101001??????????000?????0110011                [import to rv32_zk,rv32_zkn])
Insn(rv32_zknh       sha512sig0l                                     [R ]rd,rs1,rs2                              0101010??????????000?????0110011                [import to rv32_zk,rv32_zkn])
Insn(rv64_zknh       sha512sum1                                      [  ]rd,rs1                                  000100000101?????001?????0010011                [import to rv64_zk,rv64_zkn])
Insn(rv64_zknh       sha512sum0                                      [  ]rd,rs1                                  000100000100?????001?????0010011                [import to rv64_zk,rv64_zkn])
Insn(rv64_zknh       sha512sig0                                      [  ]rd,rs1                                  000100000110?????001?????0010011                [import to rv64_zk,rv64_zkn])
Insn(rv64_zknh       sha512sig1                                      [  ]rd,rs1                                  000100000111?????001?????0010011                [import to rv64_zk,rv64_zkn])
Insn(rv_zksed        sm4ks                                           [  ]rd,rs1,rs2,bs                           ??11010??????????000?????0110011                [import to rv_zks])
Insn(rv_zksed        sm4ed                                           [  ]rd,rs1,rs2,bs                           ??11000??????????000?????0110011                [import to rv_zks])
Insn(rv_zksh         sm3p0                                           [  ]rd,rs1                                  000100001000?????001?????0010011                [import to rv_zks])
Insn(rv_zksh         sm3p1                                           [  ]rd,rs1                                  000100001001?????001?????0010011                [import to rv_zks])
Insn(rv_zvbb         vror.vv                                         [  ]vd,vs1,vs2,vm                           010100???????????000?????1010111                [import to rv_zvkn,rv_zvks])
Insn(rv_zvbb         vror.vi                                         [  ]vd,zimm6lo,vs2,vm,zimm6hi               01010????????????011?????1010111                [import to rv_zvkn,rv_zvks])
Insn(rv_zvbb         vclz.v                                          [  ]vd,vs2,vm                               010010??????01100010?????1010111                [import to rv_zvkn,rv_zvks])
Insn(rv_zvbb         vror.vx                                         [  ]vd,rs1,vs2,vm                           010100???????????100?????1010111                [import to rv_zvkn,rv_zvks])
Insn(rv_zvbb         vbrev8.v                                        [  ]vd,vs2,vm                               010010??????01000010?????1010111                [import to rv_zvkn,rv_zvks])
Insn(rv_zvbb         vrol.vv                                         [  ]vd,vs1,vs2,vm                           010101???????????000?????1010111                [import to rv_zvkn,rv_zvks])
Insn(rv_zvbb         vrev8.v                                         [  ]vd,vs2,vm                               010010??????01001010?????1010111                [import to rv_zvkn,rv_zvks])
Insn(rv_zvbb         vandn.vx                                        [  ]vd,rs1,vs2,vm                           000001???????????100?????1010111                [import to rv_zvkn,rv_zvks])
Insn(rv_zvbb         vbrev.v                                         [  ]vd,vs2,vm                               010010??????01010010?????1010111                [import to rv_zvkn,rv_zvks])
Insn(rv_zvbb         vwsll.vx                                        [  ]vd,rs1,vs2,vm                           110101???????????100?????1010111                [import to rv_zvkn,rv_zvks])
Insn(rv_zvbb         vrol.vx                                         [  ]vd,rs1,vs2,vm                           010101???????????100?????1010111                [import to rv_zvkn,rv_zvks])
Insn(rv_zvbb         vandn.vv                                        [  ]vd,vs1,vs2,vm                           000001???????????000?????1010111                [import to rv_zvkn,rv_zvks])
Insn(rv_zvbb         vwsll.vv                                        [  ]vd,vs1,vs2,vm                           110101???????????000?????1010111                [import to rv_zvkn,rv_zvks])
Insn(rv_zvbb         vcpop.v                                         [  ]vd,vs2,vm                               010010??????01110010?????1010111                [import to rv_zvkn,rv_zvks])
Insn(rv_zvbb         vctz.v                                          [  ]vd,vs2,vm                               010010??????01101010?????1010111                [import to rv_zvkn,rv_zvks])
Insn(rv_zvbb         vwsll.vi                                        [  ]vd,zimm5,vs2,vm                         110101???????????011?????1010111                [import to rv_zvkn,rv_zvks])
Insn(rv_zvbc         vclmulh.vx                                      [  ]vd,rs1,vs2,vm                           001101???????????110?????1010111                [import to rv_zvkn,rv_zvks])
Insn(rv_zvbc         vclmul.vx                                       [  ]vd,rs1,vs2,vm                           001100???????????110?????1010111                [import to rv_zvkn,rv_zvks])
Insn(rv_zvbc         vclmul.vv                                       [  ]vd,vs1,vs2,vm                           001100???????????010?????1010111                [import to rv_zvkn,rv_zvks])
Insn(rv_zvbc         vclmulh.vv                                      [  ]vd,vs1,vs2,vm                           001101???????????010?????1010111                [import to rv_zvkn,rv_zvks])
Insn(rv_zvkg         vghsh.vv                                        [  ]vd,vs1,vs2                              1011001??????????010?????1110111                )
Insn(rv_zvkg         vgmul.vv                                        [  ]vd,vs2                                  1010001?????10001010?????1110111                )
Insn(rv_zvkned       vaesef.vs                                       [  ]vd,vs2                                  1010011?????00011010?????1110111                [import to rv_zvkn])
Insn(rv_zvkned       vaesdm.vv                                       [  ]vd,vs2                                  1010001?????00000010?????1110111                [import to rv_zvkn])
Insn(rv_zvkned       vaesem.vs                                       [  ]vd,vs2                                  1010011?????00010010?????1110111                [import to rv_zvkn])
Insn(rv_zvkned       vaeskf1.vi                                      [  ]vd,zimm5,vs2                            1000101??????????010?????1110111                [import to rv_zvkn])
Insn(rv_zvkned       vaesem.vv                                       [  ]vd,vs2                                  1010001?????00010010?????1110111                [import to rv_zvkn])
Insn(rv_zvkned       vaeskf2.vi                                      [  ]vd,zimm5,vs2                            1010101??????????010?????1110111                [import to rv_zvkn])
Insn(rv_zvkned       vaesdm.vs                                       [  ]vd,vs2                                  1010011?????00000010?????1110111                [import to rv_zvkn])
Insn(rv_zvkned       vaesz.vs                                        [  ]vd,vs2                                  1010011?????00111010?????1110111                [import to rv_zvkn])
Insn(rv_zvkned       vaesef.vv                                       [  ]vd,vs2                                  1010001?????00011010?????1110111                [import to rv_zvkn])
Insn(rv_zvkned       vaesdf.vv                                       [  ]vd,vs2                                  1010001?????00001010?????1110111                [import to rv_zvkn])
Insn(rv_zvkned       vaesdf.vs                                       [  ]vd,vs2                                  1010011?????00001010?????1110111                [import to rv_zvkn])
Insn(rv_zvknha       vsha2cl.vv                                      [  ]vd,vs1,vs2                              1011111??????????010?????1110111                [import to rv_zvkn,rv_zvknhb])
Insn(rv_zvknha       vsha2ms.vv                                      [  ]vd,vs1,vs2                              1011011??????????010?????1110111                [import to rv_zvkn,rv_zvknhb])
Insn(rv_zvknha       vsha2ch.vv                                      [  ]vd,vs1,vs2                              1011101??????????010?????1110111                [import to rv_zvkn,rv_zvknhb])
Insn(rv_zvksed       vsm4r.vs                                        [  ]vd,vs2                                  1010011?????10000010?????1110111                [import to rv_zvks])
Insn(rv_zvksed       vsm4k.vi                                        [  ]vd,zimm5,vs2                            1000011??????????010?????1110111                [import to rv_zvks])
Insn(rv_zvksed       vsm4r.vv                                        [  ]vd,vs2                                  1010001?????10000010?????1110111                [import to rv_zvks])
Insn(rv_zvksh        vsm3me.vv                                       [  ]vd,vs1,vs2                              1000001??????????010?????1110111                [import to rv_zvks])
Insn(rv_zvksh        vsm3c.vi                                        [  ]vd,zimm5,vs2                            1010111??????????010?????1110111                [import to rv_zvks])
Insn(rv_smdbltrp     sctrclr                                         [  ]                                        00010000010000000000000001110011                [UNRATIFIED])
Insn(rv_smrnmi       mnret                                           [  ]                                        01110000001000000000000001110011                [UNRATIFIED])
Insn(rv_zalasr       sw.rl                                           [  ]rs1,rs2,aq                              00111?1??????????010000000101111                [UNRATIFIED])
Insn(rv_zalasr       sd.rl                                           [  ]rs1,rs2,aq                              00111?1??????????011000000101111                [UNRATIFIED])
Insn(rv_zalasr       sb.rl                                           [  ]rs1,rs2,aq                              00111?1??????????000000000101111                [UNRATIFIED])
Insn(rv_zalasr       lw.aq                                           [  ]rd,rs1,rl                               001101?00000?????010?????0101111                [UNRATIFIED])
Insn(rv_zalasr       ld.aq                                           [  ]rd,rs1,rl                               001101?00000?????011?????0101111                [UNRATIFIED])
Insn(rv_zalasr       sh.rl                                           [  ]rs1,rs2,aq                              00111?1??????????001000000101111                [UNRATIFIED])
Insn(rv_zalasr       lb.aq                                           [  ]rd,rs1,rl                               001101?00000?????000?????0101111                [UNRATIFIED])
Insn(rv_zalasr       lh.aq                                           [  ]rd,rs1,rl                               001101?00000?????001?????0101111                [UNRATIFIED])
Insn(rv_zbp          xperm16                                         [R ]rd,rs1,rs2                              0010100??????????110?????0110011                [UNRATIFIED])
Insn(rv64_zbp        unshfli                                         [  ]rd,rs1,shamtw                           0000100??????????101?????0010011                [UNRATIFIED])
Insn(rv64_zbp        shfli                                           [  ]rd,rs1,shamtw                           0000100??????????001?????0010011                [UNRATIFIED])
Insn(rv64_zbp        xperm32                                         [R ]rd,rs1,rs2                              0010100??????????000?????0110011                [UNRATIFIED])
Insn(rv64_zbp        grevi                                           [  ]rd,rs1,shamtd                           011010???????????101?????0010011                [UNRATIFIED])
Insn(rv64_zbp        gorci                                           [  ]rd,rs1,shamtd                           001010???????????101?????0010011                [UNRATIFIED])
Insn(rv_zfbfmin      fcvt.bf16.s                                     [  ]rd,rm,rs1                               010001001000?????????????1010011                [UNRATIFIED])
Insn(rv_zfbfmin      fcvt.s.bf16                                     [  ]rd,rm,rs1                               010000000110?????????????1010011                [UNRATIFIED])
Insn(rv_zicfiss      ssamoswap.d                                     [  ]rd,rs1,rs2,rl,aq                        01001????????????011?????0101111                [UNRATIFIED])
Insn(rv_zicfiss      ssamoswap.w                                     [  ]rd,rs1,rs2,rl,aq                        01001????????????010?????0101111                [UNRATIFIED])
Insn(rv_zvfbfmin     vfncvtbf16.f.f.w                                [  ]vd,vs2,vm                               010010??????11101001?????1010111                [UNRATIFIED])
Insn(rv_zvfbfmin     vfwcvtbf16.f.f.v                                [  ]vd,vs2,vm                               010010??????01101001?????1010111                [UNRATIFIED])
Insn(rv_zvfbfwma     vfwmaccbf16.vv                                  [  ]vd,vs1,vs2,vm                           111011???????????001?????1010111                [UNRATIFIED])
Insn(rv_zvfbfwma     vfwmaccbf16.vf                                  [  ]vd,rs1,vs2,vm                           111011???????????101?????1010111                [UNRATIFIED])
Exception in thread "main" java.lang.IllegalArgumentException: requirement failed: TruthTable conflict on merged row:
  BitPat(????????????????011???????????10) -> List(BitPat(00010110000100000), BitPat(00000110000100000))
	at ... ()
	at npc.core.idu.IDU.<init>(IDU.scala:66)
	at npc.core.Core.$anonfun$idu$2(Core.scala:28)
	at chisel3.Module$.evaluate(Module.scala:88)
	at chisel3.Module$.do_apply(Module.scala:35)
	at npc.core.Core.$anonfun$idu$1(Core.scala:28)
	at chisel3.internal.plugin.package$.autoNameRecursively(package.scala:33)
	at npc.core.Core.<init>(Core.scala:28)
	at npc.NPC.$anonfun$core$2(NPC.scala:54)
	at chisel3.Module$.evaluate(Module.scala:88)
	at chisel3.Module$.do_apply(Module.scala:35)
	at npc.NPC.$anonfun$core$1(NPC.scala:54)
	at chisel3.internal.plugin.package$.autoNameRecursively(package.scala:33)
	at npc.NPC.<init>(NPC.scala:54)
	at Elaborate$.$anonfun$new$2(Elaborate.scala:31)
	at chisel3.Module$.evaluate(Module.scala:88)
	at chisel3.Module$.do_apply(Module.scala:35)
	at chisel3.stage.phases.Elaborate.$anonfun$transform$2(Elaborate.scala:52)
	at chisel3.internal.Builder$.$anonfun$buildImpl$1(Builder.scala:1018)
	at scala.util.DynamicVariable.withValue(DynamicVariable.scala:59)
	at chisel3.internal.Builder$.buildImpl(Builder.scala:1012)
	at chisel3.internal.Builder$.$anonfun$build$1(Builder.scala:1003)
	at logger.Logger$.$anonfun$makeScope$4(Logger.scala:148)
	at scala.util.DynamicVariable.withValue(DynamicVariable.scala:59)
	at logger.Logger$.makeScope(Logger.scala:146)
	at logger.Logger$.makeScope(Logger.scala:133)
	at ... ()
	at ... (Stack trace trimmed to user code only. Rerun with --full-stacktrace to see the full stack trace)
